2025-10-10 17:56:33 | HM_JSON_NOCOT_P18 | === Agent P18 (HM_JSON_NOCOT) initialized ===
2025-10-10 17:56:33 | HM_JSON_NOCOT_P18 | [HYP-SCAFFOLD] P18: Initialized hypothesis scaffolding system
2025-10-10 17:56:33 | HM_JSON_NOCOT_P18 | [HM-INIT] P18: Initialized with HypothesisScaffold
2025-10-10 17:57:26 | HM_JSON_NOCOT_P18 | [BELIEF-THROTTLE] P05: Running belief graph update at time 5.1
2025-10-10 17:57:26 | HM_JSON_NOCOT_P18 | [UPDATE-SUMMARY] Processed 10 market events at time 5.1
2025-10-10 17:57:26 | HM_JSON_NOCOT_P18 | === BELIEF GRAPH STATE AT TIME 5.1 ===
2025-10-10 17:57:26 | HM_JSON_NOCOT_P18 | {
  "graph_id": "ef1f0310-0336-452d-b267-16d556180f54",
  "asset_id": "BSE_ASSET",
  "current_time": 5.074626865671641,
  "nodes": {
    "BSE_ASSET": {
      "asset_id": "BSE_ASSET",
      "node_type": "asset",
      "current_best_bid": null,
      "current_best_ask": null,
      "last_trade_price": null,
      "volume_traded": 0,
      "price_volatility": 0.0,
      "spread_width": null,
      "market_depth_bid": 0,
      "market_depth_ask": 0
    },
    "P18": {
      "agent_id": "P18",
      "node_type": "agent",
      "last_bid_price": null,
      "last_ask_price": null,
      "last_trade_price": null,
      "total_trades": 0,
      "total_volume": 0,
      "strategy_type": "Hypothetical-Minds",
      "inferred_valuation": null,
      "valuation_confidence": 0.0,
      "aggressiveness_score": 0.6,
      "last_activity": 0.0
    },
    "P17": {
      "agent_id": "P17",
      "node_type": "agent",
      "last_bid_price": 130,
      "last_ask_price": null,
      "last_trade_price": null,
      "total_trades": 0,
      "total_volume": 0,
      "strategy_type": null,
      "inferred_valuation": 130,
      "valuation_confidence": 0.1,
      "aggressiveness_score": 0.0,
      "last_activity": 5.074626865671641
    },
    "P02": {
      "agent_id": "P02",
      "node_type": "agent",
      "last_bid_price": 128,
      "last_ask_price": null,
      "last_trade_price": null,
      "total_trades": 0,
      "total_volume": 0,
      "strategy_type": null,
      "inferred_valuation": 128,
      "valuation_confidence": 0.1,
      "aggressiveness_score": 0.0,
      "last_activity": 5.074626865671641
    },
    "P01": {
      "agent_id": "P01",
      "node_type": "agent",
      "last_bid_price": 128,
      "last_ask_price": null,
      "last_trade_price": null,
      "total_trades": 0,
      "total_volume": 0,
      "strategy_type": null,
      "inferred_valuation": 128,
      "valuation_confidence": 0.1,
      "aggressiveness_score": 0.0,
      "last_activity": 5.074626865671641
    },
    "P08": {
      "agent_id": "P08",
      "node_type": "agent",
      "last_bid_price": 127,
      "last_ask_price": null,
      "last_trade_price": null,
      "total_trades": 0,
      "total_volume": 0,
      "strategy_type": null,
      "inferred_valuation": 127,
      "valuation_confidence": 0.1,
      "aggressiveness_score": 0.0,
      "last_activity": 5.074626865671641
    },
    "P07": {
      "agent_id": "P07",
      "node_type": "agent",
      "last_bid_price": 120,
      "last_ask_price": null,
      "last_trade_price": null,
      "total_trades": 0,
      "total_volume": 0,
      "strategy_type": null,
      "inferred_valuation": 120,
      "valuation_confidence": 0.1,
      "aggressiveness_score": 0.0,
      "last_activity": 5.074626865671641
    },
    "B11": {
      "agent_id": "B11",
      "node_type": "agent",
      "last_bid_price": 111,
      "last_ask_price": null,
      "last_trade_price": null,
      "total_trades": 0,
      "total_volume": 0,
      "strategy_type": null,
      "inferred_valuation": 111,
      "valuation_confidence": 0.1,
      "aggressiveness_score": 0.0,
      "last_activity": 5.074626865671641
    },
    "B19": {
      "agent_id": "B19",
      "node_type": "agent",
      "last_bid_price": 110,
      "last_ask_price": null,
      "last_trade_price": null,
      "total_trades": 0,
      "total_volume": 0,
      "strategy_type": null,
      "inferred_valuation": 110,
      "valuation_confidence": 0.1,
      "aggressiveness_score": 0.0,
      "last_activity": 5.074626865671641
    },
    "S06": {
      "agent_id": "S06",
      "node_type": "agent",
      "last_bid_price": null,
      "last_ask_price": 132,
      "last_trade_price": null,
      "total_trades": 0,
      "total_volume": 0,
      "strategy_type": null,
      "inferred_valuation": 132,
      "valuation_confidence": 0.1,
      "aggressiveness_score": 0.0,
      "last_activity": 5.074626865671641
    },
    "S02": {
      "agent_id": "S02",
      "node_type": "agent",
      "last_bid_price": null,
      "last_ask_price": 133,
      "last_trade_price": null,
      "total_trades": 0,
      "total_volume": 0,
      "strategy_type": null,
      "inferred_valuation": 133,
      "valuation_confidence": 0.1,
      "aggressiveness_score": 0.0,
      "last_activity": 5.074626865671641
    },
    "S07": {
      "agent_id": "S07",
      "node_type": "agent",
      "last_bid_price": null,
      "last_ask_price": 421,
      "last_trade_price": null,
      "total_trades": 0,
      "total_volume": 0,
      "strategy_type": null,
      "inferred_valuation": 421,
      "valuation_confidence": 0.1,
      "aggressiveness_score": 0.0,
      "last_activity": 5.074626865671641
    }
  },
  "edges": {
    "ffa881fd-05db-4086-8f61-695fbdbf1b61": {
      "edge_id": "ffa881fd-05db-4086-8f61-695fbdbf1b61",
      "source_node": "BSE_ASSET",
      "target_node": "P18",
      "belief_type": "strategy",
      "confidence": 0.1,
      "value": "unknown",
      "timestamp": 0.0,
      "evidence_count": 0
    },
    "bbc9fd10-2175-4589-ac04-2b03ac43682a": {
      "edge_id": "bbc9fd10-2175-4589-ac04-2b03ac43682a",
      "source_node": "BSE_ASSET",
      "target_node": "P18",
      "belief_type": "valuation",
      "confidence": 0.1,
      "value": null,
      "timestamp": 0.0,
      "evidence_count": 0
    },
    "436160d5-2a6d-4b0e-96a0-74cc7fc469b3": {
      "edge_id": "436160d5-2a6d-4b0e-96a0-74cc7fc469b3",
      "source_node": "BSE_ASSET",
      "target_node": "P17",
      "belief_type": "strategy",
      "confidence": 0.1,
      "value": "unknown",
      "timestamp": 0.0,
      "evidence_count": 0
    },
    "307d8b4e-b1e2-4f8d-be3a-957d271d7b97": {
      "edge_id": "307d8b4e-b1e2-4f8d-be3a-957d271d7b97",
      "source_node": "BSE_ASSET",
      "target_node": "P17",
      "belief_type": "valuation",
      "confidence": 0.1,
      "value": 130,
      "timestamp": 5.074626865671641,
      "evidence_count": 1
    },
    "a86af9f0-90b4-4910-81c6-cc0d297210e9": {
      "edge_id": "a86af9f0-90b4-4910-81c6-cc0d297210e9",
      "source_node": "BSE_ASSET",
      "target_node": "P02",
      "belief_type": "strategy",
      "confidence": 0.1,
      "value": "unknown",
      "timestamp": 5.074626865671641,
      "evidence_count": 0
    },
    "3e3c74fd-d94f-4d05-86b9-d6c3626f4cf7": {
      "edge_id": "3e3c74fd-d94f-4d05-86b9-d6c3626f4cf7",
      "source_node": "BSE_ASSET",
      "target_node": "P02",
      "belief_type": "valuation",
      "confidence": 0.1,
      "value": 128,
      "timestamp": 5.074626865671641,
      "evidence_count": 1
    },
    "b8493ebd-55fe-4df5-a71f-bf4c82884528": {
      "edge_id": "b8493ebd-55fe-4df5-a71f-bf4c82884528",
      "source_node": "BSE_ASSET",
      "target_node": "P01",
      "belief_type": "strategy",
      "confidence": 0.1,
      "value": "unknown",
      "timestamp": 5.074626865671641,
      "evidence_count": 0
    },
    "a4f44ea0-a39d-4398-b89a-42e718181438": {
      "edge_id": "a4f44ea0-a39d-4398-b89a-42e718181438",
      "source_node": "BSE_ASSET",
      "target_node": "P01",
      "belief_type": "valuation",
      "confidence": 0.1,
      "value": 128,
      "timestamp": 5.074626865671641,
      "evidence_count": 1
    },
    "968dd771-c3dd-4f41-bd24-715b926c0794": {
      "edge_id": "968dd771-c3dd-4f41-bd24-715b926c0794",
      "source_node": "BSE_ASSET",
      "target_node": "P08",
      "belief_type": "strategy",
      "confidence": 0.1,
      "value": "unknown",
      "timestamp": 5.074626865671641,
      "evidence_count": 0
    },
    "af889d9d-7654-4dd1-9487-78df9b12f3f4": {
      "edge_id": "af889d9d-7654-4dd1-9487-78df9b12f3f4",
      "source_node": "BSE_ASSET",
      "target_node": "P08",
      "belief_type": "valuation",
      "confidence": 0.1,
      "value": 127,
      "timestamp": 5.074626865671641,
      "evidence_count": 1
    },
    "ad3c396a-22f6-4e25-b5d2-a4c2cbcbc35c": {
      "edge_id": "ad3c396a-22f6-4e25-b5d2-a4c2cbcbc35c",
      "source_node": "BSE_ASSET",
      "target_node": "P07",
      "belief_type": "strategy",
      "confidence": 0.1,
      "value": "unknown",
      "timestamp": 5.074626865671641,
      "evidence_count": 0
    },
    "43566449-9d59-43a5-bf82-f594df1a9700": {
      "edge_id": "43566449-9d59-43a5-bf82-f594df1a9700",
      "source_node": "BSE_ASSET",
      "target_node": "P07",
      "belief_type": "valuation",
      "confidence": 0.1,
      "value": 120,
      "timestamp": 5.074626865671641,
      "evidence_count": 1
    },
    "8c6a64f6-6969-4df3-b7b7-102c8e6e0b9e": {
      "edge_id": "8c6a64f6-6969-4df3-b7b7-102c8e6e0b9e",
      "source_node": "BSE_ASSET",
      "target_node": "B11",
      "belief_type": "strategy",
      "confidence": 0.1,
      "value": "unknown",
      "timestamp": 5.074626865671641,
      "evidence_count": 0
    },
    "bceba92a-fee4-420a-9cc9-b52b0b7f6054": {
      "edge_id": "bceba92a-fee4-420a-9cc9-b52b0b7f6054",
      "source_node": "BSE_ASSET",
      "target_node": "B11",
      "belief_type": "valuation",
      "confidence": 0.1,
      "value": 111,
      "timestamp": 5.074626865671641,
      "evidence_count": 1
    },
    "478cf785-0e9c-455d-b245-dcce06d492a7": {
      "edge_id": "478cf785-0e9c-455d-b245-dcce06d492a7",
      "source_node": "BSE_ASSET",
      "target_node": "B19",
      "belief_type": "strategy",
      "confidence": 0.1,
      "value": "unknown",
      "timestamp": 5.074626865671641,
      "evidence_count": 0
    },
    "97fdade7-8505-42d9-9e1f-603e42606df9": {
      "edge_id": "97fdade7-8505-42d9-9e1f-603e42606df9",
      "source_node": "BSE_ASSET",
      "target_node": "B19",
      "belief_type": "valuation",
      "confidence": 0.1,
      "value": 110,
      "timestamp": 5.074626865671641,
      "evidence_count": 1
    },
    "55f4a0c0-9726-42b4-9864-b331a0842e03": {
      "edge_id": "55f4a0c0-9726-42b4-9864-b331a0842e03",
      "source_node": "BSE_ASSET",
      "target_node": "S06",
      "belief_type": "strategy",
      "confidence": 0.1,
      "value": "unknown",
      "timestamp": 5.074626865671641,
      "evidence_count": 0
    },
    "5ba4b402-3651-4de8-b0b9-18edc97b8050": {
      "edge_id": "5ba4b402-3651-4de8-b0b9-18edc97b8050",
      "source_node": "BSE_ASSET",
      "target_node": "S06",
      "belief_type": "valuation",
      "confidence": 0.1,
      "value": 132,
      "timestamp": 5.074626865671641,
      "evidence_count": 1
    },
    "d573c459-6248-4d37-946b-49ee8c4d6955": {
      "edge_id": "d573c459-6248-4d37-946b-49ee8c4d6955",
      "source_node": "BSE_ASSET",
      "target_node": "S02",
      "belief_type": "strategy",
      "confidence": 0.1,
      "value": "unknown",
      "timestamp": 5.074626865671641,
      "evidence_count": 0
    },
    "de47934a-2b78-48fd-9592-0713ca422e16": {
      "edge_id": "de47934a-2b78-48fd-9592-0713ca422e16",
      "source_node": "BSE_ASSET",
      "target_node": "S02",
      "belief_type": "valuation",
      "confidence": 0.1,
      "value": 133,
      "timestamp": 5.074626865671641,
      "evidence_count": 1
    },
    "09ad4521-5f23-40bf-9503-637204bba1b6": {
      "edge_id": "09ad4521-5f23-40bf-9503-637204bba1b6",
      "source_node": "BSE_ASSET",
      "target_node": "S07",
      "belief_type": "strategy",
      "confidence": 0.1,
      "value": "unknown",
      "timestamp": 5.074626865671641,
      "evidence_count": 0
    },
    "adbdc00e-d23e-40ef-99d9-4e41e027a5f6": {
      "edge_id": "adbdc00e-d23e-40ef-99d9-4e41e027a5f6",
      "source_node": "BSE_ASSET",
      "target_node": "S07",
      "belief_type": "valuation",
      "confidence": 0.1,
      "value": 421,
      "timestamp": 5.074626865671641,
      "evidence_count": 1
    }
  },
  "event_history": [
    {
      "event_id": "bid_P17_5.074626865671641",
      "event_type": "bid",
      "timestamp": 5.074626865671641,
      "agent_id": "P17",
      "price": 130,
      "quantity": 1,
      "counterparty_id": null,
      "order_id": null
    },
    {
      "event_id": "bid_P02_5.074626865671641",
      "event_type": "bid",
      "timestamp": 5.074626865671641,
      "agent_id": "P02",
      "price": 128,
      "quantity": 1,
      "counterparty_id": null,
      "order_id": null
    },
    {
      "event_id": "bid_P01_5.074626865671641",
      "event_type": "bid",
      "timestamp": 5.074626865671641,
      "agent_id": "P01",
      "price": 128,
      "quantity": 1,
      "counterparty_id": null,
      "order_id": null
    },
    {
      "event_id": "bid_P08_5.074626865671641",
      "event_type": "bid",
      "timestamp": 5.074626865671641,
      "agent_id": "P08",
      "price": 127,
      "quantity": 1,
      "counterparty_id": null,
      "order_id": null
    },
    {
      "event_id": "bid_P07_5.074626865671641",
      "event_type": "bid",
      "timestamp": 5.074626865671641,
      "agent_id": "P07",
      "price": 120,
      "quantity": 1,
      "counterparty_id": null,
      "order_id": null
    },
    {
      "event_id": "bid_B11_5.074626865671641",
      "event_type": "bid",
      "timestamp": 5.074626865671641,
      "agent_id": "B11",
      "price": 111,
      "quantity": 1,
      "counterparty_id": null,
      "order_id": null
    },
    {
      "event_id": "bid_B19_5.074626865671641",
      "event_type": "bid",
      "timestamp": 5.074626865671641,
      "agent_id": "B19",
      "price": 110,
      "quantity": 1,
      "counterparty_id": null,
      "order_id": null
    },
    {
      "event_id": "ask_S06_5.074626865671641",
      "event_type": "ask",
      "timestamp": 5.074626865671641,
      "agent_id": "S06",
      "price": 132,
      "quantity": 1,
      "counterparty_id": null,
      "order_id": null
    },
    {
      "event_id": "ask_S02_5.074626865671641",
      "event_type": "ask",
      "timestamp": 5.074626865671641,
      "agent_id": "S02",
      "price": 133,
      "quantity": 1,
      "counterparty_id": null,
      "order_id": null
    },
    {
      "event_id": "ask_S07_5.074626865671641",
      "event_type": "ask",
      "timestamp": 5.074626865671641,
      "agent_id": "S07",
      "price": 421,
      "quantity": 1,
      "counterparty_id": null,
      "order_id": null
    }
  ]
}
2025-10-10 17:57:26 | HM_JSON_NOCOT_P18 | ================================================================================
2025-10-10 17:57:26 | HM_JSON_NOCOT_P18 | [AGENTS-TRACKED] Currently tracking 11 agents: ['P18', 'P17', 'P02', 'P01', 'P08', 'P07', 'B11', 'B19', 'S06', 'S02', 'S07']
2025-10-10 18:02:07 | HM_JSON_NOCOT_P18 | [BELIEF-THROTTLE] P05: Running belief graph update at time 10.3
2025-10-10 18:02:07 | HM_JSON_NOCOT_P18 | [UPDATE-SUMMARY] Processed 15 market events at time 10.3
2025-10-10 18:02:07 | HM_JSON_NOCOT_P18 | === BELIEF GRAPH STATE AT TIME 10.3 ===
2025-10-10 18:02:07 | HM_JSON_NOCOT_P18 | {
  "graph_id": "ef1f0310-0336-452d-b267-16d556180f54",
  "asset_id": "BSE_ASSET",
  "current_time": 10.298507462686555,
  "nodes": {
    "BSE_ASSET": {
      "asset_id": "BSE_ASSET",
      "node_type": "asset",
      "current_best_bid": null,
      "current_best_ask": null,
      "last_trade_price": null,
      "volume_traded": 0,
      "price_volatility": 0.0,
      "spread_width": null,
      "market_depth_bid": 0,
      "market_depth_ask": 0
    },
    "P18": {
      "agent_id": "P18",
      "node_type": "agent",
      "last_bid_price": null,
      "last_ask_price": null,
      "last_trade_price": null,
      "total_trades": 0,
      "total_volume": 0,
      "strategy_type": "Hypothetical-Minds",
      "inferred_valuation": null,
      "valuation_confidence": 0.0,
      "aggressiveness_score": 0.6,
      "last_activity": 0.0
    },
    "P17": {
      "agent_id": "P17",
      "node_type": "agent",
      "last_bid_price": 130,
      "last_ask_price": null,
      "last_trade_price": null,
      "total_trades": 0,
      "total_volume": 0,
      "strategy_type": null,
      "inferred_valuation": 130,
      "valuation_confidence": 0.1,
      "aggressiveness_score": 0.0,
      "last_activity": 5.074626865671641
    },
    "P02": {
      "agent_id": "P02",
      "node_type": "agent",
      "last_bid_price": 128,
      "last_ask_price": null,
      "last_trade_price": null,
      "total_trades": 0,
      "total_volume": 0,
      "strategy_type": null,
      "inferred_valuation": 128,
      "valuation_confidence": 0.1,
      "aggressiveness_score": 0.0,
      "last_activity": 5.074626865671641
    },
    "P01": {
      "agent_id": "P01",
      "node_type": "agent",
      "last_bid_price": 128,
      "last_ask_price": null,
      "last_trade_price": null,
      "total_trades": 0,
      "total_volume": 0,
      "strategy_type": null,
      "inferred_valuation": 128,
      "valuation_confidence": 0.1,
      "aggressiveness_score": 0.0,
      "last_activity": 5.074626865671641
    },
    "P08": {
      "agent_id": "P08",
      "node_type": "agent",
      "last_bid_price": 127,
      "last_ask_price": null,
      "last_trade_price": null,
      "total_trades": 0,
      "total_volume": 0,
      "strategy_type": null,
      "inferred_valuation": 127,
      "valuation_confidence": 0.1,
      "aggressiveness_score": 0.0,
      "last_activity": 5.074626865671641
    },
    "P07": {
      "agent_id": "P07",
      "node_type": "agent",
      "last_bid_price": 120,
      "last_ask_price": null,
      "last_trade_price": null,
      "total_trades": 0,
      "total_volume": 0,
      "strategy_type": null,
      "inferred_valuation": 120.0,
      "valuation_confidence": 0.2,
      "aggressiveness_score": 0.0,
      "last_activity": 10.298507462686555
    },
    "B11": {
      "agent_id": "B11",
      "node_type": "agent",
      "last_bid_price": 111,
      "last_ask_price": null,
      "last_trade_price": null,
      "total_trades": 0,
      "total_volume": 0,
      "strategy_type": null,
      "inferred_valuation": 110.99999999999999,
      "valuation_confidence": 0.2,
      "aggressiveness_score": 0.0,
      "last_activity": 10.298507462686555
    },
    "B19": {
      "agent_id": "B19",
      "node_type": "agent",
      "last_bid_price": 124,
      "last_ask_price": null,
      "last_trade_price": null,
      "total_trades": 0,
      "total_volume": 0,
      "strategy_type": null,
      "inferred_valuation": 114.19999999999999,
      "valuation_confidence": 0.2,
      "aggressiveness_score": 0.0,
      "last_activity": 10.298507462686555
    },
    "S06": {
      "agent_id": "S06",
      "node_type": "agent",
      "last_bid_price": null,
      "last_ask_price": 132,
      "last_trade_price": null,
      "total_trades": 0,
      "total_volume": 0,
      "strategy_type": null,
      "inferred_valuation": 132,
      "valuation_confidence": 0.1,
      "aggressiveness_score": 0.0,
      "last_activity": 5.074626865671641
    },
    "S02": {
      "agent_id": "S02",
      "node_type": "agent",
      "last_bid_price": null,
      "last_ask_price": 132,
      "last_trade_price": null,
      "total_trades": 0,
      "total_volume": 0,
      "strategy_type": null,
      "inferred_valuation": 132.7,
      "valuation_confidence": 0.2,
      "aggressiveness_score": 0.0,
      "last_activity": 10.298507462686555
    },
    "S07": {
      "agent_id": "S07",
      "node_type": "agent",
      "last_bid_price": null,
      "last_ask_price": 197,
      "last_trade_price": null,
      "total_trades": 0,
      "total_volume": 0,
      "strategy_type": null,
      "inferred_valuation": 353.79999999999995,
      "valuation_confidence": 0.2,
      "aggressiveness_score": 0.0,
      "last_activity": 10.298507462686555
    },
    "P20": {
      "agent_id": "P20",
      "node_type": "agent",
      "last_bid_price": 124,
      "last_ask_price": null,
      "last_trade_price": null,
      "total_trades": 0,
      "total_volume": 0,
      "strategy_type": null,
      "inferred_valuation": 124,
      "valuation_confidence": 0.1,
      "aggressiveness_score": 0.0,
      "last_activity": 10.298507462686555
    },
    "B13": {
      "agent_id": "B13",
      "node_type": "agent",
      "last_bid_price": 100,
      "last_ask_price": null,
      "last_trade_price": null,
      "total_trades": 0,
      "total_volume": 0,
      "strategy_type": null,
      "inferred_valuation": 100,
      "valuation_confidence": 0.1,
      "aggressiveness_score": 0.0,
      "last_activity": 10.298507462686555
    },
    "B05": {
      "agent_id": "B05",
      "node_type": "agent",
      "last_bid_price": 99,
      "last_ask_price": null,
      "last_trade_price": null,
      "total_trades": 0,
      "total_volume": 0,
      "strategy_type": null,
      "inferred_valuation": 99,
      "valuation_confidence": 0.1,
      "aggressiveness_score": 0.0,
      "last_activity": 10.298507462686555
    },
    "B02": {
      "agent_id": "B02",
      "node_type": "agent",
      "last_bid_price": 99,
      "last_ask_price": null,
      "last_trade_price": null,
      "total_trades": 0,
      "total_volume": 0,
      "strategy_type": null,
      "inferred_valuation": 99,
      "valuation_confidence": 0.1,
      "aggressiveness_score": 0.0,
      "last_activity": 10.298507462686555
    },
    "B07": {
      "agent_id": "B07",
      "node_type": "agent",
      "last_bid_price": 98,
      "last_ask_price": null,
      "last_trade_price": null,
      "total_trades": 0,
      "total_volume": 0,
      "strategy_type": null,
      "inferred_valuation": 98,
      "valuation_confidence": 0.1,
      "aggressiveness_score": 0.0,
      "last_activity": 10.298507462686555
    },
    "B09": {
      "agent_id": "B09",
      "node_type": "agent",
      "last_bid_price": 82,
      "last_ask_price": null,
      "last_trade_price": null,
      "total_trades": 0,
      "total_volume": 0,
      "strategy_type": null,
      "inferred_valuation": 82,
      "valuation_confidence": 0.1,
      "aggressiveness_score": 0.0,
      "last_activity": 10.298507462686555
    },
    "B04": {
      "agent_id": "B04",
      "node_type": "agent",
      "last_bid_price": 82,
      "last_ask_price": null,
      "last_trade_price": null,
      "total_trades": 0,
      "total_volume": 0,
      "strategy_type": null,
      "inferred_valuation": 82,
      "valuation_confidence": 0.1,
      "aggressiveness_score": 0.0,
      "last_activity": 10.298507462686555
    },
    "S03": {
      "agent_id": "S03",
      "node_type": "agent",
      "last_bid_price": null,
      "last_ask_price": 130,
      "last_trade_price": null,
      "total_trades": 0,
      "total_volume": 0,
      "strategy_type": null,
      "inferred_valuation": 130,
      "valuation_confidence": 0.1,
      "aggressiveness_score": 0.0,
      "last_activity": 10.298507462686555
    },
    "S12": {
      "agent_id": "S12",
      "node_type": "agent",
      "last_bid_price": null,
      "last_ask_price": 144,
      "last_trade_price": null,
      "total_trades": 0,
      "total_volume": 0,
      "strategy_type": null,
      "inferred_valuation": 144,
      "valuation_confidence": 0.1,
      "aggressiveness_score": 0.0,
      "last_activity": 10.298507462686555
    },
    "S20": {
      "agent_id": "S20",
      "node_type": "agent",
      "last_bid_price": null,
      "last_ask_price": 148,
      "last_trade_price": null,
      "total_trades": 0,
      "total_volume": 0,
      "strategy_type": null,
      "inferred_valuation": 148,
      "valuation_confidence": 0.1,
      "aggressiveness_score": 0.0,
      "last_activity": 10.298507462686555
    }
  },
  "edges": {
    "ffa881fd-05db-4086-8f61-695fbdbf1b61": {
      "edge_id": "ffa881fd-05db-4086-8f61-695fbdbf1b61",
      "source_node": "BSE_ASSET",
      "target_node": "P18",
      "belief_type": "strategy",
      "confidence": 0.1,
      "value": "unknown",
      "timestamp": 0.0,
      "evidence_count": 0
    },
    "bbc9fd10-2175-4589-ac04-2b03ac43682a": {
      "edge_id": "bbc9fd10-2175-4589-ac04-2b03ac43682a",
      "source_node": "BSE_ASSET",
      "target_node": "P18",
      "belief_type": "valuation",
      "confidence": 0.1,
      "value": null,
      "timestamp": 0.0,
      "evidence_count": 0
    },
    "436160d5-2a6d-4b0e-96a0-74cc7fc469b3": {
      "edge_id": "436160d5-2a6d-4b0e-96a0-74cc7fc469b3",
      "source_node": "BSE_ASSET",
      "target_node": "P17",
      "belief_type": "strategy",
      "confidence": 0.1,
      "value": "unknown",
      "timestamp": 0.0,
      "evidence_count": 0
    },
    "307d8b4e-b1e2-4f8d-be3a-957d271d7b97": {
      "edge_id": "307d8b4e-b1e2-4f8d-be3a-957d271d7b97",
      "source_node": "BSE_ASSET",
      "target_node": "P17",
      "belief_type": "valuation",
      "confidence": 0.1,
      "value": 130,
      "timestamp": 5.074626865671641,
      "evidence_count": 1
    },
    "a86af9f0-90b4-4910-81c6-cc0d297210e9": {
      "edge_id": "a86af9f0-90b4-4910-81c6-cc0d297210e9",
      "source_node": "BSE_ASSET",
      "target_node": "P02",
      "belief_type": "strategy",
      "confidence": 0.1,
      "value": "unknown",
      "timestamp": 5.074626865671641,
      "evidence_count": 0
    },
    "3e3c74fd-d94f-4d05-86b9-d6c3626f4cf7": {
      "edge_id": "3e3c74fd-d94f-4d05-86b9-d6c3626f4cf7",
      "source_node": "BSE_ASSET",
      "target_node": "P02",
      "belief_type": "valuation",
      "confidence": 0.1,
      "value": 128,
      "timestamp": 5.074626865671641,
      "evidence_count": 1
    },
    "b8493ebd-55fe-4df5-a71f-bf4c82884528": {
      "edge_id": "b8493ebd-55fe-4df5-a71f-bf4c82884528",
      "source_node": "BSE_ASSET",
      "target_node": "P01",
      "belief_type": "strategy",
      "confidence": 0.1,
      "value": "unknown",
      "timestamp": 5.074626865671641,
      "evidence_count": 0
    },
    "a4f44ea0-a39d-4398-b89a-42e718181438": {
      "edge_id": "a4f44ea0-a39d-4398-b89a-42e718181438",
      "source_node": "BSE_ASSET",
      "target_node": "P01",
      "belief_type": "valuation",
      "confidence": 0.1,
      "value": 128,
      "timestamp": 5.074626865671641,
      "evidence_count": 1
    },
    "968dd771-c3dd-4f41-bd24-715b926c0794": {
      "edge_id": "968dd771-c3dd-4f41-bd24-715b926c0794",
      "source_node": "BSE_ASSET",
      "target_node": "P08",
      "belief_type": "strategy",
      "confidence": 0.1,
      "value": "unknown",
      "timestamp": 5.074626865671641,
      "evidence_count": 0
    },
    "af889d9d-7654-4dd1-9487-78df9b12f3f4": {
      "edge_id": "af889d9d-7654-4dd1-9487-78df9b12f3f4",
      "source_node": "BSE_ASSET",
      "target_node": "P08",
      "belief_type": "valuation",
      "confidence": 0.1,
      "value": 127,
      "timestamp": 5.074626865671641,
      "evidence_count": 1
    },
    "ad3c396a-22f6-4e25-b5d2-a4c2cbcbc35c": {
      "edge_id": "ad3c396a-22f6-4e25-b5d2-a4c2cbcbc35c",
      "source_node": "BSE_ASSET",
      "target_node": "P07",
      "belief_type": "strategy",
      "confidence": 0.1,
      "value": "unknown",
      "timestamp": 5.074626865671641,
      "evidence_count": 0
    },
    "43566449-9d59-43a5-bf82-f594df1a9700": {
      "edge_id": "43566449-9d59-43a5-bf82-f594df1a9700",
      "source_node": "BSE_ASSET",
      "target_node": "P07",
      "belief_type": "valuation",
      "confidence": 0.2,
      "value": 120.0,
      "timestamp": 10.298507462686555,
      "evidence_count": 2
    },
    "8c6a64f6-6969-4df3-b7b7-102c8e6e0b9e": {
      "edge_id": "8c6a64f6-6969-4df3-b7b7-102c8e6e0b9e",
      "source_node": "BSE_ASSET",
      "target_node": "B11",
      "belief_type": "strategy",
      "confidence": 0.1,
      "value": "unknown",
      "timestamp": 5.074626865671641,
      "evidence_count": 0
    },
    "bceba92a-fee4-420a-9cc9-b52b0b7f6054": {
      "edge_id": "bceba92a-fee4-420a-9cc9-b52b0b7f6054",
      "source_node": "BSE_ASSET",
      "target_node": "B11",
      "belief_type": "valuation",
      "confidence": 0.2,
      "value": 110.99999999999999,
      "timestamp": 10.298507462686555,
      "evidence_count": 2
    },
    "478cf785-0e9c-455d-b245-dcce06d492a7": {
      "edge_id": "478cf785-0e9c-455d-b245-dcce06d492a7",
      "source_node": "BSE_ASSET",
      "target_node": "B19",
      "belief_type": "strategy",
      "confidence": 0.1,
      "value": "unknown",
      "timestamp": 5.074626865671641,
      "evidence_count": 0
    },
    "97fdade7-8505-42d9-9e1f-603e42606df9": {
      "edge_id": "97fdade7-8505-42d9-9e1f-603e42606df9",
      "source_node": "BSE_ASSET",
      "target_node": "B19",
      "belief_type": "valuation",
      "confidence": 0.2,
      "value": 114.19999999999999,
      "timestamp": 10.298507462686555,
      "evidence_count": 2
    },
    "55f4a0c0-9726-42b4-9864-b331a0842e03": {
      "edge_id": "55f4a0c0-9726-42b4-9864-b331a0842e03",
      "source_node": "BSE_ASSET",
      "target_node": "S06",
      "belief_type": "strategy",
      "confidence": 0.1,
      "value": "unknown",
      "timestamp": 5.074626865671641,
      "evidence_count": 0
    },
    "5ba4b402-3651-4de8-b0b9-18edc97b8050": {
      "edge_id": "5ba4b402-3651-4de8-b0b9-18edc97b8050",
      "source_node": "BSE_ASSET",
      "target_node": "S06",
      "belief_type": "valuation",
      "confidence": 0.1,
      "value": 132,
      "timestamp": 5.074626865671641,
      "evidence_count": 1
    },
    "d573c459-6248-4d37-946b-49ee8c4d6955": {
      "edge_id": "d573c459-6248-4d37-946b-49ee8c4d6955",
      "source_node": "BSE_ASSET",
      "target_node": "S02",
      "belief_type": "strategy",
      "confidence": 0.1,
      "value": "unknown",
      "timestamp": 5.074626865671641,
      "evidence_count": 0
    },
    "de47934a-2b78-48fd-9592-0713ca422e16": {
      "edge_id": "de47934a-2b78-48fd-9592-0713ca422e16",
      "source_node": "BSE_ASSET",
      "target_node": "S02",
      "belief_type": "valuation",
      "confidence": 0.2,
      "value": 132.7,
      "timestamp": 10.298507462686555,
      "evidence_count": 2
    },
    "09ad4521-5f23-40bf-9503-637204bba1b6": {
      "edge_id": "09ad4521-5f23-40bf-9503-637204bba1b6",
      "source_node": "BSE_ASSET",
      "target_node": "S07",
      "belief_type": "strategy",
      "confidence": 0.1,
      "value": "unknown",
      "timestamp": 5.074626865671641,
      "evidence_count": 0
    },
    "adbdc00e-d23e-40ef-99d9-4e41e027a5f6": {
      "edge_id": "adbdc00e-d23e-40ef-99d9-4e41e027a5f6",
      "source_node": "BSE_ASSET",
      "target_node": "S07",
      "belief_type": "valuation",
      "confidence": 0.2,
      "value": 353.79999999999995,
      "timestamp": 10.298507462686555,
      "evidence_count": 2
    },
    "866e8bce-803a-49b2-9238-429c41d97c38": {
      "edge_id": "866e8bce-803a-49b2-9238-429c41d97c38",
      "source_node": "BSE_ASSET",
      "target_node": "P20",
      "belief_type": "strategy",
      "confidence": 0.1,
      "value": "unknown",
      "timestamp": 10.298507462686555,
      "evidence_count": 0
    },
    "0d485acc-dd31-455d-a283-93edc90d6f17": {
      "edge_id": "0d485acc-dd31-455d-a283-93edc90d6f17",
      "source_node": "BSE_ASSET",
      "target_node": "P20",
      "belief_type": "valuation",
      "confidence": 0.1,
      "value": 124,
      "timestamp": 10.298507462686555,
      "evidence_count": 1
    },
    "7a974e47-73cd-47ff-9294-8398d17edfa8": {
      "edge_id": "7a974e47-73cd-47ff-9294-8398d17edfa8",
      "source_node": "BSE_ASSET",
      "target_node": "B13",
      "belief_type": "strategy",
      "confidence": 0.1,
      "value": "unknown",
      "timestamp": 10.298507462686555,
      "evidence_count": 0
    },
    "34180fdd-4169-4e4c-9981-9bcc0ab2ac12": {
      "edge_id": "34180fdd-4169-4e4c-9981-9bcc0ab2ac12",
      "source_node": "BSE_ASSET",
      "target_node": "B13",
      "belief_type": "valuation",
      "confidence": 0.1,
      "value": 100,
      "timestamp": 10.298507462686555,
      "evidence_count": 1
    },
    "9f45f068-2b10-40f8-a0da-7eb96b41fe24": {
      "edge_id": "9f45f068-2b10-40f8-a0da-7eb96b41fe24",
      "source_node": "BSE_ASSET",
      "target_node": "B05",
      "belief_type": "strategy",
      "confidence": 0.1,
      "value": "unknown",
      "timestamp": 10.298507462686555,
      "evidence_count": 0
    },
    "f0851b4e-8346-4b19-b70f-1a32fb922e51": {
      "edge_id": "f0851b4e-8346-4b19-b70f-1a32fb922e51",
      "source_node": "BSE_ASSET",
      "target_node": "B05",
      "belief_type": "valuation",
      "confidence": 0.1,
      "value": 99,
      "timestamp": 10.298507462686555,
      "evidence_count": 1
    },
    "6a647a46-f5af-4594-9fef-0aa14c2c5b3b": {
      "edge_id": "6a647a46-f5af-4594-9fef-0aa14c2c5b3b",
      "source_node": "BSE_ASSET",
      "target_node": "B02",
      "belief_type": "strategy",
      "confidence": 0.1,
      "value": "unknown",
      "timestamp": 10.298507462686555,
      "evidence_count": 0
    },
    "693fba95-3b75-426e-b372-3e38927dcf73": {
      "edge_id": "693fba95-3b75-426e-b372-3e38927dcf73",
      "source_node": "BSE_ASSET",
      "target_node": "B02",
      "belief_type": "valuation",
      "confidence": 0.1,
      "value": 99,
      "timestamp": 10.298507462686555,
      "evidence_count": 1
    },
    "32fc6d5f-cd39-418a-9d04-137b75d18d30": {
      "edge_id": "32fc6d5f-cd39-418a-9d04-137b75d18d30",
      "source_node": "BSE_ASSET",
      "target_node": "B07",
      "belief_type": "strategy",
      "confidence": 0.1,
      "value": "unknown",
      "timestamp": 10.298507462686555,
      "evidence_count": 0
    },
    "2e5f0e1e-f427-408e-a2fc-70586b5bb951": {
      "edge_id": "2e5f0e1e-f427-408e-a2fc-70586b5bb951",
      "source_node": "BSE_ASSET",
      "target_node": "B07",
      "belief_type": "valuation",
      "confidence": 0.1,
      "value": 98,
      "timestamp": 10.298507462686555,
      "evidence_count": 1
    },
    "acded6c0-30a8-41e1-8d8d-8b8e8206ee16": {
      "edge_id": "acded6c0-30a8-41e1-8d8d-8b8e8206ee16",
      "source_node": "BSE_ASSET",
      "target_node": "B09",
      "belief_type": "strategy",
      "confidence": 0.1,
      "value": "unknown",
      "timestamp": 10.298507462686555,
      "evidence_count": 0
    },
    "f796756b-828c-420d-bd17-c07c17a8b1cc": {
      "edge_id": "f796756b-828c-420d-bd17-c07c17a8b1cc",
      "source_node": "BSE_ASSET",
      "target_node": "B09",
      "belief_type": "valuation",
      "confidence": 0.1,
      "value": 82,
      "timestamp": 10.298507462686555,
      "evidence_count": 1
    },
    "6b0361b4-9e93-4075-a9b3-0a93af5f4317": {
      "edge_id": "6b0361b4-9e93-4075-a9b3-0a93af5f4317",
      "source_node": "BSE_ASSET",
      "target_node": "B04",
      "belief_type": "strategy",
      "confidence": 0.1,
      "value": "unknown",
      "timestamp": 10.298507462686555,
      "evidence_count": 0
    },
    "694e4b0a-13ed-4502-af2d-b8f7a36df9c7": {
      "edge_id": "694e4b0a-13ed-4502-af2d-b8f7a36df9c7",
      "source_node": "BSE_ASSET",
      "target_node": "B04",
      "belief_type": "valuation",
      "confidence": 0.1,
      "value": 82,
      "timestamp": 10.298507462686555,
      "evidence_count": 1
    },
    "ed541d8d-15a0-4326-93c5-2a5c6309eaf0": {
      "edge_id": "ed541d8d-15a0-4326-93c5-2a5c6309eaf0",
      "source_node": "BSE_ASSET",
      "target_node": "S03",
      "belief_type": "strategy",
      "confidence": 0.1,
      "value": "unknown",
      "timestamp": 10.298507462686555,
      "evidence_count": 0
    },
    "dc239dd5-92ae-489f-b54f-1b55095a55c3": {
      "edge_id": "dc239dd5-92ae-489f-b54f-1b55095a55c3",
      "source_node": "BSE_ASSET",
      "target_node": "S03",
      "belief_type": "valuation",
      "confidence": 0.1,
      "value": 130,
      "timestamp": 10.298507462686555,
      "evidence_count": 1
    },
    "eb3f01f5-a838-4295-88d1-ad71717d9850": {
      "edge_id": "eb3f01f5-a838-4295-88d1-ad71717d9850",
      "source_node": "BSE_ASSET",
      "target_node": "S12",
      "belief_type": "strategy",
      "confidence": 0.1,
      "value": "unknown",
      "timestamp": 10.298507462686555,
      "evidence_count": 0
    },
    "4eaed120-9f33-47a8-8b86-bc14461b28d6": {
      "edge_id": "4eaed120-9f33-47a8-8b86-bc14461b28d6",
      "source_node": "BSE_ASSET",
      "target_node": "S12",
      "belief_type": "valuation",
      "confidence": 0.1,
      "value": 144,
      "timestamp": 10.298507462686555,
      "evidence_count": 1
    },
    "5ba83d7a-bb34-4c45-835d-f756317b1ab4": {
      "edge_id": "5ba83d7a-bb34-4c45-835d-f756317b1ab4",
      "source_node": "BSE_ASSET",
      "target_node": "S20",
      "belief_type": "strategy",
      "confidence": 0.1,
      "value": "unknown",
      "timestamp": 10.298507462686555,
      "evidence_count": 0
    },
    "2f26b528-1fc7-4ca2-b298-5d631ada67d1": {
      "edge_id": "2f26b528-1fc7-4ca2-b298-5d631ada67d1",
      "source_node": "BSE_ASSET",
      "target_node": "S20",
      "belief_type": "valuation",
      "confidence": 0.1,
      "value": 148,
      "timestamp": 10.298507462686555,
      "evidence_count": 1
    }
  },
  "event_history": [
    {
      "event_id": "bid_P17_5.074626865671641",
      "event_type": "bid",
      "timestamp": 5.074626865671641,
      "agent_id": "P17",
      "price": 130,
      "quantity": 1,
      "counterparty_id": null,
      "order_id": null
    },
    {
      "event_id": "bid_P02_5.074626865671641",
      "event_type": "bid",
      "timestamp": 5.074626865671641,
      "agent_id": "P02",
      "price": 128,
      "quantity": 1,
      "counterparty_id": null,
      "order_id": null
    },
    {
      "event_id": "bid_P01_5.074626865671641",
      "event_type": "bid",
      "timestamp": 5.074626865671641,
      "agent_id": "P01",
      "price": 128,
      "quantity": 1,
      "counterparty_id": null,
      "order_id": null
    },
    {
      "event_id": "bid_P08_5.074626865671641",
      "event_type": "bid",
      "timestamp": 5.074626865671641,
      "agent_id": "P08",
      "price": 127,
      "quantity": 1,
      "counterparty_id": null,
      "order_id": null
    },
    {
      "event_id": "bid_P07_5.074626865671641",
      "event_type": "bid",
      "timestamp": 5.074626865671641,
      "agent_id": "P07",
      "price": 120,
      "quantity": 1,
      "counterparty_id": null,
      "order_id": null
    },
    {
      "event_id": "bid_B11_5.074626865671641",
      "event_type": "bid",
      "timestamp": 5.074626865671641,
      "agent_id": "B11",
      "price": 111,
      "quantity": 1,
      "counterparty_id": null,
      "order_id": null
    },
    {
      "event_id": "bid_B19_5.074626865671641",
      "event_type": "bid",
      "timestamp": 5.074626865671641,
      "agent_id": "B19",
      "price": 110,
      "quantity": 1,
      "counterparty_id": null,
      "order_id": null
    },
    {
      "event_id": "ask_S06_5.074626865671641",
      "event_type": "ask",
      "timestamp": 5.074626865671641,
      "agent_id": "S06",
      "price": 132,
      "quantity": 1,
      "counterparty_id": null,
      "order_id": null
    },
    {
      "event_id": "ask_S02_5.074626865671641",
      "event_type": "ask",
      "timestamp": 5.074626865671641,
      "agent_id": "S02",
      "price": 133,
      "quantity": 1,
      "counterparty_id": null,
      "order_id": null
    },
    {
      "event_id": "ask_S07_5.074626865671641",
      "event_type": "ask",
      "timestamp": 5.074626865671641,
      "agent_id": "S07",
      "price": 421,
      "quantity": 1,
      "counterparty_id": null,
      "order_id": null
    },
    {
      "event_id": "bid_B19_10.298507462686555",
      "event_type": "bid",
      "timestamp": 10.298507462686555,
      "agent_id": "B19",
      "price": 124,
      "quantity": 1,
      "counterparty_id": null,
      "order_id": null
    },
    {
      "event_id": "bid_P20_10.298507462686555",
      "event_type": "bid",
      "timestamp": 10.298507462686555,
      "agent_id": "P20",
      "price": 124,
      "quantity": 1,
      "counterparty_id": null,
      "order_id": null
    },
    {
      "event_id": "bid_P07_10.298507462686555",
      "event_type": "bid",
      "timestamp": 10.298507462686555,
      "agent_id": "P07",
      "price": 120,
      "quantity": 1,
      "counterparty_id": null,
      "order_id": null
    },
    {
      "event_id": "bid_B11_10.298507462686555",
      "event_type": "bid",
      "timestamp": 10.298507462686555,
      "agent_id": "B11",
      "price": 111,
      "quantity": 1,
      "counterparty_id": null,
      "order_id": null
    },
    {
      "event_id": "bid_B13_10.298507462686555",
      "event_type": "bid",
      "timestamp": 10.298507462686555,
      "agent_id": "B13",
      "price": 100,
      "quantity": 1,
      "counterparty_id": null,
      "order_id": null
    },
    {
      "event_id": "bid_B05_10.298507462686555",
      "event_type": "bid",
      "timestamp": 10.298507462686555,
      "agent_id": "B05",
      "price": 99,
      "quantity": 1,
      "counterparty_id": null,
      "order_id": null
    },
    {
      "event_id": "bid_B02_10.298507462686555",
      "event_type": "bid",
      "timestamp": 10.298507462686555,
      "agent_id": "B02",
      "price": 99,
      "quantity": 1,
      "counterparty_id": null,
      "order_id": null
    },
    {
      "event_id": "bid_B07_10.298507462686555",
      "event_type": "bid",
      "timestamp": 10.298507462686555,
      "agent_id": "B07",
      "price": 98,
      "quantity": 1,
      "counterparty_id": null,
      "order_id": null
    },
    {
      "event_id": "bid_B09_10.298507462686555",
      "event_type": "bid",
      "timestamp": 10.298507462686555,
      "agent_id": "B09",
      "price": 82,
      "quantity": 1,
      "counterparty_id": null,
      "order_id": null
    },
    {
      "event_id": "bid_B04_10.298507462686555",
      "event_type": "bid",
      "timestamp": 10.298507462686555,
      "agent_id": "B04",
      "price": 82,
      "quantity": 1,
      "counterparty_id": null,
      "order_id": null
    },
    {
      "event_id": "ask_S03_10.298507462686555",
      "event_type": "ask",
      "timestamp": 10.298507462686555,
      "agent_id": "S03",
      "price": 130,
      "quantity": 1,
      "counterparty_id": null,
      "order_id": null
    },
    {
      "event_id": "ask_S02_10.298507462686555",
      "event_type": "ask",
      "timestamp": 10.298507462686555,
      "agent_id": "S02",
      "price": 132,
      "quantity": 1,
      "counterparty_id": null,
      "order_id": null
    },
    {
      "event_id": "ask_S12_10.298507462686555",
      "event_type": "ask",
      "timestamp": 10.298507462686555,
      "agent_id": "S12",
      "price": 144,
      "quantity": 1,
      "counterparty_id": null,
      "order_id": null
    },
    {
      "event_id": "ask_S20_10.298507462686555",
      "event_type": "ask",
      "timestamp": 10.298507462686555,
      "agent_id": "S20",
      "price": 148,
      "quantity": 1,
      "counterparty_id": null,
      "order_id": null
    },
    {
      "event_id": "ask_S07_10.298507462686555",
      "event_type": "ask",
      "timestamp": 10.298507462686555,
      "agent_id": "S07",
      "price": 197,
      "quantity": 1,
      "counterparty_id": null,
      "order_id": null
    }
  ]
}
2025-10-10 18:02:07 | HM_JSON_NOCOT_P18 | ================================================================================
2025-10-10 18:02:07 | HM_JSON_NOCOT_P18 | [AGENTS-TRACKED] Currently tracking 21 agents: ['P18', 'P17', 'P02', 'P01', 'P08', 'P07', 'B11', 'B19', 'S06', 'S02', 'S07', 'P20', 'B13', 'B05', 'B02', 'B07', 'B09', 'B04', 'S03', 'S12', 'S20']
2025-10-10 18:09:10 | HM_JSON_NOCOT_P18 | [BELIEF-THROTTLE] P05: Running belief graph update at time 15.4
2025-10-10 18:09:10 | HM_JSON_NOCOT_P18 | [UPDATE-SUMMARY] Processed 21 market events at time 15.4
2025-10-10 18:09:10 | HM_JSON_NOCOT_P18 | === BELIEF GRAPH STATE AT TIME 15.4 ===
2025-10-10 18:09:10 | HM_JSON_NOCOT_P18 | {
  "graph_id": "ef1f0310-0336-452d-b267-16d556180f54",
  "asset_id": "BSE_ASSET",
  "current_time": 15.373134328358166,
  "nodes": {
    "BSE_ASSET": {
      "asset_id": "BSE_ASSET",
      "node_type": "asset",
      "current_best_bid": null,
      "current_best_ask": null,
      "last_trade_price": null,
      "volume_traded": 0,
      "price_volatility": 0.0,
      "spread_width": null,
      "market_depth_bid": 0,
      "market_depth_ask": 0
    },
    "P18": {
      "agent_id": "P18",
      "node_type": "agent",
      "last_bid_price": null,
      "last_ask_price": 130,
      "last_trade_price": null,
      "total_trades": 0,
      "total_volume": 0,
      "strategy_type": "Hypothetical-Minds",
      "inferred_valuation": 130,
      "valuation_confidence": 0.1,
      "aggressiveness_score": 0.6,
      "last_activity": 15.373134328358166
    },
    "P17": {
      "agent_id": "P17",
      "node_type": "agent",
      "last_bid_price": 130,
      "last_ask_price": null,
      "last_trade_price": null,
      "total_trades": 0,
      "total_volume": 0,
      "strategy_type": null,
      "inferred_valuation": 130,
      "valuation_confidence": 0.1,
      "aggressiveness_score": 0.0,
      "last_activity": 5.074626865671641
    },
    "P02": {
      "agent_id": "P02",
      "node_type": "agent",
      "last_bid_price": 128,
      "last_ask_price": 129,
      "last_trade_price": null,
      "total_trades": 0,
      "total_volume": 0,
      "strategy_type": null,
      "inferred_valuation": 128.29999999999998,
      "valuation_confidence": 0.2,
      "aggressiveness_score": 0.0,
      "last_activity": 15.373134328358166
    },
    "P01": {
      "agent_id": "P01",
      "node_type": "agent",
      "last_bid_price": 128,
      "last_ask_price": null,
      "last_trade_price": null,
      "total_trades": 0,
      "total_volume": 0,
      "strategy_type": null,
      "inferred_valuation": 128,
      "valuation_confidence": 0.1,
      "aggressiveness_score": 0.0,
      "last_activity": 5.074626865671641
    },
    "P08": {
      "agent_id": "P08",
      "node_type": "agent",
      "last_bid_price": 127,
      "last_ask_price": 130,
      "last_trade_price": null,
      "total_trades": 0,
      "total_volume": 0,
      "strategy_type": null,
      "inferred_valuation": 127.89999999999999,
      "valuation_confidence": 0.2,
      "aggressiveness_score": 0.0,
      "last_activity": 15.373134328358166
    },
    "P07": {
      "agent_id": "P07",
      "node_type": "agent",
      "last_bid_price": 120,
      "last_ask_price": null,
      "last_trade_price": null,
      "total_trades": 0,
      "total_volume": 0,
      "strategy_type": null,
      "inferred_valuation": 120.0,
      "valuation_confidence": 0.30000000000000004,
      "aggressiveness_score": 0.0,
      "last_activity": 15.373134328358166
    },
    "B11": {
      "agent_id": "B11",
      "node_type": "agent",
      "last_bid_price": 111,
      "last_ask_price": null,
      "last_trade_price": null,
      "total_trades": 0,
      "total_volume": 0,
      "strategy_type": null,
      "inferred_valuation": 110.99999999999999,
      "valuation_confidence": 0.2,
      "aggressiveness_score": 0.0,
      "last_activity": 10.298507462686555
    },
    "B19": {
      "agent_id": "B19",
      "node_type": "agent",
      "last_bid_price": 124,
      "last_ask_price": null,
      "last_trade_price": null,
      "total_trades": 0,
      "total_volume": 0,
      "strategy_type": null,
      "inferred_valuation": 114.19999999999999,
      "valuation_confidence": 0.2,
      "aggressiveness_score": 0.0,
      "last_activity": 10.298507462686555
    },
    "S06": {
      "agent_id": "S06",
      "node_type": "agent",
      "last_bid_price": null,
      "last_ask_price": 132,
      "last_trade_price": null,
      "total_trades": 0,
      "total_volume": 0,
      "strategy_type": null,
      "inferred_valuation": 132,
      "valuation_confidence": 0.1,
      "aggressiveness_score": 0.0,
      "last_activity": 5.074626865671641
    },
    "S02": {
      "agent_id": "S02",
      "node_type": "agent",
      "last_bid_price": null,
      "last_ask_price": 129,
      "last_trade_price": null,
      "total_trades": 0,
      "total_volume": 0,
      "strategy_type": null,
      "inferred_valuation": 131.58999999999997,
      "valuation_confidence": 0.30000000000000004,
      "aggressiveness_score": 0.0,
      "last_activity": 15.373134328358166
    },
    "S07": {
      "agent_id": "S07",
      "node_type": "agent",
      "last_bid_price": null,
      "last_ask_price": 498,
      "last_trade_price": null,
      "total_trades": 0,
      "total_volume": 0,
      "strategy_type": null,
      "inferred_valuation": 397.05999999999995,
      "valuation_confidence": 0.30000000000000004,
      "aggressiveness_score": 0.0,
      "last_activity": 15.373134328358166
    },
    "P20": {
      "agent_id": "P20",
      "node_type": "agent",
      "last_bid_price": 124,
      "last_ask_price": null,
      "last_trade_price": null,
      "total_trades": 0,
      "total_volume": 0,
      "strategy_type": null,
      "inferred_valuation": 124.0,
      "valuation_confidence": 0.2,
      "aggressiveness_score": 0.0,
      "last_activity": 15.373134328358166
    },
    "B13": {
      "agent_id": "B13",
      "node_type": "agent",
      "last_bid_price": 100,
      "last_ask_price": null,
      "last_trade_price": null,
      "total_trades": 0,
      "total_volume": 0,
      "strategy_type": null,
      "inferred_valuation": 100.0,
      "valuation_confidence": 0.2,
      "aggressiveness_score": 0.0,
      "last_activity": 15.373134328358166
    },
    "B05": {
      "agent_id": "B05",
      "node_type": "agent",
      "last_bid_price": 93,
      "last_ask_price": null,
      "last_trade_price": null,
      "total_trades": 0,
      "total_volume": 0,
      "strategy_type": null,
      "inferred_valuation": 97.19999999999999,
      "valuation_confidence": 0.2,
      "aggressiveness_score": 0.0,
      "last_activity": 15.373134328358166
    },
    "B02": {
      "agent_id": "B02",
      "node_type": "agent",
      "last_bid_price": 36,
      "last_ask_price": null,
      "last_trade_price": null,
      "total_trades": 0,
      "total_volume": 0,
      "strategy_type": null,
      "inferred_valuation": 80.1,
      "valuation_confidence": 0.2,
      "aggressiveness_score": 0.0,
      "last_activity": 15.373134328358166
    },
    "B07": {
      "agent_id": "B07",
      "node_type": "agent",
      "last_bid_price": 98,
      "last_ask_price": null,
      "last_trade_price": null,
      "total_trades": 0,
      "total_volume": 0,
      "strategy_type": null,
      "inferred_valuation": 98.0,
      "valuation_confidence": 0.2,
      "aggressiveness_score": 0.0,
      "last_activity": 15.373134328358166
    },
    "B09": {
      "agent_id": "B09",
      "node_type": "agent",
      "last_bid_price": 82,
      "last_ask_price": null,
      "last_trade_price": null,
      "total_trades": 0,
      "total_volume": 0,
      "strategy_type": null,
      "inferred_valuation": 82,
      "valuation_confidence": 0.1,
      "aggressiveness_score": 0.0,
      "last_activity": 10.298507462686555
    },
    "B04": {
      "agent_id": "B04",
      "node_type": "agent",
      "last_bid_price": 82,
      "last_ask_price": null,
      "last_trade_price": null,
      "total_trades": 0,
      "total_volume": 0,
      "strategy_type": null,
      "inferred_valuation": 82.0,
      "valuation_confidence": 0.2,
      "aggressiveness_score": 0.0,
      "last_activity": 15.373134328358166
    },
    "S03": {
      "agent_id": "S03",
      "node_type": "agent",
      "last_bid_price": null,
      "last_ask_price": 130,
      "last_trade_price": null,
      "total_trades": 0,
      "total_volume": 0,
      "strategy_type": null,
      "inferred_valuation": 130,
      "valuation_confidence": 0.1,
      "aggressiveness_score": 0.0,
      "last_activity": 10.298507462686555
    },
    "S12": {
      "agent_id": "S12",
      "node_type": "agent",
      "last_bid_price": null,
      "last_ask_price": 144,
      "last_trade_price": null,
      "total_trades": 0,
      "total_volume": 0,
      "strategy_type": null,
      "inferred_valuation": 144.0,
      "valuation_confidence": 0.2,
      "aggressiveness_score": 0.0,
      "last_activity": 15.373134328358166
    },
    "S20": {
      "agent_id": "S20",
      "node_type": "agent",
      "last_bid_price": null,
      "last_ask_price": 136,
      "last_trade_price": null,
      "total_trades": 0,
      "total_volume": 0,
      "strategy_type": null,
      "inferred_valuation": 144.39999999999998,
      "valuation_confidence": 0.2,
      "aggressiveness_score": 0.0,
      "last_activity": 15.373134328358166
    },
    "P14": {
      "agent_id": "P14",
      "node_type": "agent",
      "last_bid_price": 124,
      "last_ask_price": null,
      "last_trade_price": null,
      "total_trades": 0,
      "total_volume": 0,
      "strategy_type": null,
      "inferred_valuation": 124,
      "valuation_confidence": 0.1,
      "aggressiveness_score": 0.0,
      "last_activity": 15.373134328358166
    },
    "P09": {
      "agent_id": "P09",
      "node_type": "agent",
      "last_bid_price": 124,
      "last_ask_price": null,
      "last_trade_price": null,
      "total_trades": 0,
      "total_volume": 0,
      "strategy_type": null,
      "inferred_valuation": 124,
      "valuation_confidence": 0.1,
      "aggressiveness_score": 0.0,
      "last_activity": 15.373134328358166
    },
    "B06": {
      "agent_id": "B06",
      "node_type": "agent",
      "last_bid_price": 112,
      "last_ask_price": null,
      "last_trade_price": null,
      "total_trades": 0,
      "total_volume": 0,
      "strategy_type": null,
      "inferred_valuation": 112,
      "valuation_confidence": 0.1,
      "aggressiveness_score": 0.0,
      "last_activity": 15.373134328358166
    },
    "B20": {
      "agent_id": "B20",
      "node_type": "agent",
      "last_bid_price": 100,
      "last_ask_price": null,
      "last_trade_price": null,
      "total_trades": 0,
      "total_volume": 0,
      "strategy_type": null,
      "inferred_valuation": 100,
      "valuation_confidence": 0.1,
      "aggressiveness_score": 0.0,
      "last_activity": 15.373134328358166
    },
    "B10": {
      "agent_id": "B10",
      "node_type": "agent",
      "last_bid_price": 98,
      "last_ask_price": null,
      "last_trade_price": null,
      "total_trades": 0,
      "total_volume": 0,
      "strategy_type": null,
      "inferred_valuation": 98,
      "valuation_confidence": 0.1,
      "aggressiveness_score": 0.0,
      "last_activity": 15.373134328358166
    },
    "S04": {
      "agent_id": "S04",
      "node_type": "agent",
      "last_bid_price": null,
      "last_ask_price": 129,
      "last_trade_price": null,
      "total_trades": 0,
      "total_volume": 0,
      "strategy_type": null,
      "inferred_valuation": 129,
      "valuation_confidence": 0.1,
      "aggressiveness_score": 0.0,
      "last_activity": 15.373134328358166
    },
    "P12": {
      "agent_id": "P12",
      "node_type": "agent",
      "last_bid_price": null,
      "last_ask_price": 130,
      "last_trade_price": null,
      "total_trades": 0,
      "total_volume": 0,
      "strategy_type": null,
      "inferred_valuation": 130,
      "valuation_confidence": 0.1,
      "aggressiveness_score": 0.0,
      "last_activity": 15.373134328358166
    }
  },
  "edges": {
    "ffa881fd-05db-4086-8f61-695fbdbf1b61": {
      "edge_id": "ffa881fd-05db-4086-8f61-695fbdbf1b61",
      "source_node": "BSE_ASSET",
      "target_node": "P18",
      "belief_type": "strategy",
      "confidence": 0.1,
      "value": "unknown",
      "timestamp": 0.0,
      "evidence_count": 0
    },
    "bbc9fd10-2175-4589-ac04-2b03ac43682a": {
      "edge_id": "bbc9fd10-2175-4589-ac04-2b03ac43682a",
      "source_node": "BSE_ASSET",
      "target_node": "P18",
      "belief_type": "valuation",
      "confidence": 0.1,
      "value": 130,
      "timestamp": 15.373134328358166,
      "evidence_count": 1
    },
    "436160d5-2a6d-4b0e-96a0-74cc7fc469b3": {
      "edge_id": "436160d5-2a6d-4b0e-96a0-74cc7fc469b3",
      "source_node": "BSE_ASSET",
      "target_node": "P17",
      "belief_type": "strategy",
      "confidence": 0.1,
      "value": "unknown",
      "timestamp": 0.0,
      "evidence_count": 0
    },
    "307d8b4e-b1e2-4f8d-be3a-957d271d7b97": {
      "edge_id": "307d8b4e-b1e2-4f8d-be3a-957d271d7b97",
      "source_node": "BSE_ASSET",
      "target_node": "P17",
      "belief_type": "valuation",
      "confidence": 0.1,
      "value": 130,
      "timestamp": 5.074626865671641,
      "evidence_count": 1
    },
    "a86af9f0-90b4-4910-81c6-cc0d297210e9": {
      "edge_id": "a86af9f0-90b4-4910-81c6-cc0d297210e9",
      "source_node": "BSE_ASSET",
      "target_node": "P02",
      "belief_type": "strategy",
      "confidence": 0.1,
      "value": "unknown",
      "timestamp": 5.074626865671641,
      "evidence_count": 0
    },
    "3e3c74fd-d94f-4d05-86b9-d6c3626f4cf7": {
      "edge_id": "3e3c74fd-d94f-4d05-86b9-d6c3626f4cf7",
      "source_node": "BSE_ASSET",
      "target_node": "P02",
      "belief_type": "valuation",
      "confidence": 0.2,
      "value": 128.29999999999998,
      "timestamp": 15.373134328358166,
      "evidence_count": 2
    },
    "b8493ebd-55fe-4df5-a71f-bf4c82884528": {
      "edge_id": "b8493ebd-55fe-4df5-a71f-bf4c82884528",
      "source_node": "BSE_ASSET",
      "target_node": "P01",
      "belief_type": "strategy",
      "confidence": 0.1,
      "value": "unknown",
      "timestamp": 5.074626865671641,
      "evidence_count": 0
    },
    "a4f44ea0-a39d-4398-b89a-42e718181438": {
      "edge_id": "a4f44ea0-a39d-4398-b89a-42e718181438",
      "source_node": "BSE_ASSET",
      "target_node": "P01",
      "belief_type": "valuation",
      "confidence": 0.1,
      "value": 128,
      "timestamp": 5.074626865671641,
      "evidence_count": 1
    },
    "968dd771-c3dd-4f41-bd24-715b926c0794": {
      "edge_id": "968dd771-c3dd-4f41-bd24-715b926c0794",
      "source_node": "BSE_ASSET",
      "target_node": "P08",
      "belief_type": "strategy",
      "confidence": 0.1,
      "value": "unknown",
      "timestamp": 5.074626865671641,
      "evidence_count": 0
    },
    "af889d9d-7654-4dd1-9487-78df9b12f3f4": {
      "edge_id": "af889d9d-7654-4dd1-9487-78df9b12f3f4",
      "source_node": "BSE_ASSET",
      "target_node": "P08",
      "belief_type": "valuation",
      "confidence": 0.2,
      "value": 127.89999999999999,
      "timestamp": 15.373134328358166,
      "evidence_count": 2
    },
    "ad3c396a-22f6-4e25-b5d2-a4c2cbcbc35c": {
      "edge_id": "ad3c396a-22f6-4e25-b5d2-a4c2cbcbc35c",
      "source_node": "BSE_ASSET",
      "target_node": "P07",
      "belief_type": "strategy",
      "confidence": 0.1,
      "value": "unknown",
      "timestamp": 5.074626865671641,
      "evidence_count": 0
    },
    "43566449-9d59-43a5-bf82-f594df1a9700": {
      "edge_id": "43566449-9d59-43a5-bf82-f594df1a9700",
      "source_node": "BSE_ASSET",
      "target_node": "P07",
      "belief_type": "valuation",
      "confidence": 0.30000000000000004,
      "value": 120.0,
      "timestamp": 15.373134328358166,
      "evidence_count": 3
    },
    "8c6a64f6-6969-4df3-b7b7-102c8e6e0b9e": {
      "edge_id": "8c6a64f6-6969-4df3-b7b7-102c8e6e0b9e",
      "source_node": "BSE_ASSET",
      "target_node": "B11",
      "belief_type": "strategy",
      "confidence": 0.1,
      "value": "unknown",
      "timestamp": 5.074626865671641,
      "evidence_count": 0
    },
    "bceba92a-fee4-420a-9cc9-b52b0b7f6054": {
      "edge_id": "bceba92a-fee4-420a-9cc9-b52b0b7f6054",
      "source_node": "BSE_ASSET",
      "target_node": "B11",
      "belief_type": "valuation",
      "confidence": 0.2,
      "value": 110.99999999999999,
      "timestamp": 10.298507462686555,
      "evidence_count": 2
    },
    "478cf785-0e9c-455d-b245-dcce06d492a7": {
      "edge_id": "478cf785-0e9c-455d-b245-dcce06d492a7",
      "source_node": "BSE_ASSET",
      "target_node": "B19",
      "belief_type": "strategy",
      "confidence": 0.1,
      "value": "unknown",
      "timestamp": 5.074626865671641,
      "evidence_count": 0
    },
    "97fdade7-8505-42d9-9e1f-603e42606df9": {
      "edge_id": "97fdade7-8505-42d9-9e1f-603e42606df9",
      "source_node": "BSE_ASSET",
      "target_node": "B19",
      "belief_type": "valuation",
      "confidence": 0.2,
      "value": 114.19999999999999,
      "timestamp": 10.298507462686555,
      "evidence_count": 2
    },
    "55f4a0c0-9726-42b4-9864-b331a0842e03": {
      "edge_id": "55f4a0c0-9726-42b4-9864-b331a0842e03",
      "source_node": "BSE_ASSET",
      "target_node": "S06",
      "belief_type": "strategy",
      "confidence": 0.1,
      "value": "unknown",
      "timestamp": 5.074626865671641,
      "evidence_count": 0
    },
    "5ba4b402-3651-4de8-b0b9-18edc97b8050": {
      "edge_id": "5ba4b402-3651-4de8-b0b9-18edc97b8050",
      "source_node": "BSE_ASSET",
      "target_node": "S06",
      "belief_type": "valuation",
      "confidence": 0.1,
      "value": 132,
      "timestamp": 5.074626865671641,
      "evidence_count": 1
    },
    "d573c459-6248-4d37-946b-49ee8c4d6955": {
      "edge_id": "d573c459-6248-4d37-946b-49ee8c4d6955",
      "source_node": "BSE_ASSET",
      "target_node": "S02",
      "belief_type": "strategy",
      "confidence": 0.1,
      "value": "unknown",
      "timestamp": 5.074626865671641,
      "evidence_count": 0
    },
    "de47934a-2b78-48fd-9592-0713ca422e16": {
      "edge_id": "de47934a-2b78-48fd-9592-0713ca422e16",
      "source_node": "BSE_ASSET",
      "target_node": "S02",
      "belief_type": "valuation",
      "confidence": 0.30000000000000004,
      "value": 131.58999999999997,
      "timestamp": 15.373134328358166,
      "evidence_count": 3
    },
    "09ad4521-5f23-40bf-9503-637204bba1b6": {
      "edge_id": "09ad4521-5f23-40bf-9503-637204bba1b6",
      "source_node": "BSE_ASSET",
      "target_node": "S07",
      "belief_type": "strategy",
      "confidence": 0.1,
      "value": "unknown",
      "timestamp": 5.074626865671641,
      "evidence_count": 0
    },
    "adbdc00e-d23e-40ef-99d9-4e41e027a5f6": {
      "edge_id": "adbdc00e-d23e-40ef-99d9-4e41e027a5f6",
      "source_node": "BSE_ASSET",
      "target_node": "S07",
      "belief_type": "valuation",
      "confidence": 0.30000000000000004,
      "value": 397.05999999999995,
      "timestamp": 15.373134328358166,
      "evidence_count": 3
    },
    "866e8bce-803a-49b2-9238-429c41d97c38": {
      "edge_id": "866e8bce-803a-49b2-9238-429c41d97c38",
      "source_node": "BSE_ASSET",
      "target_node": "P20",
      "belief_type": "strategy",
      "confidence": 0.1,
      "value": "unknown",
      "timestamp": 10.298507462686555,
      "evidence_count": 0
    },
    "0d485acc-dd31-455d-a283-93edc90d6f17": {
      "edge_id": "0d485acc-dd31-455d-a283-93edc90d6f17",
      "source_node": "BSE_ASSET",
      "target_node": "P20",
      "belief_type": "valuation",
      "confidence": 0.2,
      "value": 124.0,
      "timestamp": 15.373134328358166,
      "evidence_count": 2
    },
    "7a974e47-73cd-47ff-9294-8398d17edfa8": {
      "edge_id": "7a974e47-73cd-47ff-9294-8398d17edfa8",
      "source_node": "BSE_ASSET",
      "target_node": "B13",
      "belief_type": "strategy",
      "confidence": 0.1,
      "value": "unknown",
      "timestamp": 10.298507462686555,
      "evidence_count": 0
    },
    "34180fdd-4169-4e4c-9981-9bcc0ab2ac12": {
      "edge_id": "34180fdd-4169-4e4c-9981-9bcc0ab2ac12",
      "source_node": "BSE_ASSET",
      "target_node": "B13",
      "belief_type": "valuation",
      "confidence": 0.2,
      "value": 100.0,
      "timestamp": 15.373134328358166,
      "evidence_count": 2
    },
    "9f45f068-2b10-40f8-a0da-7eb96b41fe24": {
      "edge_id": "9f45f068-2b10-40f8-a0da-7eb96b41fe24",
      "source_node": "BSE_ASSET",
      "target_node": "B05",
      "belief_type": "strategy",
      "confidence": 0.1,
      "value": "unknown",
      "timestamp": 10.298507462686555,
      "evidence_count": 0
    },
    "f0851b4e-8346-4b19-b70f-1a32fb922e51": {
      "edge_id": "f0851b4e-8346-4b19-b70f-1a32fb922e51",
      "source_node": "BSE_ASSET",
      "target_node": "B05",
      "belief_type": "valuation",
      "confidence": 0.2,
      "value": 97.19999999999999,
      "timestamp": 15.373134328358166,
      "evidence_count": 2
    },
    "6a647a46-f5af-4594-9fef-0aa14c2c5b3b": {
      "edge_id": "6a647a46-f5af-4594-9fef-0aa14c2c5b3b",
      "source_node": "BSE_ASSET",
      "target_node": "B02",
      "belief_type": "strategy",
      "confidence": 0.1,
      "value": "unknown",
      "timestamp": 10.298507462686555,
      "evidence_count": 0
    },
    "693fba95-3b75-426e-b372-3e38927dcf73": {
      "edge_id": "693fba95-3b75-426e-b372-3e38927dcf73",
      "source_node": "BSE_ASSET",
      "target_node": "B02",
      "belief_type": "valuation",
      "confidence": 0.2,
      "value": 80.1,
      "timestamp": 15.373134328358166,
      "evidence_count": 2
    },
    "32fc6d5f-cd39-418a-9d04-137b75d18d30": {
      "edge_id": "32fc6d5f-cd39-418a-9d04-137b75d18d30",
      "source_node": "BSE_ASSET",
      "target_node": "B07",
      "belief_type": "strategy",
      "confidence": 0.1,
      "value": "unknown",
      "timestamp": 10.298507462686555,
      "evidence_count": 0
    },
    "2e5f0e1e-f427-408e-a2fc-70586b5bb951": {
      "edge_id": "2e5f0e1e-f427-408e-a2fc-70586b5bb951",
      "source_node": "BSE_ASSET",
      "target_node": "B07",
      "belief_type": "valuation",
      "confidence": 0.2,
      "value": 98.0,
      "timestamp": 15.373134328358166,
      "evidence_count": 2
    },
    "acded6c0-30a8-41e1-8d8d-8b8e8206ee16": {
      "edge_id": "acded6c0-30a8-41e1-8d8d-8b8e8206ee16",
      "source_node": "BSE_ASSET",
      "target_node": "B09",
      "belief_type": "strategy",
      "confidence": 0.1,
      "value": "unknown",
      "timestamp": 10.298507462686555,
      "evidence_count": 0
    },
    "f796756b-828c-420d-bd17-c07c17a8b1cc": {
      "edge_id": "f796756b-828c-420d-bd17-c07c17a8b1cc",
      "source_node": "BSE_ASSET",
      "target_node": "B09",
      "belief_type": "valuation",
      "confidence": 0.1,
      "value": 82,
      "timestamp": 10.298507462686555,
      "evidence_count": 1
    },
    "6b0361b4-9e93-4075-a9b3-0a93af5f4317": {
      "edge_id": "6b0361b4-9e93-4075-a9b3-0a93af5f4317",
      "source_node": "BSE_ASSET",
      "target_node": "B04",
      "belief_type": "strategy",
      "confidence": 0.1,
      "value": "unknown",
      "timestamp": 10.298507462686555,
      "evidence_count": 0
    },
    "694e4b0a-13ed-4502-af2d-b8f7a36df9c7": {
      "edge_id": "694e4b0a-13ed-4502-af2d-b8f7a36df9c7",
      "source_node": "BSE_ASSET",
      "target_node": "B04",
      "belief_type": "valuation",
      "confidence": 0.2,
      "value": 82.0,
      "timestamp": 15.373134328358166,
      "evidence_count": 2
    },
    "ed541d8d-15a0-4326-93c5-2a5c6309eaf0": {
      "edge_id": "ed541d8d-15a0-4326-93c5-2a5c6309eaf0",
      "source_node": "BSE_ASSET",
      "target_node": "S03",
      "belief_type": "strategy",
      "confidence": 0.1,
      "value": "unknown",
      "timestamp": 10.298507462686555,
      "evidence_count": 0
    },
    "dc239dd5-92ae-489f-b54f-1b55095a55c3": {
      "edge_id": "dc239dd5-92ae-489f-b54f-1b55095a55c3",
      "source_node": "BSE_ASSET",
      "target_node": "S03",
      "belief_type": "valuation",
      "confidence": 0.1,
      "value": 130,
      "timestamp": 10.298507462686555,
      "evidence_count": 1
    },
    "eb3f01f5-a838-4295-88d1-ad71717d9850": {
      "edge_id": "eb3f01f5-a838-4295-88d1-ad71717d9850",
      "source_node": "BSE_ASSET",
      "target_node": "S12",
      "belief_type": "strategy",
      "confidence": 0.1,
      "value": "unknown",
      "timestamp": 10.298507462686555,
      "evidence_count": 0
    },
    "4eaed120-9f33-47a8-8b86-bc14461b28d6": {
      "edge_id": "4eaed120-9f33-47a8-8b86-bc14461b28d6",
      "source_node": "BSE_ASSET",
      "target_node": "S12",
      "belief_type": "valuation",
      "confidence": 0.2,
      "value": 144.0,
      "timestamp": 15.373134328358166,
      "evidence_count": 2
    },
    "5ba83d7a-bb34-4c45-835d-f756317b1ab4": {
      "edge_id": "5ba83d7a-bb34-4c45-835d-f756317b1ab4",
      "source_node": "BSE_ASSET",
      "target_node": "S20",
      "belief_type": "strategy",
      "confidence": 0.1,
      "value": "unknown",
      "timestamp": 10.298507462686555,
      "evidence_count": 0
    },
    "2f26b528-1fc7-4ca2-b298-5d631ada67d1": {
      "edge_id": "2f26b528-1fc7-4ca2-b298-5d631ada67d1",
      "source_node": "BSE_ASSET",
      "target_node": "S20",
      "belief_type": "valuation",
      "confidence": 0.2,
      "value": 144.39999999999998,
      "timestamp": 15.373134328358166,
      "evidence_count": 2
    },
    "6398b5b7-33fc-4500-94c4-b7e63193e071": {
      "edge_id": "6398b5b7-33fc-4500-94c4-b7e63193e071",
      "source_node": "BSE_ASSET",
      "target_node": "P14",
      "belief_type": "strategy",
      "confidence": 0.1,
      "value": "unknown",
      "timestamp": 15.373134328358166,
      "evidence_count": 0
    },
    "67afe916-a83e-4541-a2c7-4a810a777c2f": {
      "edge_id": "67afe916-a83e-4541-a2c7-4a810a777c2f",
      "source_node": "BSE_ASSET",
      "target_node": "P14",
      "belief_type": "valuation",
      "confidence": 0.1,
      "value": 124,
      "timestamp": 15.373134328358166,
      "evidence_count": 1
    },
    "205e2196-d5cb-41be-bef1-687ceed514d1": {
      "edge_id": "205e2196-d5cb-41be-bef1-687ceed514d1",
      "source_node": "BSE_ASSET",
      "target_node": "P09",
      "belief_type": "strategy",
      "confidence": 0.1,
      "value": "unknown",
      "timestamp": 15.373134328358166,
      "evidence_count": 0
    },
    "eec2cc63-a5e4-48ff-ba20-537d8bd3b7bf": {
      "edge_id": "eec2cc63-a5e4-48ff-ba20-537d8bd3b7bf",
      "source_node": "BSE_ASSET",
      "target_node": "P09",
      "belief_type": "valuation",
      "confidence": 0.1,
      "value": 124,
      "timestamp": 15.373134328358166,
      "evidence_count": 1
    },
    "aa78a441-4683-4730-9ce5-7fc4e804c212": {
      "edge_id": "aa78a441-4683-4730-9ce5-7fc4e804c212",
      "source_node": "BSE_ASSET",
      "target_node": "B06",
      "belief_type": "strategy",
      "confidence": 0.1,
      "value": "unknown",
      "timestamp": 15.373134328358166,
      "evidence_count": 0
    },
    "94c0b21f-788e-4a62-958d-54e24dbf3384": {
      "edge_id": "94c0b21f-788e-4a62-958d-54e24dbf3384",
      "source_node": "BSE_ASSET",
      "target_node": "B06",
      "belief_type": "valuation",
      "confidence": 0.1,
      "value": 112,
      "timestamp": 15.373134328358166,
      "evidence_count": 1
    },
    "4a15293a-ca1e-47ae-8922-29c832d29f18": {
      "edge_id": "4a15293a-ca1e-47ae-8922-29c832d29f18",
      "source_node": "BSE_ASSET",
      "target_node": "B20",
      "belief_type": "strategy",
      "confidence": 0.1,
      "value": "unknown",
      "timestamp": 15.373134328358166,
      "evidence_count": 0
    },
    "30a14c51-5e2c-4884-93b1-cb29bc8c2e1c": {
      "edge_id": "30a14c51-5e2c-4884-93b1-cb29bc8c2e1c",
      "source_node": "BSE_ASSET",
      "target_node": "B20",
      "belief_type": "valuation",
      "confidence": 0.1,
      "value": 100,
      "timestamp": 15.373134328358166,
      "evidence_count": 1
    },
    "eb695407-93c0-4835-acde-a80608eeded5": {
      "edge_id": "eb695407-93c0-4835-acde-a80608eeded5",
      "source_node": "BSE_ASSET",
      "target_node": "B10",
      "belief_type": "strategy",
      "confidence": 0.1,
      "value": "unknown",
      "timestamp": 15.373134328358166,
      "evidence_count": 0
    },
    "deb8b8fb-886e-4aad-b500-178be207ecf9": {
      "edge_id": "deb8b8fb-886e-4aad-b500-178be207ecf9",
      "source_node": "BSE_ASSET",
      "target_node": "B10",
      "belief_type": "valuation",
      "confidence": 0.1,
      "value": 98,
      "timestamp": 15.373134328358166,
      "evidence_count": 1
    },
    "c533eec6-70fe-4cff-9596-0aaa80849c5a": {
      "edge_id": "c533eec6-70fe-4cff-9596-0aaa80849c5a",
      "source_node": "BSE_ASSET",
      "target_node": "S04",
      "belief_type": "strategy",
      "confidence": 0.1,
      "value": "unknown",
      "timestamp": 15.373134328358166,
      "evidence_count": 0
    },
    "7fc6663a-346f-4b32-89cf-a1733fb0b13b": {
      "edge_id": "7fc6663a-346f-4b32-89cf-a1733fb0b13b",
      "source_node": "BSE_ASSET",
      "target_node": "S04",
      "belief_type": "valuation",
      "confidence": 0.1,
      "value": 129,
      "timestamp": 15.373134328358166,
      "evidence_count": 1
    },
    "3308a39a-6f04-43df-a6ba-ec04cbcda8d0": {
      "edge_id": "3308a39a-6f04-43df-a6ba-ec04cbcda8d0",
      "source_node": "BSE_ASSET",
      "target_node": "P12",
      "belief_type": "strategy",
      "confidence": 0.1,
      "value": "unknown",
      "timestamp": 15.373134328358166,
      "evidence_count": 0
    },
    "e543be8f-ef08-4384-a3ff-d2310dacfbc9": {
      "edge_id": "e543be8f-ef08-4384-a3ff-d2310dacfbc9",
      "source_node": "BSE_ASSET",
      "target_node": "P12",
      "belief_type": "valuation",
      "confidence": 0.1,
      "value": 130,
      "timestamp": 15.373134328358166,
      "evidence_count": 1
    }
  },
  "event_history": [
    {
      "event_id": "bid_P17_5.074626865671641",
      "event_type": "bid",
      "timestamp": 5.074626865671641,
      "agent_id": "P17",
      "price": 130,
      "quantity": 1,
      "counterparty_id": null,
      "order_id": null
    },
    {
      "event_id": "bid_P02_5.074626865671641",
      "event_type": "bid",
      "timestamp": 5.074626865671641,
      "agent_id": "P02",
      "price": 128,
      "quantity": 1,
      "counterparty_id": null,
      "order_id": null
    },
    {
      "event_id": "bid_P01_5.074626865671641",
      "event_type": "bid",
      "timestamp": 5.074626865671641,
      "agent_id": "P01",
      "price": 128,
      "quantity": 1,
      "counterparty_id": null,
      "order_id": null
    },
    {
      "event_id": "bid_P08_5.074626865671641",
      "event_type": "bid",
      "timestamp": 5.074626865671641,
      "agent_id": "P08",
      "price": 127,
      "quantity": 1,
      "counterparty_id": null,
      "order_id": null
    },
    {
      "event_id": "bid_P07_5.074626865671641",
      "event_type": "bid",
      "timestamp": 5.074626865671641,
      "agent_id": "P07",
      "price": 120,
      "quantity": 1,
      "counterparty_id": null,
      "order_id": null
    },
    {
      "event_id": "bid_B11_5.074626865671641",
      "event_type": "bid",
      "timestamp": 5.074626865671641,
      "agent_id": "B11",
      "price": 111,
      "quantity": 1,
      "counterparty_id": null,
      "order_id": null
    },
    {
      "event_id": "bid_B19_5.074626865671641",
      "event_type": "bid",
      "timestamp": 5.074626865671641,
      "agent_id": "B19",
      "price": 110,
      "quantity": 1,
      "counterparty_id": null,
      "order_id": null
    },
    {
      "event_id": "ask_S06_5.074626865671641",
      "event_type": "ask",
      "timestamp": 5.074626865671641,
      "agent_id": "S06",
      "price": 132,
      "quantity": 1,
      "counterparty_id": null,
      "order_id": null
    },
    {
      "event_id": "ask_S02_5.074626865671641",
      "event_type": "ask",
      "timestamp": 5.074626865671641,
      "agent_id": "S02",
      "price": 133,
      "quantity": 1,
      "counterparty_id": null,
      "order_id": null
    },
    {
      "event_id": "ask_S07_5.074626865671641",
      "event_type": "ask",
      "timestamp": 5.074626865671641,
      "agent_id": "S07",
      "price": 421,
      "quantity": 1,
      "counterparty_id": null,
      "order_id": null
    },
    {
      "event_id": "bid_B19_10.298507462686555",
      "event_type": "bid",
      "timestamp": 10.298507462686555,
      "agent_id": "B19",
      "price": 124,
      "quantity": 1,
      "counterparty_id": null,
      "order_id": null
    },
    {
      "event_id": "bid_P20_10.298507462686555",
      "event_type": "bid",
      "timestamp": 10.298507462686555,
      "agent_id": "P20",
      "price": 124,
      "quantity": 1,
      "counterparty_id": null,
      "order_id": null
    },
    {
      "event_id": "bid_P07_10.298507462686555",
      "event_type": "bid",
      "timestamp": 10.298507462686555,
      "agent_id": "P07",
      "price": 120,
      "quantity": 1,
      "counterparty_id": null,
      "order_id": null
    },
    {
      "event_id": "bid_B11_10.298507462686555",
      "event_type": "bid",
      "timestamp": 10.298507462686555,
      "agent_id": "B11",
      "price": 111,
      "quantity": 1,
      "counterparty_id": null,
      "order_id": null
    },
    {
      "event_id": "bid_B13_10.298507462686555",
      "event_type": "bid",
      "timestamp": 10.298507462686555,
      "agent_id": "B13",
      "price": 100,
      "quantity": 1,
      "counterparty_id": null,
      "order_id": null
    },
    {
      "event_id": "bid_B05_10.298507462686555",
      "event_type": "bid",
      "timestamp": 10.298507462686555,
      "agent_id": "B05",
      "price": 99,
      "quantity": 1,
      "counterparty_id": null,
      "order_id": null
    },
    {
      "event_id": "bid_B02_10.298507462686555",
      "event_type": "bid",
      "timestamp": 10.298507462686555,
      "agent_id": "B02",
      "price": 99,
      "quantity": 1,
      "counterparty_id": null,
      "order_id": null
    },
    {
      "event_id": "bid_B07_10.298507462686555",
      "event_type": "bid",
      "timestamp": 10.298507462686555,
      "agent_id": "B07",
      "price": 98,
      "quantity": 1,
      "counterparty_id": null,
      "order_id": null
    },
    {
      "event_id": "bid_B09_10.298507462686555",
      "event_type": "bid",
      "timestamp": 10.298507462686555,
      "agent_id": "B09",
      "price": 82,
      "quantity": 1,
      "counterparty_id": null,
      "order_id": null
    },
    {
      "event_id": "bid_B04_10.298507462686555",
      "event_type": "bid",
      "timestamp": 10.298507462686555,
      "agent_id": "B04",
      "price": 82,
      "quantity": 1,
      "counterparty_id": null,
      "order_id": null
    },
    {
      "event_id": "ask_S03_10.298507462686555",
      "event_type": "ask",
      "timestamp": 10.298507462686555,
      "agent_id": "S03",
      "price": 130,
      "quantity": 1,
      "counterparty_id": null,
      "order_id": null
    },
    {
      "event_id": "ask_S02_10.298507462686555",
      "event_type": "ask",
      "timestamp": 10.298507462686555,
      "agent_id": "S02",
      "price": 132,
      "quantity": 1,
      "counterparty_id": null,
      "order_id": null
    },
    {
      "event_id": "ask_S12_10.298507462686555",
      "event_type": "ask",
      "timestamp": 10.298507462686555,
      "agent_id": "S12",
      "price": 144,
      "quantity": 1,
      "counterparty_id": null,
      "order_id": null
    },
    {
      "event_id": "ask_S20_10.298507462686555",
      "event_type": "ask",
      "timestamp": 10.298507462686555,
      "agent_id": "S20",
      "price": 148,
      "quantity": 1,
      "counterparty_id": null,
      "order_id": null
    },
    {
      "event_id": "ask_S07_10.298507462686555",
      "event_type": "ask",
      "timestamp": 10.298507462686555,
      "agent_id": "S07",
      "price": 197,
      "quantity": 1,
      "counterparty_id": null,
      "order_id": null
    },
    {
      "event_id": "bid_P20_15.373134328358166",
      "event_type": "bid",
      "timestamp": 15.373134328358166,
      "agent_id": "P20",
      "price": 124,
      "quantity": 1,
      "counterparty_id": null,
      "order_id": null
    },
    {
      "event_id": "bid_P14_15.373134328358166",
      "event_type": "bid",
      "timestamp": 15.373134328358166,
      "agent_id": "P14",
      "price": 124,
      "quantity": 1,
      "counterparty_id": null,
      "order_id": null
    },
    {
      "event_id": "bid_P09_15.373134328358166",
      "event_type": "bid",
      "timestamp": 15.373134328358166,
      "agent_id": "P09",
      "price": 124,
      "quantity": 1,
      "counterparty_id": null,
      "order_id": null
    },
    {
      "event_id": "bid_P07_15.373134328358166",
      "event_type": "bid",
      "timestamp": 15.373134328358166,
      "agent_id": "P07",
      "price": 120,
      "quantity": 1,
      "counterparty_id": null,
      "order_id": null
    },
    {
      "event_id": "bid_B06_15.373134328358166",
      "event_type": "bid",
      "timestamp": 15.373134328358166,
      "agent_id": "B06",
      "price": 112,
      "quantity": 1,
      "counterparty_id": null,
      "order_id": null
    },
    {
      "event_id": "bid_B13_15.373134328358166",
      "event_type": "bid",
      "timestamp": 15.373134328358166,
      "agent_id": "B13",
      "price": 100,
      "quantity": 1,
      "counterparty_id": null,
      "order_id": null
    },
    {
      "event_id": "bid_B20_15.373134328358166",
      "event_type": "bid",
      "timestamp": 15.373134328358166,
      "agent_id": "B20",
      "price": 100,
      "quantity": 1,
      "counterparty_id": null,
      "order_id": null
    },
    {
      "event_id": "bid_B07_15.373134328358166",
      "event_type": "bid",
      "timestamp": 15.373134328358166,
      "agent_id": "B07",
      "price": 98,
      "quantity": 1,
      "counterparty_id": null,
      "order_id": null
    },
    {
      "event_id": "bid_B10_15.373134328358166",
      "event_type": "bid",
      "timestamp": 15.373134328358166,
      "agent_id": "B10",
      "price": 98,
      "quantity": 1,
      "counterparty_id": null,
      "order_id": null
    },
    {
      "event_id": "bid_B05_15.373134328358166",
      "event_type": "bid",
      "timestamp": 15.373134328358166,
      "agent_id": "B05",
      "price": 93,
      "quantity": 1,
      "counterparty_id": null,
      "order_id": null
    },
    {
      "event_id": "bid_B04_15.373134328358166",
      "event_type": "bid",
      "timestamp": 15.373134328358166,
      "agent_id": "B04",
      "price": 82,
      "quantity": 1,
      "counterparty_id": null,
      "order_id": null
    },
    {
      "event_id": "bid_B02_15.373134328358166",
      "event_type": "bid",
      "timestamp": 15.373134328358166,
      "agent_id": "B02",
      "price": 36,
      "quantity": 1,
      "counterparty_id": null,
      "order_id": null
    },
    {
      "event_id": "ask_S02_15.373134328358166",
      "event_type": "ask",
      "timestamp": 15.373134328358166,
      "agent_id": "S02",
      "price": 129,
      "quantity": 1,
      "counterparty_id": null,
      "order_id": null
    },
    {
      "event_id": "ask_S04_15.373134328358166",
      "event_type": "ask",
      "timestamp": 15.373134328358166,
      "agent_id": "S04",
      "price": 129,
      "quantity": 1,
      "counterparty_id": null,
      "order_id": null
    },
    {
      "event_id": "ask_P02_15.373134328358166",
      "event_type": "ask",
      "timestamp": 15.373134328358166,
      "agent_id": "P02",
      "price": 129,
      "quantity": 1,
      "counterparty_id": null,
      "order_id": null
    },
    {
      "event_id": "ask_P12_15.373134328358166",
      "event_type": "ask",
      "timestamp": 15.373134328358166,
      "agent_id": "P12",
      "price": 130,
      "quantity": 1,
      "counterparty_id": null,
      "order_id": null
    },
    {
      "event_id": "ask_P08_15.373134328358166",
      "event_type": "ask",
      "timestamp": 15.373134328358166,
      "agent_id": "P08",
      "price": 130,
      "quantity": 1,
      "counterparty_id": null,
      "order_id": null
    },
    {
      "event_id": "ask_P18_15.373134328358166",
      "event_type": "ask",
      "timestamp": 15.373134328358166,
      "agent_id": "P18",
      "price": 130,
      "quantity": 1,
      "counterparty_id": null,
      "order_id": null
    },
    {
      "event_id": "ask_S20_15.373134328358166",
      "event_type": "ask",
      "timestamp": 15.373134328358166,
      "agent_id": "S20",
      "price": 136,
      "quantity": 1,
      "counterparty_id": null,
      "order_id": null
    },
    {
      "event_id": "ask_S12_15.373134328358166",
      "event_type": "ask",
      "timestamp": 15.373134328358166,
      "agent_id": "S12",
      "price": 144,
      "quantity": 1,
      "counterparty_id": null,
      "order_id": null
    },
    {
      "event_id": "ask_S07_15.373134328358166",
      "event_type": "ask",
      "timestamp": 15.373134328358166,
      "agent_id": "S07",
      "price": 498,
      "quantity": 1,
      "counterparty_id": null,
      "order_id": null
    }
  ]
}
2025-10-10 18:09:10 | HM_JSON_NOCOT_P18 | ================================================================================
2025-10-10 18:09:10 | HM_JSON_NOCOT_P18 | [AGENTS-TRACKED] Currently tracking 28 agents: ['P18', 'P17', 'P02', 'P01', 'P08', 'P07', 'B11', 'B19', 'S06', 'S02', 'S07', 'P20', 'B13', 'B05', 'B02', 'B07', 'B09', 'B04', 'S03', 'S12', 'S20', 'P14', 'P09', 'B06', 'B20', 'B10', 'S04', 'P12']
2025-10-10 18:17:44 | HM_JSON_NOCOT_P18 | [BELIEF-THROTTLE] P05: Running belief graph update at time 20.4
2025-10-10 18:17:44 | HM_JSON_NOCOT_P18 | [UPDATE-SUMMARY] Processed 22 market events at time 20.4
2025-10-10 18:17:44 | HM_JSON_NOCOT_P18 | === BELIEF GRAPH STATE AT TIME 20.4 ===
2025-10-10 18:17:44 | HM_JSON_NOCOT_P18 | {
  "graph_id": "ef1f0310-0336-452d-b267-16d556180f54",
  "asset_id": "BSE_ASSET",
  "current_time": 20.447761194029777,
  "nodes": {
    "BSE_ASSET": {
      "asset_id": "BSE_ASSET",
      "node_type": "asset",
      "current_best_bid": null,
      "current_best_ask": null,
      "last_trade_price": null,
      "volume_traded": 0,
      "price_volatility": 0.0,
      "spread_width": null,
      "market_depth_bid": 0,
      "market_depth_ask": 0
    },
    "P18": {
      "agent_id": "P18",
      "node_type": "agent",
      "last_bid_price": null,
      "last_ask_price": 130,
      "last_trade_price": null,
      "total_trades": 0,
      "total_volume": 0,
      "strategy_type": "Hypothetical-Minds",
      "inferred_valuation": 130.0,
      "valuation_confidence": 0.2,
      "aggressiveness_score": 0.6,
      "last_activity": 20.447761194029777
    },
    "P17": {
      "agent_id": "P17",
      "node_type": "agent",
      "last_bid_price": 130,
      "last_ask_price": null,
      "last_trade_price": null,
      "total_trades": 0,
      "total_volume": 0,
      "strategy_type": null,
      "inferred_valuation": 130,
      "valuation_confidence": 0.1,
      "aggressiveness_score": 0.0,
      "last_activity": 5.074626865671641
    },
    "P02": {
      "agent_id": "P02",
      "node_type": "agent",
      "last_bid_price": 128,
      "last_ask_price": 129,
      "last_trade_price": null,
      "total_trades": 0,
      "total_volume": 0,
      "strategy_type": null,
      "inferred_valuation": 128.51,
      "valuation_confidence": 0.30000000000000004,
      "aggressiveness_score": 0.0,
      "last_activity": 20.447761194029777
    },
    "P01": {
      "agent_id": "P01",
      "node_type": "agent",
      "last_bid_price": 128,
      "last_ask_price": 127,
      "last_trade_price": null,
      "total_trades": 0,
      "total_volume": 0,
      "strategy_type": null,
      "inferred_valuation": 127.69999999999999,
      "valuation_confidence": 0.2,
      "aggressiveness_score": 0.0,
      "last_activity": 20.447761194029777
    },
    "P08": {
      "agent_id": "P08",
      "node_type": "agent",
      "last_bid_price": 127,
      "last_ask_price": 130,
      "last_trade_price": null,
      "total_trades": 0,
      "total_volume": 0,
      "strategy_type": null,
      "inferred_valuation": 128.52999999999997,
      "valuation_confidence": 0.30000000000000004,
      "aggressiveness_score": 0.0,
      "last_activity": 20.447761194029777
    },
    "P07": {
      "agent_id": "P07",
      "node_type": "agent",
      "last_bid_price": 120,
      "last_ask_price": null,
      "last_trade_price": null,
      "total_trades": 0,
      "total_volume": 0,
      "strategy_type": null,
      "inferred_valuation": 120.0,
      "valuation_confidence": 0.4,
      "aggressiveness_score": 0.0,
      "last_activity": 20.447761194029777
    },
    "B11": {
      "agent_id": "B11",
      "node_type": "agent",
      "last_bid_price": 111,
      "last_ask_price": null,
      "last_trade_price": null,
      "total_trades": 0,
      "total_volume": 0,
      "strategy_type": null,
      "inferred_valuation": 110.99999999999999,
      "valuation_confidence": 0.2,
      "aggressiveness_score": 0.0,
      "last_activity": 10.298507462686555
    },
    "B19": {
      "agent_id": "B19",
      "node_type": "agent",
      "last_bid_price": 124,
      "last_ask_price": null,
      "last_trade_price": null,
      "total_trades": 0,
      "total_volume": 0,
      "strategy_type": null,
      "inferred_valuation": 114.19999999999999,
      "valuation_confidence": 0.2,
      "aggressiveness_score": 0.0,
      "last_activity": 10.298507462686555
    },
    "S06": {
      "agent_id": "S06",
      "node_type": "agent",
      "last_bid_price": null,
      "last_ask_price": 132,
      "last_trade_price": null,
      "total_trades": 0,
      "total_volume": 0,
      "strategy_type": null,
      "inferred_valuation": 132,
      "valuation_confidence": 0.1,
      "aggressiveness_score": 0.0,
      "last_activity": 5.074626865671641
    },
    "S02": {
      "agent_id": "S02",
      "node_type": "agent",
      "last_bid_price": null,
      "last_ask_price": 129,
      "last_trade_price": null,
      "total_trades": 0,
      "total_volume": 0,
      "strategy_type": null,
      "inferred_valuation": 131.58999999999997,
      "valuation_confidence": 0.30000000000000004,
      "aggressiveness_score": 0.0,
      "last_activity": 15.373134328358166
    },
    "S07": {
      "agent_id": "S07",
      "node_type": "agent",
      "last_bid_price": null,
      "last_ask_price": 498,
      "last_trade_price": null,
      "total_trades": 0,
      "total_volume": 0,
      "strategy_type": null,
      "inferred_valuation": 397.05999999999995,
      "valuation_confidence": 0.30000000000000004,
      "aggressiveness_score": 0.0,
      "last_activity": 15.373134328358166
    },
    "P20": {
      "agent_id": "P20",
      "node_type": "agent",
      "last_bid_price": 124,
      "last_ask_price": null,
      "last_trade_price": null,
      "total_trades": 0,
      "total_volume": 0,
      "strategy_type": null,
      "inferred_valuation": 124.0,
      "valuation_confidence": 0.2,
      "aggressiveness_score": 0.0,
      "last_activity": 15.373134328358166
    },
    "B13": {
      "agent_id": "B13",
      "node_type": "agent",
      "last_bid_price": 110,
      "last_ask_price": null,
      "last_trade_price": null,
      "total_trades": 0,
      "total_volume": 0,
      "strategy_type": null,
      "inferred_valuation": 103.0,
      "valuation_confidence": 0.30000000000000004,
      "aggressiveness_score": 0.0,
      "last_activity": 20.447761194029777
    },
    "B05": {
      "agent_id": "B05",
      "node_type": "agent",
      "last_bid_price": 93,
      "last_ask_price": null,
      "last_trade_price": null,
      "total_trades": 0,
      "total_volume": 0,
      "strategy_type": null,
      "inferred_valuation": 95.94,
      "valuation_confidence": 0.30000000000000004,
      "aggressiveness_score": 0.0,
      "last_activity": 20.447761194029777
    },
    "B02": {
      "agent_id": "B02",
      "node_type": "agent",
      "last_bid_price": 108,
      "last_ask_price": null,
      "last_trade_price": null,
      "total_trades": 0,
      "total_volume": 0,
      "strategy_type": null,
      "inferred_valuation": 88.47,
      "valuation_confidence": 0.30000000000000004,
      "aggressiveness_score": 0.0,
      "last_activity": 20.447761194029777
    },
    "B07": {
      "agent_id": "B07",
      "node_type": "agent",
      "last_bid_price": 98,
      "last_ask_price": null,
      "last_trade_price": null,
      "total_trades": 0,
      "total_volume": 0,
      "strategy_type": null,
      "inferred_valuation": 98.0,
      "valuation_confidence": 0.2,
      "aggressiveness_score": 0.0,
      "last_activity": 15.373134328358166
    },
    "B09": {
      "agent_id": "B09",
      "node_type": "agent",
      "last_bid_price": 82,
      "last_ask_price": null,
      "last_trade_price": null,
      "total_trades": 0,
      "total_volume": 0,
      "strategy_type": null,
      "inferred_valuation": 82,
      "valuation_confidence": 0.1,
      "aggressiveness_score": 0.0,
      "last_activity": 10.298507462686555
    },
    "B04": {
      "agent_id": "B04",
      "node_type": "agent",
      "last_bid_price": 82,
      "last_ask_price": null,
      "last_trade_price": null,
      "total_trades": 0,
      "total_volume": 0,
      "strategy_type": null,
      "inferred_valuation": 82.0,
      "valuation_confidence": 0.2,
      "aggressiveness_score": 0.0,
      "last_activity": 15.373134328358166
    },
    "S03": {
      "agent_id": "S03",
      "node_type": "agent",
      "last_bid_price": null,
      "last_ask_price": 130,
      "last_trade_price": null,
      "total_trades": 0,
      "total_volume": 0,
      "strategy_type": null,
      "inferred_valuation": 130,
      "valuation_confidence": 0.1,
      "aggressiveness_score": 0.0,
      "last_activity": 10.298507462686555
    },
    "S12": {
      "agent_id": "S12",
      "node_type": "agent",
      "last_bid_price": null,
      "last_ask_price": 144,
      "last_trade_price": null,
      "total_trades": 0,
      "total_volume": 0,
      "strategy_type": null,
      "inferred_valuation": 144.0,
      "valuation_confidence": 0.2,
      "aggressiveness_score": 0.0,
      "last_activity": 15.373134328358166
    },
    "S20": {
      "agent_id": "S20",
      "node_type": "agent",
      "last_bid_price": null,
      "last_ask_price": 136,
      "last_trade_price": null,
      "total_trades": 0,
      "total_volume": 0,
      "strategy_type": null,
      "inferred_valuation": 144.39999999999998,
      "valuation_confidence": 0.2,
      "aggressiveness_score": 0.0,
      "last_activity": 15.373134328358166
    },
    "P14": {
      "agent_id": "P14",
      "node_type": "agent",
      "last_bid_price": 124,
      "last_ask_price": null,
      "last_trade_price": null,
      "total_trades": 0,
      "total_volume": 0,
      "strategy_type": null,
      "inferred_valuation": 124,
      "valuation_confidence": 0.1,
      "aggressiveness_score": 0.0,
      "last_activity": 15.373134328358166
    },
    "P09": {
      "agent_id": "P09",
      "node_type": "agent",
      "last_bid_price": 124,
      "last_ask_price": null,
      "last_trade_price": null,
      "total_trades": 0,
      "total_volume": 0,
      "strategy_type": null,
      "inferred_valuation": 124,
      "valuation_confidence": 0.1,
      "aggressiveness_score": 0.0,
      "last_activity": 15.373134328358166
    },
    "B06": {
      "agent_id": "B06",
      "node_type": "agent",
      "last_bid_price": 112,
      "last_ask_price": null,
      "last_trade_price": null,
      "total_trades": 0,
      "total_volume": 0,
      "strategy_type": null,
      "inferred_valuation": 112.0,
      "valuation_confidence": 0.2,
      "aggressiveness_score": 0.0,
      "last_activity": 20.447761194029777
    },
    "B20": {
      "agent_id": "B20",
      "node_type": "agent",
      "last_bid_price": 100,
      "last_ask_price": null,
      "last_trade_price": null,
      "total_trades": 0,
      "total_volume": 0,
      "strategy_type": null,
      "inferred_valuation": 100,
      "valuation_confidence": 0.1,
      "aggressiveness_score": 0.0,
      "last_activity": 15.373134328358166
    },
    "B10": {
      "agent_id": "B10",
      "node_type": "agent",
      "last_bid_price": 117,
      "last_ask_price": null,
      "last_trade_price": null,
      "total_trades": 0,
      "total_volume": 0,
      "strategy_type": null,
      "inferred_valuation": 103.69999999999999,
      "valuation_confidence": 0.2,
      "aggressiveness_score": 0.0,
      "last_activity": 20.447761194029777
    },
    "S04": {
      "agent_id": "S04",
      "node_type": "agent",
      "last_bid_price": null,
      "last_ask_price": 129,
      "last_trade_price": null,
      "total_trades": 0,
      "total_volume": 0,
      "strategy_type": null,
      "inferred_valuation": 129,
      "valuation_confidence": 0.1,
      "aggressiveness_score": 0.0,
      "last_activity": 15.373134328358166
    },
    "P12": {
      "agent_id": "P12",
      "node_type": "agent",
      "last_bid_price": null,
      "last_ask_price": 130,
      "last_trade_price": null,
      "total_trades": 0,
      "total_volume": 0,
      "strategy_type": null,
      "inferred_valuation": 130.0,
      "valuation_confidence": 0.2,
      "aggressiveness_score": 0.0,
      "last_activity": 20.447761194029777
    },
    "P16": {
      "agent_id": "P16",
      "node_type": "agent",
      "last_bid_price": 124,
      "last_ask_price": null,
      "last_trade_price": null,
      "total_trades": 0,
      "total_volume": 0,
      "strategy_type": null,
      "inferred_valuation": 124,
      "valuation_confidence": 0.1,
      "aggressiveness_score": 0.0,
      "last_activity": 20.447761194029777
    },
    "P13": {
      "agent_id": "P13",
      "node_type": "agent",
      "last_bid_price": 124,
      "last_ask_price": null,
      "last_trade_price": null,
      "total_trades": 0,
      "total_volume": 0,
      "strategy_type": null,
      "inferred_valuation": 124,
      "valuation_confidence": 0.1,
      "aggressiveness_score": 0.0,
      "last_activity": 20.447761194029777
    },
    "P19": {
      "agent_id": "P19",
      "node_type": "agent",
      "last_bid_price": 124,
      "last_ask_price": null,
      "last_trade_price": null,
      "total_trades": 0,
      "total_volume": 0,
      "strategy_type": null,
      "inferred_valuation": 124,
      "valuation_confidence": 0.1,
      "aggressiveness_score": 0.0,
      "last_activity": 20.447761194029777
    },
    "B15": {
      "agent_id": "B15",
      "node_type": "agent",
      "last_bid_price": 120,
      "last_ask_price": null,
      "last_trade_price": null,
      "total_trades": 0,
      "total_volume": 0,
      "strategy_type": null,
      "inferred_valuation": 120,
      "valuation_confidence": 0.1,
      "aggressiveness_score": 0.0,
      "last_activity": 20.447761194029777
    },
    "B21": {
      "agent_id": "B21",
      "node_type": "agent",
      "last_bid_price": 115,
      "last_ask_price": null,
      "last_trade_price": null,
      "total_trades": 0,
      "total_volume": 0,
      "strategy_type": null,
      "inferred_valuation": 115,
      "valuation_confidence": 0.1,
      "aggressiveness_score": 0.0,
      "last_activity": 20.447761194029777
    },
    "B08": {
      "agent_id": "B08",
      "node_type": "agent",
      "last_bid_price": 113,
      "last_ask_price": null,
      "last_trade_price": null,
      "total_trades": 0,
      "total_volume": 0,
      "strategy_type": null,
      "inferred_valuation": 113,
      "valuation_confidence": 0.1,
      "aggressiveness_score": 0.0,
      "last_activity": 20.447761194029777
    },
    "B14": {
      "agent_id": "B14",
      "node_type": "agent",
      "last_bid_price": 107,
      "last_ask_price": null,
      "last_trade_price": null,
      "total_trades": 0,
      "total_volume": 0,
      "strategy_type": null,
      "inferred_valuation": 107,
      "valuation_confidence": 0.1,
      "aggressiveness_score": 0.0,
      "last_activity": 20.447761194029777
    },
    "B18": {
      "agent_id": "B18",
      "node_type": "agent",
      "last_bid_price": 100,
      "last_ask_price": null,
      "last_trade_price": null,
      "total_trades": 0,
      "total_volume": 0,
      "strategy_type": null,
      "inferred_valuation": 100,
      "valuation_confidence": 0.1,
      "aggressiveness_score": 0.0,
      "last_activity": 20.447761194029777
    },
    "S15": {
      "agent_id": "S15",
      "node_type": "agent",
      "last_bid_price": null,
      "last_ask_price": 127,
      "last_trade_price": null,
      "total_trades": 0,
      "total_volume": 0,
      "strategy_type": null,
      "inferred_valuation": 127,
      "valuation_confidence": 0.1,
      "aggressiveness_score": 0.0,
      "last_activity": 20.447761194029777
    },
    "P15": {
      "agent_id": "P15",
      "node_type": "agent",
      "last_bid_price": null,
      "last_ask_price": 128,
      "last_trade_price": null,
      "total_trades": 0,
      "total_volume": 0,
      "strategy_type": null,
      "inferred_valuation": 128,
      "valuation_confidence": 0.1,
      "aggressiveness_score": 0.0,
      "last_activity": 20.447761194029777
    },
    "P00": {
      "agent_id": "P00",
      "node_type": "agent",
      "last_bid_price": null,
      "last_ask_price": 129,
      "last_trade_price": null,
      "total_trades": 0,
      "total_volume": 0,
      "strategy_type": null,
      "inferred_valuation": 129,
      "valuation_confidence": 0.1,
      "aggressiveness_score": 0.0,
      "last_activity": 20.447761194029777
    }
  },
  "edges": {
    "ffa881fd-05db-4086-8f61-695fbdbf1b61": {
      "edge_id": "ffa881fd-05db-4086-8f61-695fbdbf1b61",
      "source_node": "BSE_ASSET",
      "target_node": "P18",
      "belief_type": "strategy",
      "confidence": 0.1,
      "value": "unknown",
      "timestamp": 0.0,
      "evidence_count": 0
    },
    "bbc9fd10-2175-4589-ac04-2b03ac43682a": {
      "edge_id": "bbc9fd10-2175-4589-ac04-2b03ac43682a",
      "source_node": "BSE_ASSET",
      "target_node": "P18",
      "belief_type": "valuation",
      "confidence": 0.2,
      "value": 130.0,
      "timestamp": 20.447761194029777,
      "evidence_count": 2
    },
    "436160d5-2a6d-4b0e-96a0-74cc7fc469b3": {
      "edge_id": "436160d5-2a6d-4b0e-96a0-74cc7fc469b3",
      "source_node": "BSE_ASSET",
      "target_node": "P17",
      "belief_type": "strategy",
      "confidence": 0.1,
      "value": "unknown",
      "timestamp": 0.0,
      "evidence_count": 0
    },
    "307d8b4e-b1e2-4f8d-be3a-957d271d7b97": {
      "edge_id": "307d8b4e-b1e2-4f8d-be3a-957d271d7b97",
      "source_node": "BSE_ASSET",
      "target_node": "P17",
      "belief_type": "valuation",
      "confidence": 0.1,
      "value": 130,
      "timestamp": 5.074626865671641,
      "evidence_count": 1
    },
    "a86af9f0-90b4-4910-81c6-cc0d297210e9": {
      "edge_id": "a86af9f0-90b4-4910-81c6-cc0d297210e9",
      "source_node": "BSE_ASSET",
      "target_node": "P02",
      "belief_type": "strategy",
      "confidence": 0.1,
      "value": "unknown",
      "timestamp": 5.074626865671641,
      "evidence_count": 0
    },
    "3e3c74fd-d94f-4d05-86b9-d6c3626f4cf7": {
      "edge_id": "3e3c74fd-d94f-4d05-86b9-d6c3626f4cf7",
      "source_node": "BSE_ASSET",
      "target_node": "P02",
      "belief_type": "valuation",
      "confidence": 0.30000000000000004,
      "value": 128.51,
      "timestamp": 20.447761194029777,
      "evidence_count": 3
    },
    "b8493ebd-55fe-4df5-a71f-bf4c82884528": {
      "edge_id": "b8493ebd-55fe-4df5-a71f-bf4c82884528",
      "source_node": "BSE_ASSET",
      "target_node": "P01",
      "belief_type": "strategy",
      "confidence": 0.1,
      "value": "unknown",
      "timestamp": 5.074626865671641,
      "evidence_count": 0
    },
    "a4f44ea0-a39d-4398-b89a-42e718181438": {
      "edge_id": "a4f44ea0-a39d-4398-b89a-42e718181438",
      "source_node": "BSE_ASSET",
      "target_node": "P01",
      "belief_type": "valuation",
      "confidence": 0.2,
      "value": 127.69999999999999,
      "timestamp": 20.447761194029777,
      "evidence_count": 2
    },
    "968dd771-c3dd-4f41-bd24-715b926c0794": {
      "edge_id": "968dd771-c3dd-4f41-bd24-715b926c0794",
      "source_node": "BSE_ASSET",
      "target_node": "P08",
      "belief_type": "strategy",
      "confidence": 0.1,
      "value": "unknown",
      "timestamp": 5.074626865671641,
      "evidence_count": 0
    },
    "af889d9d-7654-4dd1-9487-78df9b12f3f4": {
      "edge_id": "af889d9d-7654-4dd1-9487-78df9b12f3f4",
      "source_node": "BSE_ASSET",
      "target_node": "P08",
      "belief_type": "valuation",
      "confidence": 0.30000000000000004,
      "value": 128.52999999999997,
      "timestamp": 20.447761194029777,
      "evidence_count": 3
    },
    "ad3c396a-22f6-4e25-b5d2-a4c2cbcbc35c": {
      "edge_id": "ad3c396a-22f6-4e25-b5d2-a4c2cbcbc35c",
      "source_node": "BSE_ASSET",
      "target_node": "P07",
      "belief_type": "strategy",
      "confidence": 0.1,
      "value": "unknown",
      "timestamp": 5.074626865671641,
      "evidence_count": 0
    },
    "43566449-9d59-43a5-bf82-f594df1a9700": {
      "edge_id": "43566449-9d59-43a5-bf82-f594df1a9700",
      "source_node": "BSE_ASSET",
      "target_node": "P07",
      "belief_type": "valuation",
      "confidence": 0.4,
      "value": 120.0,
      "timestamp": 20.447761194029777,
      "evidence_count": 4
    },
    "8c6a64f6-6969-4df3-b7b7-102c8e6e0b9e": {
      "edge_id": "8c6a64f6-6969-4df3-b7b7-102c8e6e0b9e",
      "source_node": "BSE_ASSET",
      "target_node": "B11",
      "belief_type": "strategy",
      "confidence": 0.1,
      "value": "unknown",
      "timestamp": 5.074626865671641,
      "evidence_count": 0
    },
    "bceba92a-fee4-420a-9cc9-b52b0b7f6054": {
      "edge_id": "bceba92a-fee4-420a-9cc9-b52b0b7f6054",
      "source_node": "BSE_ASSET",
      "target_node": "B11",
      "belief_type": "valuation",
      "confidence": 0.2,
      "value": 110.99999999999999,
      "timestamp": 10.298507462686555,
      "evidence_count": 2
    },
    "478cf785-0e9c-455d-b245-dcce06d492a7": {
      "edge_id": "478cf785-0e9c-455d-b245-dcce06d492a7",
      "source_node": "BSE_ASSET",
      "target_node": "B19",
      "belief_type": "strategy",
      "confidence": 0.1,
      "value": "unknown",
      "timestamp": 5.074626865671641,
      "evidence_count": 0
    },
    "97fdade7-8505-42d9-9e1f-603e42606df9": {
      "edge_id": "97fdade7-8505-42d9-9e1f-603e42606df9",
      "source_node": "BSE_ASSET",
      "target_node": "B19",
      "belief_type": "valuation",
      "confidence": 0.2,
      "value": 114.19999999999999,
      "timestamp": 10.298507462686555,
      "evidence_count": 2
    },
    "55f4a0c0-9726-42b4-9864-b331a0842e03": {
      "edge_id": "55f4a0c0-9726-42b4-9864-b331a0842e03",
      "source_node": "BSE_ASSET",
      "target_node": "S06",
      "belief_type": "strategy",
      "confidence": 0.1,
      "value": "unknown",
      "timestamp": 5.074626865671641,
      "evidence_count": 0
    },
    "5ba4b402-3651-4de8-b0b9-18edc97b8050": {
      "edge_id": "5ba4b402-3651-4de8-b0b9-18edc97b8050",
      "source_node": "BSE_ASSET",
      "target_node": "S06",
      "belief_type": "valuation",
      "confidence": 0.1,
      "value": 132,
      "timestamp": 5.074626865671641,
      "evidence_count": 1
    },
    "d573c459-6248-4d37-946b-49ee8c4d6955": {
      "edge_id": "d573c459-6248-4d37-946b-49ee8c4d6955",
      "source_node": "BSE_ASSET",
      "target_node": "S02",
      "belief_type": "strategy",
      "confidence": 0.1,
      "value": "unknown",
      "timestamp": 5.074626865671641,
      "evidence_count": 0
    },
    "de47934a-2b78-48fd-9592-0713ca422e16": {
      "edge_id": "de47934a-2b78-48fd-9592-0713ca422e16",
      "source_node": "BSE_ASSET",
      "target_node": "S02",
      "belief_type": "valuation",
      "confidence": 0.30000000000000004,
      "value": 131.58999999999997,
      "timestamp": 15.373134328358166,
      "evidence_count": 3
    },
    "09ad4521-5f23-40bf-9503-637204bba1b6": {
      "edge_id": "09ad4521-5f23-40bf-9503-637204bba1b6",
      "source_node": "BSE_ASSET",
      "target_node": "S07",
      "belief_type": "strategy",
      "confidence": 0.1,
      "value": "unknown",
      "timestamp": 5.074626865671641,
      "evidence_count": 0
    },
    "adbdc00e-d23e-40ef-99d9-4e41e027a5f6": {
      "edge_id": "adbdc00e-d23e-40ef-99d9-4e41e027a5f6",
      "source_node": "BSE_ASSET",
      "target_node": "S07",
      "belief_type": "valuation",
      "confidence": 0.30000000000000004,
      "value": 397.05999999999995,
      "timestamp": 15.373134328358166,
      "evidence_count": 3
    },
    "866e8bce-803a-49b2-9238-429c41d97c38": {
      "edge_id": "866e8bce-803a-49b2-9238-429c41d97c38",
      "source_node": "BSE_ASSET",
      "target_node": "P20",
      "belief_type": "strategy",
      "confidence": 0.1,
      "value": "unknown",
      "timestamp": 10.298507462686555,
      "evidence_count": 0
    },
    "0d485acc-dd31-455d-a283-93edc90d6f17": {
      "edge_id": "0d485acc-dd31-455d-a283-93edc90d6f17",
      "source_node": "BSE_ASSET",
      "target_node": "P20",
      "belief_type": "valuation",
      "confidence": 0.2,
      "value": 124.0,
      "timestamp": 15.373134328358166,
      "evidence_count": 2
    },
    "7a974e47-73cd-47ff-9294-8398d17edfa8": {
      "edge_id": "7a974e47-73cd-47ff-9294-8398d17edfa8",
      "source_node": "BSE_ASSET",
      "target_node": "B13",
      "belief_type": "strategy",
      "confidence": 0.1,
      "value": "unknown",
      "timestamp": 10.298507462686555,
      "evidence_count": 0
    },
    "34180fdd-4169-4e4c-9981-9bcc0ab2ac12": {
      "edge_id": "34180fdd-4169-4e4c-9981-9bcc0ab2ac12",
      "source_node": "BSE_ASSET",
      "target_node": "B13",
      "belief_type": "valuation",
      "confidence": 0.30000000000000004,
      "value": 103.0,
      "timestamp": 20.447761194029777,
      "evidence_count": 3
    },
    "9f45f068-2b10-40f8-a0da-7eb96b41fe24": {
      "edge_id": "9f45f068-2b10-40f8-a0da-7eb96b41fe24",
      "source_node": "BSE_ASSET",
      "target_node": "B05",
      "belief_type": "strategy",
      "confidence": 0.1,
      "value": "unknown",
      "timestamp": 10.298507462686555,
      "evidence_count": 0
    },
    "f0851b4e-8346-4b19-b70f-1a32fb922e51": {
      "edge_id": "f0851b4e-8346-4b19-b70f-1a32fb922e51",
      "source_node": "BSE_ASSET",
      "target_node": "B05",
      "belief_type": "valuation",
      "confidence": 0.30000000000000004,
      "value": 95.94,
      "timestamp": 20.447761194029777,
      "evidence_count": 3
    },
    "6a647a46-f5af-4594-9fef-0aa14c2c5b3b": {
      "edge_id": "6a647a46-f5af-4594-9fef-0aa14c2c5b3b",
      "source_node": "BSE_ASSET",
      "target_node": "B02",
      "belief_type": "strategy",
      "confidence": 0.1,
      "value": "unknown",
      "timestamp": 10.298507462686555,
      "evidence_count": 0
    },
    "693fba95-3b75-426e-b372-3e38927dcf73": {
      "edge_id": "693fba95-3b75-426e-b372-3e38927dcf73",
      "source_node": "BSE_ASSET",
      "target_node": "B02",
      "belief_type": "valuation",
      "confidence": 0.30000000000000004,
      "value": 88.47,
      "timestamp": 20.447761194029777,
      "evidence_count": 3
    },
    "32fc6d5f-cd39-418a-9d04-137b75d18d30": {
      "edge_id": "32fc6d5f-cd39-418a-9d04-137b75d18d30",
      "source_node": "BSE_ASSET",
      "target_node": "B07",
      "belief_type": "strategy",
      "confidence": 0.1,
      "value": "unknown",
      "timestamp": 10.298507462686555,
      "evidence_count": 0
    },
    "2e5f0e1e-f427-408e-a2fc-70586b5bb951": {
      "edge_id": "2e5f0e1e-f427-408e-a2fc-70586b5bb951",
      "source_node": "BSE_ASSET",
      "target_node": "B07",
      "belief_type": "valuation",
      "confidence": 0.2,
      "value": 98.0,
      "timestamp": 15.373134328358166,
      "evidence_count": 2
    },
    "acded6c0-30a8-41e1-8d8d-8b8e8206ee16": {
      "edge_id": "acded6c0-30a8-41e1-8d8d-8b8e8206ee16",
      "source_node": "BSE_ASSET",
      "target_node": "B09",
      "belief_type": "strategy",
      "confidence": 0.1,
      "value": "unknown",
      "timestamp": 10.298507462686555,
      "evidence_count": 0
    },
    "f796756b-828c-420d-bd17-c07c17a8b1cc": {
      "edge_id": "f796756b-828c-420d-bd17-c07c17a8b1cc",
      "source_node": "BSE_ASSET",
      "target_node": "B09",
      "belief_type": "valuation",
      "confidence": 0.1,
      "value": 82,
      "timestamp": 10.298507462686555,
      "evidence_count": 1
    },
    "6b0361b4-9e93-4075-a9b3-0a93af5f4317": {
      "edge_id": "6b0361b4-9e93-4075-a9b3-0a93af5f4317",
      "source_node": "BSE_ASSET",
      "target_node": "B04",
      "belief_type": "strategy",
      "confidence": 0.1,
      "value": "unknown",
      "timestamp": 10.298507462686555,
      "evidence_count": 0
    },
    "694e4b0a-13ed-4502-af2d-b8f7a36df9c7": {
      "edge_id": "694e4b0a-13ed-4502-af2d-b8f7a36df9c7",
      "source_node": "BSE_ASSET",
      "target_node": "B04",
      "belief_type": "valuation",
      "confidence": 0.2,
      "value": 82.0,
      "timestamp": 15.373134328358166,
      "evidence_count": 2
    },
    "ed541d8d-15a0-4326-93c5-2a5c6309eaf0": {
      "edge_id": "ed541d8d-15a0-4326-93c5-2a5c6309eaf0",
      "source_node": "BSE_ASSET",
      "target_node": "S03",
      "belief_type": "strategy",
      "confidence": 0.1,
      "value": "unknown",
      "timestamp": 10.298507462686555,
      "evidence_count": 0
    },
    "dc239dd5-92ae-489f-b54f-1b55095a55c3": {
      "edge_id": "dc239dd5-92ae-489f-b54f-1b55095a55c3",
      "source_node": "BSE_ASSET",
      "target_node": "S03",
      "belief_type": "valuation",
      "confidence": 0.1,
      "value": 130,
      "timestamp": 10.298507462686555,
      "evidence_count": 1
    },
    "eb3f01f5-a838-4295-88d1-ad71717d9850": {
      "edge_id": "eb3f01f5-a838-4295-88d1-ad71717d9850",
      "source_node": "BSE_ASSET",
      "target_node": "S12",
      "belief_type": "strategy",
      "confidence": 0.1,
      "value": "unknown",
      "timestamp": 10.298507462686555,
      "evidence_count": 0
    },
    "4eaed120-9f33-47a8-8b86-bc14461b28d6": {
      "edge_id": "4eaed120-9f33-47a8-8b86-bc14461b28d6",
      "source_node": "BSE_ASSET",
      "target_node": "S12",
      "belief_type": "valuation",
      "confidence": 0.2,
      "value": 144.0,
      "timestamp": 15.373134328358166,
      "evidence_count": 2
    },
    "5ba83d7a-bb34-4c45-835d-f756317b1ab4": {
      "edge_id": "5ba83d7a-bb34-4c45-835d-f756317b1ab4",
      "source_node": "BSE_ASSET",
      "target_node": "S20",
      "belief_type": "strategy",
      "confidence": 0.1,
      "value": "unknown",
      "timestamp": 10.298507462686555,
      "evidence_count": 0
    },
    "2f26b528-1fc7-4ca2-b298-5d631ada67d1": {
      "edge_id": "2f26b528-1fc7-4ca2-b298-5d631ada67d1",
      "source_node": "BSE_ASSET",
      "target_node": "S20",
      "belief_type": "valuation",
      "confidence": 0.2,
      "value": 144.39999999999998,
      "timestamp": 15.373134328358166,
      "evidence_count": 2
    },
    "6398b5b7-33fc-4500-94c4-b7e63193e071": {
      "edge_id": "6398b5b7-33fc-4500-94c4-b7e63193e071",
      "source_node": "BSE_ASSET",
      "target_node": "P14",
      "belief_type": "strategy",
      "confidence": 0.1,
      "value": "unknown",
      "timestamp": 15.373134328358166,
      "evidence_count": 0
    },
    "67afe916-a83e-4541-a2c7-4a810a777c2f": {
      "edge_id": "67afe916-a83e-4541-a2c7-4a810a777c2f",
      "source_node": "BSE_ASSET",
      "target_node": "P14",
      "belief_type": "valuation",
      "confidence": 0.1,
      "value": 124,
      "timestamp": 15.373134328358166,
      "evidence_count": 1
    },
    "205e2196-d5cb-41be-bef1-687ceed514d1": {
      "edge_id": "205e2196-d5cb-41be-bef1-687ceed514d1",
      "source_node": "BSE_ASSET",
      "target_node": "P09",
      "belief_type": "strategy",
      "confidence": 0.1,
      "value": "unknown",
      "timestamp": 15.373134328358166,
      "evidence_count": 0
    },
    "eec2cc63-a5e4-48ff-ba20-537d8bd3b7bf": {
      "edge_id": "eec2cc63-a5e4-48ff-ba20-537d8bd3b7bf",
      "source_node": "BSE_ASSET",
      "target_node": "P09",
      "belief_type": "valuation",
      "confidence": 0.1,
      "value": 124,
      "timestamp": 15.373134328358166,
      "evidence_count": 1
    },
    "aa78a441-4683-4730-9ce5-7fc4e804c212": {
      "edge_id": "aa78a441-4683-4730-9ce5-7fc4e804c212",
      "source_node": "BSE_ASSET",
      "target_node": "B06",
      "belief_type": "strategy",
      "confidence": 0.1,
      "value": "unknown",
      "timestamp": 15.373134328358166,
      "evidence_count": 0
    },
    "94c0b21f-788e-4a62-958d-54e24dbf3384": {
      "edge_id": "94c0b21f-788e-4a62-958d-54e24dbf3384",
      "source_node": "BSE_ASSET",
      "target_node": "B06",
      "belief_type": "valuation",
      "confidence": 0.2,
      "value": 112.0,
      "timestamp": 20.447761194029777,
      "evidence_count": 2
    },
    "4a15293a-ca1e-47ae-8922-29c832d29f18": {
      "edge_id": "4a15293a-ca1e-47ae-8922-29c832d29f18",
      "source_node": "BSE_ASSET",
      "target_node": "B20",
      "belief_type": "strategy",
      "confidence": 0.1,
      "value": "unknown",
      "timestamp": 15.373134328358166,
      "evidence_count": 0
    },
    "30a14c51-5e2c-4884-93b1-cb29bc8c2e1c": {
      "edge_id": "30a14c51-5e2c-4884-93b1-cb29bc8c2e1c",
      "source_node": "BSE_ASSET",
      "target_node": "B20",
      "belief_type": "valuation",
      "confidence": 0.1,
      "value": 100,
      "timestamp": 15.373134328358166,
      "evidence_count": 1
    },
    "eb695407-93c0-4835-acde-a80608eeded5": {
      "edge_id": "eb695407-93c0-4835-acde-a80608eeded5",
      "source_node": "BSE_ASSET",
      "target_node": "B10",
      "belief_type": "strategy",
      "confidence": 0.1,
      "value": "unknown",
      "timestamp": 15.373134328358166,
      "evidence_count": 0
    },
    "deb8b8fb-886e-4aad-b500-178be207ecf9": {
      "edge_id": "deb8b8fb-886e-4aad-b500-178be207ecf9",
      "source_node": "BSE_ASSET",
      "target_node": "B10",
      "belief_type": "valuation",
      "confidence": 0.2,
      "value": 103.69999999999999,
      "timestamp": 20.447761194029777,
      "evidence_count": 2
    },
    "c533eec6-70fe-4cff-9596-0aaa80849c5a": {
      "edge_id": "c533eec6-70fe-4cff-9596-0aaa80849c5a",
      "source_node": "BSE_ASSET",
      "target_node": "S04",
      "belief_type": "strategy",
      "confidence": 0.1,
      "value": "unknown",
      "timestamp": 15.373134328358166,
      "evidence_count": 0
    },
    "7fc6663a-346f-4b32-89cf-a1733fb0b13b": {
      "edge_id": "7fc6663a-346f-4b32-89cf-a1733fb0b13b",
      "source_node": "BSE_ASSET",
      "target_node": "S04",
      "belief_type": "valuation",
      "confidence": 0.1,
      "value": 129,
      "timestamp": 15.373134328358166,
      "evidence_count": 1
    },
    "3308a39a-6f04-43df-a6ba-ec04cbcda8d0": {
      "edge_id": "3308a39a-6f04-43df-a6ba-ec04cbcda8d0",
      "source_node": "BSE_ASSET",
      "target_node": "P12",
      "belief_type": "strategy",
      "confidence": 0.1,
      "value": "unknown",
      "timestamp": 15.373134328358166,
      "evidence_count": 0
    },
    "e543be8f-ef08-4384-a3ff-d2310dacfbc9": {
      "edge_id": "e543be8f-ef08-4384-a3ff-d2310dacfbc9",
      "source_node": "BSE_ASSET",
      "target_node": "P12",
      "belief_type": "valuation",
      "confidence": 0.2,
      "value": 130.0,
      "timestamp": 20.447761194029777,
      "evidence_count": 2
    },
    "6e17da5a-3760-4ebb-ada5-77454964f37c": {
      "edge_id": "6e17da5a-3760-4ebb-ada5-77454964f37c",
      "source_node": "BSE_ASSET",
      "target_node": "P16",
      "belief_type": "strategy",
      "confidence": 0.1,
      "value": "unknown",
      "timestamp": 15.373134328358166,
      "evidence_count": 0
    },
    "33201bb4-2156-492c-a41b-f26238ec538c": {
      "edge_id": "33201bb4-2156-492c-a41b-f26238ec538c",
      "source_node": "BSE_ASSET",
      "target_node": "P16",
      "belief_type": "valuation",
      "confidence": 0.1,
      "value": 124,
      "timestamp": 20.447761194029777,
      "evidence_count": 1
    },
    "d0912104-88b0-4775-98c2-9e03b218c58f": {
      "edge_id": "d0912104-88b0-4775-98c2-9e03b218c58f",
      "source_node": "BSE_ASSET",
      "target_node": "P13",
      "belief_type": "strategy",
      "confidence": 0.1,
      "value": "unknown",
      "timestamp": 20.447761194029777,
      "evidence_count": 0
    },
    "e3c448ee-19ca-4df0-b6c7-1e720b4a017b": {
      "edge_id": "e3c448ee-19ca-4df0-b6c7-1e720b4a017b",
      "source_node": "BSE_ASSET",
      "target_node": "P13",
      "belief_type": "valuation",
      "confidence": 0.1,
      "value": 124,
      "timestamp": 20.447761194029777,
      "evidence_count": 1
    },
    "addb8e77-9cc5-45ed-9187-72aa4fb83be5": {
      "edge_id": "addb8e77-9cc5-45ed-9187-72aa4fb83be5",
      "source_node": "BSE_ASSET",
      "target_node": "P19",
      "belief_type": "strategy",
      "confidence": 0.1,
      "value": "unknown",
      "timestamp": 20.447761194029777,
      "evidence_count": 0
    },
    "9c7a91bb-ff79-4c42-9b3e-036602f0b6f2": {
      "edge_id": "9c7a91bb-ff79-4c42-9b3e-036602f0b6f2",
      "source_node": "BSE_ASSET",
      "target_node": "P19",
      "belief_type": "valuation",
      "confidence": 0.1,
      "value": 124,
      "timestamp": 20.447761194029777,
      "evidence_count": 1
    },
    "01f128e1-a162-4484-93e2-badad8582a01": {
      "edge_id": "01f128e1-a162-4484-93e2-badad8582a01",
      "source_node": "BSE_ASSET",
      "target_node": "B15",
      "belief_type": "strategy",
      "confidence": 0.1,
      "value": "unknown",
      "timestamp": 20.447761194029777,
      "evidence_count": 0
    },
    "7ae70c7e-a558-4068-b1eb-0fdb954275ff": {
      "edge_id": "7ae70c7e-a558-4068-b1eb-0fdb954275ff",
      "source_node": "BSE_ASSET",
      "target_node": "B15",
      "belief_type": "valuation",
      "confidence": 0.1,
      "value": 120,
      "timestamp": 20.447761194029777,
      "evidence_count": 1
    },
    "e3d18fef-b480-44be-bd91-86d0b73cb74d": {
      "edge_id": "e3d18fef-b480-44be-bd91-86d0b73cb74d",
      "source_node": "BSE_ASSET",
      "target_node": "B21",
      "belief_type": "strategy",
      "confidence": 0.1,
      "value": "unknown",
      "timestamp": 20.447761194029777,
      "evidence_count": 0
    },
    "83f55620-918a-4108-8ba4-9d333c4a42b5": {
      "edge_id": "83f55620-918a-4108-8ba4-9d333c4a42b5",
      "source_node": "BSE_ASSET",
      "target_node": "B21",
      "belief_type": "valuation",
      "confidence": 0.1,
      "value": 115,
      "timestamp": 20.447761194029777,
      "evidence_count": 1
    },
    "41c71bea-4ef5-427c-85ce-0984a40fd94f": {
      "edge_id": "41c71bea-4ef5-427c-85ce-0984a40fd94f",
      "source_node": "BSE_ASSET",
      "target_node": "B08",
      "belief_type": "strategy",
      "confidence": 0.1,
      "value": "unknown",
      "timestamp": 20.447761194029777,
      "evidence_count": 0
    },
    "fc2f4d81-eb73-42d5-9836-86ca35b9de30": {
      "edge_id": "fc2f4d81-eb73-42d5-9836-86ca35b9de30",
      "source_node": "BSE_ASSET",
      "target_node": "B08",
      "belief_type": "valuation",
      "confidence": 0.1,
      "value": 113,
      "timestamp": 20.447761194029777,
      "evidence_count": 1
    },
    "939bcb22-c8ae-48b2-888f-93719512c5e2": {
      "edge_id": "939bcb22-c8ae-48b2-888f-93719512c5e2",
      "source_node": "BSE_ASSET",
      "target_node": "B14",
      "belief_type": "strategy",
      "confidence": 0.1,
      "value": "unknown",
      "timestamp": 20.447761194029777,
      "evidence_count": 0
    },
    "b5adb0d4-5bf6-4e92-b19b-804e17ddfff4": {
      "edge_id": "b5adb0d4-5bf6-4e92-b19b-804e17ddfff4",
      "source_node": "BSE_ASSET",
      "target_node": "B14",
      "belief_type": "valuation",
      "confidence": 0.1,
      "value": 107,
      "timestamp": 20.447761194029777,
      "evidence_count": 1
    },
    "5c26f3d6-ed5d-4449-a4a0-e988754ac3b3": {
      "edge_id": "5c26f3d6-ed5d-4449-a4a0-e988754ac3b3",
      "source_node": "BSE_ASSET",
      "target_node": "B18",
      "belief_type": "strategy",
      "confidence": 0.1,
      "value": "unknown",
      "timestamp": 20.447761194029777,
      "evidence_count": 0
    },
    "3b00d27e-520a-4ddf-9bba-b1d78fdb3ef7": {
      "edge_id": "3b00d27e-520a-4ddf-9bba-b1d78fdb3ef7",
      "source_node": "BSE_ASSET",
      "target_node": "B18",
      "belief_type": "valuation",
      "confidence": 0.1,
      "value": 100,
      "timestamp": 20.447761194029777,
      "evidence_count": 1
    },
    "65d7e49e-0a42-4f8d-a397-34ecabdad8ae": {
      "edge_id": "65d7e49e-0a42-4f8d-a397-34ecabdad8ae",
      "source_node": "BSE_ASSET",
      "target_node": "S15",
      "belief_type": "strategy",
      "confidence": 0.1,
      "value": "unknown",
      "timestamp": 20.447761194029777,
      "evidence_count": 0
    },
    "0a633a10-0a5e-44a6-a962-239bf6c98a1b": {
      "edge_id": "0a633a10-0a5e-44a6-a962-239bf6c98a1b",
      "source_node": "BSE_ASSET",
      "target_node": "S15",
      "belief_type": "valuation",
      "confidence": 0.1,
      "value": 127,
      "timestamp": 20.447761194029777,
      "evidence_count": 1
    },
    "1d2c4e60-8dd5-46a2-93f8-bf25831a0cf2": {
      "edge_id": "1d2c4e60-8dd5-46a2-93f8-bf25831a0cf2",
      "source_node": "BSE_ASSET",
      "target_node": "P15",
      "belief_type": "strategy",
      "confidence": 0.1,
      "value": "unknown",
      "timestamp": 20.447761194029777,
      "evidence_count": 0
    },
    "77c6bef0-0be9-419b-99ca-6fe3b0841efd": {
      "edge_id": "77c6bef0-0be9-419b-99ca-6fe3b0841efd",
      "source_node": "BSE_ASSET",
      "target_node": "P15",
      "belief_type": "valuation",
      "confidence": 0.1,
      "value": 128,
      "timestamp": 20.447761194029777,
      "evidence_count": 1
    },
    "8f55975f-7a38-495e-a777-9f1f8c6d069a": {
      "edge_id": "8f55975f-7a38-495e-a777-9f1f8c6d069a",
      "source_node": "BSE_ASSET",
      "target_node": "P00",
      "belief_type": "strategy",
      "confidence": 0.1,
      "value": "unknown",
      "timestamp": 20.447761194029777,
      "evidence_count": 0
    },
    "c381749c-36b2-422d-afe6-5f6ade8a30b8": {
      "edge_id": "c381749c-36b2-422d-afe6-5f6ade8a30b8",
      "source_node": "BSE_ASSET",
      "target_node": "P00",
      "belief_type": "valuation",
      "confidence": 0.1,
      "value": 129,
      "timestamp": 20.447761194029777,
      "evidence_count": 1
    }
  },
  "event_history": [
    {
      "event_id": "bid_B09_10.298507462686555",
      "event_type": "bid",
      "timestamp": 10.298507462686555,
      "agent_id": "B09",
      "price": 82,
      "quantity": 1,
      "counterparty_id": null,
      "order_id": null
    },
    {
      "event_id": "bid_B04_10.298507462686555",
      "event_type": "bid",
      "timestamp": 10.298507462686555,
      "agent_id": "B04",
      "price": 82,
      "quantity": 1,
      "counterparty_id": null,
      "order_id": null
    },
    {
      "event_id": "ask_S03_10.298507462686555",
      "event_type": "ask",
      "timestamp": 10.298507462686555,
      "agent_id": "S03",
      "price": 130,
      "quantity": 1,
      "counterparty_id": null,
      "order_id": null
    },
    {
      "event_id": "ask_S02_10.298507462686555",
      "event_type": "ask",
      "timestamp": 10.298507462686555,
      "agent_id": "S02",
      "price": 132,
      "quantity": 1,
      "counterparty_id": null,
      "order_id": null
    },
    {
      "event_id": "ask_S12_10.298507462686555",
      "event_type": "ask",
      "timestamp": 10.298507462686555,
      "agent_id": "S12",
      "price": 144,
      "quantity": 1,
      "counterparty_id": null,
      "order_id": null
    },
    {
      "event_id": "ask_S20_10.298507462686555",
      "event_type": "ask",
      "timestamp": 10.298507462686555,
      "agent_id": "S20",
      "price": 148,
      "quantity": 1,
      "counterparty_id": null,
      "order_id": null
    },
    {
      "event_id": "ask_S07_10.298507462686555",
      "event_type": "ask",
      "timestamp": 10.298507462686555,
      "agent_id": "S07",
      "price": 197,
      "quantity": 1,
      "counterparty_id": null,
      "order_id": null
    },
    {
      "event_id": "bid_P20_15.373134328358166",
      "event_type": "bid",
      "timestamp": 15.373134328358166,
      "agent_id": "P20",
      "price": 124,
      "quantity": 1,
      "counterparty_id": null,
      "order_id": null
    },
    {
      "event_id": "bid_P14_15.373134328358166",
      "event_type": "bid",
      "timestamp": 15.373134328358166,
      "agent_id": "P14",
      "price": 124,
      "quantity": 1,
      "counterparty_id": null,
      "order_id": null
    },
    {
      "event_id": "bid_P09_15.373134328358166",
      "event_type": "bid",
      "timestamp": 15.373134328358166,
      "agent_id": "P09",
      "price": 124,
      "quantity": 1,
      "counterparty_id": null,
      "order_id": null
    },
    {
      "event_id": "bid_P07_15.373134328358166",
      "event_type": "bid",
      "timestamp": 15.373134328358166,
      "agent_id": "P07",
      "price": 120,
      "quantity": 1,
      "counterparty_id": null,
      "order_id": null
    },
    {
      "event_id": "bid_B06_15.373134328358166",
      "event_type": "bid",
      "timestamp": 15.373134328358166,
      "agent_id": "B06",
      "price": 112,
      "quantity": 1,
      "counterparty_id": null,
      "order_id": null
    },
    {
      "event_id": "bid_B13_15.373134328358166",
      "event_type": "bid",
      "timestamp": 15.373134328358166,
      "agent_id": "B13",
      "price": 100,
      "quantity": 1,
      "counterparty_id": null,
      "order_id": null
    },
    {
      "event_id": "bid_B20_15.373134328358166",
      "event_type": "bid",
      "timestamp": 15.373134328358166,
      "agent_id": "B20",
      "price": 100,
      "quantity": 1,
      "counterparty_id": null,
      "order_id": null
    },
    {
      "event_id": "bid_B07_15.373134328358166",
      "event_type": "bid",
      "timestamp": 15.373134328358166,
      "agent_id": "B07",
      "price": 98,
      "quantity": 1,
      "counterparty_id": null,
      "order_id": null
    },
    {
      "event_id": "bid_B10_15.373134328358166",
      "event_type": "bid",
      "timestamp": 15.373134328358166,
      "agent_id": "B10",
      "price": 98,
      "quantity": 1,
      "counterparty_id": null,
      "order_id": null
    },
    {
      "event_id": "bid_B05_15.373134328358166",
      "event_type": "bid",
      "timestamp": 15.373134328358166,
      "agent_id": "B05",
      "price": 93,
      "quantity": 1,
      "counterparty_id": null,
      "order_id": null
    },
    {
      "event_id": "bid_B04_15.373134328358166",
      "event_type": "bid",
      "timestamp": 15.373134328358166,
      "agent_id": "B04",
      "price": 82,
      "quantity": 1,
      "counterparty_id": null,
      "order_id": null
    },
    {
      "event_id": "bid_B02_15.373134328358166",
      "event_type": "bid",
      "timestamp": 15.373134328358166,
      "agent_id": "B02",
      "price": 36,
      "quantity": 1,
      "counterparty_id": null,
      "order_id": null
    },
    {
      "event_id": "ask_S02_15.373134328358166",
      "event_type": "ask",
      "timestamp": 15.373134328358166,
      "agent_id": "S02",
      "price": 129,
      "quantity": 1,
      "counterparty_id": null,
      "order_id": null
    },
    {
      "event_id": "ask_S04_15.373134328358166",
      "event_type": "ask",
      "timestamp": 15.373134328358166,
      "agent_id": "S04",
      "price": 129,
      "quantity": 1,
      "counterparty_id": null,
      "order_id": null
    },
    {
      "event_id": "ask_P02_15.373134328358166",
      "event_type": "ask",
      "timestamp": 15.373134328358166,
      "agent_id": "P02",
      "price": 129,
      "quantity": 1,
      "counterparty_id": null,
      "order_id": null
    },
    {
      "event_id": "ask_P12_15.373134328358166",
      "event_type": "ask",
      "timestamp": 15.373134328358166,
      "agent_id": "P12",
      "price": 130,
      "quantity": 1,
      "counterparty_id": null,
      "order_id": null
    },
    {
      "event_id": "ask_P08_15.373134328358166",
      "event_type": "ask",
      "timestamp": 15.373134328358166,
      "agent_id": "P08",
      "price": 130,
      "quantity": 1,
      "counterparty_id": null,
      "order_id": null
    },
    {
      "event_id": "ask_P18_15.373134328358166",
      "event_type": "ask",
      "timestamp": 15.373134328358166,
      "agent_id": "P18",
      "price": 130,
      "quantity": 1,
      "counterparty_id": null,
      "order_id": null
    },
    {
      "event_id": "ask_S20_15.373134328358166",
      "event_type": "ask",
      "timestamp": 15.373134328358166,
      "agent_id": "S20",
      "price": 136,
      "quantity": 1,
      "counterparty_id": null,
      "order_id": null
    },
    {
      "event_id": "ask_S12_15.373134328358166",
      "event_type": "ask",
      "timestamp": 15.373134328358166,
      "agent_id": "S12",
      "price": 144,
      "quantity": 1,
      "counterparty_id": null,
      "order_id": null
    },
    {
      "event_id": "ask_S07_15.373134328358166",
      "event_type": "ask",
      "timestamp": 15.373134328358166,
      "agent_id": "S07",
      "price": 498,
      "quantity": 1,
      "counterparty_id": null,
      "order_id": null
    },
    {
      "event_id": "bid_P16_20.447761194029777",
      "event_type": "bid",
      "timestamp": 20.447761194029777,
      "agent_id": "P16",
      "price": 124,
      "quantity": 1,
      "counterparty_id": null,
      "order_id": null
    },
    {
      "event_id": "bid_P13_20.447761194029777",
      "event_type": "bid",
      "timestamp": 20.447761194029777,
      "agent_id": "P13",
      "price": 124,
      "quantity": 1,
      "counterparty_id": null,
      "order_id": null
    },
    {
      "event_id": "bid_P19_20.447761194029777",
      "event_type": "bid",
      "timestamp": 20.447761194029777,
      "agent_id": "P19",
      "price": 124,
      "quantity": 1,
      "counterparty_id": null,
      "order_id": null
    },
    {
      "event_id": "bid_P07_20.447761194029777",
      "event_type": "bid",
      "timestamp": 20.447761194029777,
      "agent_id": "P07",
      "price": 120,
      "quantity": 1,
      "counterparty_id": null,
      "order_id": null
    },
    {
      "event_id": "bid_B15_20.447761194029777",
      "event_type": "bid",
      "timestamp": 20.447761194029777,
      "agent_id": "B15",
      "price": 120,
      "quantity": 1,
      "counterparty_id": null,
      "order_id": null
    },
    {
      "event_id": "bid_B10_20.447761194029777",
      "event_type": "bid",
      "timestamp": 20.447761194029777,
      "agent_id": "B10",
      "price": 117,
      "quantity": 1,
      "counterparty_id": null,
      "order_id": null
    },
    {
      "event_id": "bid_B21_20.447761194029777",
      "event_type": "bid",
      "timestamp": 20.447761194029777,
      "agent_id": "B21",
      "price": 115,
      "quantity": 1,
      "counterparty_id": null,
      "order_id": null
    },
    {
      "event_id": "bid_B08_20.447761194029777",
      "event_type": "bid",
      "timestamp": 20.447761194029777,
      "agent_id": "B08",
      "price": 113,
      "quantity": 1,
      "counterparty_id": null,
      "order_id": null
    },
    {
      "event_id": "bid_B06_20.447761194029777",
      "event_type": "bid",
      "timestamp": 20.447761194029777,
      "agent_id": "B06",
      "price": 112,
      "quantity": 1,
      "counterparty_id": null,
      "order_id": null
    },
    {
      "event_id": "bid_B13_20.447761194029777",
      "event_type": "bid",
      "timestamp": 20.447761194029777,
      "agent_id": "B13",
      "price": 110,
      "quantity": 1,
      "counterparty_id": null,
      "order_id": null
    },
    {
      "event_id": "bid_B02_20.447761194029777",
      "event_type": "bid",
      "timestamp": 20.447761194029777,
      "agent_id": "B02",
      "price": 108,
      "quantity": 1,
      "counterparty_id": null,
      "order_id": null
    },
    {
      "event_id": "bid_B14_20.447761194029777",
      "event_type": "bid",
      "timestamp": 20.447761194029777,
      "agent_id": "B14",
      "price": 107,
      "quantity": 1,
      "counterparty_id": null,
      "order_id": null
    },
    {
      "event_id": "bid_B18_20.447761194029777",
      "event_type": "bid",
      "timestamp": 20.447761194029777,
      "agent_id": "B18",
      "price": 100,
      "quantity": 1,
      "counterparty_id": null,
      "order_id": null
    },
    {
      "event_id": "bid_B05_20.447761194029777",
      "event_type": "bid",
      "timestamp": 20.447761194029777,
      "agent_id": "B05",
      "price": 93,
      "quantity": 1,
      "counterparty_id": null,
      "order_id": null
    },
    {
      "event_id": "ask_S15_20.447761194029777",
      "event_type": "ask",
      "timestamp": 20.447761194029777,
      "agent_id": "S15",
      "price": 127,
      "quantity": 1,
      "counterparty_id": null,
      "order_id": null
    },
    {
      "event_id": "ask_P01_20.447761194029777",
      "event_type": "ask",
      "timestamp": 20.447761194029777,
      "agent_id": "P01",
      "price": 127,
      "quantity": 1,
      "counterparty_id": null,
      "order_id": null
    },
    {
      "event_id": "ask_P15_20.447761194029777",
      "event_type": "ask",
      "timestamp": 20.447761194029777,
      "agent_id": "P15",
      "price": 128,
      "quantity": 1,
      "counterparty_id": null,
      "order_id": null
    },
    {
      "event_id": "ask_P02_20.447761194029777",
      "event_type": "ask",
      "timestamp": 20.447761194029777,
      "agent_id": "P02",
      "price": 129,
      "quantity": 1,
      "counterparty_id": null,
      "order_id": null
    },
    {
      "event_id": "ask_P00_20.447761194029777",
      "event_type": "ask",
      "timestamp": 20.447761194029777,
      "agent_id": "P00",
      "price": 129,
      "quantity": 1,
      "counterparty_id": null,
      "order_id": null
    },
    {
      "event_id": "ask_P12_20.447761194029777",
      "event_type": "ask",
      "timestamp": 20.447761194029777,
      "agent_id": "P12",
      "price": 130,
      "quantity": 1,
      "counterparty_id": null,
      "order_id": null
    },
    {
      "event_id": "ask_P08_20.447761194029777",
      "event_type": "ask",
      "timestamp": 20.447761194029777,
      "agent_id": "P08",
      "price": 130,
      "quantity": 1,
      "counterparty_id": null,
      "order_id": null
    },
    {
      "event_id": "ask_P18_20.447761194029777",
      "event_type": "ask",
      "timestamp": 20.447761194029777,
      "agent_id": "P18",
      "price": 130,
      "quantity": 1,
      "counterparty_id": null,
      "order_id": null
    }
  ]
}
2025-10-10 18:17:44 | HM_JSON_NOCOT_P18 | ================================================================================
2025-10-10 18:17:44 | HM_JSON_NOCOT_P18 | [AGENTS-TRACKED] Currently tracking 39 agents: ['P18', 'P17', 'P02', 'P01', 'P08', 'P07', 'B11', 'B19', 'S06', 'S02', 'S07', 'P20', 'B13', 'B05', 'B02', 'B07', 'B09', 'B04', 'S03', 'S12', 'S20', 'P14', 'P09', 'B06', 'B20', 'B10', 'S04', 'P12', 'P16', 'P13', 'P19', 'B15', 'B21', 'B08', 'B14', 'B18', 'S15', 'P15', 'P00']
2025-10-10 18:26:37 | HM_JSON_NOCOT_P18 | [BELIEF-THROTTLE] P05: Running belief graph update at time 25.5
2025-10-10 18:26:37 | HM_JSON_NOCOT_P18 | [UPDATE-SUMMARY] Processed 23 market events at time 25.5
2025-10-10 18:26:37 | HM_JSON_NOCOT_P18 | === BELIEF GRAPH STATE AT TIME 25.5 ===
2025-10-10 18:26:37 | HM_JSON_NOCOT_P18 | {
  "graph_id": "ef1f0310-0336-452d-b267-16d556180f54",
  "asset_id": "BSE_ASSET",
  "current_time": 25.522388059701388,
  "nodes": {
    "BSE_ASSET": {
      "asset_id": "BSE_ASSET",
      "node_type": "asset",
      "current_best_bid": null,
      "current_best_ask": null,
      "last_trade_price": null,
      "volume_traded": 0,
      "price_volatility": 0.0,
      "spread_width": null,
      "market_depth_bid": 0,
      "market_depth_ask": 0
    },
    "P18": {
      "agent_id": "P18",
      "node_type": "agent",
      "last_bid_price": null,
      "last_ask_price": 130,
      "last_trade_price": null,
      "total_trades": 0,
      "total_volume": 0,
      "strategy_type": "Hypothetical-Minds",
      "inferred_valuation": 130.0,
      "valuation_confidence": 0.30000000000000004,
      "aggressiveness_score": 0.6,
      "last_activity": 25.522388059701388
    },
    "P17": {
      "agent_id": "P17",
      "node_type": "agent",
      "last_bid_price": 130,
      "last_ask_price": null,
      "last_trade_price": null,
      "total_trades": 0,
      "total_volume": 0,
      "strategy_type": null,
      "inferred_valuation": 130,
      "valuation_confidence": 0.1,
      "aggressiveness_score": 0.0,
      "last_activity": 5.074626865671641
    },
    "P02": {
      "agent_id": "P02",
      "node_type": "agent",
      "last_bid_price": 128,
      "last_ask_price": 129,
      "last_trade_price": null,
      "total_trades": 0,
      "total_volume": 0,
      "strategy_type": null,
      "inferred_valuation": 128.65699999999998,
      "valuation_confidence": 0.4,
      "aggressiveness_score": 0.0,
      "last_activity": 25.522388059701388
    },
    "P01": {
      "agent_id": "P01",
      "node_type": "agent",
      "last_bid_price": 128,
      "last_ask_price": 127,
      "last_trade_price": null,
      "total_trades": 0,
      "total_volume": 0,
      "strategy_type": null,
      "inferred_valuation": 127.48999999999998,
      "valuation_confidence": 0.30000000000000004,
      "aggressiveness_score": 0.0,
      "last_activity": 25.522388059701388
    },
    "P08": {
      "agent_id": "P08",
      "node_type": "agent",
      "last_bid_price": 127,
      "last_ask_price": 130,
      "last_trade_price": null,
      "total_trades": 0,
      "total_volume": 0,
      "strategy_type": null,
      "inferred_valuation": 128.97099999999998,
      "valuation_confidence": 0.4,
      "aggressiveness_score": 0.0,
      "last_activity": 25.522388059701388
    },
    "P07": {
      "agent_id": "P07",
      "node_type": "agent",
      "last_bid_price": 120,
      "last_ask_price": null,
      "last_trade_price": null,
      "total_trades": 0,
      "total_volume": 0,
      "strategy_type": null,
      "inferred_valuation": 120.0,
      "valuation_confidence": 0.5,
      "aggressiveness_score": 0.0,
      "last_activity": 25.522388059701388
    },
    "B11": {
      "agent_id": "B11",
      "node_type": "agent",
      "last_bid_price": 111,
      "last_ask_price": null,
      "last_trade_price": null,
      "total_trades": 0,
      "total_volume": 0,
      "strategy_type": null,
      "inferred_valuation": 110.99999999999999,
      "valuation_confidence": 0.2,
      "aggressiveness_score": 0.0,
      "last_activity": 10.298507462686555
    },
    "B19": {
      "agent_id": "B19",
      "node_type": "agent",
      "last_bid_price": 124,
      "last_ask_price": null,
      "last_trade_price": null,
      "total_trades": 0,
      "total_volume": 0,
      "strategy_type": null,
      "inferred_valuation": 114.19999999999999,
      "valuation_confidence": 0.2,
      "aggressiveness_score": 0.0,
      "last_activity": 10.298507462686555
    },
    "S06": {
      "agent_id": "S06",
      "node_type": "agent",
      "last_bid_price": null,
      "last_ask_price": 132,
      "last_trade_price": null,
      "total_trades": 0,
      "total_volume": 0,
      "strategy_type": null,
      "inferred_valuation": 132,
      "valuation_confidence": 0.1,
      "aggressiveness_score": 0.0,
      "last_activity": 5.074626865671641
    },
    "S02": {
      "agent_id": "S02",
      "node_type": "agent",
      "last_bid_price": null,
      "last_ask_price": 129,
      "last_trade_price": null,
      "total_trades": 0,
      "total_volume": 0,
      "strategy_type": null,
      "inferred_valuation": 131.58999999999997,
      "valuation_confidence": 0.30000000000000004,
      "aggressiveness_score": 0.0,
      "last_activity": 15.373134328358166
    },
    "S07": {
      "agent_id": "S07",
      "node_type": "agent",
      "last_bid_price": null,
      "last_ask_price": 498,
      "last_trade_price": null,
      "total_trades": 0,
      "total_volume": 0,
      "strategy_type": null,
      "inferred_valuation": 397.05999999999995,
      "valuation_confidence": 0.30000000000000004,
      "aggressiveness_score": 0.0,
      "last_activity": 15.373134328358166
    },
    "P20": {
      "agent_id": "P20",
      "node_type": "agent",
      "last_bid_price": 124,
      "last_ask_price": null,
      "last_trade_price": null,
      "total_trades": 0,
      "total_volume": 0,
      "strategy_type": null,
      "inferred_valuation": 124.0,
      "valuation_confidence": 0.2,
      "aggressiveness_score": 0.0,
      "last_activity": 15.373134328358166
    },
    "B13": {
      "agent_id": "B13",
      "node_type": "agent",
      "last_bid_price": 110,
      "last_ask_price": null,
      "last_trade_price": null,
      "total_trades": 0,
      "total_volume": 0,
      "strategy_type": null,
      "inferred_valuation": 105.1,
      "valuation_confidence": 0.4,
      "aggressiveness_score": 0.0,
      "last_activity": 25.522388059701388
    },
    "B05": {
      "agent_id": "B05",
      "node_type": "agent",
      "last_bid_price": 93,
      "last_ask_price": null,
      "last_trade_price": null,
      "total_trades": 0,
      "total_volume": 0,
      "strategy_type": null,
      "inferred_valuation": 95.94,
      "valuation_confidence": 0.30000000000000004,
      "aggressiveness_score": 0.0,
      "last_activity": 20.447761194029777
    },
    "B02": {
      "agent_id": "B02",
      "node_type": "agent",
      "last_bid_price": 108,
      "last_ask_price": null,
      "last_trade_price": null,
      "total_trades": 0,
      "total_volume": 0,
      "strategy_type": null,
      "inferred_valuation": 94.329,
      "valuation_confidence": 0.4,
      "aggressiveness_score": 0.0,
      "last_activity": 25.522388059701388
    },
    "B07": {
      "agent_id": "B07",
      "node_type": "agent",
      "last_bid_price": 98,
      "last_ask_price": null,
      "last_trade_price": null,
      "total_trades": 0,
      "total_volume": 0,
      "strategy_type": null,
      "inferred_valuation": 98.0,
      "valuation_confidence": 0.2,
      "aggressiveness_score": 0.0,
      "last_activity": 15.373134328358166
    },
    "B09": {
      "agent_id": "B09",
      "node_type": "agent",
      "last_bid_price": 121,
      "last_ask_price": null,
      "last_trade_price": null,
      "total_trades": 0,
      "total_volume": 0,
      "strategy_type": null,
      "inferred_valuation": 93.69999999999999,
      "valuation_confidence": 0.2,
      "aggressiveness_score": 0.0,
      "last_activity": 25.522388059701388
    },
    "B04": {
      "agent_id": "B04",
      "node_type": "agent",
      "last_bid_price": 82,
      "last_ask_price": null,
      "last_trade_price": null,
      "total_trades": 0,
      "total_volume": 0,
      "strategy_type": null,
      "inferred_valuation": 82.0,
      "valuation_confidence": 0.2,
      "aggressiveness_score": 0.0,
      "last_activity": 15.373134328358166
    },
    "S03": {
      "agent_id": "S03",
      "node_type": "agent",
      "last_bid_price": null,
      "last_ask_price": 130,
      "last_trade_price": null,
      "total_trades": 0,
      "total_volume": 0,
      "strategy_type": null,
      "inferred_valuation": 130,
      "valuation_confidence": 0.1,
      "aggressiveness_score": 0.0,
      "last_activity": 10.298507462686555
    },
    "S12": {
      "agent_id": "S12",
      "node_type": "agent",
      "last_bid_price": null,
      "last_ask_price": 144,
      "last_trade_price": null,
      "total_trades": 0,
      "total_volume": 0,
      "strategy_type": null,
      "inferred_valuation": 144.0,
      "valuation_confidence": 0.2,
      "aggressiveness_score": 0.0,
      "last_activity": 15.373134328358166
    },
    "S20": {
      "agent_id": "S20",
      "node_type": "agent",
      "last_bid_price": null,
      "last_ask_price": 136,
      "last_trade_price": null,
      "total_trades": 0,
      "total_volume": 0,
      "strategy_type": null,
      "inferred_valuation": 144.39999999999998,
      "valuation_confidence": 0.2,
      "aggressiveness_score": 0.0,
      "last_activity": 15.373134328358166
    },
    "P14": {
      "agent_id": "P14",
      "node_type": "agent",
      "last_bid_price": 124,
      "last_ask_price": 127,
      "last_trade_price": null,
      "total_trades": 0,
      "total_volume": 0,
      "strategy_type": null,
      "inferred_valuation": 124.9,
      "valuation_confidence": 0.2,
      "aggressiveness_score": 0.0,
      "last_activity": 25.522388059701388
    },
    "P09": {
      "agent_id": "P09",
      "node_type": "agent",
      "last_bid_price": 124,
      "last_ask_price": null,
      "last_trade_price": null,
      "total_trades": 0,
      "total_volume": 0,
      "strategy_type": null,
      "inferred_valuation": 124,
      "valuation_confidence": 0.1,
      "aggressiveness_score": 0.0,
      "last_activity": 15.373134328358166
    },
    "B06": {
      "agent_id": "B06",
      "node_type": "agent",
      "last_bid_price": 112,
      "last_ask_price": null,
      "last_trade_price": null,
      "total_trades": 0,
      "total_volume": 0,
      "strategy_type": null,
      "inferred_valuation": 112.0,
      "valuation_confidence": 0.2,
      "aggressiveness_score": 0.0,
      "last_activity": 20.447761194029777
    },
    "B20": {
      "agent_id": "B20",
      "node_type": "agent",
      "last_bid_price": 100,
      "last_ask_price": null,
      "last_trade_price": null,
      "total_trades": 0,
      "total_volume": 0,
      "strategy_type": null,
      "inferred_valuation": 100,
      "valuation_confidence": 0.1,
      "aggressiveness_score": 0.0,
      "last_activity": 15.373134328358166
    },
    "B10": {
      "agent_id": "B10",
      "node_type": "agent",
      "last_bid_price": 117,
      "last_ask_price": null,
      "last_trade_price": null,
      "total_trades": 0,
      "total_volume": 0,
      "strategy_type": null,
      "inferred_valuation": 107.69,
      "valuation_confidence": 0.30000000000000004,
      "aggressiveness_score": 0.0,
      "last_activity": 25.522388059701388
    },
    "S04": {
      "agent_id": "S04",
      "node_type": "agent",
      "last_bid_price": null,
      "last_ask_price": 132,
      "last_trade_price": null,
      "total_trades": 0,
      "total_volume": 0,
      "strategy_type": null,
      "inferred_valuation": 129.9,
      "valuation_confidence": 0.2,
      "aggressiveness_score": 0.0,
      "last_activity": 25.522388059701388
    },
    "P12": {
      "agent_id": "P12",
      "node_type": "agent",
      "last_bid_price": null,
      "last_ask_price": 130,
      "last_trade_price": null,
      "total_trades": 0,
      "total_volume": 0,
      "strategy_type": null,
      "inferred_valuation": 130.0,
      "valuation_confidence": 0.30000000000000004,
      "aggressiveness_score": 0.0,
      "last_activity": 25.522388059701388
    },
    "P16": {
      "agent_id": "P16",
      "node_type": "agent",
      "last_bid_price": 124,
      "last_ask_price": null,
      "last_trade_price": null,
      "total_trades": 0,
      "total_volume": 0,
      "strategy_type": null,
      "inferred_valuation": 124,
      "valuation_confidence": 0.1,
      "aggressiveness_score": 0.0,
      "last_activity": 20.447761194029777
    },
    "P13": {
      "agent_id": "P13",
      "node_type": "agent",
      "last_bid_price": 124,
      "last_ask_price": null,
      "last_trade_price": null,
      "total_trades": 0,
      "total_volume": 0,
      "strategy_type": null,
      "inferred_valuation": 124,
      "valuation_confidence": 0.1,
      "aggressiveness_score": 0.0,
      "last_activity": 20.447761194029777
    },
    "P19": {
      "agent_id": "P19",
      "node_type": "agent",
      "last_bid_price": 124,
      "last_ask_price": null,
      "last_trade_price": null,
      "total_trades": 0,
      "total_volume": 0,
      "strategy_type": null,
      "inferred_valuation": 124,
      "valuation_confidence": 0.1,
      "aggressiveness_score": 0.0,
      "last_activity": 20.447761194029777
    },
    "B15": {
      "agent_id": "B15",
      "node_type": "agent",
      "last_bid_price": 120,
      "last_ask_price": null,
      "last_trade_price": null,
      "total_trades": 0,
      "total_volume": 0,
      "strategy_type": null,
      "inferred_valuation": 120,
      "valuation_confidence": 0.1,
      "aggressiveness_score": 0.0,
      "last_activity": 20.447761194029777
    },
    "B21": {
      "agent_id": "B21",
      "node_type": "agent",
      "last_bid_price": 115,
      "last_ask_price": null,
      "last_trade_price": null,
      "total_trades": 0,
      "total_volume": 0,
      "strategy_type": null,
      "inferred_valuation": 115,
      "valuation_confidence": 0.1,
      "aggressiveness_score": 0.0,
      "last_activity": 20.447761194029777
    },
    "B08": {
      "agent_id": "B08",
      "node_type": "agent",
      "last_bid_price": 113,
      "last_ask_price": null,
      "last_trade_price": null,
      "total_trades": 0,
      "total_volume": 0,
      "strategy_type": null,
      "inferred_valuation": 113.0,
      "valuation_confidence": 0.2,
      "aggressiveness_score": 0.0,
      "last_activity": 25.522388059701388
    },
    "B14": {
      "agent_id": "B14",
      "node_type": "agent",
      "last_bid_price": 120,
      "last_ask_price": null,
      "last_trade_price": null,
      "total_trades": 0,
      "total_volume": 0,
      "strategy_type": null,
      "inferred_valuation": 110.89999999999999,
      "valuation_confidence": 0.2,
      "aggressiveness_score": 0.0,
      "last_activity": 25.522388059701388
    },
    "B18": {
      "agent_id": "B18",
      "node_type": "agent",
      "last_bid_price": 100,
      "last_ask_price": null,
      "last_trade_price": null,
      "total_trades": 0,
      "total_volume": 0,
      "strategy_type": null,
      "inferred_valuation": 100,
      "valuation_confidence": 0.1,
      "aggressiveness_score": 0.0,
      "last_activity": 20.447761194029777
    },
    "S15": {
      "agent_id": "S15",
      "node_type": "agent",
      "last_bid_price": null,
      "last_ask_price": 127,
      "last_trade_price": null,
      "total_trades": 0,
      "total_volume": 0,
      "strategy_type": null,
      "inferred_valuation": 127,
      "valuation_confidence": 0.1,
      "aggressiveness_score": 0.0,
      "last_activity": 20.447761194029777
    },
    "P15": {
      "agent_id": "P15",
      "node_type": "agent",
      "last_bid_price": null,
      "last_ask_price": 127,
      "last_trade_price": null,
      "total_trades": 0,
      "total_volume": 0,
      "strategy_type": null,
      "inferred_valuation": 127.69999999999999,
      "valuation_confidence": 0.2,
      "aggressiveness_score": 0.0,
      "last_activity": 25.522388059701388
    },
    "P00": {
      "agent_id": "P00",
      "node_type": "agent",
      "last_bid_price": null,
      "last_ask_price": 129,
      "last_trade_price": null,
      "total_trades": 0,
      "total_volume": 0,
      "strategy_type": null,
      "inferred_valuation": 129,
      "valuation_confidence": 0.1,
      "aggressiveness_score": 0.0,
      "last_activity": 20.447761194029777
    },
    "P06": {
      "agent_id": "P06",
      "node_type": "agent",
      "last_bid_price": 124,
      "last_ask_price": null,
      "last_trade_price": null,
      "total_trades": 0,
      "total_volume": 0,
      "strategy_type": null,
      "inferred_valuation": 124,
      "valuation_confidence": 0.1,
      "aggressiveness_score": 0.0,
      "last_activity": 25.522388059701388
    },
    "P10": {
      "agent_id": "P10",
      "node_type": "agent",
      "last_bid_price": 124,
      "last_ask_price": null,
      "last_trade_price": null,
      "total_trades": 0,
      "total_volume": 0,
      "strategy_type": null,
      "inferred_valuation": 124,
      "valuation_confidence": 0.1,
      "aggressiveness_score": 0.0,
      "last_activity": 25.522388059701388
    },
    "B01": {
      "agent_id": "B01",
      "node_type": "agent",
      "last_bid_price": 91,
      "last_ask_price": null,
      "last_trade_price": null,
      "total_trades": 0,
      "total_volume": 0,
      "strategy_type": null,
      "inferred_valuation": 91,
      "valuation_confidence": 0.1,
      "aggressiveness_score": 0.0,
      "last_activity": 25.522388059701388
    },
    "S14": {
      "agent_id": "S14",
      "node_type": "agent",
      "last_bid_price": null,
      "last_ask_price": 133,
      "last_trade_price": null,
      "total_trades": 0,
      "total_volume": 0,
      "strategy_type": null,
      "inferred_valuation": 133,
      "valuation_confidence": 0.1,
      "aggressiveness_score": 0.0,
      "last_activity": 25.522388059701388
    },
    "S00": {
      "agent_id": "S00",
      "node_type": "agent",
      "last_bid_price": null,
      "last_ask_price": 143,
      "last_trade_price": null,
      "total_trades": 0,
      "total_volume": 0,
      "strategy_type": null,
      "inferred_valuation": 143,
      "valuation_confidence": 0.1,
      "aggressiveness_score": 0.0,
      "last_activity": 25.522388059701388
    },
    "S22": {
      "agent_id": "S22",
      "node_type": "agent",
      "last_bid_price": null,
      "last_ask_price": 152,
      "last_trade_price": null,
      "total_trades": 0,
      "total_volume": 0,
      "strategy_type": null,
      "inferred_valuation": 152,
      "valuation_confidence": 0.1,
      "aggressiveness_score": 0.0,
      "last_activity": 25.522388059701388
    },
    "S19": {
      "agent_id": "S19",
      "node_type": "agent",
      "last_bid_price": null,
      "last_ask_price": 172,
      "last_trade_price": null,
      "total_trades": 0,
      "total_volume": 0,
      "strategy_type": null,
      "inferred_valuation": 172,
      "valuation_confidence": 0.1,
      "aggressiveness_score": 0.0,
      "last_activity": 25.522388059701388
    },
    "S13": {
      "agent_id": "S13",
      "node_type": "agent",
      "last_bid_price": null,
      "last_ask_price": 175,
      "last_trade_price": null,
      "total_trades": 0,
      "total_volume": 0,
      "strategy_type": null,
      "inferred_valuation": 175,
      "valuation_confidence": 0.1,
      "aggressiveness_score": 0.0,
      "last_activity": 25.522388059701388
    }
  },
  "edges": {
    "ffa881fd-05db-4086-8f61-695fbdbf1b61": {
      "edge_id": "ffa881fd-05db-4086-8f61-695fbdbf1b61",
      "source_node": "BSE_ASSET",
      "target_node": "P18",
      "belief_type": "strategy",
      "confidence": 0.1,
      "value": "unknown",
      "timestamp": 0.0,
      "evidence_count": 0
    },
    "bbc9fd10-2175-4589-ac04-2b03ac43682a": {
      "edge_id": "bbc9fd10-2175-4589-ac04-2b03ac43682a",
      "source_node": "BSE_ASSET",
      "target_node": "P18",
      "belief_type": "valuation",
      "confidence": 0.30000000000000004,
      "value": 130.0,
      "timestamp": 25.522388059701388,
      "evidence_count": 3
    },
    "436160d5-2a6d-4b0e-96a0-74cc7fc469b3": {
      "edge_id": "436160d5-2a6d-4b0e-96a0-74cc7fc469b3",
      "source_node": "BSE_ASSET",
      "target_node": "P17",
      "belief_type": "strategy",
      "confidence": 0.1,
      "value": "unknown",
      "timestamp": 0.0,
      "evidence_count": 0
    },
    "307d8b4e-b1e2-4f8d-be3a-957d271d7b97": {
      "edge_id": "307d8b4e-b1e2-4f8d-be3a-957d271d7b97",
      "source_node": "BSE_ASSET",
      "target_node": "P17",
      "belief_type": "valuation",
      "confidence": 0.1,
      "value": 130,
      "timestamp": 5.074626865671641,
      "evidence_count": 1
    },
    "a86af9f0-90b4-4910-81c6-cc0d297210e9": {
      "edge_id": "a86af9f0-90b4-4910-81c6-cc0d297210e9",
      "source_node": "BSE_ASSET",
      "target_node": "P02",
      "belief_type": "strategy",
      "confidence": 0.1,
      "value": "unknown",
      "timestamp": 5.074626865671641,
      "evidence_count": 0
    },
    "3e3c74fd-d94f-4d05-86b9-d6c3626f4cf7": {
      "edge_id": "3e3c74fd-d94f-4d05-86b9-d6c3626f4cf7",
      "source_node": "BSE_ASSET",
      "target_node": "P02",
      "belief_type": "valuation",
      "confidence": 0.4,
      "value": 128.65699999999998,
      "timestamp": 25.522388059701388,
      "evidence_count": 4
    },
    "b8493ebd-55fe-4df5-a71f-bf4c82884528": {
      "edge_id": "b8493ebd-55fe-4df5-a71f-bf4c82884528",
      "source_node": "BSE_ASSET",
      "target_node": "P01",
      "belief_type": "strategy",
      "confidence": 0.1,
      "value": "unknown",
      "timestamp": 5.074626865671641,
      "evidence_count": 0
    },
    "a4f44ea0-a39d-4398-b89a-42e718181438": {
      "edge_id": "a4f44ea0-a39d-4398-b89a-42e718181438",
      "source_node": "BSE_ASSET",
      "target_node": "P01",
      "belief_type": "valuation",
      "confidence": 0.30000000000000004,
      "value": 127.48999999999998,
      "timestamp": 25.522388059701388,
      "evidence_count": 3
    },
    "968dd771-c3dd-4f41-bd24-715b926c0794": {
      "edge_id": "968dd771-c3dd-4f41-bd24-715b926c0794",
      "source_node": "BSE_ASSET",
      "target_node": "P08",
      "belief_type": "strategy",
      "confidence": 0.1,
      "value": "unknown",
      "timestamp": 5.074626865671641,
      "evidence_count": 0
    },
    "af889d9d-7654-4dd1-9487-78df9b12f3f4": {
      "edge_id": "af889d9d-7654-4dd1-9487-78df9b12f3f4",
      "source_node": "BSE_ASSET",
      "target_node": "P08",
      "belief_type": "valuation",
      "confidence": 0.4,
      "value": 128.97099999999998,
      "timestamp": 25.522388059701388,
      "evidence_count": 4
    },
    "ad3c396a-22f6-4e25-b5d2-a4c2cbcbc35c": {
      "edge_id": "ad3c396a-22f6-4e25-b5d2-a4c2cbcbc35c",
      "source_node": "BSE_ASSET",
      "target_node": "P07",
      "belief_type": "strategy",
      "confidence": 0.1,
      "value": "unknown",
      "timestamp": 5.074626865671641,
      "evidence_count": 0
    },
    "43566449-9d59-43a5-bf82-f594df1a9700": {
      "edge_id": "43566449-9d59-43a5-bf82-f594df1a9700",
      "source_node": "BSE_ASSET",
      "target_node": "P07",
      "belief_type": "valuation",
      "confidence": 0.5,
      "value": 120.0,
      "timestamp": 25.522388059701388,
      "evidence_count": 5
    },
    "8c6a64f6-6969-4df3-b7b7-102c8e6e0b9e": {
      "edge_id": "8c6a64f6-6969-4df3-b7b7-102c8e6e0b9e",
      "source_node": "BSE_ASSET",
      "target_node": "B11",
      "belief_type": "strategy",
      "confidence": 0.1,
      "value": "unknown",
      "timestamp": 5.074626865671641,
      "evidence_count": 0
    },
    "bceba92a-fee4-420a-9cc9-b52b0b7f6054": {
      "edge_id": "bceba92a-fee4-420a-9cc9-b52b0b7f6054",
      "source_node": "BSE_ASSET",
      "target_node": "B11",
      "belief_type": "valuation",
      "confidence": 0.2,
      "value": 110.99999999999999,
      "timestamp": 10.298507462686555,
      "evidence_count": 2
    },
    "478cf785-0e9c-455d-b245-dcce06d492a7": {
      "edge_id": "478cf785-0e9c-455d-b245-dcce06d492a7",
      "source_node": "BSE_ASSET",
      "target_node": "B19",
      "belief_type": "strategy",
      "confidence": 0.1,
      "value": "unknown",
      "timestamp": 5.074626865671641,
      "evidence_count": 0
    },
    "97fdade7-8505-42d9-9e1f-603e42606df9": {
      "edge_id": "97fdade7-8505-42d9-9e1f-603e42606df9",
      "source_node": "BSE_ASSET",
      "target_node": "B19",
      "belief_type": "valuation",
      "confidence": 0.2,
      "value": 114.19999999999999,
      "timestamp": 10.298507462686555,
      "evidence_count": 2
    },
    "55f4a0c0-9726-42b4-9864-b331a0842e03": {
      "edge_id": "55f4a0c0-9726-42b4-9864-b331a0842e03",
      "source_node": "BSE_ASSET",
      "target_node": "S06",
      "belief_type": "strategy",
      "confidence": 0.1,
      "value": "unknown",
      "timestamp": 5.074626865671641,
      "evidence_count": 0
    },
    "5ba4b402-3651-4de8-b0b9-18edc97b8050": {
      "edge_id": "5ba4b402-3651-4de8-b0b9-18edc97b8050",
      "source_node": "BSE_ASSET",
      "target_node": "S06",
      "belief_type": "valuation",
      "confidence": 0.1,
      "value": 132,
      "timestamp": 5.074626865671641,
      "evidence_count": 1
    },
    "d573c459-6248-4d37-946b-49ee8c4d6955": {
      "edge_id": "d573c459-6248-4d37-946b-49ee8c4d6955",
      "source_node": "BSE_ASSET",
      "target_node": "S02",
      "belief_type": "strategy",
      "confidence": 0.1,
      "value": "unknown",
      "timestamp": 5.074626865671641,
      "evidence_count": 0
    },
    "de47934a-2b78-48fd-9592-0713ca422e16": {
      "edge_id": "de47934a-2b78-48fd-9592-0713ca422e16",
      "source_node": "BSE_ASSET",
      "target_node": "S02",
      "belief_type": "valuation",
      "confidence": 0.30000000000000004,
      "value": 131.58999999999997,
      "timestamp": 15.373134328358166,
      "evidence_count": 3
    },
    "09ad4521-5f23-40bf-9503-637204bba1b6": {
      "edge_id": "09ad4521-5f23-40bf-9503-637204bba1b6",
      "source_node": "BSE_ASSET",
      "target_node": "S07",
      "belief_type": "strategy",
      "confidence": 0.1,
      "value": "unknown",
      "timestamp": 5.074626865671641,
      "evidence_count": 0
    },
    "adbdc00e-d23e-40ef-99d9-4e41e027a5f6": {
      "edge_id": "adbdc00e-d23e-40ef-99d9-4e41e027a5f6",
      "source_node": "BSE_ASSET",
      "target_node": "S07",
      "belief_type": "valuation",
      "confidence": 0.30000000000000004,
      "value": 397.05999999999995,
      "timestamp": 15.373134328358166,
      "evidence_count": 3
    },
    "866e8bce-803a-49b2-9238-429c41d97c38": {
      "edge_id": "866e8bce-803a-49b2-9238-429c41d97c38",
      "source_node": "BSE_ASSET",
      "target_node": "P20",
      "belief_type": "strategy",
      "confidence": 0.1,
      "value": "unknown",
      "timestamp": 10.298507462686555,
      "evidence_count": 0
    },
    "0d485acc-dd31-455d-a283-93edc90d6f17": {
      "edge_id": "0d485acc-dd31-455d-a283-93edc90d6f17",
      "source_node": "BSE_ASSET",
      "target_node": "P20",
      "belief_type": "valuation",
      "confidence": 0.2,
      "value": 124.0,
      "timestamp": 15.373134328358166,
      "evidence_count": 2
    },
    "7a974e47-73cd-47ff-9294-8398d17edfa8": {
      "edge_id": "7a974e47-73cd-47ff-9294-8398d17edfa8",
      "source_node": "BSE_ASSET",
      "target_node": "B13",
      "belief_type": "strategy",
      "confidence": 0.1,
      "value": "unknown",
      "timestamp": 10.298507462686555,
      "evidence_count": 0
    },
    "34180fdd-4169-4e4c-9981-9bcc0ab2ac12": {
      "edge_id": "34180fdd-4169-4e4c-9981-9bcc0ab2ac12",
      "source_node": "BSE_ASSET",
      "target_node": "B13",
      "belief_type": "valuation",
      "confidence": 0.4,
      "value": 105.1,
      "timestamp": 25.522388059701388,
      "evidence_count": 4
    },
    "9f45f068-2b10-40f8-a0da-7eb96b41fe24": {
      "edge_id": "9f45f068-2b10-40f8-a0da-7eb96b41fe24",
      "source_node": "BSE_ASSET",
      "target_node": "B05",
      "belief_type": "strategy",
      "confidence": 0.1,
      "value": "unknown",
      "timestamp": 10.298507462686555,
      "evidence_count": 0
    },
    "f0851b4e-8346-4b19-b70f-1a32fb922e51": {
      "edge_id": "f0851b4e-8346-4b19-b70f-1a32fb922e51",
      "source_node": "BSE_ASSET",
      "target_node": "B05",
      "belief_type": "valuation",
      "confidence": 0.30000000000000004,
      "value": 95.94,
      "timestamp": 20.447761194029777,
      "evidence_count": 3
    },
    "6a647a46-f5af-4594-9fef-0aa14c2c5b3b": {
      "edge_id": "6a647a46-f5af-4594-9fef-0aa14c2c5b3b",
      "source_node": "BSE_ASSET",
      "target_node": "B02",
      "belief_type": "strategy",
      "confidence": 0.1,
      "value": "unknown",
      "timestamp": 10.298507462686555,
      "evidence_count": 0
    },
    "693fba95-3b75-426e-b372-3e38927dcf73": {
      "edge_id": "693fba95-3b75-426e-b372-3e38927dcf73",
      "source_node": "BSE_ASSET",
      "target_node": "B02",
      "belief_type": "valuation",
      "confidence": 0.4,
      "value": 94.329,
      "timestamp": 25.522388059701388,
      "evidence_count": 4
    },
    "32fc6d5f-cd39-418a-9d04-137b75d18d30": {
      "edge_id": "32fc6d5f-cd39-418a-9d04-137b75d18d30",
      "source_node": "BSE_ASSET",
      "target_node": "B07",
      "belief_type": "strategy",
      "confidence": 0.1,
      "value": "unknown",
      "timestamp": 10.298507462686555,
      "evidence_count": 0
    },
    "2e5f0e1e-f427-408e-a2fc-70586b5bb951": {
      "edge_id": "2e5f0e1e-f427-408e-a2fc-70586b5bb951",
      "source_node": "BSE_ASSET",
      "target_node": "B07",
      "belief_type": "valuation",
      "confidence": 0.2,
      "value": 98.0,
      "timestamp": 15.373134328358166,
      "evidence_count": 2
    },
    "acded6c0-30a8-41e1-8d8d-8b8e8206ee16": {
      "edge_id": "acded6c0-30a8-41e1-8d8d-8b8e8206ee16",
      "source_node": "BSE_ASSET",
      "target_node": "B09",
      "belief_type": "strategy",
      "confidence": 0.1,
      "value": "unknown",
      "timestamp": 10.298507462686555,
      "evidence_count": 0
    },
    "f796756b-828c-420d-bd17-c07c17a8b1cc": {
      "edge_id": "f796756b-828c-420d-bd17-c07c17a8b1cc",
      "source_node": "BSE_ASSET",
      "target_node": "B09",
      "belief_type": "valuation",
      "confidence": 0.2,
      "value": 93.69999999999999,
      "timestamp": 25.522388059701388,
      "evidence_count": 2
    },
    "6b0361b4-9e93-4075-a9b3-0a93af5f4317": {
      "edge_id": "6b0361b4-9e93-4075-a9b3-0a93af5f4317",
      "source_node": "BSE_ASSET",
      "target_node": "B04",
      "belief_type": "strategy",
      "confidence": 0.1,
      "value": "unknown",
      "timestamp": 10.298507462686555,
      "evidence_count": 0
    },
    "694e4b0a-13ed-4502-af2d-b8f7a36df9c7": {
      "edge_id": "694e4b0a-13ed-4502-af2d-b8f7a36df9c7",
      "source_node": "BSE_ASSET",
      "target_node": "B04",
      "belief_type": "valuation",
      "confidence": 0.2,
      "value": 82.0,
      "timestamp": 15.373134328358166,
      "evidence_count": 2
    },
    "ed541d8d-15a0-4326-93c5-2a5c6309eaf0": {
      "edge_id": "ed541d8d-15a0-4326-93c5-2a5c6309eaf0",
      "source_node": "BSE_ASSET",
      "target_node": "S03",
      "belief_type": "strategy",
      "confidence": 0.1,
      "value": "unknown",
      "timestamp": 10.298507462686555,
      "evidence_count": 0
    },
    "dc239dd5-92ae-489f-b54f-1b55095a55c3": {
      "edge_id": "dc239dd5-92ae-489f-b54f-1b55095a55c3",
      "source_node": "BSE_ASSET",
      "target_node": "S03",
      "belief_type": "valuation",
      "confidence": 0.1,
      "value": 130,
      "timestamp": 10.298507462686555,
      "evidence_count": 1
    },
    "eb3f01f5-a838-4295-88d1-ad71717d9850": {
      "edge_id": "eb3f01f5-a838-4295-88d1-ad71717d9850",
      "source_node": "BSE_ASSET",
      "target_node": "S12",
      "belief_type": "strategy",
      "confidence": 0.1,
      "value": "unknown",
      "timestamp": 10.298507462686555,
      "evidence_count": 0
    },
    "4eaed120-9f33-47a8-8b86-bc14461b28d6": {
      "edge_id": "4eaed120-9f33-47a8-8b86-bc14461b28d6",
      "source_node": "BSE_ASSET",
      "target_node": "S12",
      "belief_type": "valuation",
      "confidence": 0.2,
      "value": 144.0,
      "timestamp": 15.373134328358166,
      "evidence_count": 2
    },
    "5ba83d7a-bb34-4c45-835d-f756317b1ab4": {
      "edge_id": "5ba83d7a-bb34-4c45-835d-f756317b1ab4",
      "source_node": "BSE_ASSET",
      "target_node": "S20",
      "belief_type": "strategy",
      "confidence": 0.1,
      "value": "unknown",
      "timestamp": 10.298507462686555,
      "evidence_count": 0
    },
    "2f26b528-1fc7-4ca2-b298-5d631ada67d1": {
      "edge_id": "2f26b528-1fc7-4ca2-b298-5d631ada67d1",
      "source_node": "BSE_ASSET",
      "target_node": "S20",
      "belief_type": "valuation",
      "confidence": 0.2,
      "value": 144.39999999999998,
      "timestamp": 15.373134328358166,
      "evidence_count": 2
    },
    "6398b5b7-33fc-4500-94c4-b7e63193e071": {
      "edge_id": "6398b5b7-33fc-4500-94c4-b7e63193e071",
      "source_node": "BSE_ASSET",
      "target_node": "P14",
      "belief_type": "strategy",
      "confidence": 0.1,
      "value": "unknown",
      "timestamp": 15.373134328358166,
      "evidence_count": 0
    },
    "67afe916-a83e-4541-a2c7-4a810a777c2f": {
      "edge_id": "67afe916-a83e-4541-a2c7-4a810a777c2f",
      "source_node": "BSE_ASSET",
      "target_node": "P14",
      "belief_type": "valuation",
      "confidence": 0.2,
      "value": 124.9,
      "timestamp": 25.522388059701388,
      "evidence_count": 2
    },
    "205e2196-d5cb-41be-bef1-687ceed514d1": {
      "edge_id": "205e2196-d5cb-41be-bef1-687ceed514d1",
      "source_node": "BSE_ASSET",
      "target_node": "P09",
      "belief_type": "strategy",
      "confidence": 0.1,
      "value": "unknown",
      "timestamp": 15.373134328358166,
      "evidence_count": 0
    },
    "eec2cc63-a5e4-48ff-ba20-537d8bd3b7bf": {
      "edge_id": "eec2cc63-a5e4-48ff-ba20-537d8bd3b7bf",
      "source_node": "BSE_ASSET",
      "target_node": "P09",
      "belief_type": "valuation",
      "confidence": 0.1,
      "value": 124,
      "timestamp": 15.373134328358166,
      "evidence_count": 1
    },
    "aa78a441-4683-4730-9ce5-7fc4e804c212": {
      "edge_id": "aa78a441-4683-4730-9ce5-7fc4e804c212",
      "source_node": "BSE_ASSET",
      "target_node": "B06",
      "belief_type": "strategy",
      "confidence": 0.1,
      "value": "unknown",
      "timestamp": 15.373134328358166,
      "evidence_count": 0
    },
    "94c0b21f-788e-4a62-958d-54e24dbf3384": {
      "edge_id": "94c0b21f-788e-4a62-958d-54e24dbf3384",
      "source_node": "BSE_ASSET",
      "target_node": "B06",
      "belief_type": "valuation",
      "confidence": 0.2,
      "value": 112.0,
      "timestamp": 20.447761194029777,
      "evidence_count": 2
    },
    "4a15293a-ca1e-47ae-8922-29c832d29f18": {
      "edge_id": "4a15293a-ca1e-47ae-8922-29c832d29f18",
      "source_node": "BSE_ASSET",
      "target_node": "B20",
      "belief_type": "strategy",
      "confidence": 0.1,
      "value": "unknown",
      "timestamp": 15.373134328358166,
      "evidence_count": 0
    },
    "30a14c51-5e2c-4884-93b1-cb29bc8c2e1c": {
      "edge_id": "30a14c51-5e2c-4884-93b1-cb29bc8c2e1c",
      "source_node": "BSE_ASSET",
      "target_node": "B20",
      "belief_type": "valuation",
      "confidence": 0.1,
      "value": 100,
      "timestamp": 15.373134328358166,
      "evidence_count": 1
    },
    "eb695407-93c0-4835-acde-a80608eeded5": {
      "edge_id": "eb695407-93c0-4835-acde-a80608eeded5",
      "source_node": "BSE_ASSET",
      "target_node": "B10",
      "belief_type": "strategy",
      "confidence": 0.1,
      "value": "unknown",
      "timestamp": 15.373134328358166,
      "evidence_count": 0
    },
    "deb8b8fb-886e-4aad-b500-178be207ecf9": {
      "edge_id": "deb8b8fb-886e-4aad-b500-178be207ecf9",
      "source_node": "BSE_ASSET",
      "target_node": "B10",
      "belief_type": "valuation",
      "confidence": 0.30000000000000004,
      "value": 107.69,
      "timestamp": 25.522388059701388,
      "evidence_count": 3
    },
    "c533eec6-70fe-4cff-9596-0aaa80849c5a": {
      "edge_id": "c533eec6-70fe-4cff-9596-0aaa80849c5a",
      "source_node": "BSE_ASSET",
      "target_node": "S04",
      "belief_type": "strategy",
      "confidence": 0.1,
      "value": "unknown",
      "timestamp": 15.373134328358166,
      "evidence_count": 0
    },
    "7fc6663a-346f-4b32-89cf-a1733fb0b13b": {
      "edge_id": "7fc6663a-346f-4b32-89cf-a1733fb0b13b",
      "source_node": "BSE_ASSET",
      "target_node": "S04",
      "belief_type": "valuation",
      "confidence": 0.2,
      "value": 129.9,
      "timestamp": 25.522388059701388,
      "evidence_count": 2
    },
    "3308a39a-6f04-43df-a6ba-ec04cbcda8d0": {
      "edge_id": "3308a39a-6f04-43df-a6ba-ec04cbcda8d0",
      "source_node": "BSE_ASSET",
      "target_node": "P12",
      "belief_type": "strategy",
      "confidence": 0.1,
      "value": "unknown",
      "timestamp": 15.373134328358166,
      "evidence_count": 0
    },
    "e543be8f-ef08-4384-a3ff-d2310dacfbc9": {
      "edge_id": "e543be8f-ef08-4384-a3ff-d2310dacfbc9",
      "source_node": "BSE_ASSET",
      "target_node": "P12",
      "belief_type": "valuation",
      "confidence": 0.30000000000000004,
      "value": 130.0,
      "timestamp": 25.522388059701388,
      "evidence_count": 3
    },
    "6e17da5a-3760-4ebb-ada5-77454964f37c": {
      "edge_id": "6e17da5a-3760-4ebb-ada5-77454964f37c",
      "source_node": "BSE_ASSET",
      "target_node": "P16",
      "belief_type": "strategy",
      "confidence": 0.1,
      "value": "unknown",
      "timestamp": 15.373134328358166,
      "evidence_count": 0
    },
    "33201bb4-2156-492c-a41b-f26238ec538c": {
      "edge_id": "33201bb4-2156-492c-a41b-f26238ec538c",
      "source_node": "BSE_ASSET",
      "target_node": "P16",
      "belief_type": "valuation",
      "confidence": 0.1,
      "value": 124,
      "timestamp": 20.447761194029777,
      "evidence_count": 1
    },
    "d0912104-88b0-4775-98c2-9e03b218c58f": {
      "edge_id": "d0912104-88b0-4775-98c2-9e03b218c58f",
      "source_node": "BSE_ASSET",
      "target_node": "P13",
      "belief_type": "strategy",
      "confidence": 0.1,
      "value": "unknown",
      "timestamp": 20.447761194029777,
      "evidence_count": 0
    },
    "e3c448ee-19ca-4df0-b6c7-1e720b4a017b": {
      "edge_id": "e3c448ee-19ca-4df0-b6c7-1e720b4a017b",
      "source_node": "BSE_ASSET",
      "target_node": "P13",
      "belief_type": "valuation",
      "confidence": 0.1,
      "value": 124,
      "timestamp": 20.447761194029777,
      "evidence_count": 1
    },
    "addb8e77-9cc5-45ed-9187-72aa4fb83be5": {
      "edge_id": "addb8e77-9cc5-45ed-9187-72aa4fb83be5",
      "source_node": "BSE_ASSET",
      "target_node": "P19",
      "belief_type": "strategy",
      "confidence": 0.1,
      "value": "unknown",
      "timestamp": 20.447761194029777,
      "evidence_count": 0
    },
    "9c7a91bb-ff79-4c42-9b3e-036602f0b6f2": {
      "edge_id": "9c7a91bb-ff79-4c42-9b3e-036602f0b6f2",
      "source_node": "BSE_ASSET",
      "target_node": "P19",
      "belief_type": "valuation",
      "confidence": 0.1,
      "value": 124,
      "timestamp": 20.447761194029777,
      "evidence_count": 1
    },
    "01f128e1-a162-4484-93e2-badad8582a01": {
      "edge_id": "01f128e1-a162-4484-93e2-badad8582a01",
      "source_node": "BSE_ASSET",
      "target_node": "B15",
      "belief_type": "strategy",
      "confidence": 0.1,
      "value": "unknown",
      "timestamp": 20.447761194029777,
      "evidence_count": 0
    },
    "7ae70c7e-a558-4068-b1eb-0fdb954275ff": {
      "edge_id": "7ae70c7e-a558-4068-b1eb-0fdb954275ff",
      "source_node": "BSE_ASSET",
      "target_node": "B15",
      "belief_type": "valuation",
      "confidence": 0.1,
      "value": 120,
      "timestamp": 20.447761194029777,
      "evidence_count": 1
    },
    "e3d18fef-b480-44be-bd91-86d0b73cb74d": {
      "edge_id": "e3d18fef-b480-44be-bd91-86d0b73cb74d",
      "source_node": "BSE_ASSET",
      "target_node": "B21",
      "belief_type": "strategy",
      "confidence": 0.1,
      "value": "unknown",
      "timestamp": 20.447761194029777,
      "evidence_count": 0
    },
    "83f55620-918a-4108-8ba4-9d333c4a42b5": {
      "edge_id": "83f55620-918a-4108-8ba4-9d333c4a42b5",
      "source_node": "BSE_ASSET",
      "target_node": "B21",
      "belief_type": "valuation",
      "confidence": 0.1,
      "value": 115,
      "timestamp": 20.447761194029777,
      "evidence_count": 1
    },
    "41c71bea-4ef5-427c-85ce-0984a40fd94f": {
      "edge_id": "41c71bea-4ef5-427c-85ce-0984a40fd94f",
      "source_node": "BSE_ASSET",
      "target_node": "B08",
      "belief_type": "strategy",
      "confidence": 0.1,
      "value": "unknown",
      "timestamp": 20.447761194029777,
      "evidence_count": 0
    },
    "fc2f4d81-eb73-42d5-9836-86ca35b9de30": {
      "edge_id": "fc2f4d81-eb73-42d5-9836-86ca35b9de30",
      "source_node": "BSE_ASSET",
      "target_node": "B08",
      "belief_type": "valuation",
      "confidence": 0.2,
      "value": 113.0,
      "timestamp": 25.522388059701388,
      "evidence_count": 2
    },
    "939bcb22-c8ae-48b2-888f-93719512c5e2": {
      "edge_id": "939bcb22-c8ae-48b2-888f-93719512c5e2",
      "source_node": "BSE_ASSET",
      "target_node": "B14",
      "belief_type": "strategy",
      "confidence": 0.1,
      "value": "unknown",
      "timestamp": 20.447761194029777,
      "evidence_count": 0
    },
    "b5adb0d4-5bf6-4e92-b19b-804e17ddfff4": {
      "edge_id": "b5adb0d4-5bf6-4e92-b19b-804e17ddfff4",
      "source_node": "BSE_ASSET",
      "target_node": "B14",
      "belief_type": "valuation",
      "confidence": 0.2,
      "value": 110.89999999999999,
      "timestamp": 25.522388059701388,
      "evidence_count": 2
    },
    "5c26f3d6-ed5d-4449-a4a0-e988754ac3b3": {
      "edge_id": "5c26f3d6-ed5d-4449-a4a0-e988754ac3b3",
      "source_node": "BSE_ASSET",
      "target_node": "B18",
      "belief_type": "strategy",
      "confidence": 0.1,
      "value": "unknown",
      "timestamp": 20.447761194029777,
      "evidence_count": 0
    },
    "3b00d27e-520a-4ddf-9bba-b1d78fdb3ef7": {
      "edge_id": "3b00d27e-520a-4ddf-9bba-b1d78fdb3ef7",
      "source_node": "BSE_ASSET",
      "target_node": "B18",
      "belief_type": "valuation",
      "confidence": 0.1,
      "value": 100,
      "timestamp": 20.447761194029777,
      "evidence_count": 1
    },
    "65d7e49e-0a42-4f8d-a397-34ecabdad8ae": {
      "edge_id": "65d7e49e-0a42-4f8d-a397-34ecabdad8ae",
      "source_node": "BSE_ASSET",
      "target_node": "S15",
      "belief_type": "strategy",
      "confidence": 0.1,
      "value": "unknown",
      "timestamp": 20.447761194029777,
      "evidence_count": 0
    },
    "0a633a10-0a5e-44a6-a962-239bf6c98a1b": {
      "edge_id": "0a633a10-0a5e-44a6-a962-239bf6c98a1b",
      "source_node": "BSE_ASSET",
      "target_node": "S15",
      "belief_type": "valuation",
      "confidence": 0.1,
      "value": 127,
      "timestamp": 20.447761194029777,
      "evidence_count": 1
    },
    "1d2c4e60-8dd5-46a2-93f8-bf25831a0cf2": {
      "edge_id": "1d2c4e60-8dd5-46a2-93f8-bf25831a0cf2",
      "source_node": "BSE_ASSET",
      "target_node": "P15",
      "belief_type": "strategy",
      "confidence": 0.1,
      "value": "unknown",
      "timestamp": 20.447761194029777,
      "evidence_count": 0
    },
    "77c6bef0-0be9-419b-99ca-6fe3b0841efd": {
      "edge_id": "77c6bef0-0be9-419b-99ca-6fe3b0841efd",
      "source_node": "BSE_ASSET",
      "target_node": "P15",
      "belief_type": "valuation",
      "confidence": 0.2,
      "value": 127.69999999999999,
      "timestamp": 25.522388059701388,
      "evidence_count": 2
    },
    "8f55975f-7a38-495e-a777-9f1f8c6d069a": {
      "edge_id": "8f55975f-7a38-495e-a777-9f1f8c6d069a",
      "source_node": "BSE_ASSET",
      "target_node": "P00",
      "belief_type": "strategy",
      "confidence": 0.1,
      "value": "unknown",
      "timestamp": 20.447761194029777,
      "evidence_count": 0
    },
    "c381749c-36b2-422d-afe6-5f6ade8a30b8": {
      "edge_id": "c381749c-36b2-422d-afe6-5f6ade8a30b8",
      "source_node": "BSE_ASSET",
      "target_node": "P00",
      "belief_type": "valuation",
      "confidence": 0.1,
      "value": 129,
      "timestamp": 20.447761194029777,
      "evidence_count": 1
    },
    "6dac1d8f-9419-43e1-8f07-91bfd0d99d58": {
      "edge_id": "6dac1d8f-9419-43e1-8f07-91bfd0d99d58",
      "source_node": "BSE_ASSET",
      "target_node": "P06",
      "belief_type": "strategy",
      "confidence": 0.1,
      "value": "unknown",
      "timestamp": 20.447761194029777,
      "evidence_count": 0
    },
    "cbd2f3cc-2dba-4906-84e6-473009d1a8a0": {
      "edge_id": "cbd2f3cc-2dba-4906-84e6-473009d1a8a0",
      "source_node": "BSE_ASSET",
      "target_node": "P06",
      "belief_type": "valuation",
      "confidence": 0.1,
      "value": 124,
      "timestamp": 25.522388059701388,
      "evidence_count": 1
    },
    "96fa4722-4b3d-4656-be74-753a00b2918f": {
      "edge_id": "96fa4722-4b3d-4656-be74-753a00b2918f",
      "source_node": "BSE_ASSET",
      "target_node": "P10",
      "belief_type": "strategy",
      "confidence": 0.1,
      "value": "unknown",
      "timestamp": 25.522388059701388,
      "evidence_count": 0
    },
    "a0ed458c-ce1b-43ca-9185-f0f3e1ff99ce": {
      "edge_id": "a0ed458c-ce1b-43ca-9185-f0f3e1ff99ce",
      "source_node": "BSE_ASSET",
      "target_node": "P10",
      "belief_type": "valuation",
      "confidence": 0.1,
      "value": 124,
      "timestamp": 25.522388059701388,
      "evidence_count": 1
    },
    "8d929001-616d-4273-a29e-30dfbc43ea4f": {
      "edge_id": "8d929001-616d-4273-a29e-30dfbc43ea4f",
      "source_node": "BSE_ASSET",
      "target_node": "B01",
      "belief_type": "strategy",
      "confidence": 0.1,
      "value": "unknown",
      "timestamp": 25.522388059701388,
      "evidence_count": 0
    },
    "7d7390bf-63e4-4c4c-ba65-93759acec8f5": {
      "edge_id": "7d7390bf-63e4-4c4c-ba65-93759acec8f5",
      "source_node": "BSE_ASSET",
      "target_node": "B01",
      "belief_type": "valuation",
      "confidence": 0.1,
      "value": 91,
      "timestamp": 25.522388059701388,
      "evidence_count": 1
    },
    "e4bbb916-d18b-463c-a274-47d9a8d086fd": {
      "edge_id": "e4bbb916-d18b-463c-a274-47d9a8d086fd",
      "source_node": "BSE_ASSET",
      "target_node": "S14",
      "belief_type": "strategy",
      "confidence": 0.1,
      "value": "unknown",
      "timestamp": 25.522388059701388,
      "evidence_count": 0
    },
    "10ae3379-d0d8-4894-9706-1a20f6f77ef9": {
      "edge_id": "10ae3379-d0d8-4894-9706-1a20f6f77ef9",
      "source_node": "BSE_ASSET",
      "target_node": "S14",
      "belief_type": "valuation",
      "confidence": 0.1,
      "value": 133,
      "timestamp": 25.522388059701388,
      "evidence_count": 1
    },
    "f79785a1-15f5-4674-a926-fb186a4f7f60": {
      "edge_id": "f79785a1-15f5-4674-a926-fb186a4f7f60",
      "source_node": "BSE_ASSET",
      "target_node": "S00",
      "belief_type": "strategy",
      "confidence": 0.1,
      "value": "unknown",
      "timestamp": 25.522388059701388,
      "evidence_count": 0
    },
    "253dd158-9ce1-43df-bad6-e768b52d8b3b": {
      "edge_id": "253dd158-9ce1-43df-bad6-e768b52d8b3b",
      "source_node": "BSE_ASSET",
      "target_node": "S00",
      "belief_type": "valuation",
      "confidence": 0.1,
      "value": 143,
      "timestamp": 25.522388059701388,
      "evidence_count": 1
    },
    "284a3e9b-dbb4-40cf-a552-42986911616c": {
      "edge_id": "284a3e9b-dbb4-40cf-a552-42986911616c",
      "source_node": "BSE_ASSET",
      "target_node": "S22",
      "belief_type": "strategy",
      "confidence": 0.1,
      "value": "unknown",
      "timestamp": 25.522388059701388,
      "evidence_count": 0
    },
    "53a7ec07-3a45-455f-bd7e-06554f152cc2": {
      "edge_id": "53a7ec07-3a45-455f-bd7e-06554f152cc2",
      "source_node": "BSE_ASSET",
      "target_node": "S22",
      "belief_type": "valuation",
      "confidence": 0.1,
      "value": 152,
      "timestamp": 25.522388059701388,
      "evidence_count": 1
    },
    "1d0bff74-1afb-4c46-9a9e-4eab76461737": {
      "edge_id": "1d0bff74-1afb-4c46-9a9e-4eab76461737",
      "source_node": "BSE_ASSET",
      "target_node": "S19",
      "belief_type": "strategy",
      "confidence": 0.1,
      "value": "unknown",
      "timestamp": 25.522388059701388,
      "evidence_count": 0
    },
    "c9f07f41-d7d7-47c9-a9c6-61bc1aa78d01": {
      "edge_id": "c9f07f41-d7d7-47c9-a9c6-61bc1aa78d01",
      "source_node": "BSE_ASSET",
      "target_node": "S19",
      "belief_type": "valuation",
      "confidence": 0.1,
      "value": 172,
      "timestamp": 25.522388059701388,
      "evidence_count": 1
    },
    "db1cf86f-4854-4d97-9ae1-523247884cd4": {
      "edge_id": "db1cf86f-4854-4d97-9ae1-523247884cd4",
      "source_node": "BSE_ASSET",
      "target_node": "S13",
      "belief_type": "strategy",
      "confidence": 0.1,
      "value": "unknown",
      "timestamp": 25.522388059701388,
      "evidence_count": 0
    },
    "14a8b9cd-d6f6-42ee-9bb7-7dcd6fdafba4": {
      "edge_id": "14a8b9cd-d6f6-42ee-9bb7-7dcd6fdafba4",
      "source_node": "BSE_ASSET",
      "target_node": "S13",
      "belief_type": "valuation",
      "confidence": 0.1,
      "value": 175,
      "timestamp": 25.522388059701388,
      "evidence_count": 1
    }
  },
  "event_history": [
    {
      "event_id": "ask_P08_15.373134328358166",
      "event_type": "ask",
      "timestamp": 15.373134328358166,
      "agent_id": "P08",
      "price": 130,
      "quantity": 1,
      "counterparty_id": null,
      "order_id": null
    },
    {
      "event_id": "ask_P18_15.373134328358166",
      "event_type": "ask",
      "timestamp": 15.373134328358166,
      "agent_id": "P18",
      "price": 130,
      "quantity": 1,
      "counterparty_id": null,
      "order_id": null
    },
    {
      "event_id": "ask_S20_15.373134328358166",
      "event_type": "ask",
      "timestamp": 15.373134328358166,
      "agent_id": "S20",
      "price": 136,
      "quantity": 1,
      "counterparty_id": null,
      "order_id": null
    },
    {
      "event_id": "ask_S12_15.373134328358166",
      "event_type": "ask",
      "timestamp": 15.373134328358166,
      "agent_id": "S12",
      "price": 144,
      "quantity": 1,
      "counterparty_id": null,
      "order_id": null
    },
    {
      "event_id": "ask_S07_15.373134328358166",
      "event_type": "ask",
      "timestamp": 15.373134328358166,
      "agent_id": "S07",
      "price": 498,
      "quantity": 1,
      "counterparty_id": null,
      "order_id": null
    },
    {
      "event_id": "bid_P16_20.447761194029777",
      "event_type": "bid",
      "timestamp": 20.447761194029777,
      "agent_id": "P16",
      "price": 124,
      "quantity": 1,
      "counterparty_id": null,
      "order_id": null
    },
    {
      "event_id": "bid_P13_20.447761194029777",
      "event_type": "bid",
      "timestamp": 20.447761194029777,
      "agent_id": "P13",
      "price": 124,
      "quantity": 1,
      "counterparty_id": null,
      "order_id": null
    },
    {
      "event_id": "bid_P19_20.447761194029777",
      "event_type": "bid",
      "timestamp": 20.447761194029777,
      "agent_id": "P19",
      "price": 124,
      "quantity": 1,
      "counterparty_id": null,
      "order_id": null
    },
    {
      "event_id": "bid_P07_20.447761194029777",
      "event_type": "bid",
      "timestamp": 20.447761194029777,
      "agent_id": "P07",
      "price": 120,
      "quantity": 1,
      "counterparty_id": null,
      "order_id": null
    },
    {
      "event_id": "bid_B15_20.447761194029777",
      "event_type": "bid",
      "timestamp": 20.447761194029777,
      "agent_id": "B15",
      "price": 120,
      "quantity": 1,
      "counterparty_id": null,
      "order_id": null
    },
    {
      "event_id": "bid_B10_20.447761194029777",
      "event_type": "bid",
      "timestamp": 20.447761194029777,
      "agent_id": "B10",
      "price": 117,
      "quantity": 1,
      "counterparty_id": null,
      "order_id": null
    },
    {
      "event_id": "bid_B21_20.447761194029777",
      "event_type": "bid",
      "timestamp": 20.447761194029777,
      "agent_id": "B21",
      "price": 115,
      "quantity": 1,
      "counterparty_id": null,
      "order_id": null
    },
    {
      "event_id": "bid_B08_20.447761194029777",
      "event_type": "bid",
      "timestamp": 20.447761194029777,
      "agent_id": "B08",
      "price": 113,
      "quantity": 1,
      "counterparty_id": null,
      "order_id": null
    },
    {
      "event_id": "bid_B06_20.447761194029777",
      "event_type": "bid",
      "timestamp": 20.447761194029777,
      "agent_id": "B06",
      "price": 112,
      "quantity": 1,
      "counterparty_id": null,
      "order_id": null
    },
    {
      "event_id": "bid_B13_20.447761194029777",
      "event_type": "bid",
      "timestamp": 20.447761194029777,
      "agent_id": "B13",
      "price": 110,
      "quantity": 1,
      "counterparty_id": null,
      "order_id": null
    },
    {
      "event_id": "bid_B02_20.447761194029777",
      "event_type": "bid",
      "timestamp": 20.447761194029777,
      "agent_id": "B02",
      "price": 108,
      "quantity": 1,
      "counterparty_id": null,
      "order_id": null
    },
    {
      "event_id": "bid_B14_20.447761194029777",
      "event_type": "bid",
      "timestamp": 20.447761194029777,
      "agent_id": "B14",
      "price": 107,
      "quantity": 1,
      "counterparty_id": null,
      "order_id": null
    },
    {
      "event_id": "bid_B18_20.447761194029777",
      "event_type": "bid",
      "timestamp": 20.447761194029777,
      "agent_id": "B18",
      "price": 100,
      "quantity": 1,
      "counterparty_id": null,
      "order_id": null
    },
    {
      "event_id": "bid_B05_20.447761194029777",
      "event_type": "bid",
      "timestamp": 20.447761194029777,
      "agent_id": "B05",
      "price": 93,
      "quantity": 1,
      "counterparty_id": null,
      "order_id": null
    },
    {
      "event_id": "ask_S15_20.447761194029777",
      "event_type": "ask",
      "timestamp": 20.447761194029777,
      "agent_id": "S15",
      "price": 127,
      "quantity": 1,
      "counterparty_id": null,
      "order_id": null
    },
    {
      "event_id": "ask_P01_20.447761194029777",
      "event_type": "ask",
      "timestamp": 20.447761194029777,
      "agent_id": "P01",
      "price": 127,
      "quantity": 1,
      "counterparty_id": null,
      "order_id": null
    },
    {
      "event_id": "ask_P15_20.447761194029777",
      "event_type": "ask",
      "timestamp": 20.447761194029777,
      "agent_id": "P15",
      "price": 128,
      "quantity": 1,
      "counterparty_id": null,
      "order_id": null
    },
    {
      "event_id": "ask_P02_20.447761194029777",
      "event_type": "ask",
      "timestamp": 20.447761194029777,
      "agent_id": "P02",
      "price": 129,
      "quantity": 1,
      "counterparty_id": null,
      "order_id": null
    },
    {
      "event_id": "ask_P00_20.447761194029777",
      "event_type": "ask",
      "timestamp": 20.447761194029777,
      "agent_id": "P00",
      "price": 129,
      "quantity": 1,
      "counterparty_id": null,
      "order_id": null
    },
    {
      "event_id": "ask_P12_20.447761194029777",
      "event_type": "ask",
      "timestamp": 20.447761194029777,
      "agent_id": "P12",
      "price": 130,
      "quantity": 1,
      "counterparty_id": null,
      "order_id": null
    },
    {
      "event_id": "ask_P08_20.447761194029777",
      "event_type": "ask",
      "timestamp": 20.447761194029777,
      "agent_id": "P08",
      "price": 130,
      "quantity": 1,
      "counterparty_id": null,
      "order_id": null
    },
    {
      "event_id": "ask_P18_20.447761194029777",
      "event_type": "ask",
      "timestamp": 20.447761194029777,
      "agent_id": "P18",
      "price": 130,
      "quantity": 1,
      "counterparty_id": null,
      "order_id": null
    },
    {
      "event_id": "bid_P06_25.522388059701388",
      "event_type": "bid",
      "timestamp": 25.522388059701388,
      "agent_id": "P06",
      "price": 124,
      "quantity": 1,
      "counterparty_id": null,
      "order_id": null
    },
    {
      "event_id": "bid_P10_25.522388059701388",
      "event_type": "bid",
      "timestamp": 25.522388059701388,
      "agent_id": "P10",
      "price": 124,
      "quantity": 1,
      "counterparty_id": null,
      "order_id": null
    },
    {
      "event_id": "bid_B09_25.522388059701388",
      "event_type": "bid",
      "timestamp": 25.522388059701388,
      "agent_id": "B09",
      "price": 121,
      "quantity": 1,
      "counterparty_id": null,
      "order_id": null
    },
    {
      "event_id": "bid_P07_25.522388059701388",
      "event_type": "bid",
      "timestamp": 25.522388059701388,
      "agent_id": "P07",
      "price": 120,
      "quantity": 1,
      "counterparty_id": null,
      "order_id": null
    },
    {
      "event_id": "bid_B14_25.522388059701388",
      "event_type": "bid",
      "timestamp": 25.522388059701388,
      "agent_id": "B14",
      "price": 120,
      "quantity": 1,
      "counterparty_id": null,
      "order_id": null
    },
    {
      "event_id": "bid_B10_25.522388059701388",
      "event_type": "bid",
      "timestamp": 25.522388059701388,
      "agent_id": "B10",
      "price": 117,
      "quantity": 1,
      "counterparty_id": null,
      "order_id": null
    },
    {
      "event_id": "bid_B08_25.522388059701388",
      "event_type": "bid",
      "timestamp": 25.522388059701388,
      "agent_id": "B08",
      "price": 113,
      "quantity": 1,
      "counterparty_id": null,
      "order_id": null
    },
    {
      "event_id": "bid_B13_25.522388059701388",
      "event_type": "bid",
      "timestamp": 25.522388059701388,
      "agent_id": "B13",
      "price": 110,
      "quantity": 1,
      "counterparty_id": null,
      "order_id": null
    },
    {
      "event_id": "bid_B02_25.522388059701388",
      "event_type": "bid",
      "timestamp": 25.522388059701388,
      "agent_id": "B02",
      "price": 108,
      "quantity": 1,
      "counterparty_id": null,
      "order_id": null
    },
    {
      "event_id": "bid_B01_25.522388059701388",
      "event_type": "bid",
      "timestamp": 25.522388059701388,
      "agent_id": "B01",
      "price": 91,
      "quantity": 1,
      "counterparty_id": null,
      "order_id": null
    },
    {
      "event_id": "ask_P15_25.522388059701388",
      "event_type": "ask",
      "timestamp": 25.522388059701388,
      "agent_id": "P15",
      "price": 127,
      "quantity": 1,
      "counterparty_id": null,
      "order_id": null
    },
    {
      "event_id": "ask_P01_25.522388059701388",
      "event_type": "ask",
      "timestamp": 25.522388059701388,
      "agent_id": "P01",
      "price": 127,
      "quantity": 1,
      "counterparty_id": null,
      "order_id": null
    },
    {
      "event_id": "ask_P14_25.522388059701388",
      "event_type": "ask",
      "timestamp": 25.522388059701388,
      "agent_id": "P14",
      "price": 127,
      "quantity": 1,
      "counterparty_id": null,
      "order_id": null
    },
    {
      "event_id": "ask_P02_25.522388059701388",
      "event_type": "ask",
      "timestamp": 25.522388059701388,
      "agent_id": "P02",
      "price": 129,
      "quantity": 1,
      "counterparty_id": null,
      "order_id": null
    },
    {
      "event_id": "ask_P12_25.522388059701388",
      "event_type": "ask",
      "timestamp": 25.522388059701388,
      "agent_id": "P12",
      "price": 130,
      "quantity": 1,
      "counterparty_id": null,
      "order_id": null
    },
    {
      "event_id": "ask_P08_25.522388059701388",
      "event_type": "ask",
      "timestamp": 25.522388059701388,
      "agent_id": "P08",
      "price": 130,
      "quantity": 1,
      "counterparty_id": null,
      "order_id": null
    },
    {
      "event_id": "ask_P18_25.522388059701388",
      "event_type": "ask",
      "timestamp": 25.522388059701388,
      "agent_id": "P18",
      "price": 130,
      "quantity": 1,
      "counterparty_id": null,
      "order_id": null
    },
    {
      "event_id": "ask_S04_25.522388059701388",
      "event_type": "ask",
      "timestamp": 25.522388059701388,
      "agent_id": "S04",
      "price": 132,
      "quantity": 1,
      "counterparty_id": null,
      "order_id": null
    },
    {
      "event_id": "ask_S14_25.522388059701388",
      "event_type": "ask",
      "timestamp": 25.522388059701388,
      "agent_id": "S14",
      "price": 133,
      "quantity": 1,
      "counterparty_id": null,
      "order_id": null
    },
    {
      "event_id": "ask_S00_25.522388059701388",
      "event_type": "ask",
      "timestamp": 25.522388059701388,
      "agent_id": "S00",
      "price": 143,
      "quantity": 1,
      "counterparty_id": null,
      "order_id": null
    },
    {
      "event_id": "ask_S22_25.522388059701388",
      "event_type": "ask",
      "timestamp": 25.522388059701388,
      "agent_id": "S22",
      "price": 152,
      "quantity": 1,
      "counterparty_id": null,
      "order_id": null
    },
    {
      "event_id": "ask_S19_25.522388059701388",
      "event_type": "ask",
      "timestamp": 25.522388059701388,
      "agent_id": "S19",
      "price": 172,
      "quantity": 1,
      "counterparty_id": null,
      "order_id": null
    },
    {
      "event_id": "ask_S13_25.522388059701388",
      "event_type": "ask",
      "timestamp": 25.522388059701388,
      "agent_id": "S13",
      "price": 175,
      "quantity": 1,
      "counterparty_id": null,
      "order_id": null
    }
  ]
}
2025-10-10 18:26:37 | HM_JSON_NOCOT_P18 | ================================================================================
2025-10-10 18:26:37 | HM_JSON_NOCOT_P18 | [AGENTS-TRACKED] Currently tracking 47 agents: ['P18', 'P17', 'P02', 'P01', 'P08', 'P07', 'B11', 'B19', 'S06', 'S02', 'S07', 'P20', 'B13', 'B05', 'B02', 'B07', 'B09', 'B04', 'S03', 'S12', 'S20', 'P14', 'P09', 'B06', 'B20', 'B10', 'S04', 'P12', 'P16', 'P13', 'P19', 'B15', 'B21', 'B08', 'B14', 'B18', 'S15', 'P15', 'P00', 'P06', 'P10', 'B01', 'S14', 'S00', 'S22', 'S19', 'S13']
2025-10-10 18:33:57 | HM_JSON_NOCOT_P18 | [GETORDER] Called at time 26.3, job=Buy, balance=$500
2025-10-10 18:33:57 | HM_JSON_NOCOT_P18 | === LLM PROMPT AT TIME 26.2686567164178 ===
2025-10-10 18:33:57 | HM_JSON_NOCOT_P18 | ================================================================================
2025-10-10 18:33:57 | HM_JSON_NOCOT_P18 | 
You are a proprietary trader looking to BUY a unit.

MARKET DATA:
Time: 26.3
Best Bid: 124
Best Ask: 126
Spread: 2
Recent prices: [124, 127, 124, 124, 124]
Average recent price: $124.6

MY CURRENT STATE:
Balance: $500
Current job: Buy
Inventory: 0 units
Last purchase price: $None
Number of completed trades: 0



MARKET EDUCATION:
- Price ranges typically between $1-$500 in this market
- The market operates as a continuous double auction with a limit order book
- Orders are matched when bid prices meet or exceed ask prices
- You can place BID orders (to buy) or ASK orders (to sell)

HOW ORDER BOOKS WORK:
- To BUY: Place a BID order at your desired price
  - If sellers exist at/below your bid price → immediate execution
  - If no sellers at your price → your bid waits on the order book
  - Higher bids are more likely to execute quickly

- To SELL: Place an ASK order at your desired price
  - If buyers exist at/above your ask price → immediate execution
  - If no buyers at your price → your ask waits on the order book
  - Lower asks are more likely to execute quickly

TRADING PRINCIPLES:
- "Buy low, sell high" means buying below recent average prices when possible
- Risk management: avoid spending your entire balance on one trade
- Learn from history: if recent trades lost money, consider what went wrong
- Liquidity: sometimes waiting for better prices is smarter than forcing trades
- Analyze other traders' activity patterns and draw your own conclusions



BELIEF GRAPH INSIGHTS (JSON Format):
The belief graph tracks your understanding of market dynamics and other agents' strategies.

Current belief graph state:
{
  "tracked_agents": [
    "P18",
    "P17",
    "P02",
    "P01",
    "P08",
    "P07",
    "B11",
    "B19",
    "S06",
    "S02",
    "S07",
    "P20",
    "B13",
    "B05",
    "B02",
    "B07",
    "B09",
    "B04",
    "S03",
    "S12",
    "S20",
    "P14",
    "P09",
    "B06",
    "B20",
    "B10",
    "S04",
    "P12",
    "P16",
    "P13",
    "P19",
    "B15",
    "B21",
    "B08",
    "B14",
    "B18",
    "S15",
    "P15",
    "P00",
    "P06",
    "P10",
    "B01",
    "S14",
    "S00",
    "S22",
    "S19",
    "S13"
  ],
  "opponent_hypotheses_count": 0,
  "good_hypotheses_count": 0,
  "good_hypotheses": [],
  "market_sentiment": "active",
  "my_attributes": {
    "aggressiveness": 0.6,
    "learning_rate": 0.6,
    "hypothesis_threshold": 0.3,
    "exploration_rate": 0.5,
    "adaptability": 0.7,
    "strategic_depth": 0.8
  }
}

Key elements:
- "aggressiveness_scores": How aggressive each agent is in their trading (0-1 scale)
- "strategy_beliefs": What strategies you believe other agents are following
- "market_sentiment": Overall market direction and momentum
- "risk_assessment": Current market risk level
- "confidence_scores": How confident you are in your beliefs about each agent

Use this structured data to inform your trading decisions.


GRAPH QUALITY: BASIC
You have limited information about market participants.
Belief graph data is based on observations and may contain uncertainties.


CURRENT SITUATION: You currently have NO INVENTORY and are looking to BUY a unit.

YOUR GOAL: Make a profitable trade. End with MORE money than you started with.



Respond with ONLY:
"BUY [exact_price]" - to place a bid at that price
"WAIT" - to wait for better conditions


Respond ONLY with your decision. No explanation needed.


2025-10-10 18:33:57 | HM_JSON_NOCOT_P18 | ================================================================================
2025-10-10 18:33:57 | HM_JSON_NOCOT_P18 | === RAW LLM RESPONSE ===
2025-10-10 18:33:57 | HM_JSON_NOCOT_P18 | BUY 124
2025-10-10 18:33:57 | HM_JSON_NOCOT_P18 | ================================================================================
2025-10-10 18:33:57 | HM_JSON_NOCOT_P18 | === PARSED DECISION ===
2025-10-10 18:33:57 | HM_JSON_NOCOT_P18 | Action: BUY
2025-10-10 18:33:57 | HM_JSON_NOCOT_P18 | Price: 124
2025-10-10 18:33:57 | HM_JSON_NOCOT_P18 | Reasoning: BUY 124
2025-10-10 18:33:57 | HM_JSON_NOCOT_P18 | Current Job: Buy
2025-10-10 18:33:57 | HM_JSON_NOCOT_P18 | Balance: $500.00
2025-10-10 18:33:57 | HM_JSON_NOCOT_P18 | Inventory: 0
2025-10-10 18:34:02 | HM_JSON_NOCOT_P18 | TRADE: BOUGHT at $124.00 | Balance: $500.00 | Next job: Sell
2025-10-10 18:34:02 | HM_JSON_NOCOT_P18 | [GETORDER] Called at time 28.4, job=Sell, balance=$500
2025-10-10 18:34:02 | HM_JSON_NOCOT_P18 | === LLM PROMPT AT TIME 28.35820895522376 ===
2025-10-10 18:34:02 | HM_JSON_NOCOT_P18 | ================================================================================
2025-10-10 18:34:02 | HM_JSON_NOCOT_P18 | 
You are a proprietary trader looking to SELL a unit.

MARKET DATA:
Time: 28.4
Best Bid: 124
Best Ask: 127
Spread: 3
Recent prices: [125, 124, 124, 125, 124]
Average recent price: $124.4

MY CURRENT STATE:
Balance: $500
Current job: Sell
Inventory: 1 units
Last purchase price: $124
Number of completed trades: 1



MARKET EDUCATION:
- Price ranges typically between $1-$500 in this market
- The market operates as a continuous double auction with a limit order book
- Orders are matched when bid prices meet or exceed ask prices
- You can place BID orders (to buy) or ASK orders (to sell)

HOW ORDER BOOKS WORK:
- To BUY: Place a BID order at your desired price
  - If sellers exist at/below your bid price → immediate execution
  - If no sellers at your price → your bid waits on the order book
  - Higher bids are more likely to execute quickly

- To SELL: Place an ASK order at your desired price
  - If buyers exist at/above your ask price → immediate execution
  - If no buyers at your price → your ask waits on the order book
  - Lower asks are more likely to execute quickly

TRADING PRINCIPLES:
- "Buy low, sell high" means buying below recent average prices when possible
- Risk management: avoid spending your entire balance on one trade
- Learn from history: if recent trades lost money, consider what went wrong
- Liquidity: sometimes waiting for better prices is smarter than forcing trades
- Analyze other traders' activity patterns and draw your own conclusions



BELIEF GRAPH INSIGHTS (JSON Format):
The belief graph tracks your understanding of market dynamics and other agents' strategies.

Current belief graph state:
{
  "tracked_agents": [
    "P18",
    "P17",
    "P02",
    "P01",
    "P08",
    "P07",
    "B11",
    "B19",
    "S06",
    "S02",
    "S07",
    "P20",
    "B13",
    "B05",
    "B02",
    "B07",
    "B09",
    "B04",
    "S03",
    "S12",
    "S20",
    "P14",
    "P09",
    "B06",
    "B20",
    "B10",
    "S04",
    "P12",
    "P16",
    "P13",
    "P19",
    "B15",
    "B21",
    "B08",
    "B14",
    "B18",
    "S15",
    "P15",
    "P00",
    "P06",
    "P10",
    "B01",
    "S14",
    "S00",
    "S22",
    "S19",
    "S13"
  ],
  "opponent_hypotheses_count": 0,
  "good_hypotheses_count": 0,
  "good_hypotheses": [],
  "market_sentiment": "active",
  "my_attributes": {
    "aggressiveness": 0.6,
    "learning_rate": 0.6,
    "hypothesis_threshold": 0.3,
    "exploration_rate": 0.5,
    "adaptability": 0.7,
    "strategic_depth": 0.8
  }
}

Key elements:
- "aggressiveness_scores": How aggressive each agent is in their trading (0-1 scale)
- "strategy_beliefs": What strategies you believe other agents are following
- "market_sentiment": Overall market direction and momentum
- "risk_assessment": Current market risk level
- "confidence_scores": How confident you are in your beliefs about each agent

Use this structured data to inform your trading decisions.


GRAPH QUALITY: BASIC
You have limited information about market participants.
Belief graph data is based on observations and may contain uncertainties.


CURRENT SITUATION: You are holding 1 unit that you bought for $124. You need to SELL it.

PROFIT/LOSS ANALYSIS:
- You bought at: $124
- Break-even price: $124
- To profit: sell above $124

YOUR GOAL: Make a profitable trade. Sell for more than you paid.



Respond with ONLY:
"SELL [exact_price]" - to place an ask at that price
"WAIT" - to wait for better conditions


Respond ONLY with your decision. No explanation needed.


2025-10-10 18:34:02 | HM_JSON_NOCOT_P18 | ================================================================================
2025-10-10 18:34:03 | HM_JSON_NOCOT_P18 | === RAW LLM RESPONSE ===
2025-10-10 18:34:03 | HM_JSON_NOCOT_P18 | SELL 126
2025-10-10 18:34:03 | HM_JSON_NOCOT_P18 | ================================================================================
2025-10-10 18:34:03 | HM_JSON_NOCOT_P18 | === PARSED DECISION ===
2025-10-10 18:34:03 | HM_JSON_NOCOT_P18 | Action: SELL
2025-10-10 18:34:03 | HM_JSON_NOCOT_P18 | Price: 126
2025-10-10 18:34:03 | HM_JSON_NOCOT_P18 | Reasoning: SELL 126
2025-10-10 18:34:03 | HM_JSON_NOCOT_P18 | Current Job: Sell
2025-10-10 18:34:03 | HM_JSON_NOCOT_P18 | Balance: $500.00
2025-10-10 18:34:03 | HM_JSON_NOCOT_P18 | Inventory: 1
2025-10-10 18:34:04 | HM_JSON_NOCOT_P18 | TRADE: SOLD at $126.00 | Profit: $2.00 | Total Profit: $2.00 | Balance: $502.00
2025-10-10 18:35:44 | HM_JSON_NOCOT_P18 | [BELIEF-THROTTLE] P05: Running belief graph update at time 30.6
2025-10-10 18:35:44 | HM_JSON_NOCOT_P18 | [UPDATE-SUMMARY] Processed 23 market events at time 30.6
2025-10-10 18:35:44 | HM_JSON_NOCOT_P18 | === BELIEF GRAPH STATE AT TIME 30.6 ===
2025-10-10 18:35:44 | HM_JSON_NOCOT_P18 | {
  "graph_id": "ef1f0310-0336-452d-b267-16d556180f54",
  "asset_id": "BSE_ASSET",
  "current_time": 30.597014925373,
  "nodes": {
    "BSE_ASSET": {
      "asset_id": "BSE_ASSET",
      "node_type": "asset",
      "current_best_bid": null,
      "current_best_ask": null,
      "last_trade_price": null,
      "volume_traded": 0,
      "price_volatility": 0.0,
      "spread_width": null,
      "market_depth_bid": 0,
      "market_depth_ask": 0
    },
    "P18": {
      "agent_id": "P18",
      "node_type": "agent",
      "last_bid_price": null,
      "last_ask_price": 130,
      "last_trade_price": null,
      "total_trades": 0,
      "total_volume": 0,
      "strategy_type": "Hypothetical-Minds",
      "inferred_valuation": 130.0,
      "valuation_confidence": 0.4,
      "aggressiveness_score": 0.6,
      "last_activity": 30.597014925373
    },
    "P17": {
      "agent_id": "P17",
      "node_type": "agent",
      "last_bid_price": 130,
      "last_ask_price": null,
      "last_trade_price": null,
      "total_trades": 0,
      "total_volume": 0,
      "strategy_type": null,
      "inferred_valuation": 130,
      "valuation_confidence": 0.1,
      "aggressiveness_score": 0.0,
      "last_activity": 5.074626865671641
    },
    "P02": {
      "agent_id": "P02",
      "node_type": "agent",
      "last_bid_price": 128,
      "last_ask_price": 129,
      "last_trade_price": null,
      "total_trades": 0,
      "total_volume": 0,
      "strategy_type": null,
      "inferred_valuation": 128.7599,
      "valuation_confidence": 0.5,
      "aggressiveness_score": 0.0,
      "last_activity": 30.597014925373
    },
    "P01": {
      "agent_id": "P01",
      "node_type": "agent",
      "last_bid_price": 128,
      "last_ask_price": 127,
      "last_trade_price": null,
      "total_trades": 0,
      "total_volume": 0,
      "strategy_type": null,
      "inferred_valuation": 127.34299999999999,
      "valuation_confidence": 0.4,
      "aggressiveness_score": 0.0,
      "last_activity": 30.597014925373
    },
    "P08": {
      "agent_id": "P08",
      "node_type": "agent",
      "last_bid_price": 127,
      "last_ask_price": 130,
      "last_trade_price": null,
      "total_trades": 0,
      "total_volume": 0,
      "strategy_type": null,
      "inferred_valuation": 129.2797,
      "valuation_confidence": 0.5,
      "aggressiveness_score": 0.0,
      "last_activity": 30.597014925373
    },
    "P07": {
      "agent_id": "P07",
      "node_type": "agent",
      "last_bid_price": 120,
      "last_ask_price": null,
      "last_trade_price": null,
      "total_trades": 0,
      "total_volume": 0,
      "strategy_type": null,
      "inferred_valuation": 120.0,
      "valuation_confidence": 0.6,
      "aggressiveness_score": 0.0,
      "last_activity": 30.597014925373
    },
    "B11": {
      "agent_id": "B11",
      "node_type": "agent",
      "last_bid_price": 111,
      "last_ask_price": null,
      "last_trade_price": null,
      "total_trades": 0,
      "total_volume": 0,
      "strategy_type": null,
      "inferred_valuation": 110.99999999999999,
      "valuation_confidence": 0.2,
      "aggressiveness_score": 0.0,
      "last_activity": 10.298507462686555
    },
    "B19": {
      "agent_id": "B19",
      "node_type": "agent",
      "last_bid_price": 124,
      "last_ask_price": null,
      "last_trade_price": null,
      "total_trades": 0,
      "total_volume": 0,
      "strategy_type": null,
      "inferred_valuation": 114.19999999999999,
      "valuation_confidence": 0.2,
      "aggressiveness_score": 0.0,
      "last_activity": 10.298507462686555
    },
    "S06": {
      "agent_id": "S06",
      "node_type": "agent",
      "last_bid_price": null,
      "last_ask_price": 132,
      "last_trade_price": null,
      "total_trades": 0,
      "total_volume": 0,
      "strategy_type": null,
      "inferred_valuation": 132,
      "valuation_confidence": 0.1,
      "aggressiveness_score": 0.0,
      "last_activity": 5.074626865671641
    },
    "S02": {
      "agent_id": "S02",
      "node_type": "agent",
      "last_bid_price": null,
      "last_ask_price": 129,
      "last_trade_price": null,
      "total_trades": 0,
      "total_volume": 0,
      "strategy_type": null,
      "inferred_valuation": 131.58999999999997,
      "valuation_confidence": 0.30000000000000004,
      "aggressiveness_score": 0.0,
      "last_activity": 15.373134328358166
    },
    "S07": {
      "agent_id": "S07",
      "node_type": "agent",
      "last_bid_price": null,
      "last_ask_price": 498,
      "last_trade_price": null,
      "total_trades": 0,
      "total_volume": 0,
      "strategy_type": null,
      "inferred_valuation": 397.05999999999995,
      "valuation_confidence": 0.30000000000000004,
      "aggressiveness_score": 0.0,
      "last_activity": 15.373134328358166
    },
    "P20": {
      "agent_id": "P20",
      "node_type": "agent",
      "last_bid_price": 124,
      "last_ask_price": null,
      "last_trade_price": null,
      "total_trades": 0,
      "total_volume": 0,
      "strategy_type": null,
      "inferred_valuation": 124.0,
      "valuation_confidence": 0.2,
      "aggressiveness_score": 0.0,
      "last_activity": 15.373134328358166
    },
    "B13": {
      "agent_id": "B13",
      "node_type": "agent",
      "last_bid_price": 110,
      "last_ask_price": null,
      "last_trade_price": null,
      "total_trades": 0,
      "total_volume": 0,
      "strategy_type": null,
      "inferred_valuation": 105.1,
      "valuation_confidence": 0.4,
      "aggressiveness_score": 0.0,
      "last_activity": 25.522388059701388
    },
    "B05": {
      "agent_id": "B05",
      "node_type": "agent",
      "last_bid_price": 93,
      "last_ask_price": null,
      "last_trade_price": null,
      "total_trades": 0,
      "total_volume": 0,
      "strategy_type": null,
      "inferred_valuation": 95.94,
      "valuation_confidence": 0.30000000000000004,
      "aggressiveness_score": 0.0,
      "last_activity": 20.447761194029777
    },
    "B02": {
      "agent_id": "B02",
      "node_type": "agent",
      "last_bid_price": 108,
      "last_ask_price": null,
      "last_trade_price": null,
      "total_trades": 0,
      "total_volume": 0,
      "strategy_type": null,
      "inferred_valuation": 94.329,
      "valuation_confidence": 0.4,
      "aggressiveness_score": 0.0,
      "last_activity": 25.522388059701388
    },
    "B07": {
      "agent_id": "B07",
      "node_type": "agent",
      "last_bid_price": 98,
      "last_ask_price": null,
      "last_trade_price": null,
      "total_trades": 0,
      "total_volume": 0,
      "strategy_type": null,
      "inferred_valuation": 98.0,
      "valuation_confidence": 0.2,
      "aggressiveness_score": 0.0,
      "last_activity": 15.373134328358166
    },
    "B09": {
      "agent_id": "B09",
      "node_type": "agent",
      "last_bid_price": 121,
      "last_ask_price": null,
      "last_trade_price": null,
      "total_trades": 0,
      "total_volume": 0,
      "strategy_type": null,
      "inferred_valuation": 101.88999999999999,
      "valuation_confidence": 0.30000000000000004,
      "aggressiveness_score": 0.0,
      "last_activity": 30.597014925373
    },
    "B04": {
      "agent_id": "B04",
      "node_type": "agent",
      "last_bid_price": 82,
      "last_ask_price": null,
      "last_trade_price": null,
      "total_trades": 0,
      "total_volume": 0,
      "strategy_type": null,
      "inferred_valuation": 82.0,
      "valuation_confidence": 0.2,
      "aggressiveness_score": 0.0,
      "last_activity": 15.373134328358166
    },
    "S03": {
      "agent_id": "S03",
      "node_type": "agent",
      "last_bid_price": null,
      "last_ask_price": 130,
      "last_trade_price": null,
      "total_trades": 0,
      "total_volume": 0,
      "strategy_type": null,
      "inferred_valuation": 130,
      "valuation_confidence": 0.1,
      "aggressiveness_score": 0.0,
      "last_activity": 10.298507462686555
    },
    "S12": {
      "agent_id": "S12",
      "node_type": "agent",
      "last_bid_price": null,
      "last_ask_price": 144,
      "last_trade_price": null,
      "total_trades": 0,
      "total_volume": 0,
      "strategy_type": null,
      "inferred_valuation": 144.0,
      "valuation_confidence": 0.2,
      "aggressiveness_score": 0.0,
      "last_activity": 15.373134328358166
    },
    "S20": {
      "agent_id": "S20",
      "node_type": "agent",
      "last_bid_price": null,
      "last_ask_price": 180,
      "last_trade_price": null,
      "total_trades": 0,
      "total_volume": 0,
      "strategy_type": null,
      "inferred_valuation": 155.07999999999998,
      "valuation_confidence": 0.30000000000000004,
      "aggressiveness_score": 0.0,
      "last_activity": 30.597014925373
    },
    "P14": {
      "agent_id": "P14",
      "node_type": "agent",
      "last_bid_price": 124,
      "last_ask_price": 127,
      "last_trade_price": null,
      "total_trades": 0,
      "total_volume": 0,
      "strategy_type": null,
      "inferred_valuation": 125.53,
      "valuation_confidence": 0.30000000000000004,
      "aggressiveness_score": 0.0,
      "last_activity": 30.597014925373
    },
    "P09": {
      "agent_id": "P09",
      "node_type": "agent",
      "last_bid_price": 124,
      "last_ask_price": null,
      "last_trade_price": null,
      "total_trades": 0,
      "total_volume": 0,
      "strategy_type": null,
      "inferred_valuation": 124,
      "valuation_confidence": 0.1,
      "aggressiveness_score": 0.0,
      "last_activity": 15.373134328358166
    },
    "B06": {
      "agent_id": "B06",
      "node_type": "agent",
      "last_bid_price": 112,
      "last_ask_price": null,
      "last_trade_price": null,
      "total_trades": 0,
      "total_volume": 0,
      "strategy_type": null,
      "inferred_valuation": 112.0,
      "valuation_confidence": 0.2,
      "aggressiveness_score": 0.0,
      "last_activity": 20.447761194029777
    },
    "B20": {
      "agent_id": "B20",
      "node_type": "agent",
      "last_bid_price": 100,
      "last_ask_price": null,
      "last_trade_price": null,
      "total_trades": 0,
      "total_volume": 0,
      "strategy_type": null,
      "inferred_valuation": 100,
      "valuation_confidence": 0.1,
      "aggressiveness_score": 0.0,
      "last_activity": 15.373134328358166
    },
    "B10": {
      "agent_id": "B10",
      "node_type": "agent",
      "last_bid_price": 117,
      "last_ask_price": null,
      "last_trade_price": null,
      "total_trades": 0,
      "total_volume": 0,
      "strategy_type": null,
      "inferred_valuation": 107.69,
      "valuation_confidence": 0.30000000000000004,
      "aggressiveness_score": 0.0,
      "last_activity": 25.522388059701388
    },
    "S04": {
      "agent_id": "S04",
      "node_type": "agent",
      "last_bid_price": null,
      "last_ask_price": 132,
      "last_trade_price": null,
      "total_trades": 0,
      "total_volume": 0,
      "strategy_type": null,
      "inferred_valuation": 130.53,
      "valuation_confidence": 0.30000000000000004,
      "aggressiveness_score": 0.0,
      "last_activity": 30.597014925373
    },
    "P12": {
      "agent_id": "P12",
      "node_type": "agent",
      "last_bid_price": null,
      "last_ask_price": 130,
      "last_trade_price": null,
      "total_trades": 0,
      "total_volume": 0,
      "strategy_type": null,
      "inferred_valuation": 130.0,
      "valuation_confidence": 0.4,
      "aggressiveness_score": 0.0,
      "last_activity": 30.597014925373
    },
    "P16": {
      "agent_id": "P16",
      "node_type": "agent",
      "last_bid_price": 124,
      "last_ask_price": null,
      "last_trade_price": null,
      "total_trades": 0,
      "total_volume": 0,
      "strategy_type": null,
      "inferred_valuation": 124,
      "valuation_confidence": 0.1,
      "aggressiveness_score": 0.0,
      "last_activity": 20.447761194029777
    },
    "P13": {
      "agent_id": "P13",
      "node_type": "agent",
      "last_bid_price": 124,
      "last_ask_price": null,
      "last_trade_price": null,
      "total_trades": 0,
      "total_volume": 0,
      "strategy_type": null,
      "inferred_valuation": 124,
      "valuation_confidence": 0.1,
      "aggressiveness_score": 0.0,
      "last_activity": 20.447761194029777
    },
    "P19": {
      "agent_id": "P19",
      "node_type": "agent",
      "last_bid_price": 124,
      "last_ask_price": null,
      "last_trade_price": null,
      "total_trades": 0,
      "total_volume": 0,
      "strategy_type": null,
      "inferred_valuation": 124,
      "valuation_confidence": 0.1,
      "aggressiveness_score": 0.0,
      "last_activity": 20.447761194029777
    },
    "B15": {
      "agent_id": "B15",
      "node_type": "agent",
      "last_bid_price": 120,
      "last_ask_price": null,
      "last_trade_price": null,
      "total_trades": 0,
      "total_volume": 0,
      "strategy_type": null,
      "inferred_valuation": 120,
      "valuation_confidence": 0.1,
      "aggressiveness_score": 0.0,
      "last_activity": 20.447761194029777
    },
    "B21": {
      "agent_id": "B21",
      "node_type": "agent",
      "last_bid_price": 120,
      "last_ask_price": null,
      "last_trade_price": null,
      "total_trades": 0,
      "total_volume": 0,
      "strategy_type": null,
      "inferred_valuation": 116.5,
      "valuation_confidence": 0.2,
      "aggressiveness_score": 0.0,
      "last_activity": 30.597014925373
    },
    "B08": {
      "agent_id": "B08",
      "node_type": "agent",
      "last_bid_price": 113,
      "last_ask_price": null,
      "last_trade_price": null,
      "total_trades": 0,
      "total_volume": 0,
      "strategy_type": null,
      "inferred_valuation": 113.0,
      "valuation_confidence": 0.2,
      "aggressiveness_score": 0.0,
      "last_activity": 25.522388059701388
    },
    "B14": {
      "agent_id": "B14",
      "node_type": "agent",
      "last_bid_price": 120,
      "last_ask_price": null,
      "last_trade_price": null,
      "total_trades": 0,
      "total_volume": 0,
      "strategy_type": null,
      "inferred_valuation": 113.63,
      "valuation_confidence": 0.30000000000000004,
      "aggressiveness_score": 0.0,
      "last_activity": 30.597014925373
    },
    "B18": {
      "agent_id": "B18",
      "node_type": "agent",
      "last_bid_price": 100,
      "last_ask_price": null,
      "last_trade_price": null,
      "total_trades": 0,
      "total_volume": 0,
      "strategy_type": null,
      "inferred_valuation": 100,
      "valuation_confidence": 0.1,
      "aggressiveness_score": 0.0,
      "last_activity": 20.447761194029777
    },
    "S15": {
      "agent_id": "S15",
      "node_type": "agent",
      "last_bid_price": null,
      "last_ask_price": 127,
      "last_trade_price": null,
      "total_trades": 0,
      "total_volume": 0,
      "strategy_type": null,
      "inferred_valuation": 127,
      "valuation_confidence": 0.1,
      "aggressiveness_score": 0.0,
      "last_activity": 20.447761194029777
    },
    "P15": {
      "agent_id": "P15",
      "node_type": "agent",
      "last_bid_price": null,
      "last_ask_price": 127,
      "last_trade_price": null,
      "total_trades": 0,
      "total_volume": 0,
      "strategy_type": null,
      "inferred_valuation": 127.48999999999998,
      "valuation_confidence": 0.30000000000000004,
      "aggressiveness_score": 0.0,
      "last_activity": 30.597014925373
    },
    "P00": {
      "agent_id": "P00",
      "node_type": "agent",
      "last_bid_price": null,
      "last_ask_price": 129,
      "last_trade_price": null,
      "total_trades": 0,
      "total_volume": 0,
      "strategy_type": null,
      "inferred_valuation": 129,
      "valuation_confidence": 0.1,
      "aggressiveness_score": 0.0,
      "last_activity": 20.447761194029777
    },
    "P06": {
      "agent_id": "P06",
      "node_type": "agent",
      "last_bid_price": 124,
      "last_ask_price": null,
      "last_trade_price": null,
      "total_trades": 0,
      "total_volume": 0,
      "strategy_type": null,
      "inferred_valuation": 124,
      "valuation_confidence": 0.1,
      "aggressiveness_score": 0.0,
      "last_activity": 25.522388059701388
    },
    "P10": {
      "agent_id": "P10",
      "node_type": "agent",
      "last_bid_price": 124,
      "last_ask_price": null,
      "last_trade_price": null,
      "total_trades": 0,
      "total_volume": 0,
      "strategy_type": null,
      "inferred_valuation": 124,
      "valuation_confidence": 0.1,
      "aggressiveness_score": 0.0,
      "last_activity": 25.522388059701388
    },
    "B01": {
      "agent_id": "B01",
      "node_type": "agent",
      "last_bid_price": 91,
      "last_ask_price": null,
      "last_trade_price": null,
      "total_trades": 0,
      "total_volume": 0,
      "strategy_type": null,
      "inferred_valuation": 91,
      "valuation_confidence": 0.1,
      "aggressiveness_score": 0.0,
      "last_activity": 25.522388059701388
    },
    "S14": {
      "agent_id": "S14",
      "node_type": "agent",
      "last_bid_price": null,
      "last_ask_price": 133,
      "last_trade_price": null,
      "total_trades": 0,
      "total_volume": 0,
      "strategy_type": null,
      "inferred_valuation": 133.0,
      "valuation_confidence": 0.2,
      "aggressiveness_score": 0.0,
      "last_activity": 30.597014925373
    },
    "S00": {
      "agent_id": "S00",
      "node_type": "agent",
      "last_bid_price": null,
      "last_ask_price": 143,
      "last_trade_price": null,
      "total_trades": 0,
      "total_volume": 0,
      "strategy_type": null,
      "inferred_valuation": 143.0,
      "valuation_confidence": 0.2,
      "aggressiveness_score": 0.0,
      "last_activity": 30.597014925373
    },
    "S22": {
      "agent_id": "S22",
      "node_type": "agent",
      "last_bid_price": null,
      "last_ask_price": 146,
      "last_trade_price": null,
      "total_trades": 0,
      "total_volume": 0,
      "strategy_type": null,
      "inferred_valuation": 150.2,
      "valuation_confidence": 0.2,
      "aggressiveness_score": 0.0,
      "last_activity": 30.597014925373
    },
    "S19": {
      "agent_id": "S19",
      "node_type": "agent",
      "last_bid_price": null,
      "last_ask_price": 172,
      "last_trade_price": null,
      "total_trades": 0,
      "total_volume": 0,
      "strategy_type": null,
      "inferred_valuation": 172.0,
      "valuation_confidence": 0.2,
      "aggressiveness_score": 0.0,
      "last_activity": 30.597014925373
    },
    "S13": {
      "agent_id": "S13",
      "node_type": "agent",
      "last_bid_price": null,
      "last_ask_price": 130,
      "last_trade_price": null,
      "total_trades": 0,
      "total_volume": 0,
      "strategy_type": null,
      "inferred_valuation": 161.5,
      "valuation_confidence": 0.2,
      "aggressiveness_score": 0.0,
      "last_activity": 30.597014925373
    },
    "P04": {
      "agent_id": "P04",
      "node_type": "agent",
      "last_bid_price": 124,
      "last_ask_price": null,
      "last_trade_price": null,
      "total_trades": 0,
      "total_volume": 0,
      "strategy_type": null,
      "inferred_valuation": 124,
      "valuation_confidence": 0.1,
      "aggressiveness_score": 0.0,
      "last_activity": 30.597014925373
    },
    "B22": {
      "agent_id": "B22",
      "node_type": "agent",
      "last_bid_price": 112,
      "last_ask_price": null,
      "last_trade_price": null,
      "total_trades": 0,
      "total_volume": 0,
      "strategy_type": null,
      "inferred_valuation": 112,
      "valuation_confidence": 0.1,
      "aggressiveness_score": 0.0,
      "last_activity": 30.597014925373
    },
    "B03": {
      "agent_id": "B03",
      "node_type": "agent",
      "last_bid_price": 103,
      "last_ask_price": null,
      "last_trade_price": null,
      "total_trades": 0,
      "total_volume": 0,
      "strategy_type": null,
      "inferred_valuation": 103,
      "valuation_confidence": 0.1,
      "aggressiveness_score": 0.0,
      "last_activity": 30.597014925373
    },
    "S17": {
      "agent_id": "S17",
      "node_type": "agent",
      "last_bid_price": null,
      "last_ask_price": 127,
      "last_trade_price": null,
      "total_trades": 0,
      "total_volume": 0,
      "strategy_type": null,
      "inferred_valuation": 127,
      "valuation_confidence": 0.1,
      "aggressiveness_score": 0.0,
      "last_activity": 30.597014925373
    },
    "S05": {
      "agent_id": "S05",
      "node_type": "agent",
      "last_bid_price": null,
      "last_ask_price": 138,
      "last_trade_price": null,
      "total_trades": 0,
      "total_volume": 0,
      "strategy_type": null,
      "inferred_valuation": 138,
      "valuation_confidence": 0.1,
      "aggressiveness_score": 0.0,
      "last_activity": 30.597014925373
    }
  },
  "edges": {
    "ffa881fd-05db-4086-8f61-695fbdbf1b61": {
      "edge_id": "ffa881fd-05db-4086-8f61-695fbdbf1b61",
      "source_node": "BSE_ASSET",
      "target_node": "P18",
      "belief_type": "strategy",
      "confidence": 0.1,
      "value": "unknown",
      "timestamp": 0.0,
      "evidence_count": 0
    },
    "bbc9fd10-2175-4589-ac04-2b03ac43682a": {
      "edge_id": "bbc9fd10-2175-4589-ac04-2b03ac43682a",
      "source_node": "BSE_ASSET",
      "target_node": "P18",
      "belief_type": "valuation",
      "confidence": 0.4,
      "value": 130.0,
      "timestamp": 30.597014925373,
      "evidence_count": 4
    },
    "436160d5-2a6d-4b0e-96a0-74cc7fc469b3": {
      "edge_id": "436160d5-2a6d-4b0e-96a0-74cc7fc469b3",
      "source_node": "BSE_ASSET",
      "target_node": "P17",
      "belief_type": "strategy",
      "confidence": 0.1,
      "value": "unknown",
      "timestamp": 0.0,
      "evidence_count": 0
    },
    "307d8b4e-b1e2-4f8d-be3a-957d271d7b97": {
      "edge_id": "307d8b4e-b1e2-4f8d-be3a-957d271d7b97",
      "source_node": "BSE_ASSET",
      "target_node": "P17",
      "belief_type": "valuation",
      "confidence": 0.1,
      "value": 130,
      "timestamp": 5.074626865671641,
      "evidence_count": 1
    },
    "a86af9f0-90b4-4910-81c6-cc0d297210e9": {
      "edge_id": "a86af9f0-90b4-4910-81c6-cc0d297210e9",
      "source_node": "BSE_ASSET",
      "target_node": "P02",
      "belief_type": "strategy",
      "confidence": 0.1,
      "value": "unknown",
      "timestamp": 5.074626865671641,
      "evidence_count": 0
    },
    "3e3c74fd-d94f-4d05-86b9-d6c3626f4cf7": {
      "edge_id": "3e3c74fd-d94f-4d05-86b9-d6c3626f4cf7",
      "source_node": "BSE_ASSET",
      "target_node": "P02",
      "belief_type": "valuation",
      "confidence": 0.5,
      "value": 128.7599,
      "timestamp": 30.597014925373,
      "evidence_count": 5
    },
    "b8493ebd-55fe-4df5-a71f-bf4c82884528": {
      "edge_id": "b8493ebd-55fe-4df5-a71f-bf4c82884528",
      "source_node": "BSE_ASSET",
      "target_node": "P01",
      "belief_type": "strategy",
      "confidence": 0.1,
      "value": "unknown",
      "timestamp": 5.074626865671641,
      "evidence_count": 0
    },
    "a4f44ea0-a39d-4398-b89a-42e718181438": {
      "edge_id": "a4f44ea0-a39d-4398-b89a-42e718181438",
      "source_node": "BSE_ASSET",
      "target_node": "P01",
      "belief_type": "valuation",
      "confidence": 0.4,
      "value": 127.34299999999999,
      "timestamp": 30.597014925373,
      "evidence_count": 4
    },
    "968dd771-c3dd-4f41-bd24-715b926c0794": {
      "edge_id": "968dd771-c3dd-4f41-bd24-715b926c0794",
      "source_node": "BSE_ASSET",
      "target_node": "P08",
      "belief_type": "strategy",
      "confidence": 0.1,
      "value": "unknown",
      "timestamp": 5.074626865671641,
      "evidence_count": 0
    },
    "af889d9d-7654-4dd1-9487-78df9b12f3f4": {
      "edge_id": "af889d9d-7654-4dd1-9487-78df9b12f3f4",
      "source_node": "BSE_ASSET",
      "target_node": "P08",
      "belief_type": "valuation",
      "confidence": 0.5,
      "value": 129.2797,
      "timestamp": 30.597014925373,
      "evidence_count": 5
    },
    "ad3c396a-22f6-4e25-b5d2-a4c2cbcbc35c": {
      "edge_id": "ad3c396a-22f6-4e25-b5d2-a4c2cbcbc35c",
      "source_node": "BSE_ASSET",
      "target_node": "P07",
      "belief_type": "strategy",
      "confidence": 0.1,
      "value": "unknown",
      "timestamp": 5.074626865671641,
      "evidence_count": 0
    },
    "43566449-9d59-43a5-bf82-f594df1a9700": {
      "edge_id": "43566449-9d59-43a5-bf82-f594df1a9700",
      "source_node": "BSE_ASSET",
      "target_node": "P07",
      "belief_type": "valuation",
      "confidence": 0.6,
      "value": 120.0,
      "timestamp": 30.597014925373,
      "evidence_count": 6
    },
    "8c6a64f6-6969-4df3-b7b7-102c8e6e0b9e": {
      "edge_id": "8c6a64f6-6969-4df3-b7b7-102c8e6e0b9e",
      "source_node": "BSE_ASSET",
      "target_node": "B11",
      "belief_type": "strategy",
      "confidence": 0.1,
      "value": "unknown",
      "timestamp": 5.074626865671641,
      "evidence_count": 0
    },
    "bceba92a-fee4-420a-9cc9-b52b0b7f6054": {
      "edge_id": "bceba92a-fee4-420a-9cc9-b52b0b7f6054",
      "source_node": "BSE_ASSET",
      "target_node": "B11",
      "belief_type": "valuation",
      "confidence": 0.2,
      "value": 110.99999999999999,
      "timestamp": 10.298507462686555,
      "evidence_count": 2
    },
    "478cf785-0e9c-455d-b245-dcce06d492a7": {
      "edge_id": "478cf785-0e9c-455d-b245-dcce06d492a7",
      "source_node": "BSE_ASSET",
      "target_node": "B19",
      "belief_type": "strategy",
      "confidence": 0.1,
      "value": "unknown",
      "timestamp": 5.074626865671641,
      "evidence_count": 0
    },
    "97fdade7-8505-42d9-9e1f-603e42606df9": {
      "edge_id": "97fdade7-8505-42d9-9e1f-603e42606df9",
      "source_node": "BSE_ASSET",
      "target_node": "B19",
      "belief_type": "valuation",
      "confidence": 0.2,
      "value": 114.19999999999999,
      "timestamp": 10.298507462686555,
      "evidence_count": 2
    },
    "55f4a0c0-9726-42b4-9864-b331a0842e03": {
      "edge_id": "55f4a0c0-9726-42b4-9864-b331a0842e03",
      "source_node": "BSE_ASSET",
      "target_node": "S06",
      "belief_type": "strategy",
      "confidence": 0.1,
      "value": "unknown",
      "timestamp": 5.074626865671641,
      "evidence_count": 0
    },
    "5ba4b402-3651-4de8-b0b9-18edc97b8050": {
      "edge_id": "5ba4b402-3651-4de8-b0b9-18edc97b8050",
      "source_node": "BSE_ASSET",
      "target_node": "S06",
      "belief_type": "valuation",
      "confidence": 0.1,
      "value": 132,
      "timestamp": 5.074626865671641,
      "evidence_count": 1
    },
    "d573c459-6248-4d37-946b-49ee8c4d6955": {
      "edge_id": "d573c459-6248-4d37-946b-49ee8c4d6955",
      "source_node": "BSE_ASSET",
      "target_node": "S02",
      "belief_type": "strategy",
      "confidence": 0.1,
      "value": "unknown",
      "timestamp": 5.074626865671641,
      "evidence_count": 0
    },
    "de47934a-2b78-48fd-9592-0713ca422e16": {
      "edge_id": "de47934a-2b78-48fd-9592-0713ca422e16",
      "source_node": "BSE_ASSET",
      "target_node": "S02",
      "belief_type": "valuation",
      "confidence": 0.30000000000000004,
      "value": 131.58999999999997,
      "timestamp": 15.373134328358166,
      "evidence_count": 3
    },
    "09ad4521-5f23-40bf-9503-637204bba1b6": {
      "edge_id": "09ad4521-5f23-40bf-9503-637204bba1b6",
      "source_node": "BSE_ASSET",
      "target_node": "S07",
      "belief_type": "strategy",
      "confidence": 0.1,
      "value": "unknown",
      "timestamp": 5.074626865671641,
      "evidence_count": 0
    },
    "adbdc00e-d23e-40ef-99d9-4e41e027a5f6": {
      "edge_id": "adbdc00e-d23e-40ef-99d9-4e41e027a5f6",
      "source_node": "BSE_ASSET",
      "target_node": "S07",
      "belief_type": "valuation",
      "confidence": 0.30000000000000004,
      "value": 397.05999999999995,
      "timestamp": 15.373134328358166,
      "evidence_count": 3
    },
    "866e8bce-803a-49b2-9238-429c41d97c38": {
      "edge_id": "866e8bce-803a-49b2-9238-429c41d97c38",
      "source_node": "BSE_ASSET",
      "target_node": "P20",
      "belief_type": "strategy",
      "confidence": 0.1,
      "value": "unknown",
      "timestamp": 10.298507462686555,
      "evidence_count": 0
    },
    "0d485acc-dd31-455d-a283-93edc90d6f17": {
      "edge_id": "0d485acc-dd31-455d-a283-93edc90d6f17",
      "source_node": "BSE_ASSET",
      "target_node": "P20",
      "belief_type": "valuation",
      "confidence": 0.2,
      "value": 124.0,
      "timestamp": 15.373134328358166,
      "evidence_count": 2
    },
    "7a974e47-73cd-47ff-9294-8398d17edfa8": {
      "edge_id": "7a974e47-73cd-47ff-9294-8398d17edfa8",
      "source_node": "BSE_ASSET",
      "target_node": "B13",
      "belief_type": "strategy",
      "confidence": 0.1,
      "value": "unknown",
      "timestamp": 10.298507462686555,
      "evidence_count": 0
    },
    "34180fdd-4169-4e4c-9981-9bcc0ab2ac12": {
      "edge_id": "34180fdd-4169-4e4c-9981-9bcc0ab2ac12",
      "source_node": "BSE_ASSET",
      "target_node": "B13",
      "belief_type": "valuation",
      "confidence": 0.4,
      "value": 105.1,
      "timestamp": 25.522388059701388,
      "evidence_count": 4
    },
    "9f45f068-2b10-40f8-a0da-7eb96b41fe24": {
      "edge_id": "9f45f068-2b10-40f8-a0da-7eb96b41fe24",
      "source_node": "BSE_ASSET",
      "target_node": "B05",
      "belief_type": "strategy",
      "confidence": 0.1,
      "value": "unknown",
      "timestamp": 10.298507462686555,
      "evidence_count": 0
    },
    "f0851b4e-8346-4b19-b70f-1a32fb922e51": {
      "edge_id": "f0851b4e-8346-4b19-b70f-1a32fb922e51",
      "source_node": "BSE_ASSET",
      "target_node": "B05",
      "belief_type": "valuation",
      "confidence": 0.30000000000000004,
      "value": 95.94,
      "timestamp": 20.447761194029777,
      "evidence_count": 3
    },
    "6a647a46-f5af-4594-9fef-0aa14c2c5b3b": {
      "edge_id": "6a647a46-f5af-4594-9fef-0aa14c2c5b3b",
      "source_node": "BSE_ASSET",
      "target_node": "B02",
      "belief_type": "strategy",
      "confidence": 0.1,
      "value": "unknown",
      "timestamp": 10.298507462686555,
      "evidence_count": 0
    },
    "693fba95-3b75-426e-b372-3e38927dcf73": {
      "edge_id": "693fba95-3b75-426e-b372-3e38927dcf73",
      "source_node": "BSE_ASSET",
      "target_node": "B02",
      "belief_type": "valuation",
      "confidence": 0.4,
      "value": 94.329,
      "timestamp": 25.522388059701388,
      "evidence_count": 4
    },
    "32fc6d5f-cd39-418a-9d04-137b75d18d30": {
      "edge_id": "32fc6d5f-cd39-418a-9d04-137b75d18d30",
      "source_node": "BSE_ASSET",
      "target_node": "B07",
      "belief_type": "strategy",
      "confidence": 0.1,
      "value": "unknown",
      "timestamp": 10.298507462686555,
      "evidence_count": 0
    },
    "2e5f0e1e-f427-408e-a2fc-70586b5bb951": {
      "edge_id": "2e5f0e1e-f427-408e-a2fc-70586b5bb951",
      "source_node": "BSE_ASSET",
      "target_node": "B07",
      "belief_type": "valuation",
      "confidence": 0.2,
      "value": 98.0,
      "timestamp": 15.373134328358166,
      "evidence_count": 2
    },
    "acded6c0-30a8-41e1-8d8d-8b8e8206ee16": {
      "edge_id": "acded6c0-30a8-41e1-8d8d-8b8e8206ee16",
      "source_node": "BSE_ASSET",
      "target_node": "B09",
      "belief_type": "strategy",
      "confidence": 0.1,
      "value": "unknown",
      "timestamp": 10.298507462686555,
      "evidence_count": 0
    },
    "f796756b-828c-420d-bd17-c07c17a8b1cc": {
      "edge_id": "f796756b-828c-420d-bd17-c07c17a8b1cc",
      "source_node": "BSE_ASSET",
      "target_node": "B09",
      "belief_type": "valuation",
      "confidence": 0.30000000000000004,
      "value": 101.88999999999999,
      "timestamp": 30.597014925373,
      "evidence_count": 3
    },
    "6b0361b4-9e93-4075-a9b3-0a93af5f4317": {
      "edge_id": "6b0361b4-9e93-4075-a9b3-0a93af5f4317",
      "source_node": "BSE_ASSET",
      "target_node": "B04",
      "belief_type": "strategy",
      "confidence": 0.1,
      "value": "unknown",
      "timestamp": 10.298507462686555,
      "evidence_count": 0
    },
    "694e4b0a-13ed-4502-af2d-b8f7a36df9c7": {
      "edge_id": "694e4b0a-13ed-4502-af2d-b8f7a36df9c7",
      "source_node": "BSE_ASSET",
      "target_node": "B04",
      "belief_type": "valuation",
      "confidence": 0.2,
      "value": 82.0,
      "timestamp": 15.373134328358166,
      "evidence_count": 2
    },
    "ed541d8d-15a0-4326-93c5-2a5c6309eaf0": {
      "edge_id": "ed541d8d-15a0-4326-93c5-2a5c6309eaf0",
      "source_node": "BSE_ASSET",
      "target_node": "S03",
      "belief_type": "strategy",
      "confidence": 0.1,
      "value": "unknown",
      "timestamp": 10.298507462686555,
      "evidence_count": 0
    },
    "dc239dd5-92ae-489f-b54f-1b55095a55c3": {
      "edge_id": "dc239dd5-92ae-489f-b54f-1b55095a55c3",
      "source_node": "BSE_ASSET",
      "target_node": "S03",
      "belief_type": "valuation",
      "confidence": 0.1,
      "value": 130,
      "timestamp": 10.298507462686555,
      "evidence_count": 1
    },
    "eb3f01f5-a838-4295-88d1-ad71717d9850": {
      "edge_id": "eb3f01f5-a838-4295-88d1-ad71717d9850",
      "source_node": "BSE_ASSET",
      "target_node": "S12",
      "belief_type": "strategy",
      "confidence": 0.1,
      "value": "unknown",
      "timestamp": 10.298507462686555,
      "evidence_count": 0
    },
    "4eaed120-9f33-47a8-8b86-bc14461b28d6": {
      "edge_id": "4eaed120-9f33-47a8-8b86-bc14461b28d6",
      "source_node": "BSE_ASSET",
      "target_node": "S12",
      "belief_type": "valuation",
      "confidence": 0.2,
      "value": 144.0,
      "timestamp": 15.373134328358166,
      "evidence_count": 2
    },
    "5ba83d7a-bb34-4c45-835d-f756317b1ab4": {
      "edge_id": "5ba83d7a-bb34-4c45-835d-f756317b1ab4",
      "source_node": "BSE_ASSET",
      "target_node": "S20",
      "belief_type": "strategy",
      "confidence": 0.1,
      "value": "unknown",
      "timestamp": 10.298507462686555,
      "evidence_count": 0
    },
    "2f26b528-1fc7-4ca2-b298-5d631ada67d1": {
      "edge_id": "2f26b528-1fc7-4ca2-b298-5d631ada67d1",
      "source_node": "BSE_ASSET",
      "target_node": "S20",
      "belief_type": "valuation",
      "confidence": 0.30000000000000004,
      "value": 155.07999999999998,
      "timestamp": 30.597014925373,
      "evidence_count": 3
    },
    "6398b5b7-33fc-4500-94c4-b7e63193e071": {
      "edge_id": "6398b5b7-33fc-4500-94c4-b7e63193e071",
      "source_node": "BSE_ASSET",
      "target_node": "P14",
      "belief_type": "strategy",
      "confidence": 0.1,
      "value": "unknown",
      "timestamp": 15.373134328358166,
      "evidence_count": 0
    },
    "67afe916-a83e-4541-a2c7-4a810a777c2f": {
      "edge_id": "67afe916-a83e-4541-a2c7-4a810a777c2f",
      "source_node": "BSE_ASSET",
      "target_node": "P14",
      "belief_type": "valuation",
      "confidence": 0.30000000000000004,
      "value": 125.53,
      "timestamp": 30.597014925373,
      "evidence_count": 3
    },
    "205e2196-d5cb-41be-bef1-687ceed514d1": {
      "edge_id": "205e2196-d5cb-41be-bef1-687ceed514d1",
      "source_node": "BSE_ASSET",
      "target_node": "P09",
      "belief_type": "strategy",
      "confidence": 0.1,
      "value": "unknown",
      "timestamp": 15.373134328358166,
      "evidence_count": 0
    },
    "eec2cc63-a5e4-48ff-ba20-537d8bd3b7bf": {
      "edge_id": "eec2cc63-a5e4-48ff-ba20-537d8bd3b7bf",
      "source_node": "BSE_ASSET",
      "target_node": "P09",
      "belief_type": "valuation",
      "confidence": 0.1,
      "value": 124,
      "timestamp": 15.373134328358166,
      "evidence_count": 1
    },
    "aa78a441-4683-4730-9ce5-7fc4e804c212": {
      "edge_id": "aa78a441-4683-4730-9ce5-7fc4e804c212",
      "source_node": "BSE_ASSET",
      "target_node": "B06",
      "belief_type": "strategy",
      "confidence": 0.1,
      "value": "unknown",
      "timestamp": 15.373134328358166,
      "evidence_count": 0
    },
    "94c0b21f-788e-4a62-958d-54e24dbf3384": {
      "edge_id": "94c0b21f-788e-4a62-958d-54e24dbf3384",
      "source_node": "BSE_ASSET",
      "target_node": "B06",
      "belief_type": "valuation",
      "confidence": 0.2,
      "value": 112.0,
      "timestamp": 20.447761194029777,
      "evidence_count": 2
    },
    "4a15293a-ca1e-47ae-8922-29c832d29f18": {
      "edge_id": "4a15293a-ca1e-47ae-8922-29c832d29f18",
      "source_node": "BSE_ASSET",
      "target_node": "B20",
      "belief_type": "strategy",
      "confidence": 0.1,
      "value": "unknown",
      "timestamp": 15.373134328358166,
      "evidence_count": 0
    },
    "30a14c51-5e2c-4884-93b1-cb29bc8c2e1c": {
      "edge_id": "30a14c51-5e2c-4884-93b1-cb29bc8c2e1c",
      "source_node": "BSE_ASSET",
      "target_node": "B20",
      "belief_type": "valuation",
      "confidence": 0.1,
      "value": 100,
      "timestamp": 15.373134328358166,
      "evidence_count": 1
    },
    "eb695407-93c0-4835-acde-a80608eeded5": {
      "edge_id": "eb695407-93c0-4835-acde-a80608eeded5",
      "source_node": "BSE_ASSET",
      "target_node": "B10",
      "belief_type": "strategy",
      "confidence": 0.1,
      "value": "unknown",
      "timestamp": 15.373134328358166,
      "evidence_count": 0
    },
    "deb8b8fb-886e-4aad-b500-178be207ecf9": {
      "edge_id": "deb8b8fb-886e-4aad-b500-178be207ecf9",
      "source_node": "BSE_ASSET",
      "target_node": "B10",
      "belief_type": "valuation",
      "confidence": 0.30000000000000004,
      "value": 107.69,
      "timestamp": 25.522388059701388,
      "evidence_count": 3
    },
    "c533eec6-70fe-4cff-9596-0aaa80849c5a": {
      "edge_id": "c533eec6-70fe-4cff-9596-0aaa80849c5a",
      "source_node": "BSE_ASSET",
      "target_node": "S04",
      "belief_type": "strategy",
      "confidence": 0.1,
      "value": "unknown",
      "timestamp": 15.373134328358166,
      "evidence_count": 0
    },
    "7fc6663a-346f-4b32-89cf-a1733fb0b13b": {
      "edge_id": "7fc6663a-346f-4b32-89cf-a1733fb0b13b",
      "source_node": "BSE_ASSET",
      "target_node": "S04",
      "belief_type": "valuation",
      "confidence": 0.30000000000000004,
      "value": 130.53,
      "timestamp": 30.597014925373,
      "evidence_count": 3
    },
    "3308a39a-6f04-43df-a6ba-ec04cbcda8d0": {
      "edge_id": "3308a39a-6f04-43df-a6ba-ec04cbcda8d0",
      "source_node": "BSE_ASSET",
      "target_node": "P12",
      "belief_type": "strategy",
      "confidence": 0.1,
      "value": "unknown",
      "timestamp": 15.373134328358166,
      "evidence_count": 0
    },
    "e543be8f-ef08-4384-a3ff-d2310dacfbc9": {
      "edge_id": "e543be8f-ef08-4384-a3ff-d2310dacfbc9",
      "source_node": "BSE_ASSET",
      "target_node": "P12",
      "belief_type": "valuation",
      "confidence": 0.4,
      "value": 130.0,
      "timestamp": 30.597014925373,
      "evidence_count": 4
    },
    "6e17da5a-3760-4ebb-ada5-77454964f37c": {
      "edge_id": "6e17da5a-3760-4ebb-ada5-77454964f37c",
      "source_node": "BSE_ASSET",
      "target_node": "P16",
      "belief_type": "strategy",
      "confidence": 0.1,
      "value": "unknown",
      "timestamp": 15.373134328358166,
      "evidence_count": 0
    },
    "33201bb4-2156-492c-a41b-f26238ec538c": {
      "edge_id": "33201bb4-2156-492c-a41b-f26238ec538c",
      "source_node": "BSE_ASSET",
      "target_node": "P16",
      "belief_type": "valuation",
      "confidence": 0.1,
      "value": 124,
      "timestamp": 20.447761194029777,
      "evidence_count": 1
    },
    "d0912104-88b0-4775-98c2-9e03b218c58f": {
      "edge_id": "d0912104-88b0-4775-98c2-9e03b218c58f",
      "source_node": "BSE_ASSET",
      "target_node": "P13",
      "belief_type": "strategy",
      "confidence": 0.1,
      "value": "unknown",
      "timestamp": 20.447761194029777,
      "evidence_count": 0
    },
    "e3c448ee-19ca-4df0-b6c7-1e720b4a017b": {
      "edge_id": "e3c448ee-19ca-4df0-b6c7-1e720b4a017b",
      "source_node": "BSE_ASSET",
      "target_node": "P13",
      "belief_type": "valuation",
      "confidence": 0.1,
      "value": 124,
      "timestamp": 20.447761194029777,
      "evidence_count": 1
    },
    "addb8e77-9cc5-45ed-9187-72aa4fb83be5": {
      "edge_id": "addb8e77-9cc5-45ed-9187-72aa4fb83be5",
      "source_node": "BSE_ASSET",
      "target_node": "P19",
      "belief_type": "strategy",
      "confidence": 0.1,
      "value": "unknown",
      "timestamp": 20.447761194029777,
      "evidence_count": 0
    },
    "9c7a91bb-ff79-4c42-9b3e-036602f0b6f2": {
      "edge_id": "9c7a91bb-ff79-4c42-9b3e-036602f0b6f2",
      "source_node": "BSE_ASSET",
      "target_node": "P19",
      "belief_type": "valuation",
      "confidence": 0.1,
      "value": 124,
      "timestamp": 20.447761194029777,
      "evidence_count": 1
    },
    "01f128e1-a162-4484-93e2-badad8582a01": {
      "edge_id": "01f128e1-a162-4484-93e2-badad8582a01",
      "source_node": "BSE_ASSET",
      "target_node": "B15",
      "belief_type": "strategy",
      "confidence": 0.1,
      "value": "unknown",
      "timestamp": 20.447761194029777,
      "evidence_count": 0
    },
    "7ae70c7e-a558-4068-b1eb-0fdb954275ff": {
      "edge_id": "7ae70c7e-a558-4068-b1eb-0fdb954275ff",
      "source_node": "BSE_ASSET",
      "target_node": "B15",
      "belief_type": "valuation",
      "confidence": 0.1,
      "value": 120,
      "timestamp": 20.447761194029777,
      "evidence_count": 1
    },
    "e3d18fef-b480-44be-bd91-86d0b73cb74d": {
      "edge_id": "e3d18fef-b480-44be-bd91-86d0b73cb74d",
      "source_node": "BSE_ASSET",
      "target_node": "B21",
      "belief_type": "strategy",
      "confidence": 0.1,
      "value": "unknown",
      "timestamp": 20.447761194029777,
      "evidence_count": 0
    },
    "83f55620-918a-4108-8ba4-9d333c4a42b5": {
      "edge_id": "83f55620-918a-4108-8ba4-9d333c4a42b5",
      "source_node": "BSE_ASSET",
      "target_node": "B21",
      "belief_type": "valuation",
      "confidence": 0.2,
      "value": 116.5,
      "timestamp": 30.597014925373,
      "evidence_count": 2
    },
    "41c71bea-4ef5-427c-85ce-0984a40fd94f": {
      "edge_id": "41c71bea-4ef5-427c-85ce-0984a40fd94f",
      "source_node": "BSE_ASSET",
      "target_node": "B08",
      "belief_type": "strategy",
      "confidence": 0.1,
      "value": "unknown",
      "timestamp": 20.447761194029777,
      "evidence_count": 0
    },
    "fc2f4d81-eb73-42d5-9836-86ca35b9de30": {
      "edge_id": "fc2f4d81-eb73-42d5-9836-86ca35b9de30",
      "source_node": "BSE_ASSET",
      "target_node": "B08",
      "belief_type": "valuation",
      "confidence": 0.2,
      "value": 113.0,
      "timestamp": 25.522388059701388,
      "evidence_count": 2
    },
    "939bcb22-c8ae-48b2-888f-93719512c5e2": {
      "edge_id": "939bcb22-c8ae-48b2-888f-93719512c5e2",
      "source_node": "BSE_ASSET",
      "target_node": "B14",
      "belief_type": "strategy",
      "confidence": 0.1,
      "value": "unknown",
      "timestamp": 20.447761194029777,
      "evidence_count": 0
    },
    "b5adb0d4-5bf6-4e92-b19b-804e17ddfff4": {
      "edge_id": "b5adb0d4-5bf6-4e92-b19b-804e17ddfff4",
      "source_node": "BSE_ASSET",
      "target_node": "B14",
      "belief_type": "valuation",
      "confidence": 0.30000000000000004,
      "value": 113.63,
      "timestamp": 30.597014925373,
      "evidence_count": 3
    },
    "5c26f3d6-ed5d-4449-a4a0-e988754ac3b3": {
      "edge_id": "5c26f3d6-ed5d-4449-a4a0-e988754ac3b3",
      "source_node": "BSE_ASSET",
      "target_node": "B18",
      "belief_type": "strategy",
      "confidence": 0.1,
      "value": "unknown",
      "timestamp": 20.447761194029777,
      "evidence_count": 0
    },
    "3b00d27e-520a-4ddf-9bba-b1d78fdb3ef7": {
      "edge_id": "3b00d27e-520a-4ddf-9bba-b1d78fdb3ef7",
      "source_node": "BSE_ASSET",
      "target_node": "B18",
      "belief_type": "valuation",
      "confidence": 0.1,
      "value": 100,
      "timestamp": 20.447761194029777,
      "evidence_count": 1
    },
    "65d7e49e-0a42-4f8d-a397-34ecabdad8ae": {
      "edge_id": "65d7e49e-0a42-4f8d-a397-34ecabdad8ae",
      "source_node": "BSE_ASSET",
      "target_node": "S15",
      "belief_type": "strategy",
      "confidence": 0.1,
      "value": "unknown",
      "timestamp": 20.447761194029777,
      "evidence_count": 0
    },
    "0a633a10-0a5e-44a6-a962-239bf6c98a1b": {
      "edge_id": "0a633a10-0a5e-44a6-a962-239bf6c98a1b",
      "source_node": "BSE_ASSET",
      "target_node": "S15",
      "belief_type": "valuation",
      "confidence": 0.1,
      "value": 127,
      "timestamp": 20.447761194029777,
      "evidence_count": 1
    },
    "1d2c4e60-8dd5-46a2-93f8-bf25831a0cf2": {
      "edge_id": "1d2c4e60-8dd5-46a2-93f8-bf25831a0cf2",
      "source_node": "BSE_ASSET",
      "target_node": "P15",
      "belief_type": "strategy",
      "confidence": 0.1,
      "value": "unknown",
      "timestamp": 20.447761194029777,
      "evidence_count": 0
    },
    "77c6bef0-0be9-419b-99ca-6fe3b0841efd": {
      "edge_id": "77c6bef0-0be9-419b-99ca-6fe3b0841efd",
      "source_node": "BSE_ASSET",
      "target_node": "P15",
      "belief_type": "valuation",
      "confidence": 0.30000000000000004,
      "value": 127.48999999999998,
      "timestamp": 30.597014925373,
      "evidence_count": 3
    },
    "8f55975f-7a38-495e-a777-9f1f8c6d069a": {
      "edge_id": "8f55975f-7a38-495e-a777-9f1f8c6d069a",
      "source_node": "BSE_ASSET",
      "target_node": "P00",
      "belief_type": "strategy",
      "confidence": 0.1,
      "value": "unknown",
      "timestamp": 20.447761194029777,
      "evidence_count": 0
    },
    "c381749c-36b2-422d-afe6-5f6ade8a30b8": {
      "edge_id": "c381749c-36b2-422d-afe6-5f6ade8a30b8",
      "source_node": "BSE_ASSET",
      "target_node": "P00",
      "belief_type": "valuation",
      "confidence": 0.1,
      "value": 129,
      "timestamp": 20.447761194029777,
      "evidence_count": 1
    },
    "6dac1d8f-9419-43e1-8f07-91bfd0d99d58": {
      "edge_id": "6dac1d8f-9419-43e1-8f07-91bfd0d99d58",
      "source_node": "BSE_ASSET",
      "target_node": "P06",
      "belief_type": "strategy",
      "confidence": 0.1,
      "value": "unknown",
      "timestamp": 20.447761194029777,
      "evidence_count": 0
    },
    "cbd2f3cc-2dba-4906-84e6-473009d1a8a0": {
      "edge_id": "cbd2f3cc-2dba-4906-84e6-473009d1a8a0",
      "source_node": "BSE_ASSET",
      "target_node": "P06",
      "belief_type": "valuation",
      "confidence": 0.1,
      "value": 124,
      "timestamp": 25.522388059701388,
      "evidence_count": 1
    },
    "96fa4722-4b3d-4656-be74-753a00b2918f": {
      "edge_id": "96fa4722-4b3d-4656-be74-753a00b2918f",
      "source_node": "BSE_ASSET",
      "target_node": "P10",
      "belief_type": "strategy",
      "confidence": 0.1,
      "value": "unknown",
      "timestamp": 25.522388059701388,
      "evidence_count": 0
    },
    "a0ed458c-ce1b-43ca-9185-f0f3e1ff99ce": {
      "edge_id": "a0ed458c-ce1b-43ca-9185-f0f3e1ff99ce",
      "source_node": "BSE_ASSET",
      "target_node": "P10",
      "belief_type": "valuation",
      "confidence": 0.1,
      "value": 124,
      "timestamp": 25.522388059701388,
      "evidence_count": 1
    },
    "8d929001-616d-4273-a29e-30dfbc43ea4f": {
      "edge_id": "8d929001-616d-4273-a29e-30dfbc43ea4f",
      "source_node": "BSE_ASSET",
      "target_node": "B01",
      "belief_type": "strategy",
      "confidence": 0.1,
      "value": "unknown",
      "timestamp": 25.522388059701388,
      "evidence_count": 0
    },
    "7d7390bf-63e4-4c4c-ba65-93759acec8f5": {
      "edge_id": "7d7390bf-63e4-4c4c-ba65-93759acec8f5",
      "source_node": "BSE_ASSET",
      "target_node": "B01",
      "belief_type": "valuation",
      "confidence": 0.1,
      "value": 91,
      "timestamp": 25.522388059701388,
      "evidence_count": 1
    },
    "e4bbb916-d18b-463c-a274-47d9a8d086fd": {
      "edge_id": "e4bbb916-d18b-463c-a274-47d9a8d086fd",
      "source_node": "BSE_ASSET",
      "target_node": "S14",
      "belief_type": "strategy",
      "confidence": 0.1,
      "value": "unknown",
      "timestamp": 25.522388059701388,
      "evidence_count": 0
    },
    "10ae3379-d0d8-4894-9706-1a20f6f77ef9": {
      "edge_id": "10ae3379-d0d8-4894-9706-1a20f6f77ef9",
      "source_node": "BSE_ASSET",
      "target_node": "S14",
      "belief_type": "valuation",
      "confidence": 0.2,
      "value": 133.0,
      "timestamp": 30.597014925373,
      "evidence_count": 2
    },
    "f79785a1-15f5-4674-a926-fb186a4f7f60": {
      "edge_id": "f79785a1-15f5-4674-a926-fb186a4f7f60",
      "source_node": "BSE_ASSET",
      "target_node": "S00",
      "belief_type": "strategy",
      "confidence": 0.1,
      "value": "unknown",
      "timestamp": 25.522388059701388,
      "evidence_count": 0
    },
    "253dd158-9ce1-43df-bad6-e768b52d8b3b": {
      "edge_id": "253dd158-9ce1-43df-bad6-e768b52d8b3b",
      "source_node": "BSE_ASSET",
      "target_node": "S00",
      "belief_type": "valuation",
      "confidence": 0.2,
      "value": 143.0,
      "timestamp": 30.597014925373,
      "evidence_count": 2
    },
    "284a3e9b-dbb4-40cf-a552-42986911616c": {
      "edge_id": "284a3e9b-dbb4-40cf-a552-42986911616c",
      "source_node": "BSE_ASSET",
      "target_node": "S22",
      "belief_type": "strategy",
      "confidence": 0.1,
      "value": "unknown",
      "timestamp": 25.522388059701388,
      "evidence_count": 0
    },
    "53a7ec07-3a45-455f-bd7e-06554f152cc2": {
      "edge_id": "53a7ec07-3a45-455f-bd7e-06554f152cc2",
      "source_node": "BSE_ASSET",
      "target_node": "S22",
      "belief_type": "valuation",
      "confidence": 0.2,
      "value": 150.2,
      "timestamp": 30.597014925373,
      "evidence_count": 2
    },
    "1d0bff74-1afb-4c46-9a9e-4eab76461737": {
      "edge_id": "1d0bff74-1afb-4c46-9a9e-4eab76461737",
      "source_node": "BSE_ASSET",
      "target_node": "S19",
      "belief_type": "strategy",
      "confidence": 0.1,
      "value": "unknown",
      "timestamp": 25.522388059701388,
      "evidence_count": 0
    },
    "c9f07f41-d7d7-47c9-a9c6-61bc1aa78d01": {
      "edge_id": "c9f07f41-d7d7-47c9-a9c6-61bc1aa78d01",
      "source_node": "BSE_ASSET",
      "target_node": "S19",
      "belief_type": "valuation",
      "confidence": 0.2,
      "value": 172.0,
      "timestamp": 30.597014925373,
      "evidence_count": 2
    },
    "db1cf86f-4854-4d97-9ae1-523247884cd4": {
      "edge_id": "db1cf86f-4854-4d97-9ae1-523247884cd4",
      "source_node": "BSE_ASSET",
      "target_node": "S13",
      "belief_type": "strategy",
      "confidence": 0.1,
      "value": "unknown",
      "timestamp": 25.522388059701388,
      "evidence_count": 0
    },
    "14a8b9cd-d6f6-42ee-9bb7-7dcd6fdafba4": {
      "edge_id": "14a8b9cd-d6f6-42ee-9bb7-7dcd6fdafba4",
      "source_node": "BSE_ASSET",
      "target_node": "S13",
      "belief_type": "valuation",
      "confidence": 0.2,
      "value": 161.5,
      "timestamp": 30.597014925373,
      "evidence_count": 2
    },
    "0705b71d-177d-4153-8c94-11f5ae131aa0": {
      "edge_id": "0705b71d-177d-4153-8c94-11f5ae131aa0",
      "source_node": "BSE_ASSET",
      "target_node": "P04",
      "belief_type": "strategy",
      "confidence": 0.1,
      "value": "unknown",
      "timestamp": 25.522388059701388,
      "evidence_count": 0
    },
    "802660c9-7622-4e69-b747-1b9550236ab5": {
      "edge_id": "802660c9-7622-4e69-b747-1b9550236ab5",
      "source_node": "BSE_ASSET",
      "target_node": "P04",
      "belief_type": "valuation",
      "confidence": 0.1,
      "value": 124,
      "timestamp": 30.597014925373,
      "evidence_count": 1
    },
    "e2a21dd7-4c41-4a85-ac09-a0cb27e6df66": {
      "edge_id": "e2a21dd7-4c41-4a85-ac09-a0cb27e6df66",
      "source_node": "BSE_ASSET",
      "target_node": "B22",
      "belief_type": "strategy",
      "confidence": 0.1,
      "value": "unknown",
      "timestamp": 30.597014925373,
      "evidence_count": 0
    },
    "39133b75-4fbb-4d32-bf93-3d9efa661d32": {
      "edge_id": "39133b75-4fbb-4d32-bf93-3d9efa661d32",
      "source_node": "BSE_ASSET",
      "target_node": "B22",
      "belief_type": "valuation",
      "confidence": 0.1,
      "value": 112,
      "timestamp": 30.597014925373,
      "evidence_count": 1
    },
    "4247dc14-af9f-45bc-ac31-a617331f809d": {
      "edge_id": "4247dc14-af9f-45bc-ac31-a617331f809d",
      "source_node": "BSE_ASSET",
      "target_node": "B03",
      "belief_type": "strategy",
      "confidence": 0.1,
      "value": "unknown",
      "timestamp": 30.597014925373,
      "evidence_count": 0
    },
    "a9135934-66df-469a-b857-34202c11350a": {
      "edge_id": "a9135934-66df-469a-b857-34202c11350a",
      "source_node": "BSE_ASSET",
      "target_node": "B03",
      "belief_type": "valuation",
      "confidence": 0.1,
      "value": 103,
      "timestamp": 30.597014925373,
      "evidence_count": 1
    },
    "2ff6538f-8a24-4d02-8be8-b27d602537a1": {
      "edge_id": "2ff6538f-8a24-4d02-8be8-b27d602537a1",
      "source_node": "BSE_ASSET",
      "target_node": "S17",
      "belief_type": "strategy",
      "confidence": 0.1,
      "value": "unknown",
      "timestamp": 30.597014925373,
      "evidence_count": 0
    },
    "d922f51c-3a64-48bf-9f18-da0c46a871f5": {
      "edge_id": "d922f51c-3a64-48bf-9f18-da0c46a871f5",
      "source_node": "BSE_ASSET",
      "target_node": "S17",
      "belief_type": "valuation",
      "confidence": 0.1,
      "value": 127,
      "timestamp": 30.597014925373,
      "evidence_count": 1
    },
    "74f2142f-eda5-4560-9de0-0664a8ddd572": {
      "edge_id": "74f2142f-eda5-4560-9de0-0664a8ddd572",
      "source_node": "BSE_ASSET",
      "target_node": "S05",
      "belief_type": "strategy",
      "confidence": 0.1,
      "value": "unknown",
      "timestamp": 30.597014925373,
      "evidence_count": 0
    },
    "a4ae1051-323d-4de5-916c-bee38c8d5a29": {
      "edge_id": "a4ae1051-323d-4de5-916c-bee38c8d5a29",
      "source_node": "BSE_ASSET",
      "target_node": "S05",
      "belief_type": "valuation",
      "confidence": 0.1,
      "value": 138,
      "timestamp": 30.597014925373,
      "evidence_count": 1
    }
  },
  "event_history": [
    {
      "event_id": "ask_P00_20.447761194029777",
      "event_type": "ask",
      "timestamp": 20.447761194029777,
      "agent_id": "P00",
      "price": 129,
      "quantity": 1,
      "counterparty_id": null,
      "order_id": null
    },
    {
      "event_id": "ask_P12_20.447761194029777",
      "event_type": "ask",
      "timestamp": 20.447761194029777,
      "agent_id": "P12",
      "price": 130,
      "quantity": 1,
      "counterparty_id": null,
      "order_id": null
    },
    {
      "event_id": "ask_P08_20.447761194029777",
      "event_type": "ask",
      "timestamp": 20.447761194029777,
      "agent_id": "P08",
      "price": 130,
      "quantity": 1,
      "counterparty_id": null,
      "order_id": null
    },
    {
      "event_id": "ask_P18_20.447761194029777",
      "event_type": "ask",
      "timestamp": 20.447761194029777,
      "agent_id": "P18",
      "price": 130,
      "quantity": 1,
      "counterparty_id": null,
      "order_id": null
    },
    {
      "event_id": "bid_P06_25.522388059701388",
      "event_type": "bid",
      "timestamp": 25.522388059701388,
      "agent_id": "P06",
      "price": 124,
      "quantity": 1,
      "counterparty_id": null,
      "order_id": null
    },
    {
      "event_id": "bid_P10_25.522388059701388",
      "event_type": "bid",
      "timestamp": 25.522388059701388,
      "agent_id": "P10",
      "price": 124,
      "quantity": 1,
      "counterparty_id": null,
      "order_id": null
    },
    {
      "event_id": "bid_B09_25.522388059701388",
      "event_type": "bid",
      "timestamp": 25.522388059701388,
      "agent_id": "B09",
      "price": 121,
      "quantity": 1,
      "counterparty_id": null,
      "order_id": null
    },
    {
      "event_id": "bid_P07_25.522388059701388",
      "event_type": "bid",
      "timestamp": 25.522388059701388,
      "agent_id": "P07",
      "price": 120,
      "quantity": 1,
      "counterparty_id": null,
      "order_id": null
    },
    {
      "event_id": "bid_B14_25.522388059701388",
      "event_type": "bid",
      "timestamp": 25.522388059701388,
      "agent_id": "B14",
      "price": 120,
      "quantity": 1,
      "counterparty_id": null,
      "order_id": null
    },
    {
      "event_id": "bid_B10_25.522388059701388",
      "event_type": "bid",
      "timestamp": 25.522388059701388,
      "agent_id": "B10",
      "price": 117,
      "quantity": 1,
      "counterparty_id": null,
      "order_id": null
    },
    {
      "event_id": "bid_B08_25.522388059701388",
      "event_type": "bid",
      "timestamp": 25.522388059701388,
      "agent_id": "B08",
      "price": 113,
      "quantity": 1,
      "counterparty_id": null,
      "order_id": null
    },
    {
      "event_id": "bid_B13_25.522388059701388",
      "event_type": "bid",
      "timestamp": 25.522388059701388,
      "agent_id": "B13",
      "price": 110,
      "quantity": 1,
      "counterparty_id": null,
      "order_id": null
    },
    {
      "event_id": "bid_B02_25.522388059701388",
      "event_type": "bid",
      "timestamp": 25.522388059701388,
      "agent_id": "B02",
      "price": 108,
      "quantity": 1,
      "counterparty_id": null,
      "order_id": null
    },
    {
      "event_id": "bid_B01_25.522388059701388",
      "event_type": "bid",
      "timestamp": 25.522388059701388,
      "agent_id": "B01",
      "price": 91,
      "quantity": 1,
      "counterparty_id": null,
      "order_id": null
    },
    {
      "event_id": "ask_P15_25.522388059701388",
      "event_type": "ask",
      "timestamp": 25.522388059701388,
      "agent_id": "P15",
      "price": 127,
      "quantity": 1,
      "counterparty_id": null,
      "order_id": null
    },
    {
      "event_id": "ask_P01_25.522388059701388",
      "event_type": "ask",
      "timestamp": 25.522388059701388,
      "agent_id": "P01",
      "price": 127,
      "quantity": 1,
      "counterparty_id": null,
      "order_id": null
    },
    {
      "event_id": "ask_P14_25.522388059701388",
      "event_type": "ask",
      "timestamp": 25.522388059701388,
      "agent_id": "P14",
      "price": 127,
      "quantity": 1,
      "counterparty_id": null,
      "order_id": null
    },
    {
      "event_id": "ask_P02_25.522388059701388",
      "event_type": "ask",
      "timestamp": 25.522388059701388,
      "agent_id": "P02",
      "price": 129,
      "quantity": 1,
      "counterparty_id": null,
      "order_id": null
    },
    {
      "event_id": "ask_P12_25.522388059701388",
      "event_type": "ask",
      "timestamp": 25.522388059701388,
      "agent_id": "P12",
      "price": 130,
      "quantity": 1,
      "counterparty_id": null,
      "order_id": null
    },
    {
      "event_id": "ask_P08_25.522388059701388",
      "event_type": "ask",
      "timestamp": 25.522388059701388,
      "agent_id": "P08",
      "price": 130,
      "quantity": 1,
      "counterparty_id": null,
      "order_id": null
    },
    {
      "event_id": "ask_P18_25.522388059701388",
      "event_type": "ask",
      "timestamp": 25.522388059701388,
      "agent_id": "P18",
      "price": 130,
      "quantity": 1,
      "counterparty_id": null,
      "order_id": null
    },
    {
      "event_id": "ask_S04_25.522388059701388",
      "event_type": "ask",
      "timestamp": 25.522388059701388,
      "agent_id": "S04",
      "price": 132,
      "quantity": 1,
      "counterparty_id": null,
      "order_id": null
    },
    {
      "event_id": "ask_S14_25.522388059701388",
      "event_type": "ask",
      "timestamp": 25.522388059701388,
      "agent_id": "S14",
      "price": 133,
      "quantity": 1,
      "counterparty_id": null,
      "order_id": null
    },
    {
      "event_id": "ask_S00_25.522388059701388",
      "event_type": "ask",
      "timestamp": 25.522388059701388,
      "agent_id": "S00",
      "price": 143,
      "quantity": 1,
      "counterparty_id": null,
      "order_id": null
    },
    {
      "event_id": "ask_S22_25.522388059701388",
      "event_type": "ask",
      "timestamp": 25.522388059701388,
      "agent_id": "S22",
      "price": 152,
      "quantity": 1,
      "counterparty_id": null,
      "order_id": null
    },
    {
      "event_id": "ask_S19_25.522388059701388",
      "event_type": "ask",
      "timestamp": 25.522388059701388,
      "agent_id": "S19",
      "price": 172,
      "quantity": 1,
      "counterparty_id": null,
      "order_id": null
    },
    {
      "event_id": "ask_S13_25.522388059701388",
      "event_type": "ask",
      "timestamp": 25.522388059701388,
      "agent_id": "S13",
      "price": 175,
      "quantity": 1,
      "counterparty_id": null,
      "order_id": null
    },
    {
      "event_id": "bid_P04_30.597014925373",
      "event_type": "bid",
      "timestamp": 30.597014925373,
      "agent_id": "P04",
      "price": 124,
      "quantity": 1,
      "counterparty_id": null,
      "order_id": null
    },
    {
      "event_id": "bid_B09_30.597014925373",
      "event_type": "bid",
      "timestamp": 30.597014925373,
      "agent_id": "B09",
      "price": 121,
      "quantity": 1,
      "counterparty_id": null,
      "order_id": null
    },
    {
      "event_id": "bid_P07_30.597014925373",
      "event_type": "bid",
      "timestamp": 30.597014925373,
      "agent_id": "P07",
      "price": 120,
      "quantity": 1,
      "counterparty_id": null,
      "order_id": null
    },
    {
      "event_id": "bid_B14_30.597014925373",
      "event_type": "bid",
      "timestamp": 30.597014925373,
      "agent_id": "B14",
      "price": 120,
      "quantity": 1,
      "counterparty_id": null,
      "order_id": null
    },
    {
      "event_id": "bid_B21_30.597014925373",
      "event_type": "bid",
      "timestamp": 30.597014925373,
      "agent_id": "B21",
      "price": 120,
      "quantity": 1,
      "counterparty_id": null,
      "order_id": null
    },
    {
      "event_id": "bid_B22_30.597014925373",
      "event_type": "bid",
      "timestamp": 30.597014925373,
      "agent_id": "B22",
      "price": 112,
      "quantity": 1,
      "counterparty_id": null,
      "order_id": null
    },
    {
      "event_id": "bid_B03_30.597014925373",
      "event_type": "bid",
      "timestamp": 30.597014925373,
      "agent_id": "B03",
      "price": 103,
      "quantity": 1,
      "counterparty_id": null,
      "order_id": null
    },
    {
      "event_id": "ask_P15_30.597014925373",
      "event_type": "ask",
      "timestamp": 30.597014925373,
      "agent_id": "P15",
      "price": 127,
      "quantity": 1,
      "counterparty_id": null,
      "order_id": null
    },
    {
      "event_id": "ask_P01_30.597014925373",
      "event_type": "ask",
      "timestamp": 30.597014925373,
      "agent_id": "P01",
      "price": 127,
      "quantity": 1,
      "counterparty_id": null,
      "order_id": null
    },
    {
      "event_id": "ask_P14_30.597014925373",
      "event_type": "ask",
      "timestamp": 30.597014925373,
      "agent_id": "P14",
      "price": 127,
      "quantity": 1,
      "counterparty_id": null,
      "order_id": null
    },
    {
      "event_id": "ask_S17_30.597014925373",
      "event_type": "ask",
      "timestamp": 30.597014925373,
      "agent_id": "S17",
      "price": 127,
      "quantity": 1,
      "counterparty_id": null,
      "order_id": null
    },
    {
      "event_id": "ask_P02_30.597014925373",
      "event_type": "ask",
      "timestamp": 30.597014925373,
      "agent_id": "P02",
      "price": 129,
      "quantity": 1,
      "counterparty_id": null,
      "order_id": null
    },
    {
      "event_id": "ask_P12_30.597014925373",
      "event_type": "ask",
      "timestamp": 30.597014925373,
      "agent_id": "P12",
      "price": 130,
      "quantity": 1,
      "counterparty_id": null,
      "order_id": null
    },
    {
      "event_id": "ask_P08_30.597014925373",
      "event_type": "ask",
      "timestamp": 30.597014925373,
      "agent_id": "P08",
      "price": 130,
      "quantity": 1,
      "counterparty_id": null,
      "order_id": null
    },
    {
      "event_id": "ask_P18_30.597014925373",
      "event_type": "ask",
      "timestamp": 30.597014925373,
      "agent_id": "P18",
      "price": 130,
      "quantity": 1,
      "counterparty_id": null,
      "order_id": null
    },
    {
      "event_id": "ask_S13_30.597014925373",
      "event_type": "ask",
      "timestamp": 30.597014925373,
      "agent_id": "S13",
      "price": 130,
      "quantity": 1,
      "counterparty_id": null,
      "order_id": null
    },
    {
      "event_id": "ask_S04_30.597014925373",
      "event_type": "ask",
      "timestamp": 30.597014925373,
      "agent_id": "S04",
      "price": 132,
      "quantity": 1,
      "counterparty_id": null,
      "order_id": null
    },
    {
      "event_id": "ask_S14_30.597014925373",
      "event_type": "ask",
      "timestamp": 30.597014925373,
      "agent_id": "S14",
      "price": 133,
      "quantity": 1,
      "counterparty_id": null,
      "order_id": null
    },
    {
      "event_id": "ask_S05_30.597014925373",
      "event_type": "ask",
      "timestamp": 30.597014925373,
      "agent_id": "S05",
      "price": 138,
      "quantity": 1,
      "counterparty_id": null,
      "order_id": null
    },
    {
      "event_id": "ask_S00_30.597014925373",
      "event_type": "ask",
      "timestamp": 30.597014925373,
      "agent_id": "S00",
      "price": 143,
      "quantity": 1,
      "counterparty_id": null,
      "order_id": null
    },
    {
      "event_id": "ask_S22_30.597014925373",
      "event_type": "ask",
      "timestamp": 30.597014925373,
      "agent_id": "S22",
      "price": 146,
      "quantity": 1,
      "counterparty_id": null,
      "order_id": null
    },
    {
      "event_id": "ask_S19_30.597014925373",
      "event_type": "ask",
      "timestamp": 30.597014925373,
      "agent_id": "S19",
      "price": 172,
      "quantity": 1,
      "counterparty_id": null,
      "order_id": null
    },
    {
      "event_id": "ask_S20_30.597014925373",
      "event_type": "ask",
      "timestamp": 30.597014925373,
      "agent_id": "S20",
      "price": 180,
      "quantity": 1,
      "counterparty_id": null,
      "order_id": null
    }
  ]
}
2025-10-10 18:35:44 | HM_JSON_NOCOT_P18 | ================================================================================
2025-10-10 18:35:44 | HM_JSON_NOCOT_P18 | [AGENTS-TRACKED] Currently tracking 52 agents: ['P18', 'P17', 'P02', 'P01', 'P08', 'P07', 'B11', 'B19', 'S06', 'S02', 'S07', 'P20', 'B13', 'B05', 'B02', 'B07', 'B09', 'B04', 'S03', 'S12', 'S20', 'P14', 'P09', 'B06', 'B20', 'B10', 'S04', 'P12', 'P16', 'P13', 'P19', 'B15', 'B21', 'B08', 'B14', 'B18', 'S15', 'P15', 'P00', 'P06', 'P10', 'B01', 'S14', 'S00', 'S22', 'S19', 'S13', 'P04', 'B22', 'B03', 'S17', 'S05']
2025-10-10 18:45:02 | HM_JSON_NOCOT_P18 | [BELIEF-THROTTLE] P05: Running belief graph update at time 35.8
2025-10-10 18:45:02 | HM_JSON_NOCOT_P18 | [UPDATE-SUMMARY] Processed 16 market events at time 35.8
2025-10-10 18:45:02 | HM_JSON_NOCOT_P18 | === BELIEF GRAPH STATE AT TIME 35.8 ===
2025-10-10 18:45:02 | HM_JSON_NOCOT_P18 | {
  "graph_id": "ef1f0310-0336-452d-b267-16d556180f54",
  "asset_id": "BSE_ASSET",
  "current_time": 35.820895522387985,
  "nodes": {
    "BSE_ASSET": {
      "asset_id": "BSE_ASSET",
      "node_type": "asset",
      "current_best_bid": null,
      "current_best_ask": null,
      "last_trade_price": null,
      "volume_traded": 0,
      "price_volatility": 0.0,
      "spread_width": null,
      "market_depth_bid": 0,
      "market_depth_ask": 0
    },
    "P18": {
      "agent_id": "P18",
      "node_type": "agent",
      "last_bid_price": null,
      "last_ask_price": 130,
      "last_trade_price": null,
      "total_trades": 0,
      "total_volume": 0,
      "strategy_type": "Hypothetical-Minds",
      "inferred_valuation": 130.0,
      "valuation_confidence": 0.5,
      "aggressiveness_score": 0.6,
      "last_activity": 35.820895522387985
    },
    "P17": {
      "agent_id": "P17",
      "node_type": "agent",
      "last_bid_price": 130,
      "last_ask_price": null,
      "last_trade_price": null,
      "total_trades": 0,
      "total_volume": 0,
      "strategy_type": null,
      "inferred_valuation": 130,
      "valuation_confidence": 0.1,
      "aggressiveness_score": 0.0,
      "last_activity": 5.074626865671641
    },
    "P02": {
      "agent_id": "P02",
      "node_type": "agent",
      "last_bid_price": 128,
      "last_ask_price": 129,
      "last_trade_price": null,
      "total_trades": 0,
      "total_volume": 0,
      "strategy_type": null,
      "inferred_valuation": 128.83192999999997,
      "valuation_confidence": 0.6,
      "aggressiveness_score": 0.0,
      "last_activity": 35.820895522387985
    },
    "P01": {
      "agent_id": "P01",
      "node_type": "agent",
      "last_bid_price": 128,
      "last_ask_price": 127,
      "last_trade_price": null,
      "total_trades": 0,
      "total_volume": 0,
      "strategy_type": null,
      "inferred_valuation": 127.34299999999999,
      "valuation_confidence": 0.4,
      "aggressiveness_score": 0.0,
      "last_activity": 30.597014925373
    },
    "P08": {
      "agent_id": "P08",
      "node_type": "agent",
      "last_bid_price": 127,
      "last_ask_price": 130,
      "last_trade_price": null,
      "total_trades": 0,
      "total_volume": 0,
      "strategy_type": null,
      "inferred_valuation": 129.49579,
      "valuation_confidence": 0.6,
      "aggressiveness_score": 0.0,
      "last_activity": 35.820895522387985
    },
    "P07": {
      "agent_id": "P07",
      "node_type": "agent",
      "last_bid_price": 120,
      "last_ask_price": null,
      "last_trade_price": null,
      "total_trades": 0,
      "total_volume": 0,
      "strategy_type": null,
      "inferred_valuation": 120.0,
      "valuation_confidence": 0.7,
      "aggressiveness_score": 0.0,
      "last_activity": 35.820895522387985
    },
    "B11": {
      "agent_id": "B11",
      "node_type": "agent",
      "last_bid_price": 111,
      "last_ask_price": null,
      "last_trade_price": null,
      "total_trades": 0,
      "total_volume": 0,
      "strategy_type": null,
      "inferred_valuation": 110.99999999999999,
      "valuation_confidence": 0.2,
      "aggressiveness_score": 0.0,
      "last_activity": 10.298507462686555
    },
    "B19": {
      "agent_id": "B19",
      "node_type": "agent",
      "last_bid_price": 124,
      "last_ask_price": null,
      "last_trade_price": null,
      "total_trades": 0,
      "total_volume": 0,
      "strategy_type": null,
      "inferred_valuation": 114.19999999999999,
      "valuation_confidence": 0.2,
      "aggressiveness_score": 0.0,
      "last_activity": 10.298507462686555
    },
    "S06": {
      "agent_id": "S06",
      "node_type": "agent",
      "last_bid_price": null,
      "last_ask_price": 147,
      "last_trade_price": null,
      "total_trades": 0,
      "total_volume": 0,
      "strategy_type": null,
      "inferred_valuation": 136.5,
      "valuation_confidence": 0.2,
      "aggressiveness_score": 0.0,
      "last_activity": 35.820895522387985
    },
    "S02": {
      "agent_id": "S02",
      "node_type": "agent",
      "last_bid_price": null,
      "last_ask_price": 129,
      "last_trade_price": null,
      "total_trades": 0,
      "total_volume": 0,
      "strategy_type": null,
      "inferred_valuation": 131.58999999999997,
      "valuation_confidence": 0.30000000000000004,
      "aggressiveness_score": 0.0,
      "last_activity": 15.373134328358166
    },
    "S07": {
      "agent_id": "S07",
      "node_type": "agent",
      "last_bid_price": null,
      "last_ask_price": 210,
      "last_trade_price": null,
      "total_trades": 0,
      "total_volume": 0,
      "strategy_type": null,
      "inferred_valuation": 340.94199999999995,
      "valuation_confidence": 0.4,
      "aggressiveness_score": 0.0,
      "last_activity": 35.820895522387985
    },
    "P20": {
      "agent_id": "P20",
      "node_type": "agent",
      "last_bid_price": 124,
      "last_ask_price": null,
      "last_trade_price": null,
      "total_trades": 0,
      "total_volume": 0,
      "strategy_type": null,
      "inferred_valuation": 124.0,
      "valuation_confidence": 0.2,
      "aggressiveness_score": 0.0,
      "last_activity": 15.373134328358166
    },
    "B13": {
      "agent_id": "B13",
      "node_type": "agent",
      "last_bid_price": 110,
      "last_ask_price": null,
      "last_trade_price": null,
      "total_trades": 0,
      "total_volume": 0,
      "strategy_type": null,
      "inferred_valuation": 105.1,
      "valuation_confidence": 0.4,
      "aggressiveness_score": 0.0,
      "last_activity": 25.522388059701388
    },
    "B05": {
      "agent_id": "B05",
      "node_type": "agent",
      "last_bid_price": 93,
      "last_ask_price": null,
      "last_trade_price": null,
      "total_trades": 0,
      "total_volume": 0,
      "strategy_type": null,
      "inferred_valuation": 95.94,
      "valuation_confidence": 0.30000000000000004,
      "aggressiveness_score": 0.0,
      "last_activity": 20.447761194029777
    },
    "B02": {
      "agent_id": "B02",
      "node_type": "agent",
      "last_bid_price": 108,
      "last_ask_price": null,
      "last_trade_price": null,
      "total_trades": 0,
      "total_volume": 0,
      "strategy_type": null,
      "inferred_valuation": 94.329,
      "valuation_confidence": 0.4,
      "aggressiveness_score": 0.0,
      "last_activity": 25.522388059701388
    },
    "B07": {
      "agent_id": "B07",
      "node_type": "agent",
      "last_bid_price": 98,
      "last_ask_price": null,
      "last_trade_price": null,
      "total_trades": 0,
      "total_volume": 0,
      "strategy_type": null,
      "inferred_valuation": 98.0,
      "valuation_confidence": 0.2,
      "aggressiveness_score": 0.0,
      "last_activity": 15.373134328358166
    },
    "B09": {
      "agent_id": "B09",
      "node_type": "agent",
      "last_bid_price": 121,
      "last_ask_price": null,
      "last_trade_price": null,
      "total_trades": 0,
      "total_volume": 0,
      "strategy_type": null,
      "inferred_valuation": 101.88999999999999,
      "valuation_confidence": 0.30000000000000004,
      "aggressiveness_score": 0.0,
      "last_activity": 30.597014925373
    },
    "B04": {
      "agent_id": "B04",
      "node_type": "agent",
      "last_bid_price": 82,
      "last_ask_price": null,
      "last_trade_price": null,
      "total_trades": 0,
      "total_volume": 0,
      "strategy_type": null,
      "inferred_valuation": 82.0,
      "valuation_confidence": 0.2,
      "aggressiveness_score": 0.0,
      "last_activity": 15.373134328358166
    },
    "S03": {
      "agent_id": "S03",
      "node_type": "agent",
      "last_bid_price": null,
      "last_ask_price": 130,
      "last_trade_price": null,
      "total_trades": 0,
      "total_volume": 0,
      "strategy_type": null,
      "inferred_valuation": 130,
      "valuation_confidence": 0.1,
      "aggressiveness_score": 0.0,
      "last_activity": 10.298507462686555
    },
    "S12": {
      "agent_id": "S12",
      "node_type": "agent",
      "last_bid_price": null,
      "last_ask_price": 144,
      "last_trade_price": null,
      "total_trades": 0,
      "total_volume": 0,
      "strategy_type": null,
      "inferred_valuation": 144.0,
      "valuation_confidence": 0.2,
      "aggressiveness_score": 0.0,
      "last_activity": 15.373134328358166
    },
    "S20": {
      "agent_id": "S20",
      "node_type": "agent",
      "last_bid_price": null,
      "last_ask_price": 180,
      "last_trade_price": null,
      "total_trades": 0,
      "total_volume": 0,
      "strategy_type": null,
      "inferred_valuation": 155.07999999999998,
      "valuation_confidence": 0.30000000000000004,
      "aggressiveness_score": 0.0,
      "last_activity": 30.597014925373
    },
    "P14": {
      "agent_id": "P14",
      "node_type": "agent",
      "last_bid_price": 124,
      "last_ask_price": 127,
      "last_trade_price": null,
      "total_trades": 0,
      "total_volume": 0,
      "strategy_type": null,
      "inferred_valuation": 125.53,
      "valuation_confidence": 0.30000000000000004,
      "aggressiveness_score": 0.0,
      "last_activity": 30.597014925373
    },
    "P09": {
      "agent_id": "P09",
      "node_type": "agent",
      "last_bid_price": 124,
      "last_ask_price": null,
      "last_trade_price": null,
      "total_trades": 0,
      "total_volume": 0,
      "strategy_type": null,
      "inferred_valuation": 124,
      "valuation_confidence": 0.1,
      "aggressiveness_score": 0.0,
      "last_activity": 15.373134328358166
    },
    "B06": {
      "agent_id": "B06",
      "node_type": "agent",
      "last_bid_price": 112,
      "last_ask_price": null,
      "last_trade_price": null,
      "total_trades": 0,
      "total_volume": 0,
      "strategy_type": null,
      "inferred_valuation": 112.0,
      "valuation_confidence": 0.2,
      "aggressiveness_score": 0.0,
      "last_activity": 20.447761194029777
    },
    "B20": {
      "agent_id": "B20",
      "node_type": "agent",
      "last_bid_price": 100,
      "last_ask_price": null,
      "last_trade_price": null,
      "total_trades": 0,
      "total_volume": 0,
      "strategy_type": null,
      "inferred_valuation": 100,
      "valuation_confidence": 0.1,
      "aggressiveness_score": 0.0,
      "last_activity": 15.373134328358166
    },
    "B10": {
      "agent_id": "B10",
      "node_type": "agent",
      "last_bid_price": 117,
      "last_ask_price": null,
      "last_trade_price": null,
      "total_trades": 0,
      "total_volume": 0,
      "strategy_type": null,
      "inferred_valuation": 107.69,
      "valuation_confidence": 0.30000000000000004,
      "aggressiveness_score": 0.0,
      "last_activity": 25.522388059701388
    },
    "S04": {
      "agent_id": "S04",
      "node_type": "agent",
      "last_bid_price": null,
      "last_ask_price": 153,
      "last_trade_price": null,
      "total_trades": 0,
      "total_volume": 0,
      "strategy_type": null,
      "inferred_valuation": 137.271,
      "valuation_confidence": 0.4,
      "aggressiveness_score": 0.0,
      "last_activity": 35.820895522387985
    },
    "P12": {
      "agent_id": "P12",
      "node_type": "agent",
      "last_bid_price": null,
      "last_ask_price": 130,
      "last_trade_price": null,
      "total_trades": 0,
      "total_volume": 0,
      "strategy_type": null,
      "inferred_valuation": 130.0,
      "valuation_confidence": 0.4,
      "aggressiveness_score": 0.0,
      "last_activity": 30.597014925373
    },
    "P16": {
      "agent_id": "P16",
      "node_type": "agent",
      "last_bid_price": 124,
      "last_ask_price": null,
      "last_trade_price": null,
      "total_trades": 0,
      "total_volume": 0,
      "strategy_type": null,
      "inferred_valuation": 124,
      "valuation_confidence": 0.1,
      "aggressiveness_score": 0.0,
      "last_activity": 20.447761194029777
    },
    "P13": {
      "agent_id": "P13",
      "node_type": "agent",
      "last_bid_price": 120,
      "last_ask_price": null,
      "last_trade_price": null,
      "total_trades": 0,
      "total_volume": 0,
      "strategy_type": null,
      "inferred_valuation": 122.8,
      "valuation_confidence": 0.2,
      "aggressiveness_score": 0.0,
      "last_activity": 35.820895522387985
    },
    "P19": {
      "agent_id": "P19",
      "node_type": "agent",
      "last_bid_price": 124,
      "last_ask_price": 127,
      "last_trade_price": null,
      "total_trades": 0,
      "total_volume": 0,
      "strategy_type": null,
      "inferred_valuation": 124.9,
      "valuation_confidence": 0.2,
      "aggressiveness_score": 0.0,
      "last_activity": 35.820895522387985
    },
    "B15": {
      "agent_id": "B15",
      "node_type": "agent",
      "last_bid_price": 120,
      "last_ask_price": null,
      "last_trade_price": null,
      "total_trades": 0,
      "total_volume": 0,
      "strategy_type": null,
      "inferred_valuation": 120,
      "valuation_confidence": 0.1,
      "aggressiveness_score": 0.0,
      "last_activity": 20.447761194029777
    },
    "B21": {
      "agent_id": "B21",
      "node_type": "agent",
      "last_bid_price": 120,
      "last_ask_price": null,
      "last_trade_price": null,
      "total_trades": 0,
      "total_volume": 0,
      "strategy_type": null,
      "inferred_valuation": 116.5,
      "valuation_confidence": 0.2,
      "aggressiveness_score": 0.0,
      "last_activity": 30.597014925373
    },
    "B08": {
      "agent_id": "B08",
      "node_type": "agent",
      "last_bid_price": 113,
      "last_ask_price": null,
      "last_trade_price": null,
      "total_trades": 0,
      "total_volume": 0,
      "strategy_type": null,
      "inferred_valuation": 113.0,
      "valuation_confidence": 0.2,
      "aggressiveness_score": 0.0,
      "last_activity": 25.522388059701388
    },
    "B14": {
      "agent_id": "B14",
      "node_type": "agent",
      "last_bid_price": 120,
      "last_ask_price": null,
      "last_trade_price": null,
      "total_trades": 0,
      "total_volume": 0,
      "strategy_type": null,
      "inferred_valuation": 113.63,
      "valuation_confidence": 0.30000000000000004,
      "aggressiveness_score": 0.0,
      "last_activity": 30.597014925373
    },
    "B18": {
      "agent_id": "B18",
      "node_type": "agent",
      "last_bid_price": 104,
      "last_ask_price": null,
      "last_trade_price": null,
      "total_trades": 0,
      "total_volume": 0,
      "strategy_type": null,
      "inferred_valuation": 101.2,
      "valuation_confidence": 0.2,
      "aggressiveness_score": 0.0,
      "last_activity": 35.820895522387985
    },
    "S15": {
      "agent_id": "S15",
      "node_type": "agent",
      "last_bid_price": null,
      "last_ask_price": 127,
      "last_trade_price": null,
      "total_trades": 0,
      "total_volume": 0,
      "strategy_type": null,
      "inferred_valuation": 127,
      "valuation_confidence": 0.1,
      "aggressiveness_score": 0.0,
      "last_activity": 20.447761194029777
    },
    "P15": {
      "agent_id": "P15",
      "node_type": "agent",
      "last_bid_price": null,
      "last_ask_price": 127,
      "last_trade_price": null,
      "total_trades": 0,
      "total_volume": 0,
      "strategy_type": null,
      "inferred_valuation": 127.48999999999998,
      "valuation_confidence": 0.30000000000000004,
      "aggressiveness_score": 0.0,
      "last_activity": 30.597014925373
    },
    "P00": {
      "agent_id": "P00",
      "node_type": "agent",
      "last_bid_price": null,
      "last_ask_price": 129,
      "last_trade_price": null,
      "total_trades": 0,
      "total_volume": 0,
      "strategy_type": null,
      "inferred_valuation": 129,
      "valuation_confidence": 0.1,
      "aggressiveness_score": 0.0,
      "last_activity": 20.447761194029777
    },
    "P06": {
      "agent_id": "P06",
      "node_type": "agent",
      "last_bid_price": 124,
      "last_ask_price": 127,
      "last_trade_price": null,
      "total_trades": 0,
      "total_volume": 0,
      "strategy_type": null,
      "inferred_valuation": 124.9,
      "valuation_confidence": 0.2,
      "aggressiveness_score": 0.0,
      "last_activity": 35.820895522387985
    },
    "P10": {
      "agent_id": "P10",
      "node_type": "agent",
      "last_bid_price": 124,
      "last_ask_price": null,
      "last_trade_price": null,
      "total_trades": 0,
      "total_volume": 0,
      "strategy_type": null,
      "inferred_valuation": 124,
      "valuation_confidence": 0.1,
      "aggressiveness_score": 0.0,
      "last_activity": 25.522388059701388
    },
    "B01": {
      "agent_id": "B01",
      "node_type": "agent",
      "last_bid_price": 91,
      "last_ask_price": null,
      "last_trade_price": null,
      "total_trades": 0,
      "total_volume": 0,
      "strategy_type": null,
      "inferred_valuation": 91,
      "valuation_confidence": 0.1,
      "aggressiveness_score": 0.0,
      "last_activity": 25.522388059701388
    },
    "S14": {
      "agent_id": "S14",
      "node_type": "agent",
      "last_bid_price": null,
      "last_ask_price": 133,
      "last_trade_price": null,
      "total_trades": 0,
      "total_volume": 0,
      "strategy_type": null,
      "inferred_valuation": 133.0,
      "valuation_confidence": 0.30000000000000004,
      "aggressiveness_score": 0.0,
      "last_activity": 35.820895522387985
    },
    "S00": {
      "agent_id": "S00",
      "node_type": "agent",
      "last_bid_price": null,
      "last_ask_price": 129,
      "last_trade_price": null,
      "total_trades": 0,
      "total_volume": 0,
      "strategy_type": null,
      "inferred_valuation": 138.79999999999998,
      "valuation_confidence": 0.30000000000000004,
      "aggressiveness_score": 0.0,
      "last_activity": 35.820895522387985
    },
    "S22": {
      "agent_id": "S22",
      "node_type": "agent",
      "last_bid_price": null,
      "last_ask_price": 146,
      "last_trade_price": null,
      "total_trades": 0,
      "total_volume": 0,
      "strategy_type": null,
      "inferred_valuation": 150.2,
      "valuation_confidence": 0.2,
      "aggressiveness_score": 0.0,
      "last_activity": 30.597014925373
    },
    "S19": {
      "agent_id": "S19",
      "node_type": "agent",
      "last_bid_price": null,
      "last_ask_price": 172,
      "last_trade_price": null,
      "total_trades": 0,
      "total_volume": 0,
      "strategy_type": null,
      "inferred_valuation": 172.0,
      "valuation_confidence": 0.2,
      "aggressiveness_score": 0.0,
      "last_activity": 30.597014925373
    },
    "S13": {
      "agent_id": "S13",
      "node_type": "agent",
      "last_bid_price": null,
      "last_ask_price": 130,
      "last_trade_price": null,
      "total_trades": 0,
      "total_volume": 0,
      "strategy_type": null,
      "inferred_valuation": 152.05,
      "valuation_confidence": 0.30000000000000004,
      "aggressiveness_score": 0.0,
      "last_activity": 35.820895522387985
    },
    "P04": {
      "agent_id": "P04",
      "node_type": "agent",
      "last_bid_price": 124,
      "last_ask_price": null,
      "last_trade_price": null,
      "total_trades": 0,
      "total_volume": 0,
      "strategy_type": null,
      "inferred_valuation": 124,
      "valuation_confidence": 0.1,
      "aggressiveness_score": 0.0,
      "last_activity": 30.597014925373
    },
    "B22": {
      "agent_id": "B22",
      "node_type": "agent",
      "last_bid_price": 112,
      "last_ask_price": null,
      "last_trade_price": null,
      "total_trades": 0,
      "total_volume": 0,
      "strategy_type": null,
      "inferred_valuation": 112,
      "valuation_confidence": 0.1,
      "aggressiveness_score": 0.0,
      "last_activity": 30.597014925373
    },
    "B03": {
      "agent_id": "B03",
      "node_type": "agent",
      "last_bid_price": 103,
      "last_ask_price": null,
      "last_trade_price": null,
      "total_trades": 0,
      "total_volume": 0,
      "strategy_type": null,
      "inferred_valuation": 103.0,
      "valuation_confidence": 0.2,
      "aggressiveness_score": 0.0,
      "last_activity": 35.820895522387985
    },
    "S17": {
      "agent_id": "S17",
      "node_type": "agent",
      "last_bid_price": null,
      "last_ask_price": 127,
      "last_trade_price": null,
      "total_trades": 0,
      "total_volume": 0,
      "strategy_type": null,
      "inferred_valuation": 127,
      "valuation_confidence": 0.1,
      "aggressiveness_score": 0.0,
      "last_activity": 30.597014925373
    },
    "S05": {
      "agent_id": "S05",
      "node_type": "agent",
      "last_bid_price": null,
      "last_ask_price": 134,
      "last_trade_price": null,
      "total_trades": 0,
      "total_volume": 0,
      "strategy_type": null,
      "inferred_valuation": 136.79999999999998,
      "valuation_confidence": 0.2,
      "aggressiveness_score": 0.0,
      "last_activity": 35.820895522387985
    }
  },
  "edges": {
    "ffa881fd-05db-4086-8f61-695fbdbf1b61": {
      "edge_id": "ffa881fd-05db-4086-8f61-695fbdbf1b61",
      "source_node": "BSE_ASSET",
      "target_node": "P18",
      "belief_type": "strategy",
      "confidence": 0.1,
      "value": "unknown",
      "timestamp": 0.0,
      "evidence_count": 0
    },
    "bbc9fd10-2175-4589-ac04-2b03ac43682a": {
      "edge_id": "bbc9fd10-2175-4589-ac04-2b03ac43682a",
      "source_node": "BSE_ASSET",
      "target_node": "P18",
      "belief_type": "valuation",
      "confidence": 0.5,
      "value": 130.0,
      "timestamp": 35.820895522387985,
      "evidence_count": 5
    },
    "436160d5-2a6d-4b0e-96a0-74cc7fc469b3": {
      "edge_id": "436160d5-2a6d-4b0e-96a0-74cc7fc469b3",
      "source_node": "BSE_ASSET",
      "target_node": "P17",
      "belief_type": "strategy",
      "confidence": 0.1,
      "value": "unknown",
      "timestamp": 0.0,
      "evidence_count": 0
    },
    "307d8b4e-b1e2-4f8d-be3a-957d271d7b97": {
      "edge_id": "307d8b4e-b1e2-4f8d-be3a-957d271d7b97",
      "source_node": "BSE_ASSET",
      "target_node": "P17",
      "belief_type": "valuation",
      "confidence": 0.1,
      "value": 130,
      "timestamp": 5.074626865671641,
      "evidence_count": 1
    },
    "a86af9f0-90b4-4910-81c6-cc0d297210e9": {
      "edge_id": "a86af9f0-90b4-4910-81c6-cc0d297210e9",
      "source_node": "BSE_ASSET",
      "target_node": "P02",
      "belief_type": "strategy",
      "confidence": 0.1,
      "value": "unknown",
      "timestamp": 5.074626865671641,
      "evidence_count": 0
    },
    "3e3c74fd-d94f-4d05-86b9-d6c3626f4cf7": {
      "edge_id": "3e3c74fd-d94f-4d05-86b9-d6c3626f4cf7",
      "source_node": "BSE_ASSET",
      "target_node": "P02",
      "belief_type": "valuation",
      "confidence": 0.6,
      "value": 128.83192999999997,
      "timestamp": 35.820895522387985,
      "evidence_count": 6
    },
    "b8493ebd-55fe-4df5-a71f-bf4c82884528": {
      "edge_id": "b8493ebd-55fe-4df5-a71f-bf4c82884528",
      "source_node": "BSE_ASSET",
      "target_node": "P01",
      "belief_type": "strategy",
      "confidence": 0.1,
      "value": "unknown",
      "timestamp": 5.074626865671641,
      "evidence_count": 0
    },
    "a4f44ea0-a39d-4398-b89a-42e718181438": {
      "edge_id": "a4f44ea0-a39d-4398-b89a-42e718181438",
      "source_node": "BSE_ASSET",
      "target_node": "P01",
      "belief_type": "valuation",
      "confidence": 0.4,
      "value": 127.34299999999999,
      "timestamp": 30.597014925373,
      "evidence_count": 4
    },
    "968dd771-c3dd-4f41-bd24-715b926c0794": {
      "edge_id": "968dd771-c3dd-4f41-bd24-715b926c0794",
      "source_node": "BSE_ASSET",
      "target_node": "P08",
      "belief_type": "strategy",
      "confidence": 0.1,
      "value": "unknown",
      "timestamp": 5.074626865671641,
      "evidence_count": 0
    },
    "af889d9d-7654-4dd1-9487-78df9b12f3f4": {
      "edge_id": "af889d9d-7654-4dd1-9487-78df9b12f3f4",
      "source_node": "BSE_ASSET",
      "target_node": "P08",
      "belief_type": "valuation",
      "confidence": 0.6,
      "value": 129.49579,
      "timestamp": 35.820895522387985,
      "evidence_count": 6
    },
    "ad3c396a-22f6-4e25-b5d2-a4c2cbcbc35c": {
      "edge_id": "ad3c396a-22f6-4e25-b5d2-a4c2cbcbc35c",
      "source_node": "BSE_ASSET",
      "target_node": "P07",
      "belief_type": "strategy",
      "confidence": 0.1,
      "value": "unknown",
      "timestamp": 5.074626865671641,
      "evidence_count": 0
    },
    "43566449-9d59-43a5-bf82-f594df1a9700": {
      "edge_id": "43566449-9d59-43a5-bf82-f594df1a9700",
      "source_node": "BSE_ASSET",
      "target_node": "P07",
      "belief_type": "valuation",
      "confidence": 0.7,
      "value": 120.0,
      "timestamp": 35.820895522387985,
      "evidence_count": 7
    },
    "8c6a64f6-6969-4df3-b7b7-102c8e6e0b9e": {
      "edge_id": "8c6a64f6-6969-4df3-b7b7-102c8e6e0b9e",
      "source_node": "BSE_ASSET",
      "target_node": "B11",
      "belief_type": "strategy",
      "confidence": 0.1,
      "value": "unknown",
      "timestamp": 5.074626865671641,
      "evidence_count": 0
    },
    "bceba92a-fee4-420a-9cc9-b52b0b7f6054": {
      "edge_id": "bceba92a-fee4-420a-9cc9-b52b0b7f6054",
      "source_node": "BSE_ASSET",
      "target_node": "B11",
      "belief_type": "valuation",
      "confidence": 0.2,
      "value": 110.99999999999999,
      "timestamp": 10.298507462686555,
      "evidence_count": 2
    },
    "478cf785-0e9c-455d-b245-dcce06d492a7": {
      "edge_id": "478cf785-0e9c-455d-b245-dcce06d492a7",
      "source_node": "BSE_ASSET",
      "target_node": "B19",
      "belief_type": "strategy",
      "confidence": 0.1,
      "value": "unknown",
      "timestamp": 5.074626865671641,
      "evidence_count": 0
    },
    "97fdade7-8505-42d9-9e1f-603e42606df9": {
      "edge_id": "97fdade7-8505-42d9-9e1f-603e42606df9",
      "source_node": "BSE_ASSET",
      "target_node": "B19",
      "belief_type": "valuation",
      "confidence": 0.2,
      "value": 114.19999999999999,
      "timestamp": 10.298507462686555,
      "evidence_count": 2
    },
    "55f4a0c0-9726-42b4-9864-b331a0842e03": {
      "edge_id": "55f4a0c0-9726-42b4-9864-b331a0842e03",
      "source_node": "BSE_ASSET",
      "target_node": "S06",
      "belief_type": "strategy",
      "confidence": 0.1,
      "value": "unknown",
      "timestamp": 5.074626865671641,
      "evidence_count": 0
    },
    "5ba4b402-3651-4de8-b0b9-18edc97b8050": {
      "edge_id": "5ba4b402-3651-4de8-b0b9-18edc97b8050",
      "source_node": "BSE_ASSET",
      "target_node": "S06",
      "belief_type": "valuation",
      "confidence": 0.2,
      "value": 136.5,
      "timestamp": 35.820895522387985,
      "evidence_count": 2
    },
    "d573c459-6248-4d37-946b-49ee8c4d6955": {
      "edge_id": "d573c459-6248-4d37-946b-49ee8c4d6955",
      "source_node": "BSE_ASSET",
      "target_node": "S02",
      "belief_type": "strategy",
      "confidence": 0.1,
      "value": "unknown",
      "timestamp": 5.074626865671641,
      "evidence_count": 0
    },
    "de47934a-2b78-48fd-9592-0713ca422e16": {
      "edge_id": "de47934a-2b78-48fd-9592-0713ca422e16",
      "source_node": "BSE_ASSET",
      "target_node": "S02",
      "belief_type": "valuation",
      "confidence": 0.30000000000000004,
      "value": 131.58999999999997,
      "timestamp": 15.373134328358166,
      "evidence_count": 3
    },
    "09ad4521-5f23-40bf-9503-637204bba1b6": {
      "edge_id": "09ad4521-5f23-40bf-9503-637204bba1b6",
      "source_node": "BSE_ASSET",
      "target_node": "S07",
      "belief_type": "strategy",
      "confidence": 0.1,
      "value": "unknown",
      "timestamp": 5.074626865671641,
      "evidence_count": 0
    },
    "adbdc00e-d23e-40ef-99d9-4e41e027a5f6": {
      "edge_id": "adbdc00e-d23e-40ef-99d9-4e41e027a5f6",
      "source_node": "BSE_ASSET",
      "target_node": "S07",
      "belief_type": "valuation",
      "confidence": 0.4,
      "value": 340.94199999999995,
      "timestamp": 35.820895522387985,
      "evidence_count": 4
    },
    "866e8bce-803a-49b2-9238-429c41d97c38": {
      "edge_id": "866e8bce-803a-49b2-9238-429c41d97c38",
      "source_node": "BSE_ASSET",
      "target_node": "P20",
      "belief_type": "strategy",
      "confidence": 0.1,
      "value": "unknown",
      "timestamp": 10.298507462686555,
      "evidence_count": 0
    },
    "0d485acc-dd31-455d-a283-93edc90d6f17": {
      "edge_id": "0d485acc-dd31-455d-a283-93edc90d6f17",
      "source_node": "BSE_ASSET",
      "target_node": "P20",
      "belief_type": "valuation",
      "confidence": 0.2,
      "value": 124.0,
      "timestamp": 15.373134328358166,
      "evidence_count": 2
    },
    "7a974e47-73cd-47ff-9294-8398d17edfa8": {
      "edge_id": "7a974e47-73cd-47ff-9294-8398d17edfa8",
      "source_node": "BSE_ASSET",
      "target_node": "B13",
      "belief_type": "strategy",
      "confidence": 0.1,
      "value": "unknown",
      "timestamp": 10.298507462686555,
      "evidence_count": 0
    },
    "34180fdd-4169-4e4c-9981-9bcc0ab2ac12": {
      "edge_id": "34180fdd-4169-4e4c-9981-9bcc0ab2ac12",
      "source_node": "BSE_ASSET",
      "target_node": "B13",
      "belief_type": "valuation",
      "confidence": 0.4,
      "value": 105.1,
      "timestamp": 25.522388059701388,
      "evidence_count": 4
    },
    "9f45f068-2b10-40f8-a0da-7eb96b41fe24": {
      "edge_id": "9f45f068-2b10-40f8-a0da-7eb96b41fe24",
      "source_node": "BSE_ASSET",
      "target_node": "B05",
      "belief_type": "strategy",
      "confidence": 0.1,
      "value": "unknown",
      "timestamp": 10.298507462686555,
      "evidence_count": 0
    },
    "f0851b4e-8346-4b19-b70f-1a32fb922e51": {
      "edge_id": "f0851b4e-8346-4b19-b70f-1a32fb922e51",
      "source_node": "BSE_ASSET",
      "target_node": "B05",
      "belief_type": "valuation",
      "confidence": 0.30000000000000004,
      "value": 95.94,
      "timestamp": 20.447761194029777,
      "evidence_count": 3
    },
    "6a647a46-f5af-4594-9fef-0aa14c2c5b3b": {
      "edge_id": "6a647a46-f5af-4594-9fef-0aa14c2c5b3b",
      "source_node": "BSE_ASSET",
      "target_node": "B02",
      "belief_type": "strategy",
      "confidence": 0.1,
      "value": "unknown",
      "timestamp": 10.298507462686555,
      "evidence_count": 0
    },
    "693fba95-3b75-426e-b372-3e38927dcf73": {
      "edge_id": "693fba95-3b75-426e-b372-3e38927dcf73",
      "source_node": "BSE_ASSET",
      "target_node": "B02",
      "belief_type": "valuation",
      "confidence": 0.4,
      "value": 94.329,
      "timestamp": 25.522388059701388,
      "evidence_count": 4
    },
    "32fc6d5f-cd39-418a-9d04-137b75d18d30": {
      "edge_id": "32fc6d5f-cd39-418a-9d04-137b75d18d30",
      "source_node": "BSE_ASSET",
      "target_node": "B07",
      "belief_type": "strategy",
      "confidence": 0.1,
      "value": "unknown",
      "timestamp": 10.298507462686555,
      "evidence_count": 0
    },
    "2e5f0e1e-f427-408e-a2fc-70586b5bb951": {
      "edge_id": "2e5f0e1e-f427-408e-a2fc-70586b5bb951",
      "source_node": "BSE_ASSET",
      "target_node": "B07",
      "belief_type": "valuation",
      "confidence": 0.2,
      "value": 98.0,
      "timestamp": 15.373134328358166,
      "evidence_count": 2
    },
    "acded6c0-30a8-41e1-8d8d-8b8e8206ee16": {
      "edge_id": "acded6c0-30a8-41e1-8d8d-8b8e8206ee16",
      "source_node": "BSE_ASSET",
      "target_node": "B09",
      "belief_type": "strategy",
      "confidence": 0.1,
      "value": "unknown",
      "timestamp": 10.298507462686555,
      "evidence_count": 0
    },
    "f796756b-828c-420d-bd17-c07c17a8b1cc": {
      "edge_id": "f796756b-828c-420d-bd17-c07c17a8b1cc",
      "source_node": "BSE_ASSET",
      "target_node": "B09",
      "belief_type": "valuation",
      "confidence": 0.30000000000000004,
      "value": 101.88999999999999,
      "timestamp": 30.597014925373,
      "evidence_count": 3
    },
    "6b0361b4-9e93-4075-a9b3-0a93af5f4317": {
      "edge_id": "6b0361b4-9e93-4075-a9b3-0a93af5f4317",
      "source_node": "BSE_ASSET",
      "target_node": "B04",
      "belief_type": "strategy",
      "confidence": 0.1,
      "value": "unknown",
      "timestamp": 10.298507462686555,
      "evidence_count": 0
    },
    "694e4b0a-13ed-4502-af2d-b8f7a36df9c7": {
      "edge_id": "694e4b0a-13ed-4502-af2d-b8f7a36df9c7",
      "source_node": "BSE_ASSET",
      "target_node": "B04",
      "belief_type": "valuation",
      "confidence": 0.2,
      "value": 82.0,
      "timestamp": 15.373134328358166,
      "evidence_count": 2
    },
    "ed541d8d-15a0-4326-93c5-2a5c6309eaf0": {
      "edge_id": "ed541d8d-15a0-4326-93c5-2a5c6309eaf0",
      "source_node": "BSE_ASSET",
      "target_node": "S03",
      "belief_type": "strategy",
      "confidence": 0.1,
      "value": "unknown",
      "timestamp": 10.298507462686555,
      "evidence_count": 0
    },
    "dc239dd5-92ae-489f-b54f-1b55095a55c3": {
      "edge_id": "dc239dd5-92ae-489f-b54f-1b55095a55c3",
      "source_node": "BSE_ASSET",
      "target_node": "S03",
      "belief_type": "valuation",
      "confidence": 0.1,
      "value": 130,
      "timestamp": 10.298507462686555,
      "evidence_count": 1
    },
    "eb3f01f5-a838-4295-88d1-ad71717d9850": {
      "edge_id": "eb3f01f5-a838-4295-88d1-ad71717d9850",
      "source_node": "BSE_ASSET",
      "target_node": "S12",
      "belief_type": "strategy",
      "confidence": 0.1,
      "value": "unknown",
      "timestamp": 10.298507462686555,
      "evidence_count": 0
    },
    "4eaed120-9f33-47a8-8b86-bc14461b28d6": {
      "edge_id": "4eaed120-9f33-47a8-8b86-bc14461b28d6",
      "source_node": "BSE_ASSET",
      "target_node": "S12",
      "belief_type": "valuation",
      "confidence": 0.2,
      "value": 144.0,
      "timestamp": 15.373134328358166,
      "evidence_count": 2
    },
    "5ba83d7a-bb34-4c45-835d-f756317b1ab4": {
      "edge_id": "5ba83d7a-bb34-4c45-835d-f756317b1ab4",
      "source_node": "BSE_ASSET",
      "target_node": "S20",
      "belief_type": "strategy",
      "confidence": 0.1,
      "value": "unknown",
      "timestamp": 10.298507462686555,
      "evidence_count": 0
    },
    "2f26b528-1fc7-4ca2-b298-5d631ada67d1": {
      "edge_id": "2f26b528-1fc7-4ca2-b298-5d631ada67d1",
      "source_node": "BSE_ASSET",
      "target_node": "S20",
      "belief_type": "valuation",
      "confidence": 0.30000000000000004,
      "value": 155.07999999999998,
      "timestamp": 30.597014925373,
      "evidence_count": 3
    },
    "6398b5b7-33fc-4500-94c4-b7e63193e071": {
      "edge_id": "6398b5b7-33fc-4500-94c4-b7e63193e071",
      "source_node": "BSE_ASSET",
      "target_node": "P14",
      "belief_type": "strategy",
      "confidence": 0.1,
      "value": "unknown",
      "timestamp": 15.373134328358166,
      "evidence_count": 0
    },
    "67afe916-a83e-4541-a2c7-4a810a777c2f": {
      "edge_id": "67afe916-a83e-4541-a2c7-4a810a777c2f",
      "source_node": "BSE_ASSET",
      "target_node": "P14",
      "belief_type": "valuation",
      "confidence": 0.30000000000000004,
      "value": 125.53,
      "timestamp": 30.597014925373,
      "evidence_count": 3
    },
    "205e2196-d5cb-41be-bef1-687ceed514d1": {
      "edge_id": "205e2196-d5cb-41be-bef1-687ceed514d1",
      "source_node": "BSE_ASSET",
      "target_node": "P09",
      "belief_type": "strategy",
      "confidence": 0.1,
      "value": "unknown",
      "timestamp": 15.373134328358166,
      "evidence_count": 0
    },
    "eec2cc63-a5e4-48ff-ba20-537d8bd3b7bf": {
      "edge_id": "eec2cc63-a5e4-48ff-ba20-537d8bd3b7bf",
      "source_node": "BSE_ASSET",
      "target_node": "P09",
      "belief_type": "valuation",
      "confidence": 0.1,
      "value": 124,
      "timestamp": 15.373134328358166,
      "evidence_count": 1
    },
    "aa78a441-4683-4730-9ce5-7fc4e804c212": {
      "edge_id": "aa78a441-4683-4730-9ce5-7fc4e804c212",
      "source_node": "BSE_ASSET",
      "target_node": "B06",
      "belief_type": "strategy",
      "confidence": 0.1,
      "value": "unknown",
      "timestamp": 15.373134328358166,
      "evidence_count": 0
    },
    "94c0b21f-788e-4a62-958d-54e24dbf3384": {
      "edge_id": "94c0b21f-788e-4a62-958d-54e24dbf3384",
      "source_node": "BSE_ASSET",
      "target_node": "B06",
      "belief_type": "valuation",
      "confidence": 0.2,
      "value": 112.0,
      "timestamp": 20.447761194029777,
      "evidence_count": 2
    },
    "4a15293a-ca1e-47ae-8922-29c832d29f18": {
      "edge_id": "4a15293a-ca1e-47ae-8922-29c832d29f18",
      "source_node": "BSE_ASSET",
      "target_node": "B20",
      "belief_type": "strategy",
      "confidence": 0.1,
      "value": "unknown",
      "timestamp": 15.373134328358166,
      "evidence_count": 0
    },
    "30a14c51-5e2c-4884-93b1-cb29bc8c2e1c": {
      "edge_id": "30a14c51-5e2c-4884-93b1-cb29bc8c2e1c",
      "source_node": "BSE_ASSET",
      "target_node": "B20",
      "belief_type": "valuation",
      "confidence": 0.1,
      "value": 100,
      "timestamp": 15.373134328358166,
      "evidence_count": 1
    },
    "eb695407-93c0-4835-acde-a80608eeded5": {
      "edge_id": "eb695407-93c0-4835-acde-a80608eeded5",
      "source_node": "BSE_ASSET",
      "target_node": "B10",
      "belief_type": "strategy",
      "confidence": 0.1,
      "value": "unknown",
      "timestamp": 15.373134328358166,
      "evidence_count": 0
    },
    "deb8b8fb-886e-4aad-b500-178be207ecf9": {
      "edge_id": "deb8b8fb-886e-4aad-b500-178be207ecf9",
      "source_node": "BSE_ASSET",
      "target_node": "B10",
      "belief_type": "valuation",
      "confidence": 0.30000000000000004,
      "value": 107.69,
      "timestamp": 25.522388059701388,
      "evidence_count": 3
    },
    "c533eec6-70fe-4cff-9596-0aaa80849c5a": {
      "edge_id": "c533eec6-70fe-4cff-9596-0aaa80849c5a",
      "source_node": "BSE_ASSET",
      "target_node": "S04",
      "belief_type": "strategy",
      "confidence": 0.1,
      "value": "unknown",
      "timestamp": 15.373134328358166,
      "evidence_count": 0
    },
    "7fc6663a-346f-4b32-89cf-a1733fb0b13b": {
      "edge_id": "7fc6663a-346f-4b32-89cf-a1733fb0b13b",
      "source_node": "BSE_ASSET",
      "target_node": "S04",
      "belief_type": "valuation",
      "confidence": 0.4,
      "value": 137.271,
      "timestamp": 35.820895522387985,
      "evidence_count": 4
    },
    "3308a39a-6f04-43df-a6ba-ec04cbcda8d0": {
      "edge_id": "3308a39a-6f04-43df-a6ba-ec04cbcda8d0",
      "source_node": "BSE_ASSET",
      "target_node": "P12",
      "belief_type": "strategy",
      "confidence": 0.1,
      "value": "unknown",
      "timestamp": 15.373134328358166,
      "evidence_count": 0
    },
    "e543be8f-ef08-4384-a3ff-d2310dacfbc9": {
      "edge_id": "e543be8f-ef08-4384-a3ff-d2310dacfbc9",
      "source_node": "BSE_ASSET",
      "target_node": "P12",
      "belief_type": "valuation",
      "confidence": 0.4,
      "value": 130.0,
      "timestamp": 30.597014925373,
      "evidence_count": 4
    },
    "6e17da5a-3760-4ebb-ada5-77454964f37c": {
      "edge_id": "6e17da5a-3760-4ebb-ada5-77454964f37c",
      "source_node": "BSE_ASSET",
      "target_node": "P16",
      "belief_type": "strategy",
      "confidence": 0.1,
      "value": "unknown",
      "timestamp": 15.373134328358166,
      "evidence_count": 0
    },
    "33201bb4-2156-492c-a41b-f26238ec538c": {
      "edge_id": "33201bb4-2156-492c-a41b-f26238ec538c",
      "source_node": "BSE_ASSET",
      "target_node": "P16",
      "belief_type": "valuation",
      "confidence": 0.1,
      "value": 124,
      "timestamp": 20.447761194029777,
      "evidence_count": 1
    },
    "d0912104-88b0-4775-98c2-9e03b218c58f": {
      "edge_id": "d0912104-88b0-4775-98c2-9e03b218c58f",
      "source_node": "BSE_ASSET",
      "target_node": "P13",
      "belief_type": "strategy",
      "confidence": 0.1,
      "value": "unknown",
      "timestamp": 20.447761194029777,
      "evidence_count": 0
    },
    "e3c448ee-19ca-4df0-b6c7-1e720b4a017b": {
      "edge_id": "e3c448ee-19ca-4df0-b6c7-1e720b4a017b",
      "source_node": "BSE_ASSET",
      "target_node": "P13",
      "belief_type": "valuation",
      "confidence": 0.2,
      "value": 122.8,
      "timestamp": 35.820895522387985,
      "evidence_count": 2
    },
    "addb8e77-9cc5-45ed-9187-72aa4fb83be5": {
      "edge_id": "addb8e77-9cc5-45ed-9187-72aa4fb83be5",
      "source_node": "BSE_ASSET",
      "target_node": "P19",
      "belief_type": "strategy",
      "confidence": 0.1,
      "value": "unknown",
      "timestamp": 20.447761194029777,
      "evidence_count": 0
    },
    "9c7a91bb-ff79-4c42-9b3e-036602f0b6f2": {
      "edge_id": "9c7a91bb-ff79-4c42-9b3e-036602f0b6f2",
      "source_node": "BSE_ASSET",
      "target_node": "P19",
      "belief_type": "valuation",
      "confidence": 0.2,
      "value": 124.9,
      "timestamp": 35.820895522387985,
      "evidence_count": 2
    },
    "01f128e1-a162-4484-93e2-badad8582a01": {
      "edge_id": "01f128e1-a162-4484-93e2-badad8582a01",
      "source_node": "BSE_ASSET",
      "target_node": "B15",
      "belief_type": "strategy",
      "confidence": 0.1,
      "value": "unknown",
      "timestamp": 20.447761194029777,
      "evidence_count": 0
    },
    "7ae70c7e-a558-4068-b1eb-0fdb954275ff": {
      "edge_id": "7ae70c7e-a558-4068-b1eb-0fdb954275ff",
      "source_node": "BSE_ASSET",
      "target_node": "B15",
      "belief_type": "valuation",
      "confidence": 0.1,
      "value": 120,
      "timestamp": 20.447761194029777,
      "evidence_count": 1
    },
    "e3d18fef-b480-44be-bd91-86d0b73cb74d": {
      "edge_id": "e3d18fef-b480-44be-bd91-86d0b73cb74d",
      "source_node": "BSE_ASSET",
      "target_node": "B21",
      "belief_type": "strategy",
      "confidence": 0.1,
      "value": "unknown",
      "timestamp": 20.447761194029777,
      "evidence_count": 0
    },
    "83f55620-918a-4108-8ba4-9d333c4a42b5": {
      "edge_id": "83f55620-918a-4108-8ba4-9d333c4a42b5",
      "source_node": "BSE_ASSET",
      "target_node": "B21",
      "belief_type": "valuation",
      "confidence": 0.2,
      "value": 116.5,
      "timestamp": 30.597014925373,
      "evidence_count": 2
    },
    "41c71bea-4ef5-427c-85ce-0984a40fd94f": {
      "edge_id": "41c71bea-4ef5-427c-85ce-0984a40fd94f",
      "source_node": "BSE_ASSET",
      "target_node": "B08",
      "belief_type": "strategy",
      "confidence": 0.1,
      "value": "unknown",
      "timestamp": 20.447761194029777,
      "evidence_count": 0
    },
    "fc2f4d81-eb73-42d5-9836-86ca35b9de30": {
      "edge_id": "fc2f4d81-eb73-42d5-9836-86ca35b9de30",
      "source_node": "BSE_ASSET",
      "target_node": "B08",
      "belief_type": "valuation",
      "confidence": 0.2,
      "value": 113.0,
      "timestamp": 25.522388059701388,
      "evidence_count": 2
    },
    "939bcb22-c8ae-48b2-888f-93719512c5e2": {
      "edge_id": "939bcb22-c8ae-48b2-888f-93719512c5e2",
      "source_node": "BSE_ASSET",
      "target_node": "B14",
      "belief_type": "strategy",
      "confidence": 0.1,
      "value": "unknown",
      "timestamp": 20.447761194029777,
      "evidence_count": 0
    },
    "b5adb0d4-5bf6-4e92-b19b-804e17ddfff4": {
      "edge_id": "b5adb0d4-5bf6-4e92-b19b-804e17ddfff4",
      "source_node": "BSE_ASSET",
      "target_node": "B14",
      "belief_type": "valuation",
      "confidence": 0.30000000000000004,
      "value": 113.63,
      "timestamp": 30.597014925373,
      "evidence_count": 3
    },
    "5c26f3d6-ed5d-4449-a4a0-e988754ac3b3": {
      "edge_id": "5c26f3d6-ed5d-4449-a4a0-e988754ac3b3",
      "source_node": "BSE_ASSET",
      "target_node": "B18",
      "belief_type": "strategy",
      "confidence": 0.1,
      "value": "unknown",
      "timestamp": 20.447761194029777,
      "evidence_count": 0
    },
    "3b00d27e-520a-4ddf-9bba-b1d78fdb3ef7": {
      "edge_id": "3b00d27e-520a-4ddf-9bba-b1d78fdb3ef7",
      "source_node": "BSE_ASSET",
      "target_node": "B18",
      "belief_type": "valuation",
      "confidence": 0.2,
      "value": 101.2,
      "timestamp": 35.820895522387985,
      "evidence_count": 2
    },
    "65d7e49e-0a42-4f8d-a397-34ecabdad8ae": {
      "edge_id": "65d7e49e-0a42-4f8d-a397-34ecabdad8ae",
      "source_node": "BSE_ASSET",
      "target_node": "S15",
      "belief_type": "strategy",
      "confidence": 0.1,
      "value": "unknown",
      "timestamp": 20.447761194029777,
      "evidence_count": 0
    },
    "0a633a10-0a5e-44a6-a962-239bf6c98a1b": {
      "edge_id": "0a633a10-0a5e-44a6-a962-239bf6c98a1b",
      "source_node": "BSE_ASSET",
      "target_node": "S15",
      "belief_type": "valuation",
      "confidence": 0.1,
      "value": 127,
      "timestamp": 20.447761194029777,
      "evidence_count": 1
    },
    "1d2c4e60-8dd5-46a2-93f8-bf25831a0cf2": {
      "edge_id": "1d2c4e60-8dd5-46a2-93f8-bf25831a0cf2",
      "source_node": "BSE_ASSET",
      "target_node": "P15",
      "belief_type": "strategy",
      "confidence": 0.1,
      "value": "unknown",
      "timestamp": 20.447761194029777,
      "evidence_count": 0
    },
    "77c6bef0-0be9-419b-99ca-6fe3b0841efd": {
      "edge_id": "77c6bef0-0be9-419b-99ca-6fe3b0841efd",
      "source_node": "BSE_ASSET",
      "target_node": "P15",
      "belief_type": "valuation",
      "confidence": 0.30000000000000004,
      "value": 127.48999999999998,
      "timestamp": 30.597014925373,
      "evidence_count": 3
    },
    "8f55975f-7a38-495e-a777-9f1f8c6d069a": {
      "edge_id": "8f55975f-7a38-495e-a777-9f1f8c6d069a",
      "source_node": "BSE_ASSET",
      "target_node": "P00",
      "belief_type": "strategy",
      "confidence": 0.1,
      "value": "unknown",
      "timestamp": 20.447761194029777,
      "evidence_count": 0
    },
    "c381749c-36b2-422d-afe6-5f6ade8a30b8": {
      "edge_id": "c381749c-36b2-422d-afe6-5f6ade8a30b8",
      "source_node": "BSE_ASSET",
      "target_node": "P00",
      "belief_type": "valuation",
      "confidence": 0.1,
      "value": 129,
      "timestamp": 20.447761194029777,
      "evidence_count": 1
    },
    "6dac1d8f-9419-43e1-8f07-91bfd0d99d58": {
      "edge_id": "6dac1d8f-9419-43e1-8f07-91bfd0d99d58",
      "source_node": "BSE_ASSET",
      "target_node": "P06",
      "belief_type": "strategy",
      "confidence": 0.1,
      "value": "unknown",
      "timestamp": 20.447761194029777,
      "evidence_count": 0
    },
    "cbd2f3cc-2dba-4906-84e6-473009d1a8a0": {
      "edge_id": "cbd2f3cc-2dba-4906-84e6-473009d1a8a0",
      "source_node": "BSE_ASSET",
      "target_node": "P06",
      "belief_type": "valuation",
      "confidence": 0.2,
      "value": 124.9,
      "timestamp": 35.820895522387985,
      "evidence_count": 2
    },
    "96fa4722-4b3d-4656-be74-753a00b2918f": {
      "edge_id": "96fa4722-4b3d-4656-be74-753a00b2918f",
      "source_node": "BSE_ASSET",
      "target_node": "P10",
      "belief_type": "strategy",
      "confidence": 0.1,
      "value": "unknown",
      "timestamp": 25.522388059701388,
      "evidence_count": 0
    },
    "a0ed458c-ce1b-43ca-9185-f0f3e1ff99ce": {
      "edge_id": "a0ed458c-ce1b-43ca-9185-f0f3e1ff99ce",
      "source_node": "BSE_ASSET",
      "target_node": "P10",
      "belief_type": "valuation",
      "confidence": 0.1,
      "value": 124,
      "timestamp": 25.522388059701388,
      "evidence_count": 1
    },
    "8d929001-616d-4273-a29e-30dfbc43ea4f": {
      "edge_id": "8d929001-616d-4273-a29e-30dfbc43ea4f",
      "source_node": "BSE_ASSET",
      "target_node": "B01",
      "belief_type": "strategy",
      "confidence": 0.1,
      "value": "unknown",
      "timestamp": 25.522388059701388,
      "evidence_count": 0
    },
    "7d7390bf-63e4-4c4c-ba65-93759acec8f5": {
      "edge_id": "7d7390bf-63e4-4c4c-ba65-93759acec8f5",
      "source_node": "BSE_ASSET",
      "target_node": "B01",
      "belief_type": "valuation",
      "confidence": 0.1,
      "value": 91,
      "timestamp": 25.522388059701388,
      "evidence_count": 1
    },
    "e4bbb916-d18b-463c-a274-47d9a8d086fd": {
      "edge_id": "e4bbb916-d18b-463c-a274-47d9a8d086fd",
      "source_node": "BSE_ASSET",
      "target_node": "S14",
      "belief_type": "strategy",
      "confidence": 0.1,
      "value": "unknown",
      "timestamp": 25.522388059701388,
      "evidence_count": 0
    },
    "10ae3379-d0d8-4894-9706-1a20f6f77ef9": {
      "edge_id": "10ae3379-d0d8-4894-9706-1a20f6f77ef9",
      "source_node": "BSE_ASSET",
      "target_node": "S14",
      "belief_type": "valuation",
      "confidence": 0.30000000000000004,
      "value": 133.0,
      "timestamp": 35.820895522387985,
      "evidence_count": 3
    },
    "f79785a1-15f5-4674-a926-fb186a4f7f60": {
      "edge_id": "f79785a1-15f5-4674-a926-fb186a4f7f60",
      "source_node": "BSE_ASSET",
      "target_node": "S00",
      "belief_type": "strategy",
      "confidence": 0.1,
      "value": "unknown",
      "timestamp": 25.522388059701388,
      "evidence_count": 0
    },
    "253dd158-9ce1-43df-bad6-e768b52d8b3b": {
      "edge_id": "253dd158-9ce1-43df-bad6-e768b52d8b3b",
      "source_node": "BSE_ASSET",
      "target_node": "S00",
      "belief_type": "valuation",
      "confidence": 0.30000000000000004,
      "value": 138.79999999999998,
      "timestamp": 35.820895522387985,
      "evidence_count": 3
    },
    "284a3e9b-dbb4-40cf-a552-42986911616c": {
      "edge_id": "284a3e9b-dbb4-40cf-a552-42986911616c",
      "source_node": "BSE_ASSET",
      "target_node": "S22",
      "belief_type": "strategy",
      "confidence": 0.1,
      "value": "unknown",
      "timestamp": 25.522388059701388,
      "evidence_count": 0
    },
    "53a7ec07-3a45-455f-bd7e-06554f152cc2": {
      "edge_id": "53a7ec07-3a45-455f-bd7e-06554f152cc2",
      "source_node": "BSE_ASSET",
      "target_node": "S22",
      "belief_type": "valuation",
      "confidence": 0.2,
      "value": 150.2,
      "timestamp": 30.597014925373,
      "evidence_count": 2
    },
    "1d0bff74-1afb-4c46-9a9e-4eab76461737": {
      "edge_id": "1d0bff74-1afb-4c46-9a9e-4eab76461737",
      "source_node": "BSE_ASSET",
      "target_node": "S19",
      "belief_type": "strategy",
      "confidence": 0.1,
      "value": "unknown",
      "timestamp": 25.522388059701388,
      "evidence_count": 0
    },
    "c9f07f41-d7d7-47c9-a9c6-61bc1aa78d01": {
      "edge_id": "c9f07f41-d7d7-47c9-a9c6-61bc1aa78d01",
      "source_node": "BSE_ASSET",
      "target_node": "S19",
      "belief_type": "valuation",
      "confidence": 0.2,
      "value": 172.0,
      "timestamp": 30.597014925373,
      "evidence_count": 2
    },
    "db1cf86f-4854-4d97-9ae1-523247884cd4": {
      "edge_id": "db1cf86f-4854-4d97-9ae1-523247884cd4",
      "source_node": "BSE_ASSET",
      "target_node": "S13",
      "belief_type": "strategy",
      "confidence": 0.1,
      "value": "unknown",
      "timestamp": 25.522388059701388,
      "evidence_count": 0
    },
    "14a8b9cd-d6f6-42ee-9bb7-7dcd6fdafba4": {
      "edge_id": "14a8b9cd-d6f6-42ee-9bb7-7dcd6fdafba4",
      "source_node": "BSE_ASSET",
      "target_node": "S13",
      "belief_type": "valuation",
      "confidence": 0.30000000000000004,
      "value": 152.05,
      "timestamp": 35.820895522387985,
      "evidence_count": 3
    },
    "0705b71d-177d-4153-8c94-11f5ae131aa0": {
      "edge_id": "0705b71d-177d-4153-8c94-11f5ae131aa0",
      "source_node": "BSE_ASSET",
      "target_node": "P04",
      "belief_type": "strategy",
      "confidence": 0.1,
      "value": "unknown",
      "timestamp": 25.522388059701388,
      "evidence_count": 0
    },
    "802660c9-7622-4e69-b747-1b9550236ab5": {
      "edge_id": "802660c9-7622-4e69-b747-1b9550236ab5",
      "source_node": "BSE_ASSET",
      "target_node": "P04",
      "belief_type": "valuation",
      "confidence": 0.1,
      "value": 124,
      "timestamp": 30.597014925373,
      "evidence_count": 1
    },
    "e2a21dd7-4c41-4a85-ac09-a0cb27e6df66": {
      "edge_id": "e2a21dd7-4c41-4a85-ac09-a0cb27e6df66",
      "source_node": "BSE_ASSET",
      "target_node": "B22",
      "belief_type": "strategy",
      "confidence": 0.1,
      "value": "unknown",
      "timestamp": 30.597014925373,
      "evidence_count": 0
    },
    "39133b75-4fbb-4d32-bf93-3d9efa661d32": {
      "edge_id": "39133b75-4fbb-4d32-bf93-3d9efa661d32",
      "source_node": "BSE_ASSET",
      "target_node": "B22",
      "belief_type": "valuation",
      "confidence": 0.1,
      "value": 112,
      "timestamp": 30.597014925373,
      "evidence_count": 1
    },
    "4247dc14-af9f-45bc-ac31-a617331f809d": {
      "edge_id": "4247dc14-af9f-45bc-ac31-a617331f809d",
      "source_node": "BSE_ASSET",
      "target_node": "B03",
      "belief_type": "strategy",
      "confidence": 0.1,
      "value": "unknown",
      "timestamp": 30.597014925373,
      "evidence_count": 0
    },
    "a9135934-66df-469a-b857-34202c11350a": {
      "edge_id": "a9135934-66df-469a-b857-34202c11350a",
      "source_node": "BSE_ASSET",
      "target_node": "B03",
      "belief_type": "valuation",
      "confidence": 0.2,
      "value": 103.0,
      "timestamp": 35.820895522387985,
      "evidence_count": 2
    },
    "2ff6538f-8a24-4d02-8be8-b27d602537a1": {
      "edge_id": "2ff6538f-8a24-4d02-8be8-b27d602537a1",
      "source_node": "BSE_ASSET",
      "target_node": "S17",
      "belief_type": "strategy",
      "confidence": 0.1,
      "value": "unknown",
      "timestamp": 30.597014925373,
      "evidence_count": 0
    },
    "d922f51c-3a64-48bf-9f18-da0c46a871f5": {
      "edge_id": "d922f51c-3a64-48bf-9f18-da0c46a871f5",
      "source_node": "BSE_ASSET",
      "target_node": "S17",
      "belief_type": "valuation",
      "confidence": 0.1,
      "value": 127,
      "timestamp": 30.597014925373,
      "evidence_count": 1
    },
    "74f2142f-eda5-4560-9de0-0664a8ddd572": {
      "edge_id": "74f2142f-eda5-4560-9de0-0664a8ddd572",
      "source_node": "BSE_ASSET",
      "target_node": "S05",
      "belief_type": "strategy",
      "confidence": 0.1,
      "value": "unknown",
      "timestamp": 30.597014925373,
      "evidence_count": 0
    },
    "a4ae1051-323d-4de5-916c-bee38c8d5a29": {
      "edge_id": "a4ae1051-323d-4de5-916c-bee38c8d5a29",
      "source_node": "BSE_ASSET",
      "target_node": "S05",
      "belief_type": "valuation",
      "confidence": 0.2,
      "value": 136.79999999999998,
      "timestamp": 35.820895522387985,
      "evidence_count": 2
    }
  },
  "event_history": [
    {
      "event_id": "ask_P14_25.522388059701388",
      "event_type": "ask",
      "timestamp": 25.522388059701388,
      "agent_id": "P14",
      "price": 127,
      "quantity": 1,
      "counterparty_id": null,
      "order_id": null
    },
    {
      "event_id": "ask_P02_25.522388059701388",
      "event_type": "ask",
      "timestamp": 25.522388059701388,
      "agent_id": "P02",
      "price": 129,
      "quantity": 1,
      "counterparty_id": null,
      "order_id": null
    },
    {
      "event_id": "ask_P12_25.522388059701388",
      "event_type": "ask",
      "timestamp": 25.522388059701388,
      "agent_id": "P12",
      "price": 130,
      "quantity": 1,
      "counterparty_id": null,
      "order_id": null
    },
    {
      "event_id": "ask_P08_25.522388059701388",
      "event_type": "ask",
      "timestamp": 25.522388059701388,
      "agent_id": "P08",
      "price": 130,
      "quantity": 1,
      "counterparty_id": null,
      "order_id": null
    },
    {
      "event_id": "ask_P18_25.522388059701388",
      "event_type": "ask",
      "timestamp": 25.522388059701388,
      "agent_id": "P18",
      "price": 130,
      "quantity": 1,
      "counterparty_id": null,
      "order_id": null
    },
    {
      "event_id": "ask_S04_25.522388059701388",
      "event_type": "ask",
      "timestamp": 25.522388059701388,
      "agent_id": "S04",
      "price": 132,
      "quantity": 1,
      "counterparty_id": null,
      "order_id": null
    },
    {
      "event_id": "ask_S14_25.522388059701388",
      "event_type": "ask",
      "timestamp": 25.522388059701388,
      "agent_id": "S14",
      "price": 133,
      "quantity": 1,
      "counterparty_id": null,
      "order_id": null
    },
    {
      "event_id": "ask_S00_25.522388059701388",
      "event_type": "ask",
      "timestamp": 25.522388059701388,
      "agent_id": "S00",
      "price": 143,
      "quantity": 1,
      "counterparty_id": null,
      "order_id": null
    },
    {
      "event_id": "ask_S22_25.522388059701388",
      "event_type": "ask",
      "timestamp": 25.522388059701388,
      "agent_id": "S22",
      "price": 152,
      "quantity": 1,
      "counterparty_id": null,
      "order_id": null
    },
    {
      "event_id": "ask_S19_25.522388059701388",
      "event_type": "ask",
      "timestamp": 25.522388059701388,
      "agent_id": "S19",
      "price": 172,
      "quantity": 1,
      "counterparty_id": null,
      "order_id": null
    },
    {
      "event_id": "ask_S13_25.522388059701388",
      "event_type": "ask",
      "timestamp": 25.522388059701388,
      "agent_id": "S13",
      "price": 175,
      "quantity": 1,
      "counterparty_id": null,
      "order_id": null
    },
    {
      "event_id": "bid_P04_30.597014925373",
      "event_type": "bid",
      "timestamp": 30.597014925373,
      "agent_id": "P04",
      "price": 124,
      "quantity": 1,
      "counterparty_id": null,
      "order_id": null
    },
    {
      "event_id": "bid_B09_30.597014925373",
      "event_type": "bid",
      "timestamp": 30.597014925373,
      "agent_id": "B09",
      "price": 121,
      "quantity": 1,
      "counterparty_id": null,
      "order_id": null
    },
    {
      "event_id": "bid_P07_30.597014925373",
      "event_type": "bid",
      "timestamp": 30.597014925373,
      "agent_id": "P07",
      "price": 120,
      "quantity": 1,
      "counterparty_id": null,
      "order_id": null
    },
    {
      "event_id": "bid_B14_30.597014925373",
      "event_type": "bid",
      "timestamp": 30.597014925373,
      "agent_id": "B14",
      "price": 120,
      "quantity": 1,
      "counterparty_id": null,
      "order_id": null
    },
    {
      "event_id": "bid_B21_30.597014925373",
      "event_type": "bid",
      "timestamp": 30.597014925373,
      "agent_id": "B21",
      "price": 120,
      "quantity": 1,
      "counterparty_id": null,
      "order_id": null
    },
    {
      "event_id": "bid_B22_30.597014925373",
      "event_type": "bid",
      "timestamp": 30.597014925373,
      "agent_id": "B22",
      "price": 112,
      "quantity": 1,
      "counterparty_id": null,
      "order_id": null
    },
    {
      "event_id": "bid_B03_30.597014925373",
      "event_type": "bid",
      "timestamp": 30.597014925373,
      "agent_id": "B03",
      "price": 103,
      "quantity": 1,
      "counterparty_id": null,
      "order_id": null
    },
    {
      "event_id": "ask_P15_30.597014925373",
      "event_type": "ask",
      "timestamp": 30.597014925373,
      "agent_id": "P15",
      "price": 127,
      "quantity": 1,
      "counterparty_id": null,
      "order_id": null
    },
    {
      "event_id": "ask_P01_30.597014925373",
      "event_type": "ask",
      "timestamp": 30.597014925373,
      "agent_id": "P01",
      "price": 127,
      "quantity": 1,
      "counterparty_id": null,
      "order_id": null
    },
    {
      "event_id": "ask_P14_30.597014925373",
      "event_type": "ask",
      "timestamp": 30.597014925373,
      "agent_id": "P14",
      "price": 127,
      "quantity": 1,
      "counterparty_id": null,
      "order_id": null
    },
    {
      "event_id": "ask_S17_30.597014925373",
      "event_type": "ask",
      "timestamp": 30.597014925373,
      "agent_id": "S17",
      "price": 127,
      "quantity": 1,
      "counterparty_id": null,
      "order_id": null
    },
    {
      "event_id": "ask_P02_30.597014925373",
      "event_type": "ask",
      "timestamp": 30.597014925373,
      "agent_id": "P02",
      "price": 129,
      "quantity": 1,
      "counterparty_id": null,
      "order_id": null
    },
    {
      "event_id": "ask_P12_30.597014925373",
      "event_type": "ask",
      "timestamp": 30.597014925373,
      "agent_id": "P12",
      "price": 130,
      "quantity": 1,
      "counterparty_id": null,
      "order_id": null
    },
    {
      "event_id": "ask_P08_30.597014925373",
      "event_type": "ask",
      "timestamp": 30.597014925373,
      "agent_id": "P08",
      "price": 130,
      "quantity": 1,
      "counterparty_id": null,
      "order_id": null
    },
    {
      "event_id": "ask_P18_30.597014925373",
      "event_type": "ask",
      "timestamp": 30.597014925373,
      "agent_id": "P18",
      "price": 130,
      "quantity": 1,
      "counterparty_id": null,
      "order_id": null
    },
    {
      "event_id": "ask_S13_30.597014925373",
      "event_type": "ask",
      "timestamp": 30.597014925373,
      "agent_id": "S13",
      "price": 130,
      "quantity": 1,
      "counterparty_id": null,
      "order_id": null
    },
    {
      "event_id": "ask_S04_30.597014925373",
      "event_type": "ask",
      "timestamp": 30.597014925373,
      "agent_id": "S04",
      "price": 132,
      "quantity": 1,
      "counterparty_id": null,
      "order_id": null
    },
    {
      "event_id": "ask_S14_30.597014925373",
      "event_type": "ask",
      "timestamp": 30.597014925373,
      "agent_id": "S14",
      "price": 133,
      "quantity": 1,
      "counterparty_id": null,
      "order_id": null
    },
    {
      "event_id": "ask_S05_30.597014925373",
      "event_type": "ask",
      "timestamp": 30.597014925373,
      "agent_id": "S05",
      "price": 138,
      "quantity": 1,
      "counterparty_id": null,
      "order_id": null
    },
    {
      "event_id": "ask_S00_30.597014925373",
      "event_type": "ask",
      "timestamp": 30.597014925373,
      "agent_id": "S00",
      "price": 143,
      "quantity": 1,
      "counterparty_id": null,
      "order_id": null
    },
    {
      "event_id": "ask_S22_30.597014925373",
      "event_type": "ask",
      "timestamp": 30.597014925373,
      "agent_id": "S22",
      "price": 146,
      "quantity": 1,
      "counterparty_id": null,
      "order_id": null
    },
    {
      "event_id": "ask_S19_30.597014925373",
      "event_type": "ask",
      "timestamp": 30.597014925373,
      "agent_id": "S19",
      "price": 172,
      "quantity": 1,
      "counterparty_id": null,
      "order_id": null
    },
    {
      "event_id": "ask_S20_30.597014925373",
      "event_type": "ask",
      "timestamp": 30.597014925373,
      "agent_id": "S20",
      "price": 180,
      "quantity": 1,
      "counterparty_id": null,
      "order_id": null
    },
    {
      "event_id": "bid_P07_35.820895522387985",
      "event_type": "bid",
      "timestamp": 35.820895522387985,
      "agent_id": "P07",
      "price": 120,
      "quantity": 1,
      "counterparty_id": null,
      "order_id": null
    },
    {
      "event_id": "bid_P13_35.820895522387985",
      "event_type": "bid",
      "timestamp": 35.820895522387985,
      "agent_id": "P13",
      "price": 120,
      "quantity": 1,
      "counterparty_id": null,
      "order_id": null
    },
    {
      "event_id": "bid_B18_35.820895522387985",
      "event_type": "bid",
      "timestamp": 35.820895522387985,
      "agent_id": "B18",
      "price": 104,
      "quantity": 1,
      "counterparty_id": null,
      "order_id": null
    },
    {
      "event_id": "bid_B03_35.820895522387985",
      "event_type": "bid",
      "timestamp": 35.820895522387985,
      "agent_id": "B03",
      "price": 103,
      "quantity": 1,
      "counterparty_id": null,
      "order_id": null
    },
    {
      "event_id": "ask_P19_35.820895522387985",
      "event_type": "ask",
      "timestamp": 35.820895522387985,
      "agent_id": "P19",
      "price": 127,
      "quantity": 1,
      "counterparty_id": null,
      "order_id": null
    },
    {
      "event_id": "ask_P06_35.820895522387985",
      "event_type": "ask",
      "timestamp": 35.820895522387985,
      "agent_id": "P06",
      "price": 127,
      "quantity": 1,
      "counterparty_id": null,
      "order_id": null
    },
    {
      "event_id": "ask_P02_35.820895522387985",
      "event_type": "ask",
      "timestamp": 35.820895522387985,
      "agent_id": "P02",
      "price": 129,
      "quantity": 1,
      "counterparty_id": null,
      "order_id": null
    },
    {
      "event_id": "ask_S00_35.820895522387985",
      "event_type": "ask",
      "timestamp": 35.820895522387985,
      "agent_id": "S00",
      "price": 129,
      "quantity": 1,
      "counterparty_id": null,
      "order_id": null
    },
    {
      "event_id": "ask_P08_35.820895522387985",
      "event_type": "ask",
      "timestamp": 35.820895522387985,
      "agent_id": "P08",
      "price": 130,
      "quantity": 1,
      "counterparty_id": null,
      "order_id": null
    },
    {
      "event_id": "ask_P18_35.820895522387985",
      "event_type": "ask",
      "timestamp": 35.820895522387985,
      "agent_id": "P18",
      "price": 130,
      "quantity": 1,
      "counterparty_id": null,
      "order_id": null
    },
    {
      "event_id": "ask_S13_35.820895522387985",
      "event_type": "ask",
      "timestamp": 35.820895522387985,
      "agent_id": "S13",
      "price": 130,
      "quantity": 1,
      "counterparty_id": null,
      "order_id": null
    },
    {
      "event_id": "ask_S14_35.820895522387985",
      "event_type": "ask",
      "timestamp": 35.820895522387985,
      "agent_id": "S14",
      "price": 133,
      "quantity": 1,
      "counterparty_id": null,
      "order_id": null
    },
    {
      "event_id": "ask_S05_35.820895522387985",
      "event_type": "ask",
      "timestamp": 35.820895522387985,
      "agent_id": "S05",
      "price": 134,
      "quantity": 1,
      "counterparty_id": null,
      "order_id": null
    },
    {
      "event_id": "ask_S06_35.820895522387985",
      "event_type": "ask",
      "timestamp": 35.820895522387985,
      "agent_id": "S06",
      "price": 147,
      "quantity": 1,
      "counterparty_id": null,
      "order_id": null
    },
    {
      "event_id": "ask_S04_35.820895522387985",
      "event_type": "ask",
      "timestamp": 35.820895522387985,
      "agent_id": "S04",
      "price": 153,
      "quantity": 1,
      "counterparty_id": null,
      "order_id": null
    },
    {
      "event_id": "ask_S07_35.820895522387985",
      "event_type": "ask",
      "timestamp": 35.820895522387985,
      "agent_id": "S07",
      "price": 210,
      "quantity": 1,
      "counterparty_id": null,
      "order_id": null
    }
  ]
}
2025-10-10 18:45:02 | HM_JSON_NOCOT_P18 | ================================================================================
2025-10-10 18:45:02 | HM_JSON_NOCOT_P18 | [AGENTS-TRACKED] Currently tracking 52 agents: ['P18', 'P17', 'P02', 'P01', 'P08', 'P07', 'B11', 'B19', 'S06', 'S02', 'S07', 'P20', 'B13', 'B05', 'B02', 'B07', 'B09', 'B04', 'S03', 'S12', 'S20', 'P14', 'P09', 'B06', 'B20', 'B10', 'S04', 'P12', 'P16', 'P13', 'P19', 'B15', 'B21', 'B08', 'B14', 'B18', 'S15', 'P15', 'P00', 'P06', 'P10', 'B01', 'S14', 'S00', 'S22', 'S19', 'S13', 'P04', 'B22', 'B03', 'S17', 'S05']
2025-10-10 18:51:53 | HM_JSON_NOCOT_P18 | [BELIEF-THROTTLE] P05: Running belief graph update at time 40.9
2025-10-10 18:51:53 | HM_JSON_NOCOT_P18 | [UPDATE-SUMMARY] Processed 20 market events at time 40.9
2025-10-10 18:51:53 | HM_JSON_NOCOT_P18 | === BELIEF GRAPH STATE AT TIME 40.9 ===
2025-10-10 18:51:53 | HM_JSON_NOCOT_P18 | {
  "graph_id": "ef1f0310-0336-452d-b267-16d556180f54",
  "asset_id": "BSE_ASSET",
  "current_time": 40.89552238805972,
  "nodes": {
    "BSE_ASSET": {
      "asset_id": "BSE_ASSET",
      "node_type": "asset",
      "current_best_bid": null,
      "current_best_ask": null,
      "last_trade_price": null,
      "volume_traded": 0,
      "price_volatility": 0.0,
      "spread_width": null,
      "market_depth_bid": 0,
      "market_depth_ask": 0
    },
    "P18": {
      "agent_id": "P18",
      "node_type": "agent",
      "last_bid_price": null,
      "last_ask_price": 130,
      "last_trade_price": null,
      "total_trades": 0,
      "total_volume": 0,
      "strategy_type": "Hypothetical-Minds",
      "inferred_valuation": 130.0,
      "valuation_confidence": 0.5,
      "aggressiveness_score": 0.6,
      "last_activity": 35.820895522387985
    },
    "P17": {
      "agent_id": "P17",
      "node_type": "agent",
      "last_bid_price": 130,
      "last_ask_price": 127,
      "last_trade_price": null,
      "total_trades": 0,
      "total_volume": 0,
      "strategy_type": null,
      "inferred_valuation": 129.1,
      "valuation_confidence": 0.2,
      "aggressiveness_score": 0.0,
      "last_activity": 40.89552238805972
    },
    "P02": {
      "agent_id": "P02",
      "node_type": "agent",
      "last_bid_price": 128,
      "last_ask_price": 129,
      "last_trade_price": null,
      "total_trades": 0,
      "total_volume": 0,
      "strategy_type": null,
      "inferred_valuation": 128.88235099999997,
      "valuation_confidence": 0.7,
      "aggressiveness_score": 0.0,
      "last_activity": 40.89552238805972
    },
    "P01": {
      "agent_id": "P01",
      "node_type": "agent",
      "last_bid_price": 128,
      "last_ask_price": 127,
      "last_trade_price": null,
      "total_trades": 0,
      "total_volume": 0,
      "strategy_type": null,
      "inferred_valuation": 127.34299999999999,
      "valuation_confidence": 0.4,
      "aggressiveness_score": 0.0,
      "last_activity": 30.597014925373
    },
    "P08": {
      "agent_id": "P08",
      "node_type": "agent",
      "last_bid_price": 127,
      "last_ask_price": 130,
      "last_trade_price": null,
      "total_trades": 0,
      "total_volume": 0,
      "strategy_type": null,
      "inferred_valuation": 129.647053,
      "valuation_confidence": 0.7,
      "aggressiveness_score": 0.0,
      "last_activity": 40.89552238805972
    },
    "P07": {
      "agent_id": "P07",
      "node_type": "agent",
      "last_bid_price": 120,
      "last_ask_price": null,
      "last_trade_price": null,
      "total_trades": 0,
      "total_volume": 0,
      "strategy_type": null,
      "inferred_valuation": 120.0,
      "valuation_confidence": 0.7999999999999999,
      "aggressiveness_score": 0.0,
      "last_activity": 40.89552238805972
    },
    "B11": {
      "agent_id": "B11",
      "node_type": "agent",
      "last_bid_price": 123,
      "last_ask_price": null,
      "last_trade_price": null,
      "total_trades": 0,
      "total_volume": 0,
      "strategy_type": null,
      "inferred_valuation": 114.6,
      "valuation_confidence": 0.30000000000000004,
      "aggressiveness_score": 0.0,
      "last_activity": 40.89552238805972
    },
    "B19": {
      "agent_id": "B19",
      "node_type": "agent",
      "last_bid_price": 124,
      "last_ask_price": null,
      "last_trade_price": null,
      "total_trades": 0,
      "total_volume": 0,
      "strategy_type": null,
      "inferred_valuation": 114.19999999999999,
      "valuation_confidence": 0.2,
      "aggressiveness_score": 0.0,
      "last_activity": 10.298507462686555
    },
    "S06": {
      "agent_id": "S06",
      "node_type": "agent",
      "last_bid_price": null,
      "last_ask_price": 147,
      "last_trade_price": null,
      "total_trades": 0,
      "total_volume": 0,
      "strategy_type": null,
      "inferred_valuation": 139.65,
      "valuation_confidence": 0.30000000000000004,
      "aggressiveness_score": 0.0,
      "last_activity": 40.89552238805972
    },
    "S02": {
      "agent_id": "S02",
      "node_type": "agent",
      "last_bid_price": null,
      "last_ask_price": 129,
      "last_trade_price": null,
      "total_trades": 0,
      "total_volume": 0,
      "strategy_type": null,
      "inferred_valuation": 131.58999999999997,
      "valuation_confidence": 0.30000000000000004,
      "aggressiveness_score": 0.0,
      "last_activity": 15.373134328358166
    },
    "S07": {
      "agent_id": "S07",
      "node_type": "agent",
      "last_bid_price": null,
      "last_ask_price": 210,
      "last_trade_price": null,
      "total_trades": 0,
      "total_volume": 0,
      "strategy_type": null,
      "inferred_valuation": 301.65939999999995,
      "valuation_confidence": 0.5,
      "aggressiveness_score": 0.0,
      "last_activity": 40.89552238805972
    },
    "P20": {
      "agent_id": "P20",
      "node_type": "agent",
      "last_bid_price": 124,
      "last_ask_price": null,
      "last_trade_price": null,
      "total_trades": 0,
      "total_volume": 0,
      "strategy_type": null,
      "inferred_valuation": 124.0,
      "valuation_confidence": 0.2,
      "aggressiveness_score": 0.0,
      "last_activity": 15.373134328358166
    },
    "B13": {
      "agent_id": "B13",
      "node_type": "agent",
      "last_bid_price": 110,
      "last_ask_price": null,
      "last_trade_price": null,
      "total_trades": 0,
      "total_volume": 0,
      "strategy_type": null,
      "inferred_valuation": 105.1,
      "valuation_confidence": 0.4,
      "aggressiveness_score": 0.0,
      "last_activity": 25.522388059701388
    },
    "B05": {
      "agent_id": "B05",
      "node_type": "agent",
      "last_bid_price": 93,
      "last_ask_price": null,
      "last_trade_price": null,
      "total_trades": 0,
      "total_volume": 0,
      "strategy_type": null,
      "inferred_valuation": 95.94,
      "valuation_confidence": 0.30000000000000004,
      "aggressiveness_score": 0.0,
      "last_activity": 20.447761194029777
    },
    "B02": {
      "agent_id": "B02",
      "node_type": "agent",
      "last_bid_price": 28,
      "last_ask_price": null,
      "last_trade_price": null,
      "total_trades": 0,
      "total_volume": 0,
      "strategy_type": null,
      "inferred_valuation": 74.4303,
      "valuation_confidence": 0.5,
      "aggressiveness_score": 0.0,
      "last_activity": 40.89552238805972
    },
    "B07": {
      "agent_id": "B07",
      "node_type": "agent",
      "last_bid_price": 98,
      "last_ask_price": null,
      "last_trade_price": null,
      "total_trades": 0,
      "total_volume": 0,
      "strategy_type": null,
      "inferred_valuation": 98.0,
      "valuation_confidence": 0.2,
      "aggressiveness_score": 0.0,
      "last_activity": 15.373134328358166
    },
    "B09": {
      "agent_id": "B09",
      "node_type": "agent",
      "last_bid_price": 121,
      "last_ask_price": null,
      "last_trade_price": null,
      "total_trades": 0,
      "total_volume": 0,
      "strategy_type": null,
      "inferred_valuation": 101.88999999999999,
      "valuation_confidence": 0.30000000000000004,
      "aggressiveness_score": 0.0,
      "last_activity": 30.597014925373
    },
    "B04": {
      "agent_id": "B04",
      "node_type": "agent",
      "last_bid_price": 82,
      "last_ask_price": null,
      "last_trade_price": null,
      "total_trades": 0,
      "total_volume": 0,
      "strategy_type": null,
      "inferred_valuation": 82.0,
      "valuation_confidence": 0.2,
      "aggressiveness_score": 0.0,
      "last_activity": 15.373134328358166
    },
    "S03": {
      "agent_id": "S03",
      "node_type": "agent",
      "last_bid_price": null,
      "last_ask_price": 130,
      "last_trade_price": null,
      "total_trades": 0,
      "total_volume": 0,
      "strategy_type": null,
      "inferred_valuation": 130,
      "valuation_confidence": 0.1,
      "aggressiveness_score": 0.0,
      "last_activity": 10.298507462686555
    },
    "S12": {
      "agent_id": "S12",
      "node_type": "agent",
      "last_bid_price": null,
      "last_ask_price": 156,
      "last_trade_price": null,
      "total_trades": 0,
      "total_volume": 0,
      "strategy_type": null,
      "inferred_valuation": 147.6,
      "valuation_confidence": 0.30000000000000004,
      "aggressiveness_score": 0.0,
      "last_activity": 40.89552238805972
    },
    "S20": {
      "agent_id": "S20",
      "node_type": "agent",
      "last_bid_price": null,
      "last_ask_price": 340,
      "last_trade_price": null,
      "total_trades": 0,
      "total_volume": 0,
      "strategy_type": null,
      "inferred_valuation": 210.55599999999998,
      "valuation_confidence": 0.4,
      "aggressiveness_score": 0.0,
      "last_activity": 40.89552238805972
    },
    "P14": {
      "agent_id": "P14",
      "node_type": "agent",
      "last_bid_price": 124,
      "last_ask_price": 127,
      "last_trade_price": null,
      "total_trades": 0,
      "total_volume": 0,
      "strategy_type": null,
      "inferred_valuation": 125.53,
      "valuation_confidence": 0.30000000000000004,
      "aggressiveness_score": 0.0,
      "last_activity": 30.597014925373
    },
    "P09": {
      "agent_id": "P09",
      "node_type": "agent",
      "last_bid_price": 124,
      "last_ask_price": null,
      "last_trade_price": null,
      "total_trades": 0,
      "total_volume": 0,
      "strategy_type": null,
      "inferred_valuation": 124,
      "valuation_confidence": 0.1,
      "aggressiveness_score": 0.0,
      "last_activity": 15.373134328358166
    },
    "B06": {
      "agent_id": "B06",
      "node_type": "agent",
      "last_bid_price": 112,
      "last_ask_price": null,
      "last_trade_price": null,
      "total_trades": 0,
      "total_volume": 0,
      "strategy_type": null,
      "inferred_valuation": 112.0,
      "valuation_confidence": 0.2,
      "aggressiveness_score": 0.0,
      "last_activity": 20.447761194029777
    },
    "B20": {
      "agent_id": "B20",
      "node_type": "agent",
      "last_bid_price": 100,
      "last_ask_price": null,
      "last_trade_price": null,
      "total_trades": 0,
      "total_volume": 0,
      "strategy_type": null,
      "inferred_valuation": 100,
      "valuation_confidence": 0.1,
      "aggressiveness_score": 0.0,
      "last_activity": 15.373134328358166
    },
    "B10": {
      "agent_id": "B10",
      "node_type": "agent",
      "last_bid_price": 117,
      "last_ask_price": null,
      "last_trade_price": null,
      "total_trades": 0,
      "total_volume": 0,
      "strategy_type": null,
      "inferred_valuation": 107.69,
      "valuation_confidence": 0.30000000000000004,
      "aggressiveness_score": 0.0,
      "last_activity": 25.522388059701388
    },
    "S04": {
      "agent_id": "S04",
      "node_type": "agent",
      "last_bid_price": null,
      "last_ask_price": 153,
      "last_trade_price": null,
      "total_trades": 0,
      "total_volume": 0,
      "strategy_type": null,
      "inferred_valuation": 141.98969999999997,
      "valuation_confidence": 0.5,
      "aggressiveness_score": 0.0,
      "last_activity": 40.89552238805972
    },
    "P12": {
      "agent_id": "P12",
      "node_type": "agent",
      "last_bid_price": null,
      "last_ask_price": 130,
      "last_trade_price": null,
      "total_trades": 0,
      "total_volume": 0,
      "strategy_type": null,
      "inferred_valuation": 130.0,
      "valuation_confidence": 0.4,
      "aggressiveness_score": 0.0,
      "last_activity": 30.597014925373
    },
    "P16": {
      "agent_id": "P16",
      "node_type": "agent",
      "last_bid_price": 124,
      "last_ask_price": null,
      "last_trade_price": null,
      "total_trades": 0,
      "total_volume": 0,
      "strategy_type": null,
      "inferred_valuation": 124,
      "valuation_confidence": 0.1,
      "aggressiveness_score": 0.0,
      "last_activity": 20.447761194029777
    },
    "P13": {
      "agent_id": "P13",
      "node_type": "agent",
      "last_bid_price": 120,
      "last_ask_price": null,
      "last_trade_price": null,
      "total_trades": 0,
      "total_volume": 0,
      "strategy_type": null,
      "inferred_valuation": 121.96,
      "valuation_confidence": 0.30000000000000004,
      "aggressiveness_score": 0.0,
      "last_activity": 40.89552238805972
    },
    "P19": {
      "agent_id": "P19",
      "node_type": "agent",
      "last_bid_price": 124,
      "last_ask_price": 127,
      "last_trade_price": null,
      "total_trades": 0,
      "total_volume": 0,
      "strategy_type": null,
      "inferred_valuation": 124.9,
      "valuation_confidence": 0.2,
      "aggressiveness_score": 0.0,
      "last_activity": 35.820895522387985
    },
    "B15": {
      "agent_id": "B15",
      "node_type": "agent",
      "last_bid_price": 120,
      "last_ask_price": null,
      "last_trade_price": null,
      "total_trades": 0,
      "total_volume": 0,
      "strategy_type": null,
      "inferred_valuation": 120,
      "valuation_confidence": 0.1,
      "aggressiveness_score": 0.0,
      "last_activity": 20.447761194029777
    },
    "B21": {
      "agent_id": "B21",
      "node_type": "agent",
      "last_bid_price": 120,
      "last_ask_price": null,
      "last_trade_price": null,
      "total_trades": 0,
      "total_volume": 0,
      "strategy_type": null,
      "inferred_valuation": 116.5,
      "valuation_confidence": 0.2,
      "aggressiveness_score": 0.0,
      "last_activity": 30.597014925373
    },
    "B08": {
      "agent_id": "B08",
      "node_type": "agent",
      "last_bid_price": 113,
      "last_ask_price": null,
      "last_trade_price": null,
      "total_trades": 0,
      "total_volume": 0,
      "strategy_type": null,
      "inferred_valuation": 113.0,
      "valuation_confidence": 0.2,
      "aggressiveness_score": 0.0,
      "last_activity": 25.522388059701388
    },
    "B14": {
      "agent_id": "B14",
      "node_type": "agent",
      "last_bid_price": 120,
      "last_ask_price": null,
      "last_trade_price": null,
      "total_trades": 0,
      "total_volume": 0,
      "strategy_type": null,
      "inferred_valuation": 113.63,
      "valuation_confidence": 0.30000000000000004,
      "aggressiveness_score": 0.0,
      "last_activity": 30.597014925373
    },
    "B18": {
      "agent_id": "B18",
      "node_type": "agent",
      "last_bid_price": 104,
      "last_ask_price": null,
      "last_trade_price": null,
      "total_trades": 0,
      "total_volume": 0,
      "strategy_type": null,
      "inferred_valuation": 101.2,
      "valuation_confidence": 0.2,
      "aggressiveness_score": 0.0,
      "last_activity": 35.820895522387985
    },
    "S15": {
      "agent_id": "S15",
      "node_type": "agent",
      "last_bid_price": null,
      "last_ask_price": 127,
      "last_trade_price": null,
      "total_trades": 0,
      "total_volume": 0,
      "strategy_type": null,
      "inferred_valuation": 127,
      "valuation_confidence": 0.1,
      "aggressiveness_score": 0.0,
      "last_activity": 20.447761194029777
    },
    "P15": {
      "agent_id": "P15",
      "node_type": "agent",
      "last_bid_price": 126,
      "last_ask_price": 127,
      "last_trade_price": null,
      "total_trades": 0,
      "total_volume": 0,
      "strategy_type": null,
      "inferred_valuation": 127.04299999999998,
      "valuation_confidence": 0.4,
      "aggressiveness_score": 0.0,
      "last_activity": 40.89552238805972
    },
    "P00": {
      "agent_id": "P00",
      "node_type": "agent",
      "last_bid_price": 122,
      "last_ask_price": 129,
      "last_trade_price": null,
      "total_trades": 0,
      "total_volume": 0,
      "strategy_type": null,
      "inferred_valuation": 126.9,
      "valuation_confidence": 0.2,
      "aggressiveness_score": 0.0,
      "last_activity": 40.89552238805972
    },
    "P06": {
      "agent_id": "P06",
      "node_type": "agent",
      "last_bid_price": 124,
      "last_ask_price": 127,
      "last_trade_price": null,
      "total_trades": 0,
      "total_volume": 0,
      "strategy_type": null,
      "inferred_valuation": 124.9,
      "valuation_confidence": 0.2,
      "aggressiveness_score": 0.0,
      "last_activity": 35.820895522387985
    },
    "P10": {
      "agent_id": "P10",
      "node_type": "agent",
      "last_bid_price": 124,
      "last_ask_price": null,
      "last_trade_price": null,
      "total_trades": 0,
      "total_volume": 0,
      "strategy_type": null,
      "inferred_valuation": 124,
      "valuation_confidence": 0.1,
      "aggressiveness_score": 0.0,
      "last_activity": 25.522388059701388
    },
    "B01": {
      "agent_id": "B01",
      "node_type": "agent",
      "last_bid_price": 91,
      "last_ask_price": null,
      "last_trade_price": null,
      "total_trades": 0,
      "total_volume": 0,
      "strategy_type": null,
      "inferred_valuation": 91,
      "valuation_confidence": 0.1,
      "aggressiveness_score": 0.0,
      "last_activity": 25.522388059701388
    },
    "S14": {
      "agent_id": "S14",
      "node_type": "agent",
      "last_bid_price": null,
      "last_ask_price": 133,
      "last_trade_price": null,
      "total_trades": 0,
      "total_volume": 0,
      "strategy_type": null,
      "inferred_valuation": 133.0,
      "valuation_confidence": 0.30000000000000004,
      "aggressiveness_score": 0.0,
      "last_activity": 35.820895522387985
    },
    "S00": {
      "agent_id": "S00",
      "node_type": "agent",
      "last_bid_price": null,
      "last_ask_price": 129,
      "last_trade_price": null,
      "total_trades": 0,
      "total_volume": 0,
      "strategy_type": null,
      "inferred_valuation": 135.85999999999999,
      "valuation_confidence": 0.4,
      "aggressiveness_score": 0.0,
      "last_activity": 40.89552238805972
    },
    "S22": {
      "agent_id": "S22",
      "node_type": "agent",
      "last_bid_price": null,
      "last_ask_price": 140,
      "last_trade_price": null,
      "total_trades": 0,
      "total_volume": 0,
      "strategy_type": null,
      "inferred_valuation": 147.14,
      "valuation_confidence": 0.30000000000000004,
      "aggressiveness_score": 0.0,
      "last_activity": 40.89552238805972
    },
    "S19": {
      "agent_id": "S19",
      "node_type": "agent",
      "last_bid_price": null,
      "last_ask_price": 172,
      "last_trade_price": null,
      "total_trades": 0,
      "total_volume": 0,
      "strategy_type": null,
      "inferred_valuation": 172.0,
      "valuation_confidence": 0.2,
      "aggressiveness_score": 0.0,
      "last_activity": 30.597014925373
    },
    "S13": {
      "agent_id": "S13",
      "node_type": "agent",
      "last_bid_price": null,
      "last_ask_price": 154,
      "last_trade_price": null,
      "total_trades": 0,
      "total_volume": 0,
      "strategy_type": null,
      "inferred_valuation": 152.635,
      "valuation_confidence": 0.4,
      "aggressiveness_score": 0.0,
      "last_activity": 40.89552238805972
    },
    "P04": {
      "agent_id": "P04",
      "node_type": "agent",
      "last_bid_price": 124,
      "last_ask_price": null,
      "last_trade_price": null,
      "total_trades": 0,
      "total_volume": 0,
      "strategy_type": null,
      "inferred_valuation": 124,
      "valuation_confidence": 0.1,
      "aggressiveness_score": 0.0,
      "last_activity": 30.597014925373
    },
    "B22": {
      "agent_id": "B22",
      "node_type": "agent",
      "last_bid_price": 112,
      "last_ask_price": null,
      "last_trade_price": null,
      "total_trades": 0,
      "total_volume": 0,
      "strategy_type": null,
      "inferred_valuation": 112,
      "valuation_confidence": 0.1,
      "aggressiveness_score": 0.0,
      "last_activity": 30.597014925373
    },
    "B03": {
      "agent_id": "B03",
      "node_type": "agent",
      "last_bid_price": 103,
      "last_ask_price": null,
      "last_trade_price": null,
      "total_trades": 0,
      "total_volume": 0,
      "strategy_type": null,
      "inferred_valuation": 103.0,
      "valuation_confidence": 0.2,
      "aggressiveness_score": 0.0,
      "last_activity": 35.820895522387985
    },
    "S17": {
      "agent_id": "S17",
      "node_type": "agent",
      "last_bid_price": null,
      "last_ask_price": 154,
      "last_trade_price": null,
      "total_trades": 0,
      "total_volume": 0,
      "strategy_type": null,
      "inferred_valuation": 135.1,
      "valuation_confidence": 0.2,
      "aggressiveness_score": 0.0,
      "last_activity": 40.89552238805972
    },
    "S05": {
      "agent_id": "S05",
      "node_type": "agent",
      "last_bid_price": null,
      "last_ask_price": 134,
      "last_trade_price": null,
      "total_trades": 0,
      "total_volume": 0,
      "strategy_type": null,
      "inferred_valuation": 136.79999999999998,
      "valuation_confidence": 0.2,
      "aggressiveness_score": 0.0,
      "last_activity": 35.820895522387985
    },
    "S09": {
      "agent_id": "S09",
      "node_type": "agent",
      "last_bid_price": null,
      "last_ask_price": 139,
      "last_trade_price": null,
      "total_trades": 0,
      "total_volume": 0,
      "strategy_type": null,
      "inferred_valuation": 139,
      "valuation_confidence": 0.1,
      "aggressiveness_score": 0.0,
      "last_activity": 40.89552238805972
    },
    "S21": {
      "agent_id": "S21",
      "node_type": "agent",
      "last_bid_price": null,
      "last_ask_price": 154,
      "last_trade_price": null,
      "total_trades": 0,
      "total_volume": 0,
      "strategy_type": null,
      "inferred_valuation": 154,
      "valuation_confidence": 0.1,
      "aggressiveness_score": 0.0,
      "last_activity": 40.89552238805972
    }
  },
  "edges": {
    "ffa881fd-05db-4086-8f61-695fbdbf1b61": {
      "edge_id": "ffa881fd-05db-4086-8f61-695fbdbf1b61",
      "source_node": "BSE_ASSET",
      "target_node": "P18",
      "belief_type": "strategy",
      "confidence": 0.1,
      "value": "unknown",
      "timestamp": 0.0,
      "evidence_count": 0
    },
    "bbc9fd10-2175-4589-ac04-2b03ac43682a": {
      "edge_id": "bbc9fd10-2175-4589-ac04-2b03ac43682a",
      "source_node": "BSE_ASSET",
      "target_node": "P18",
      "belief_type": "valuation",
      "confidence": 0.5,
      "value": 130.0,
      "timestamp": 35.820895522387985,
      "evidence_count": 5
    },
    "436160d5-2a6d-4b0e-96a0-74cc7fc469b3": {
      "edge_id": "436160d5-2a6d-4b0e-96a0-74cc7fc469b3",
      "source_node": "BSE_ASSET",
      "target_node": "P17",
      "belief_type": "strategy",
      "confidence": 0.1,
      "value": "unknown",
      "timestamp": 0.0,
      "evidence_count": 0
    },
    "307d8b4e-b1e2-4f8d-be3a-957d271d7b97": {
      "edge_id": "307d8b4e-b1e2-4f8d-be3a-957d271d7b97",
      "source_node": "BSE_ASSET",
      "target_node": "P17",
      "belief_type": "valuation",
      "confidence": 0.2,
      "value": 129.1,
      "timestamp": 40.89552238805972,
      "evidence_count": 2
    },
    "a86af9f0-90b4-4910-81c6-cc0d297210e9": {
      "edge_id": "a86af9f0-90b4-4910-81c6-cc0d297210e9",
      "source_node": "BSE_ASSET",
      "target_node": "P02",
      "belief_type": "strategy",
      "confidence": 0.1,
      "value": "unknown",
      "timestamp": 5.074626865671641,
      "evidence_count": 0
    },
    "3e3c74fd-d94f-4d05-86b9-d6c3626f4cf7": {
      "edge_id": "3e3c74fd-d94f-4d05-86b9-d6c3626f4cf7",
      "source_node": "BSE_ASSET",
      "target_node": "P02",
      "belief_type": "valuation",
      "confidence": 0.7,
      "value": 128.88235099999997,
      "timestamp": 40.89552238805972,
      "evidence_count": 7
    },
    "b8493ebd-55fe-4df5-a71f-bf4c82884528": {
      "edge_id": "b8493ebd-55fe-4df5-a71f-bf4c82884528",
      "source_node": "BSE_ASSET",
      "target_node": "P01",
      "belief_type": "strategy",
      "confidence": 0.1,
      "value": "unknown",
      "timestamp": 5.074626865671641,
      "evidence_count": 0
    },
    "a4f44ea0-a39d-4398-b89a-42e718181438": {
      "edge_id": "a4f44ea0-a39d-4398-b89a-42e718181438",
      "source_node": "BSE_ASSET",
      "target_node": "P01",
      "belief_type": "valuation",
      "confidence": 0.4,
      "value": 127.34299999999999,
      "timestamp": 30.597014925373,
      "evidence_count": 4
    },
    "968dd771-c3dd-4f41-bd24-715b926c0794": {
      "edge_id": "968dd771-c3dd-4f41-bd24-715b926c0794",
      "source_node": "BSE_ASSET",
      "target_node": "P08",
      "belief_type": "strategy",
      "confidence": 0.1,
      "value": "unknown",
      "timestamp": 5.074626865671641,
      "evidence_count": 0
    },
    "af889d9d-7654-4dd1-9487-78df9b12f3f4": {
      "edge_id": "af889d9d-7654-4dd1-9487-78df9b12f3f4",
      "source_node": "BSE_ASSET",
      "target_node": "P08",
      "belief_type": "valuation",
      "confidence": 0.7,
      "value": 129.647053,
      "timestamp": 40.89552238805972,
      "evidence_count": 7
    },
    "ad3c396a-22f6-4e25-b5d2-a4c2cbcbc35c": {
      "edge_id": "ad3c396a-22f6-4e25-b5d2-a4c2cbcbc35c",
      "source_node": "BSE_ASSET",
      "target_node": "P07",
      "belief_type": "strategy",
      "confidence": 0.1,
      "value": "unknown",
      "timestamp": 5.074626865671641,
      "evidence_count": 0
    },
    "43566449-9d59-43a5-bf82-f594df1a9700": {
      "edge_id": "43566449-9d59-43a5-bf82-f594df1a9700",
      "source_node": "BSE_ASSET",
      "target_node": "P07",
      "belief_type": "valuation",
      "confidence": 0.7999999999999999,
      "value": 120.0,
      "timestamp": 40.89552238805972,
      "evidence_count": 8
    },
    "8c6a64f6-6969-4df3-b7b7-102c8e6e0b9e": {
      "edge_id": "8c6a64f6-6969-4df3-b7b7-102c8e6e0b9e",
      "source_node": "BSE_ASSET",
      "target_node": "B11",
      "belief_type": "strategy",
      "confidence": 0.1,
      "value": "unknown",
      "timestamp": 5.074626865671641,
      "evidence_count": 0
    },
    "bceba92a-fee4-420a-9cc9-b52b0b7f6054": {
      "edge_id": "bceba92a-fee4-420a-9cc9-b52b0b7f6054",
      "source_node": "BSE_ASSET",
      "target_node": "B11",
      "belief_type": "valuation",
      "confidence": 0.30000000000000004,
      "value": 114.6,
      "timestamp": 40.89552238805972,
      "evidence_count": 3
    },
    "478cf785-0e9c-455d-b245-dcce06d492a7": {
      "edge_id": "478cf785-0e9c-455d-b245-dcce06d492a7",
      "source_node": "BSE_ASSET",
      "target_node": "B19",
      "belief_type": "strategy",
      "confidence": 0.1,
      "value": "unknown",
      "timestamp": 5.074626865671641,
      "evidence_count": 0
    },
    "97fdade7-8505-42d9-9e1f-603e42606df9": {
      "edge_id": "97fdade7-8505-42d9-9e1f-603e42606df9",
      "source_node": "BSE_ASSET",
      "target_node": "B19",
      "belief_type": "valuation",
      "confidence": 0.2,
      "value": 114.19999999999999,
      "timestamp": 10.298507462686555,
      "evidence_count": 2
    },
    "55f4a0c0-9726-42b4-9864-b331a0842e03": {
      "edge_id": "55f4a0c0-9726-42b4-9864-b331a0842e03",
      "source_node": "BSE_ASSET",
      "target_node": "S06",
      "belief_type": "strategy",
      "confidence": 0.1,
      "value": "unknown",
      "timestamp": 5.074626865671641,
      "evidence_count": 0
    },
    "5ba4b402-3651-4de8-b0b9-18edc97b8050": {
      "edge_id": "5ba4b402-3651-4de8-b0b9-18edc97b8050",
      "source_node": "BSE_ASSET",
      "target_node": "S06",
      "belief_type": "valuation",
      "confidence": 0.30000000000000004,
      "value": 139.65,
      "timestamp": 40.89552238805972,
      "evidence_count": 3
    },
    "d573c459-6248-4d37-946b-49ee8c4d6955": {
      "edge_id": "d573c459-6248-4d37-946b-49ee8c4d6955",
      "source_node": "BSE_ASSET",
      "target_node": "S02",
      "belief_type": "strategy",
      "confidence": 0.1,
      "value": "unknown",
      "timestamp": 5.074626865671641,
      "evidence_count": 0
    },
    "de47934a-2b78-48fd-9592-0713ca422e16": {
      "edge_id": "de47934a-2b78-48fd-9592-0713ca422e16",
      "source_node": "BSE_ASSET",
      "target_node": "S02",
      "belief_type": "valuation",
      "confidence": 0.30000000000000004,
      "value": 131.58999999999997,
      "timestamp": 15.373134328358166,
      "evidence_count": 3
    },
    "09ad4521-5f23-40bf-9503-637204bba1b6": {
      "edge_id": "09ad4521-5f23-40bf-9503-637204bba1b6",
      "source_node": "BSE_ASSET",
      "target_node": "S07",
      "belief_type": "strategy",
      "confidence": 0.1,
      "value": "unknown",
      "timestamp": 5.074626865671641,
      "evidence_count": 0
    },
    "adbdc00e-d23e-40ef-99d9-4e41e027a5f6": {
      "edge_id": "adbdc00e-d23e-40ef-99d9-4e41e027a5f6",
      "source_node": "BSE_ASSET",
      "target_node": "S07",
      "belief_type": "valuation",
      "confidence": 0.5,
      "value": 301.65939999999995,
      "timestamp": 40.89552238805972,
      "evidence_count": 5
    },
    "866e8bce-803a-49b2-9238-429c41d97c38": {
      "edge_id": "866e8bce-803a-49b2-9238-429c41d97c38",
      "source_node": "BSE_ASSET",
      "target_node": "P20",
      "belief_type": "strategy",
      "confidence": 0.1,
      "value": "unknown",
      "timestamp": 10.298507462686555,
      "evidence_count": 0
    },
    "0d485acc-dd31-455d-a283-93edc90d6f17": {
      "edge_id": "0d485acc-dd31-455d-a283-93edc90d6f17",
      "source_node": "BSE_ASSET",
      "target_node": "P20",
      "belief_type": "valuation",
      "confidence": 0.2,
      "value": 124.0,
      "timestamp": 15.373134328358166,
      "evidence_count": 2
    },
    "7a974e47-73cd-47ff-9294-8398d17edfa8": {
      "edge_id": "7a974e47-73cd-47ff-9294-8398d17edfa8",
      "source_node": "BSE_ASSET",
      "target_node": "B13",
      "belief_type": "strategy",
      "confidence": 0.1,
      "value": "unknown",
      "timestamp": 10.298507462686555,
      "evidence_count": 0
    },
    "34180fdd-4169-4e4c-9981-9bcc0ab2ac12": {
      "edge_id": "34180fdd-4169-4e4c-9981-9bcc0ab2ac12",
      "source_node": "BSE_ASSET",
      "target_node": "B13",
      "belief_type": "valuation",
      "confidence": 0.4,
      "value": 105.1,
      "timestamp": 25.522388059701388,
      "evidence_count": 4
    },
    "9f45f068-2b10-40f8-a0da-7eb96b41fe24": {
      "edge_id": "9f45f068-2b10-40f8-a0da-7eb96b41fe24",
      "source_node": "BSE_ASSET",
      "target_node": "B05",
      "belief_type": "strategy",
      "confidence": 0.1,
      "value": "unknown",
      "timestamp": 10.298507462686555,
      "evidence_count": 0
    },
    "f0851b4e-8346-4b19-b70f-1a32fb922e51": {
      "edge_id": "f0851b4e-8346-4b19-b70f-1a32fb922e51",
      "source_node": "BSE_ASSET",
      "target_node": "B05",
      "belief_type": "valuation",
      "confidence": 0.30000000000000004,
      "value": 95.94,
      "timestamp": 20.447761194029777,
      "evidence_count": 3
    },
    "6a647a46-f5af-4594-9fef-0aa14c2c5b3b": {
      "edge_id": "6a647a46-f5af-4594-9fef-0aa14c2c5b3b",
      "source_node": "BSE_ASSET",
      "target_node": "B02",
      "belief_type": "strategy",
      "confidence": 0.1,
      "value": "unknown",
      "timestamp": 10.298507462686555,
      "evidence_count": 0
    },
    "693fba95-3b75-426e-b372-3e38927dcf73": {
      "edge_id": "693fba95-3b75-426e-b372-3e38927dcf73",
      "source_node": "BSE_ASSET",
      "target_node": "B02",
      "belief_type": "valuation",
      "confidence": 0.5,
      "value": 74.4303,
      "timestamp": 40.89552238805972,
      "evidence_count": 5
    },
    "32fc6d5f-cd39-418a-9d04-137b75d18d30": {
      "edge_id": "32fc6d5f-cd39-418a-9d04-137b75d18d30",
      "source_node": "BSE_ASSET",
      "target_node": "B07",
      "belief_type": "strategy",
      "confidence": 0.1,
      "value": "unknown",
      "timestamp": 10.298507462686555,
      "evidence_count": 0
    },
    "2e5f0e1e-f427-408e-a2fc-70586b5bb951": {
      "edge_id": "2e5f0e1e-f427-408e-a2fc-70586b5bb951",
      "source_node": "BSE_ASSET",
      "target_node": "B07",
      "belief_type": "valuation",
      "confidence": 0.2,
      "value": 98.0,
      "timestamp": 15.373134328358166,
      "evidence_count": 2
    },
    "acded6c0-30a8-41e1-8d8d-8b8e8206ee16": {
      "edge_id": "acded6c0-30a8-41e1-8d8d-8b8e8206ee16",
      "source_node": "BSE_ASSET",
      "target_node": "B09",
      "belief_type": "strategy",
      "confidence": 0.1,
      "value": "unknown",
      "timestamp": 10.298507462686555,
      "evidence_count": 0
    },
    "f796756b-828c-420d-bd17-c07c17a8b1cc": {
      "edge_id": "f796756b-828c-420d-bd17-c07c17a8b1cc",
      "source_node": "BSE_ASSET",
      "target_node": "B09",
      "belief_type": "valuation",
      "confidence": 0.30000000000000004,
      "value": 101.88999999999999,
      "timestamp": 30.597014925373,
      "evidence_count": 3
    },
    "6b0361b4-9e93-4075-a9b3-0a93af5f4317": {
      "edge_id": "6b0361b4-9e93-4075-a9b3-0a93af5f4317",
      "source_node": "BSE_ASSET",
      "target_node": "B04",
      "belief_type": "strategy",
      "confidence": 0.1,
      "value": "unknown",
      "timestamp": 10.298507462686555,
      "evidence_count": 0
    },
    "694e4b0a-13ed-4502-af2d-b8f7a36df9c7": {
      "edge_id": "694e4b0a-13ed-4502-af2d-b8f7a36df9c7",
      "source_node": "BSE_ASSET",
      "target_node": "B04",
      "belief_type": "valuation",
      "confidence": 0.2,
      "value": 82.0,
      "timestamp": 15.373134328358166,
      "evidence_count": 2
    },
    "ed541d8d-15a0-4326-93c5-2a5c6309eaf0": {
      "edge_id": "ed541d8d-15a0-4326-93c5-2a5c6309eaf0",
      "source_node": "BSE_ASSET",
      "target_node": "S03",
      "belief_type": "strategy",
      "confidence": 0.1,
      "value": "unknown",
      "timestamp": 10.298507462686555,
      "evidence_count": 0
    },
    "dc239dd5-92ae-489f-b54f-1b55095a55c3": {
      "edge_id": "dc239dd5-92ae-489f-b54f-1b55095a55c3",
      "source_node": "BSE_ASSET",
      "target_node": "S03",
      "belief_type": "valuation",
      "confidence": 0.1,
      "value": 130,
      "timestamp": 10.298507462686555,
      "evidence_count": 1
    },
    "eb3f01f5-a838-4295-88d1-ad71717d9850": {
      "edge_id": "eb3f01f5-a838-4295-88d1-ad71717d9850",
      "source_node": "BSE_ASSET",
      "target_node": "S12",
      "belief_type": "strategy",
      "confidence": 0.1,
      "value": "unknown",
      "timestamp": 10.298507462686555,
      "evidence_count": 0
    },
    "4eaed120-9f33-47a8-8b86-bc14461b28d6": {
      "edge_id": "4eaed120-9f33-47a8-8b86-bc14461b28d6",
      "source_node": "BSE_ASSET",
      "target_node": "S12",
      "belief_type": "valuation",
      "confidence": 0.30000000000000004,
      "value": 147.6,
      "timestamp": 40.89552238805972,
      "evidence_count": 3
    },
    "5ba83d7a-bb34-4c45-835d-f756317b1ab4": {
      "edge_id": "5ba83d7a-bb34-4c45-835d-f756317b1ab4",
      "source_node": "BSE_ASSET",
      "target_node": "S20",
      "belief_type": "strategy",
      "confidence": 0.1,
      "value": "unknown",
      "timestamp": 10.298507462686555,
      "evidence_count": 0
    },
    "2f26b528-1fc7-4ca2-b298-5d631ada67d1": {
      "edge_id": "2f26b528-1fc7-4ca2-b298-5d631ada67d1",
      "source_node": "BSE_ASSET",
      "target_node": "S20",
      "belief_type": "valuation",
      "confidence": 0.4,
      "value": 210.55599999999998,
      "timestamp": 40.89552238805972,
      "evidence_count": 4
    },
    "6398b5b7-33fc-4500-94c4-b7e63193e071": {
      "edge_id": "6398b5b7-33fc-4500-94c4-b7e63193e071",
      "source_node": "BSE_ASSET",
      "target_node": "P14",
      "belief_type": "strategy",
      "confidence": 0.1,
      "value": "unknown",
      "timestamp": 15.373134328358166,
      "evidence_count": 0
    },
    "67afe916-a83e-4541-a2c7-4a810a777c2f": {
      "edge_id": "67afe916-a83e-4541-a2c7-4a810a777c2f",
      "source_node": "BSE_ASSET",
      "target_node": "P14",
      "belief_type": "valuation",
      "confidence": 0.30000000000000004,
      "value": 125.53,
      "timestamp": 30.597014925373,
      "evidence_count": 3
    },
    "205e2196-d5cb-41be-bef1-687ceed514d1": {
      "edge_id": "205e2196-d5cb-41be-bef1-687ceed514d1",
      "source_node": "BSE_ASSET",
      "target_node": "P09",
      "belief_type": "strategy",
      "confidence": 0.1,
      "value": "unknown",
      "timestamp": 15.373134328358166,
      "evidence_count": 0
    },
    "eec2cc63-a5e4-48ff-ba20-537d8bd3b7bf": {
      "edge_id": "eec2cc63-a5e4-48ff-ba20-537d8bd3b7bf",
      "source_node": "BSE_ASSET",
      "target_node": "P09",
      "belief_type": "valuation",
      "confidence": 0.1,
      "value": 124,
      "timestamp": 15.373134328358166,
      "evidence_count": 1
    },
    "aa78a441-4683-4730-9ce5-7fc4e804c212": {
      "edge_id": "aa78a441-4683-4730-9ce5-7fc4e804c212",
      "source_node": "BSE_ASSET",
      "target_node": "B06",
      "belief_type": "strategy",
      "confidence": 0.1,
      "value": "unknown",
      "timestamp": 15.373134328358166,
      "evidence_count": 0
    },
    "94c0b21f-788e-4a62-958d-54e24dbf3384": {
      "edge_id": "94c0b21f-788e-4a62-958d-54e24dbf3384",
      "source_node": "BSE_ASSET",
      "target_node": "B06",
      "belief_type": "valuation",
      "confidence": 0.2,
      "value": 112.0,
      "timestamp": 20.447761194029777,
      "evidence_count": 2
    },
    "4a15293a-ca1e-47ae-8922-29c832d29f18": {
      "edge_id": "4a15293a-ca1e-47ae-8922-29c832d29f18",
      "source_node": "BSE_ASSET",
      "target_node": "B20",
      "belief_type": "strategy",
      "confidence": 0.1,
      "value": "unknown",
      "timestamp": 15.373134328358166,
      "evidence_count": 0
    },
    "30a14c51-5e2c-4884-93b1-cb29bc8c2e1c": {
      "edge_id": "30a14c51-5e2c-4884-93b1-cb29bc8c2e1c",
      "source_node": "BSE_ASSET",
      "target_node": "B20",
      "belief_type": "valuation",
      "confidence": 0.1,
      "value": 100,
      "timestamp": 15.373134328358166,
      "evidence_count": 1
    },
    "eb695407-93c0-4835-acde-a80608eeded5": {
      "edge_id": "eb695407-93c0-4835-acde-a80608eeded5",
      "source_node": "BSE_ASSET",
      "target_node": "B10",
      "belief_type": "strategy",
      "confidence": 0.1,
      "value": "unknown",
      "timestamp": 15.373134328358166,
      "evidence_count": 0
    },
    "deb8b8fb-886e-4aad-b500-178be207ecf9": {
      "edge_id": "deb8b8fb-886e-4aad-b500-178be207ecf9",
      "source_node": "BSE_ASSET",
      "target_node": "B10",
      "belief_type": "valuation",
      "confidence": 0.30000000000000004,
      "value": 107.69,
      "timestamp": 25.522388059701388,
      "evidence_count": 3
    },
    "c533eec6-70fe-4cff-9596-0aaa80849c5a": {
      "edge_id": "c533eec6-70fe-4cff-9596-0aaa80849c5a",
      "source_node": "BSE_ASSET",
      "target_node": "S04",
      "belief_type": "strategy",
      "confidence": 0.1,
      "value": "unknown",
      "timestamp": 15.373134328358166,
      "evidence_count": 0
    },
    "7fc6663a-346f-4b32-89cf-a1733fb0b13b": {
      "edge_id": "7fc6663a-346f-4b32-89cf-a1733fb0b13b",
      "source_node": "BSE_ASSET",
      "target_node": "S04",
      "belief_type": "valuation",
      "confidence": 0.5,
      "value": 141.98969999999997,
      "timestamp": 40.89552238805972,
      "evidence_count": 5
    },
    "3308a39a-6f04-43df-a6ba-ec04cbcda8d0": {
      "edge_id": "3308a39a-6f04-43df-a6ba-ec04cbcda8d0",
      "source_node": "BSE_ASSET",
      "target_node": "P12",
      "belief_type": "strategy",
      "confidence": 0.1,
      "value": "unknown",
      "timestamp": 15.373134328358166,
      "evidence_count": 0
    },
    "e543be8f-ef08-4384-a3ff-d2310dacfbc9": {
      "edge_id": "e543be8f-ef08-4384-a3ff-d2310dacfbc9",
      "source_node": "BSE_ASSET",
      "target_node": "P12",
      "belief_type": "valuation",
      "confidence": 0.4,
      "value": 130.0,
      "timestamp": 30.597014925373,
      "evidence_count": 4
    },
    "6e17da5a-3760-4ebb-ada5-77454964f37c": {
      "edge_id": "6e17da5a-3760-4ebb-ada5-77454964f37c",
      "source_node": "BSE_ASSET",
      "target_node": "P16",
      "belief_type": "strategy",
      "confidence": 0.1,
      "value": "unknown",
      "timestamp": 15.373134328358166,
      "evidence_count": 0
    },
    "33201bb4-2156-492c-a41b-f26238ec538c": {
      "edge_id": "33201bb4-2156-492c-a41b-f26238ec538c",
      "source_node": "BSE_ASSET",
      "target_node": "P16",
      "belief_type": "valuation",
      "confidence": 0.1,
      "value": 124,
      "timestamp": 20.447761194029777,
      "evidence_count": 1
    },
    "d0912104-88b0-4775-98c2-9e03b218c58f": {
      "edge_id": "d0912104-88b0-4775-98c2-9e03b218c58f",
      "source_node": "BSE_ASSET",
      "target_node": "P13",
      "belief_type": "strategy",
      "confidence": 0.1,
      "value": "unknown",
      "timestamp": 20.447761194029777,
      "evidence_count": 0
    },
    "e3c448ee-19ca-4df0-b6c7-1e720b4a017b": {
      "edge_id": "e3c448ee-19ca-4df0-b6c7-1e720b4a017b",
      "source_node": "BSE_ASSET",
      "target_node": "P13",
      "belief_type": "valuation",
      "confidence": 0.30000000000000004,
      "value": 121.96,
      "timestamp": 40.89552238805972,
      "evidence_count": 3
    },
    "addb8e77-9cc5-45ed-9187-72aa4fb83be5": {
      "edge_id": "addb8e77-9cc5-45ed-9187-72aa4fb83be5",
      "source_node": "BSE_ASSET",
      "target_node": "P19",
      "belief_type": "strategy",
      "confidence": 0.1,
      "value": "unknown",
      "timestamp": 20.447761194029777,
      "evidence_count": 0
    },
    "9c7a91bb-ff79-4c42-9b3e-036602f0b6f2": {
      "edge_id": "9c7a91bb-ff79-4c42-9b3e-036602f0b6f2",
      "source_node": "BSE_ASSET",
      "target_node": "P19",
      "belief_type": "valuation",
      "confidence": 0.2,
      "value": 124.9,
      "timestamp": 35.820895522387985,
      "evidence_count": 2
    },
    "01f128e1-a162-4484-93e2-badad8582a01": {
      "edge_id": "01f128e1-a162-4484-93e2-badad8582a01",
      "source_node": "BSE_ASSET",
      "target_node": "B15",
      "belief_type": "strategy",
      "confidence": 0.1,
      "value": "unknown",
      "timestamp": 20.447761194029777,
      "evidence_count": 0
    },
    "7ae70c7e-a558-4068-b1eb-0fdb954275ff": {
      "edge_id": "7ae70c7e-a558-4068-b1eb-0fdb954275ff",
      "source_node": "BSE_ASSET",
      "target_node": "B15",
      "belief_type": "valuation",
      "confidence": 0.1,
      "value": 120,
      "timestamp": 20.447761194029777,
      "evidence_count": 1
    },
    "e3d18fef-b480-44be-bd91-86d0b73cb74d": {
      "edge_id": "e3d18fef-b480-44be-bd91-86d0b73cb74d",
      "source_node": "BSE_ASSET",
      "target_node": "B21",
      "belief_type": "strategy",
      "confidence": 0.1,
      "value": "unknown",
      "timestamp": 20.447761194029777,
      "evidence_count": 0
    },
    "83f55620-918a-4108-8ba4-9d333c4a42b5": {
      "edge_id": "83f55620-918a-4108-8ba4-9d333c4a42b5",
      "source_node": "BSE_ASSET",
      "target_node": "B21",
      "belief_type": "valuation",
      "confidence": 0.2,
      "value": 116.5,
      "timestamp": 30.597014925373,
      "evidence_count": 2
    },
    "41c71bea-4ef5-427c-85ce-0984a40fd94f": {
      "edge_id": "41c71bea-4ef5-427c-85ce-0984a40fd94f",
      "source_node": "BSE_ASSET",
      "target_node": "B08",
      "belief_type": "strategy",
      "confidence": 0.1,
      "value": "unknown",
      "timestamp": 20.447761194029777,
      "evidence_count": 0
    },
    "fc2f4d81-eb73-42d5-9836-86ca35b9de30": {
      "edge_id": "fc2f4d81-eb73-42d5-9836-86ca35b9de30",
      "source_node": "BSE_ASSET",
      "target_node": "B08",
      "belief_type": "valuation",
      "confidence": 0.2,
      "value": 113.0,
      "timestamp": 25.522388059701388,
      "evidence_count": 2
    },
    "939bcb22-c8ae-48b2-888f-93719512c5e2": {
      "edge_id": "939bcb22-c8ae-48b2-888f-93719512c5e2",
      "source_node": "BSE_ASSET",
      "target_node": "B14",
      "belief_type": "strategy",
      "confidence": 0.1,
      "value": "unknown",
      "timestamp": 20.447761194029777,
      "evidence_count": 0
    },
    "b5adb0d4-5bf6-4e92-b19b-804e17ddfff4": {
      "edge_id": "b5adb0d4-5bf6-4e92-b19b-804e17ddfff4",
      "source_node": "BSE_ASSET",
      "target_node": "B14",
      "belief_type": "valuation",
      "confidence": 0.30000000000000004,
      "value": 113.63,
      "timestamp": 30.597014925373,
      "evidence_count": 3
    },
    "5c26f3d6-ed5d-4449-a4a0-e988754ac3b3": {
      "edge_id": "5c26f3d6-ed5d-4449-a4a0-e988754ac3b3",
      "source_node": "BSE_ASSET",
      "target_node": "B18",
      "belief_type": "strategy",
      "confidence": 0.1,
      "value": "unknown",
      "timestamp": 20.447761194029777,
      "evidence_count": 0
    },
    "3b00d27e-520a-4ddf-9bba-b1d78fdb3ef7": {
      "edge_id": "3b00d27e-520a-4ddf-9bba-b1d78fdb3ef7",
      "source_node": "BSE_ASSET",
      "target_node": "B18",
      "belief_type": "valuation",
      "confidence": 0.2,
      "value": 101.2,
      "timestamp": 35.820895522387985,
      "evidence_count": 2
    },
    "65d7e49e-0a42-4f8d-a397-34ecabdad8ae": {
      "edge_id": "65d7e49e-0a42-4f8d-a397-34ecabdad8ae",
      "source_node": "BSE_ASSET",
      "target_node": "S15",
      "belief_type": "strategy",
      "confidence": 0.1,
      "value": "unknown",
      "timestamp": 20.447761194029777,
      "evidence_count": 0
    },
    "0a633a10-0a5e-44a6-a962-239bf6c98a1b": {
      "edge_id": "0a633a10-0a5e-44a6-a962-239bf6c98a1b",
      "source_node": "BSE_ASSET",
      "target_node": "S15",
      "belief_type": "valuation",
      "confidence": 0.1,
      "value": 127,
      "timestamp": 20.447761194029777,
      "evidence_count": 1
    },
    "1d2c4e60-8dd5-46a2-93f8-bf25831a0cf2": {
      "edge_id": "1d2c4e60-8dd5-46a2-93f8-bf25831a0cf2",
      "source_node": "BSE_ASSET",
      "target_node": "P15",
      "belief_type": "strategy",
      "confidence": 0.1,
      "value": "unknown",
      "timestamp": 20.447761194029777,
      "evidence_count": 0
    },
    "77c6bef0-0be9-419b-99ca-6fe3b0841efd": {
      "edge_id": "77c6bef0-0be9-419b-99ca-6fe3b0841efd",
      "source_node": "BSE_ASSET",
      "target_node": "P15",
      "belief_type": "valuation",
      "confidence": 0.4,
      "value": 127.04299999999998,
      "timestamp": 40.89552238805972,
      "evidence_count": 4
    },
    "8f55975f-7a38-495e-a777-9f1f8c6d069a": {
      "edge_id": "8f55975f-7a38-495e-a777-9f1f8c6d069a",
      "source_node": "BSE_ASSET",
      "target_node": "P00",
      "belief_type": "strategy",
      "confidence": 0.1,
      "value": "unknown",
      "timestamp": 20.447761194029777,
      "evidence_count": 0
    },
    "c381749c-36b2-422d-afe6-5f6ade8a30b8": {
      "edge_id": "c381749c-36b2-422d-afe6-5f6ade8a30b8",
      "source_node": "BSE_ASSET",
      "target_node": "P00",
      "belief_type": "valuation",
      "confidence": 0.2,
      "value": 126.9,
      "timestamp": 40.89552238805972,
      "evidence_count": 2
    },
    "6dac1d8f-9419-43e1-8f07-91bfd0d99d58": {
      "edge_id": "6dac1d8f-9419-43e1-8f07-91bfd0d99d58",
      "source_node": "BSE_ASSET",
      "target_node": "P06",
      "belief_type": "strategy",
      "confidence": 0.1,
      "value": "unknown",
      "timestamp": 20.447761194029777,
      "evidence_count": 0
    },
    "cbd2f3cc-2dba-4906-84e6-473009d1a8a0": {
      "edge_id": "cbd2f3cc-2dba-4906-84e6-473009d1a8a0",
      "source_node": "BSE_ASSET",
      "target_node": "P06",
      "belief_type": "valuation",
      "confidence": 0.2,
      "value": 124.9,
      "timestamp": 35.820895522387985,
      "evidence_count": 2
    },
    "96fa4722-4b3d-4656-be74-753a00b2918f": {
      "edge_id": "96fa4722-4b3d-4656-be74-753a00b2918f",
      "source_node": "BSE_ASSET",
      "target_node": "P10",
      "belief_type": "strategy",
      "confidence": 0.1,
      "value": "unknown",
      "timestamp": 25.522388059701388,
      "evidence_count": 0
    },
    "a0ed458c-ce1b-43ca-9185-f0f3e1ff99ce": {
      "edge_id": "a0ed458c-ce1b-43ca-9185-f0f3e1ff99ce",
      "source_node": "BSE_ASSET",
      "target_node": "P10",
      "belief_type": "valuation",
      "confidence": 0.1,
      "value": 124,
      "timestamp": 25.522388059701388,
      "evidence_count": 1
    },
    "8d929001-616d-4273-a29e-30dfbc43ea4f": {
      "edge_id": "8d929001-616d-4273-a29e-30dfbc43ea4f",
      "source_node": "BSE_ASSET",
      "target_node": "B01",
      "belief_type": "strategy",
      "confidence": 0.1,
      "value": "unknown",
      "timestamp": 25.522388059701388,
      "evidence_count": 0
    },
    "7d7390bf-63e4-4c4c-ba65-93759acec8f5": {
      "edge_id": "7d7390bf-63e4-4c4c-ba65-93759acec8f5",
      "source_node": "BSE_ASSET",
      "target_node": "B01",
      "belief_type": "valuation",
      "confidence": 0.1,
      "value": 91,
      "timestamp": 25.522388059701388,
      "evidence_count": 1
    },
    "e4bbb916-d18b-463c-a274-47d9a8d086fd": {
      "edge_id": "e4bbb916-d18b-463c-a274-47d9a8d086fd",
      "source_node": "BSE_ASSET",
      "target_node": "S14",
      "belief_type": "strategy",
      "confidence": 0.1,
      "value": "unknown",
      "timestamp": 25.522388059701388,
      "evidence_count": 0
    },
    "10ae3379-d0d8-4894-9706-1a20f6f77ef9": {
      "edge_id": "10ae3379-d0d8-4894-9706-1a20f6f77ef9",
      "source_node": "BSE_ASSET",
      "target_node": "S14",
      "belief_type": "valuation",
      "confidence": 0.30000000000000004,
      "value": 133.0,
      "timestamp": 35.820895522387985,
      "evidence_count": 3
    },
    "f79785a1-15f5-4674-a926-fb186a4f7f60": {
      "edge_id": "f79785a1-15f5-4674-a926-fb186a4f7f60",
      "source_node": "BSE_ASSET",
      "target_node": "S00",
      "belief_type": "strategy",
      "confidence": 0.1,
      "value": "unknown",
      "timestamp": 25.522388059701388,
      "evidence_count": 0
    },
    "253dd158-9ce1-43df-bad6-e768b52d8b3b": {
      "edge_id": "253dd158-9ce1-43df-bad6-e768b52d8b3b",
      "source_node": "BSE_ASSET",
      "target_node": "S00",
      "belief_type": "valuation",
      "confidence": 0.4,
      "value": 135.85999999999999,
      "timestamp": 40.89552238805972,
      "evidence_count": 4
    },
    "284a3e9b-dbb4-40cf-a552-42986911616c": {
      "edge_id": "284a3e9b-dbb4-40cf-a552-42986911616c",
      "source_node": "BSE_ASSET",
      "target_node": "S22",
      "belief_type": "strategy",
      "confidence": 0.1,
      "value": "unknown",
      "timestamp": 25.522388059701388,
      "evidence_count": 0
    },
    "53a7ec07-3a45-455f-bd7e-06554f152cc2": {
      "edge_id": "53a7ec07-3a45-455f-bd7e-06554f152cc2",
      "source_node": "BSE_ASSET",
      "target_node": "S22",
      "belief_type": "valuation",
      "confidence": 0.30000000000000004,
      "value": 147.14,
      "timestamp": 40.89552238805972,
      "evidence_count": 3
    },
    "1d0bff74-1afb-4c46-9a9e-4eab76461737": {
      "edge_id": "1d0bff74-1afb-4c46-9a9e-4eab76461737",
      "source_node": "BSE_ASSET",
      "target_node": "S19",
      "belief_type": "strategy",
      "confidence": 0.1,
      "value": "unknown",
      "timestamp": 25.522388059701388,
      "evidence_count": 0
    },
    "c9f07f41-d7d7-47c9-a9c6-61bc1aa78d01": {
      "edge_id": "c9f07f41-d7d7-47c9-a9c6-61bc1aa78d01",
      "source_node": "BSE_ASSET",
      "target_node": "S19",
      "belief_type": "valuation",
      "confidence": 0.2,
      "value": 172.0,
      "timestamp": 30.597014925373,
      "evidence_count": 2
    },
    "db1cf86f-4854-4d97-9ae1-523247884cd4": {
      "edge_id": "db1cf86f-4854-4d97-9ae1-523247884cd4",
      "source_node": "BSE_ASSET",
      "target_node": "S13",
      "belief_type": "strategy",
      "confidence": 0.1,
      "value": "unknown",
      "timestamp": 25.522388059701388,
      "evidence_count": 0
    },
    "14a8b9cd-d6f6-42ee-9bb7-7dcd6fdafba4": {
      "edge_id": "14a8b9cd-d6f6-42ee-9bb7-7dcd6fdafba4",
      "source_node": "BSE_ASSET",
      "target_node": "S13",
      "belief_type": "valuation",
      "confidence": 0.4,
      "value": 152.635,
      "timestamp": 40.89552238805972,
      "evidence_count": 4
    },
    "0705b71d-177d-4153-8c94-11f5ae131aa0": {
      "edge_id": "0705b71d-177d-4153-8c94-11f5ae131aa0",
      "source_node": "BSE_ASSET",
      "target_node": "P04",
      "belief_type": "strategy",
      "confidence": 0.1,
      "value": "unknown",
      "timestamp": 25.522388059701388,
      "evidence_count": 0
    },
    "802660c9-7622-4e69-b747-1b9550236ab5": {
      "edge_id": "802660c9-7622-4e69-b747-1b9550236ab5",
      "source_node": "BSE_ASSET",
      "target_node": "P04",
      "belief_type": "valuation",
      "confidence": 0.1,
      "value": 124,
      "timestamp": 30.597014925373,
      "evidence_count": 1
    },
    "e2a21dd7-4c41-4a85-ac09-a0cb27e6df66": {
      "edge_id": "e2a21dd7-4c41-4a85-ac09-a0cb27e6df66",
      "source_node": "BSE_ASSET",
      "target_node": "B22",
      "belief_type": "strategy",
      "confidence": 0.1,
      "value": "unknown",
      "timestamp": 30.597014925373,
      "evidence_count": 0
    },
    "39133b75-4fbb-4d32-bf93-3d9efa661d32": {
      "edge_id": "39133b75-4fbb-4d32-bf93-3d9efa661d32",
      "source_node": "BSE_ASSET",
      "target_node": "B22",
      "belief_type": "valuation",
      "confidence": 0.1,
      "value": 112,
      "timestamp": 30.597014925373,
      "evidence_count": 1
    },
    "4247dc14-af9f-45bc-ac31-a617331f809d": {
      "edge_id": "4247dc14-af9f-45bc-ac31-a617331f809d",
      "source_node": "BSE_ASSET",
      "target_node": "B03",
      "belief_type": "strategy",
      "confidence": 0.1,
      "value": "unknown",
      "timestamp": 30.597014925373,
      "evidence_count": 0
    },
    "a9135934-66df-469a-b857-34202c11350a": {
      "edge_id": "a9135934-66df-469a-b857-34202c11350a",
      "source_node": "BSE_ASSET",
      "target_node": "B03",
      "belief_type": "valuation",
      "confidence": 0.2,
      "value": 103.0,
      "timestamp": 35.820895522387985,
      "evidence_count": 2
    },
    "2ff6538f-8a24-4d02-8be8-b27d602537a1": {
      "edge_id": "2ff6538f-8a24-4d02-8be8-b27d602537a1",
      "source_node": "BSE_ASSET",
      "target_node": "S17",
      "belief_type": "strategy",
      "confidence": 0.1,
      "value": "unknown",
      "timestamp": 30.597014925373,
      "evidence_count": 0
    },
    "d922f51c-3a64-48bf-9f18-da0c46a871f5": {
      "edge_id": "d922f51c-3a64-48bf-9f18-da0c46a871f5",
      "source_node": "BSE_ASSET",
      "target_node": "S17",
      "belief_type": "valuation",
      "confidence": 0.2,
      "value": 135.1,
      "timestamp": 40.89552238805972,
      "evidence_count": 2
    },
    "74f2142f-eda5-4560-9de0-0664a8ddd572": {
      "edge_id": "74f2142f-eda5-4560-9de0-0664a8ddd572",
      "source_node": "BSE_ASSET",
      "target_node": "S05",
      "belief_type": "strategy",
      "confidence": 0.1,
      "value": "unknown",
      "timestamp": 30.597014925373,
      "evidence_count": 0
    },
    "a4ae1051-323d-4de5-916c-bee38c8d5a29": {
      "edge_id": "a4ae1051-323d-4de5-916c-bee38c8d5a29",
      "source_node": "BSE_ASSET",
      "target_node": "S05",
      "belief_type": "valuation",
      "confidence": 0.2,
      "value": 136.79999999999998,
      "timestamp": 35.820895522387985,
      "evidence_count": 2
    },
    "0b70bc16-e9df-46bc-a813-5dd6e4305879": {
      "edge_id": "0b70bc16-e9df-46bc-a813-5dd6e4305879",
      "source_node": "BSE_ASSET",
      "target_node": "S09",
      "belief_type": "strategy",
      "confidence": 0.1,
      "value": "unknown",
      "timestamp": 40.89552238805972,
      "evidence_count": 0
    },
    "793ac097-baa6-4e04-96ee-b2acda541a65": {
      "edge_id": "793ac097-baa6-4e04-96ee-b2acda541a65",
      "source_node": "BSE_ASSET",
      "target_node": "S09",
      "belief_type": "valuation",
      "confidence": 0.1,
      "value": 139,
      "timestamp": 40.89552238805972,
      "evidence_count": 1
    },
    "8da6e758-25db-4fa3-9459-8850a00adf43": {
      "edge_id": "8da6e758-25db-4fa3-9459-8850a00adf43",
      "source_node": "BSE_ASSET",
      "target_node": "S21",
      "belief_type": "strategy",
      "confidence": 0.1,
      "value": "unknown",
      "timestamp": 40.89552238805972,
      "evidence_count": 0
    },
    "7078dbb4-b701-4658-ad24-67157e2763ab": {
      "edge_id": "7078dbb4-b701-4658-ad24-67157e2763ab",
      "source_node": "BSE_ASSET",
      "target_node": "S21",
      "belief_type": "valuation",
      "confidence": 0.1,
      "value": 154,
      "timestamp": 40.89552238805972,
      "evidence_count": 1
    }
  },
  "event_history": [
    {
      "event_id": "ask_P14_30.597014925373",
      "event_type": "ask",
      "timestamp": 30.597014925373,
      "agent_id": "P14",
      "price": 127,
      "quantity": 1,
      "counterparty_id": null,
      "order_id": null
    },
    {
      "event_id": "ask_S17_30.597014925373",
      "event_type": "ask",
      "timestamp": 30.597014925373,
      "agent_id": "S17",
      "price": 127,
      "quantity": 1,
      "counterparty_id": null,
      "order_id": null
    },
    {
      "event_id": "ask_P02_30.597014925373",
      "event_type": "ask",
      "timestamp": 30.597014925373,
      "agent_id": "P02",
      "price": 129,
      "quantity": 1,
      "counterparty_id": null,
      "order_id": null
    },
    {
      "event_id": "ask_P12_30.597014925373",
      "event_type": "ask",
      "timestamp": 30.597014925373,
      "agent_id": "P12",
      "price": 130,
      "quantity": 1,
      "counterparty_id": null,
      "order_id": null
    },
    {
      "event_id": "ask_P08_30.597014925373",
      "event_type": "ask",
      "timestamp": 30.597014925373,
      "agent_id": "P08",
      "price": 130,
      "quantity": 1,
      "counterparty_id": null,
      "order_id": null
    },
    {
      "event_id": "ask_P18_30.597014925373",
      "event_type": "ask",
      "timestamp": 30.597014925373,
      "agent_id": "P18",
      "price": 130,
      "quantity": 1,
      "counterparty_id": null,
      "order_id": null
    },
    {
      "event_id": "ask_S13_30.597014925373",
      "event_type": "ask",
      "timestamp": 30.597014925373,
      "agent_id": "S13",
      "price": 130,
      "quantity": 1,
      "counterparty_id": null,
      "order_id": null
    },
    {
      "event_id": "ask_S04_30.597014925373",
      "event_type": "ask",
      "timestamp": 30.597014925373,
      "agent_id": "S04",
      "price": 132,
      "quantity": 1,
      "counterparty_id": null,
      "order_id": null
    },
    {
      "event_id": "ask_S14_30.597014925373",
      "event_type": "ask",
      "timestamp": 30.597014925373,
      "agent_id": "S14",
      "price": 133,
      "quantity": 1,
      "counterparty_id": null,
      "order_id": null
    },
    {
      "event_id": "ask_S05_30.597014925373",
      "event_type": "ask",
      "timestamp": 30.597014925373,
      "agent_id": "S05",
      "price": 138,
      "quantity": 1,
      "counterparty_id": null,
      "order_id": null
    },
    {
      "event_id": "ask_S00_30.597014925373",
      "event_type": "ask",
      "timestamp": 30.597014925373,
      "agent_id": "S00",
      "price": 143,
      "quantity": 1,
      "counterparty_id": null,
      "order_id": null
    },
    {
      "event_id": "ask_S22_30.597014925373",
      "event_type": "ask",
      "timestamp": 30.597014925373,
      "agent_id": "S22",
      "price": 146,
      "quantity": 1,
      "counterparty_id": null,
      "order_id": null
    },
    {
      "event_id": "ask_S19_30.597014925373",
      "event_type": "ask",
      "timestamp": 30.597014925373,
      "agent_id": "S19",
      "price": 172,
      "quantity": 1,
      "counterparty_id": null,
      "order_id": null
    },
    {
      "event_id": "ask_S20_30.597014925373",
      "event_type": "ask",
      "timestamp": 30.597014925373,
      "agent_id": "S20",
      "price": 180,
      "quantity": 1,
      "counterparty_id": null,
      "order_id": null
    },
    {
      "event_id": "bid_P07_35.820895522387985",
      "event_type": "bid",
      "timestamp": 35.820895522387985,
      "agent_id": "P07",
      "price": 120,
      "quantity": 1,
      "counterparty_id": null,
      "order_id": null
    },
    {
      "event_id": "bid_P13_35.820895522387985",
      "event_type": "bid",
      "timestamp": 35.820895522387985,
      "agent_id": "P13",
      "price": 120,
      "quantity": 1,
      "counterparty_id": null,
      "order_id": null
    },
    {
      "event_id": "bid_B18_35.820895522387985",
      "event_type": "bid",
      "timestamp": 35.820895522387985,
      "agent_id": "B18",
      "price": 104,
      "quantity": 1,
      "counterparty_id": null,
      "order_id": null
    },
    {
      "event_id": "bid_B03_35.820895522387985",
      "event_type": "bid",
      "timestamp": 35.820895522387985,
      "agent_id": "B03",
      "price": 103,
      "quantity": 1,
      "counterparty_id": null,
      "order_id": null
    },
    {
      "event_id": "ask_P19_35.820895522387985",
      "event_type": "ask",
      "timestamp": 35.820895522387985,
      "agent_id": "P19",
      "price": 127,
      "quantity": 1,
      "counterparty_id": null,
      "order_id": null
    },
    {
      "event_id": "ask_P06_35.820895522387985",
      "event_type": "ask",
      "timestamp": 35.820895522387985,
      "agent_id": "P06",
      "price": 127,
      "quantity": 1,
      "counterparty_id": null,
      "order_id": null
    },
    {
      "event_id": "ask_P02_35.820895522387985",
      "event_type": "ask",
      "timestamp": 35.820895522387985,
      "agent_id": "P02",
      "price": 129,
      "quantity": 1,
      "counterparty_id": null,
      "order_id": null
    },
    {
      "event_id": "ask_S00_35.820895522387985",
      "event_type": "ask",
      "timestamp": 35.820895522387985,
      "agent_id": "S00",
      "price": 129,
      "quantity": 1,
      "counterparty_id": null,
      "order_id": null
    },
    {
      "event_id": "ask_P08_35.820895522387985",
      "event_type": "ask",
      "timestamp": 35.820895522387985,
      "agent_id": "P08",
      "price": 130,
      "quantity": 1,
      "counterparty_id": null,
      "order_id": null
    },
    {
      "event_id": "ask_P18_35.820895522387985",
      "event_type": "ask",
      "timestamp": 35.820895522387985,
      "agent_id": "P18",
      "price": 130,
      "quantity": 1,
      "counterparty_id": null,
      "order_id": null
    },
    {
      "event_id": "ask_S13_35.820895522387985",
      "event_type": "ask",
      "timestamp": 35.820895522387985,
      "agent_id": "S13",
      "price": 130,
      "quantity": 1,
      "counterparty_id": null,
      "order_id": null
    },
    {
      "event_id": "ask_S14_35.820895522387985",
      "event_type": "ask",
      "timestamp": 35.820895522387985,
      "agent_id": "S14",
      "price": 133,
      "quantity": 1,
      "counterparty_id": null,
      "order_id": null
    },
    {
      "event_id": "ask_S05_35.820895522387985",
      "event_type": "ask",
      "timestamp": 35.820895522387985,
      "agent_id": "S05",
      "price": 134,
      "quantity": 1,
      "counterparty_id": null,
      "order_id": null
    },
    {
      "event_id": "ask_S06_35.820895522387985",
      "event_type": "ask",
      "timestamp": 35.820895522387985,
      "agent_id": "S06",
      "price": 147,
      "quantity": 1,
      "counterparty_id": null,
      "order_id": null
    },
    {
      "event_id": "ask_S04_35.820895522387985",
      "event_type": "ask",
      "timestamp": 35.820895522387985,
      "agent_id": "S04",
      "price": 153,
      "quantity": 1,
      "counterparty_id": null,
      "order_id": null
    },
    {
      "event_id": "ask_S07_35.820895522387985",
      "event_type": "ask",
      "timestamp": 35.820895522387985,
      "agent_id": "S07",
      "price": 210,
      "quantity": 1,
      "counterparty_id": null,
      "order_id": null
    },
    {
      "event_id": "bid_P15_40.89552238805972",
      "event_type": "bid",
      "timestamp": 40.89552238805972,
      "agent_id": "P15",
      "price": 126,
      "quantity": 1,
      "counterparty_id": null,
      "order_id": null
    },
    {
      "event_id": "bid_B11_40.89552238805972",
      "event_type": "bid",
      "timestamp": 40.89552238805972,
      "agent_id": "B11",
      "price": 123,
      "quantity": 1,
      "counterparty_id": null,
      "order_id": null
    },
    {
      "event_id": "bid_P00_40.89552238805972",
      "event_type": "bid",
      "timestamp": 40.89552238805972,
      "agent_id": "P00",
      "price": 122,
      "quantity": 1,
      "counterparty_id": null,
      "order_id": null
    },
    {
      "event_id": "bid_P07_40.89552238805972",
      "event_type": "bid",
      "timestamp": 40.89552238805972,
      "agent_id": "P07",
      "price": 120,
      "quantity": 1,
      "counterparty_id": null,
      "order_id": null
    },
    {
      "event_id": "bid_P13_40.89552238805972",
      "event_type": "bid",
      "timestamp": 40.89552238805972,
      "agent_id": "P13",
      "price": 120,
      "quantity": 1,
      "counterparty_id": null,
      "order_id": null
    },
    {
      "event_id": "bid_B02_40.89552238805972",
      "event_type": "bid",
      "timestamp": 40.89552238805972,
      "agent_id": "B02",
      "price": 28,
      "quantity": 1,
      "counterparty_id": null,
      "order_id": null
    },
    {
      "event_id": "ask_P17_40.89552238805972",
      "event_type": "ask",
      "timestamp": 40.89552238805972,
      "agent_id": "P17",
      "price": 127,
      "quantity": 1,
      "counterparty_id": null,
      "order_id": null
    },
    {
      "event_id": "ask_P02_40.89552238805972",
      "event_type": "ask",
      "timestamp": 40.89552238805972,
      "agent_id": "P02",
      "price": 129,
      "quantity": 1,
      "counterparty_id": null,
      "order_id": null
    },
    {
      "event_id": "ask_S00_40.89552238805972",
      "event_type": "ask",
      "timestamp": 40.89552238805972,
      "agent_id": "S00",
      "price": 129,
      "quantity": 1,
      "counterparty_id": null,
      "order_id": null
    },
    {
      "event_id": "ask_P08_40.89552238805972",
      "event_type": "ask",
      "timestamp": 40.89552238805972,
      "agent_id": "P08",
      "price": 130,
      "quantity": 1,
      "counterparty_id": null,
      "order_id": null
    },
    {
      "event_id": "ask_S09_40.89552238805972",
      "event_type": "ask",
      "timestamp": 40.89552238805972,
      "agent_id": "S09",
      "price": 139,
      "quantity": 1,
      "counterparty_id": null,
      "order_id": null
    },
    {
      "event_id": "ask_S22_40.89552238805972",
      "event_type": "ask",
      "timestamp": 40.89552238805972,
      "agent_id": "S22",
      "price": 140,
      "quantity": 1,
      "counterparty_id": null,
      "order_id": null
    },
    {
      "event_id": "ask_S06_40.89552238805972",
      "event_type": "ask",
      "timestamp": 40.89552238805972,
      "agent_id": "S06",
      "price": 147,
      "quantity": 1,
      "counterparty_id": null,
      "order_id": null
    },
    {
      "event_id": "ask_S04_40.89552238805972",
      "event_type": "ask",
      "timestamp": 40.89552238805972,
      "agent_id": "S04",
      "price": 153,
      "quantity": 1,
      "counterparty_id": null,
      "order_id": null
    },
    {
      "event_id": "ask_S17_40.89552238805972",
      "event_type": "ask",
      "timestamp": 40.89552238805972,
      "agent_id": "S17",
      "price": 154,
      "quantity": 1,
      "counterparty_id": null,
      "order_id": null
    },
    {
      "event_id": "ask_S21_40.89552238805972",
      "event_type": "ask",
      "timestamp": 40.89552238805972,
      "agent_id": "S21",
      "price": 154,
      "quantity": 1,
      "counterparty_id": null,
      "order_id": null
    },
    {
      "event_id": "ask_S13_40.89552238805972",
      "event_type": "ask",
      "timestamp": 40.89552238805972,
      "agent_id": "S13",
      "price": 154,
      "quantity": 1,
      "counterparty_id": null,
      "order_id": null
    },
    {
      "event_id": "ask_S12_40.89552238805972",
      "event_type": "ask",
      "timestamp": 40.89552238805972,
      "agent_id": "S12",
      "price": 156,
      "quantity": 1,
      "counterparty_id": null,
      "order_id": null
    },
    {
      "event_id": "ask_S07_40.89552238805972",
      "event_type": "ask",
      "timestamp": 40.89552238805972,
      "agent_id": "S07",
      "price": 210,
      "quantity": 1,
      "counterparty_id": null,
      "order_id": null
    },
    {
      "event_id": "ask_S20_40.89552238805972",
      "event_type": "ask",
      "timestamp": 40.89552238805972,
      "agent_id": "S20",
      "price": 340,
      "quantity": 1,
      "counterparty_id": null,
      "order_id": null
    }
  ]
}
2025-10-10 18:51:53 | HM_JSON_NOCOT_P18 | ================================================================================
2025-10-10 18:51:53 | HM_JSON_NOCOT_P18 | [AGENTS-TRACKED] Currently tracking 54 agents: ['P18', 'P17', 'P02', 'P01', 'P08', 'P07', 'B11', 'B19', 'S06', 'S02', 'S07', 'P20', 'B13', 'B05', 'B02', 'B07', 'B09', 'B04', 'S03', 'S12', 'S20', 'P14', 'P09', 'B06', 'B20', 'B10', 'S04', 'P12', 'P16', 'P13', 'P19', 'B15', 'B21', 'B08', 'B14', 'B18', 'S15', 'P15', 'P00', 'P06', 'P10', 'B01', 'S14', 'S00', 'S22', 'S19', 'S13', 'P04', 'B22', 'B03', 'S17', 'S05', 'S09', 'S21']
2025-10-10 18:58:33 | HM_JSON_NOCOT_P18 | [GETORDER] Called at time 42.1, job=Buy, balance=$502
2025-10-10 18:58:33 | HM_JSON_NOCOT_P18 | === LLM PROMPT AT TIME 42.08955223880601 ===
2025-10-10 18:58:33 | HM_JSON_NOCOT_P18 | ================================================================================
2025-10-10 18:58:33 | HM_JSON_NOCOT_P18 | 
You are a proprietary trader looking to BUY a unit.

MARKET DATA:
Time: 42.1
Best Bid: 126
Best Ask: 129
Spread: 3
Recent prices: [129, 127, 127, 127, 122]
Average recent price: $126.4

MY CURRENT STATE:
Balance: $502
Current job: Buy
Inventory: 0 units
Last purchase price: $124
Number of completed trades: 2



MARKET EDUCATION:
- Price ranges typically between $1-$500 in this market
- The market operates as a continuous double auction with a limit order book
- Orders are matched when bid prices meet or exceed ask prices
- You can place BID orders (to buy) or ASK orders (to sell)

HOW ORDER BOOKS WORK:
- To BUY: Place a BID order at your desired price
  - If sellers exist at/below your bid price → immediate execution
  - If no sellers at your price → your bid waits on the order book
  - Higher bids are more likely to execute quickly

- To SELL: Place an ASK order at your desired price
  - If buyers exist at/above your ask price → immediate execution
  - If no buyers at your price → your ask waits on the order book
  - Lower asks are more likely to execute quickly

TRADING PRINCIPLES:
- "Buy low, sell high" means buying below recent average prices when possible
- Risk management: avoid spending your entire balance on one trade
- Learn from history: if recent trades lost money, consider what went wrong
- Liquidity: sometimes waiting for better prices is smarter than forcing trades
- Analyze other traders' activity patterns and draw your own conclusions



BELIEF GRAPH INSIGHTS (JSON Format):
The belief graph tracks your understanding of market dynamics and other agents' strategies.

Current belief graph state:
{
  "tracked_agents": [
    "P18",
    "P17",
    "P02",
    "P01",
    "P08",
    "P07",
    "B11",
    "B19",
    "S06",
    "S02",
    "S07",
    "P20",
    "B13",
    "B05",
    "B02",
    "B07",
    "B09",
    "B04",
    "S03",
    "S12",
    "S20",
    "P14",
    "P09",
    "B06",
    "B20",
    "B10",
    "S04",
    "P12",
    "P16",
    "P13",
    "P19",
    "B15",
    "B21",
    "B08",
    "B14",
    "B18",
    "S15",
    "P15",
    "P00",
    "P06",
    "P10",
    "B01",
    "S14",
    "S00",
    "S22",
    "S19",
    "S13",
    "P04",
    "B22",
    "B03",
    "S17",
    "S05",
    "S09",
    "S21"
  ],
  "opponent_hypotheses_count": 0,
  "good_hypotheses_count": 0,
  "good_hypotheses": [],
  "market_sentiment": "active",
  "my_attributes": {
    "aggressiveness": 0.6,
    "learning_rate": 0.6,
    "hypothesis_threshold": 0.3,
    "exploration_rate": 0.5,
    "adaptability": 0.7,
    "strategic_depth": 0.8
  }
}

Key elements:
- "aggressiveness_scores": How aggressive each agent is in their trading (0-1 scale)
- "strategy_beliefs": What strategies you believe other agents are following
- "market_sentiment": Overall market direction and momentum
- "risk_assessment": Current market risk level
- "confidence_scores": How confident you are in your beliefs about each agent

Use this structured data to inform your trading decisions.


GRAPH QUALITY: BASIC
You have limited information about market participants.
Belief graph data is based on observations and may contain uncertainties.


CURRENT SITUATION: You currently have NO INVENTORY and are looking to BUY a unit.

YOUR GOAL: Make a profitable trade. End with MORE money than you started with.



Respond with ONLY:
"BUY [exact_price]" - to place a bid at that price
"WAIT" - to wait for better conditions


Respond ONLY with your decision. No explanation needed.


2025-10-10 18:58:33 | HM_JSON_NOCOT_P18 | ================================================================================
2025-10-10 18:58:34 | HM_JSON_NOCOT_P18 | === RAW LLM RESPONSE ===
2025-10-10 18:58:34 | HM_JSON_NOCOT_P18 | BUY 126
2025-10-10 18:58:34 | HM_JSON_NOCOT_P18 | ================================================================================
2025-10-10 18:58:34 | HM_JSON_NOCOT_P18 | === PARSED DECISION ===
2025-10-10 18:58:34 | HM_JSON_NOCOT_P18 | Action: BUY
2025-10-10 18:58:34 | HM_JSON_NOCOT_P18 | Price: 126
2025-10-10 18:58:34 | HM_JSON_NOCOT_P18 | Reasoning: BUY 126
2025-10-10 18:58:34 | HM_JSON_NOCOT_P18 | Current Job: Buy
2025-10-10 18:58:34 | HM_JSON_NOCOT_P18 | Balance: $502.00
2025-10-10 18:58:34 | HM_JSON_NOCOT_P18 | Inventory: 0
2025-10-10 18:59:45 | HM_JSON_NOCOT_P18 | [BELIEF-THROTTLE] P05: Running belief graph update at time 46.0
2025-10-10 18:59:45 | HM_JSON_NOCOT_P18 | [UPDATE-SUMMARY] Processed 13 market events at time 46.0
2025-10-10 18:59:45 | HM_JSON_NOCOT_P18 | === BELIEF GRAPH STATE AT TIME 46.0 ===
2025-10-10 18:59:45 | HM_JSON_NOCOT_P18 | {
  "graph_id": "ef1f0310-0336-452d-b267-16d556180f54",
  "asset_id": "BSE_ASSET",
  "current_time": 45.97014925373145,
  "nodes": {
    "BSE_ASSET": {
      "asset_id": "BSE_ASSET",
      "node_type": "asset",
      "current_best_bid": null,
      "current_best_ask": null,
      "last_trade_price": null,
      "volume_traded": 0,
      "price_volatility": 0.0,
      "spread_width": null,
      "market_depth_bid": 0,
      "market_depth_ask": 0
    },
    "P18": {
      "agent_id": "P18",
      "node_type": "agent",
      "last_bid_price": null,
      "last_ask_price": 130,
      "last_trade_price": null,
      "total_trades": 0,
      "total_volume": 0,
      "strategy_type": "Hypothetical-Minds",
      "inferred_valuation": 130.0,
      "valuation_confidence": 0.5,
      "aggressiveness_score": 0.6,
      "last_activity": 35.820895522387985
    },
    "P17": {
      "agent_id": "P17",
      "node_type": "agent",
      "last_bid_price": 130,
      "last_ask_price": 127,
      "last_trade_price": null,
      "total_trades": 0,
      "total_volume": 0,
      "strategy_type": null,
      "inferred_valuation": 129.1,
      "valuation_confidence": 0.2,
      "aggressiveness_score": 0.0,
      "last_activity": 40.89552238805972
    },
    "P02": {
      "agent_id": "P02",
      "node_type": "agent",
      "last_bid_price": 128,
      "last_ask_price": 129,
      "last_trade_price": null,
      "total_trades": 0,
      "total_volume": 0,
      "strategy_type": null,
      "inferred_valuation": 128.88235099999997,
      "valuation_confidence": 0.7,
      "aggressiveness_score": 0.0,
      "last_activity": 40.89552238805972
    },
    "P01": {
      "agent_id": "P01",
      "node_type": "agent",
      "last_bid_price": 127,
      "last_ask_price": 127,
      "last_trade_price": null,
      "total_trades": 0,
      "total_volume": 0,
      "strategy_type": null,
      "inferred_valuation": 127.24009999999998,
      "valuation_confidence": 0.5,
      "aggressiveness_score": 0.0,
      "last_activity": 45.97014925373145
    },
    "P08": {
      "agent_id": "P08",
      "node_type": "agent",
      "last_bid_price": 127,
      "last_ask_price": 130,
      "last_trade_price": null,
      "total_trades": 0,
      "total_volume": 0,
      "strategy_type": null,
      "inferred_valuation": 129.647053,
      "valuation_confidence": 0.7,
      "aggressiveness_score": 0.0,
      "last_activity": 40.89552238805972
    },
    "P07": {
      "agent_id": "P07",
      "node_type": "agent",
      "last_bid_price": 120,
      "last_ask_price": null,
      "last_trade_price": null,
      "total_trades": 0,
      "total_volume": 0,
      "strategy_type": null,
      "inferred_valuation": 120.0,
      "valuation_confidence": 0.8999999999999999,
      "aggressiveness_score": 0.0,
      "last_activity": 45.97014925373145
    },
    "B11": {
      "agent_id": "B11",
      "node_type": "agent",
      "last_bid_price": 123,
      "last_ask_price": null,
      "last_trade_price": null,
      "total_trades": 0,
      "total_volume": 0,
      "strategy_type": null,
      "inferred_valuation": 114.6,
      "valuation_confidence": 0.30000000000000004,
      "aggressiveness_score": 0.0,
      "last_activity": 40.89552238805972
    },
    "B19": {
      "agent_id": "B19",
      "node_type": "agent",
      "last_bid_price": 124,
      "last_ask_price": null,
      "last_trade_price": null,
      "total_trades": 0,
      "total_volume": 0,
      "strategy_type": null,
      "inferred_valuation": 114.19999999999999,
      "valuation_confidence": 0.2,
      "aggressiveness_score": 0.0,
      "last_activity": 10.298507462686555
    },
    "S06": {
      "agent_id": "S06",
      "node_type": "agent",
      "last_bid_price": null,
      "last_ask_price": 147,
      "last_trade_price": null,
      "total_trades": 0,
      "total_volume": 0,
      "strategy_type": null,
      "inferred_valuation": 139.65,
      "valuation_confidence": 0.30000000000000004,
      "aggressiveness_score": 0.0,
      "last_activity": 40.89552238805972
    },
    "S02": {
      "agent_id": "S02",
      "node_type": "agent",
      "last_bid_price": null,
      "last_ask_price": 129,
      "last_trade_price": null,
      "total_trades": 0,
      "total_volume": 0,
      "strategy_type": null,
      "inferred_valuation": 131.58999999999997,
      "valuation_confidence": 0.30000000000000004,
      "aggressiveness_score": 0.0,
      "last_activity": 15.373134328358166
    },
    "S07": {
      "agent_id": "S07",
      "node_type": "agent",
      "last_bid_price": null,
      "last_ask_price": 349,
      "last_trade_price": null,
      "total_trades": 0,
      "total_volume": 0,
      "strategy_type": null,
      "inferred_valuation": 315.86157999999995,
      "valuation_confidence": 0.6,
      "aggressiveness_score": 0.0,
      "last_activity": 45.97014925373145
    },
    "P20": {
      "agent_id": "P20",
      "node_type": "agent",
      "last_bid_price": 124,
      "last_ask_price": null,
      "last_trade_price": null,
      "total_trades": 0,
      "total_volume": 0,
      "strategy_type": null,
      "inferred_valuation": 124.0,
      "valuation_confidence": 0.2,
      "aggressiveness_score": 0.0,
      "last_activity": 15.373134328358166
    },
    "B13": {
      "agent_id": "B13",
      "node_type": "agent",
      "last_bid_price": 110,
      "last_ask_price": null,
      "last_trade_price": null,
      "total_trades": 0,
      "total_volume": 0,
      "strategy_type": null,
      "inferred_valuation": 105.1,
      "valuation_confidence": 0.4,
      "aggressiveness_score": 0.0,
      "last_activity": 25.522388059701388
    },
    "B05": {
      "agent_id": "B05",
      "node_type": "agent",
      "last_bid_price": 93,
      "last_ask_price": null,
      "last_trade_price": null,
      "total_trades": 0,
      "total_volume": 0,
      "strategy_type": null,
      "inferred_valuation": 95.94,
      "valuation_confidence": 0.30000000000000004,
      "aggressiveness_score": 0.0,
      "last_activity": 20.447761194029777
    },
    "B02": {
      "agent_id": "B02",
      "node_type": "agent",
      "last_bid_price": 28,
      "last_ask_price": null,
      "last_trade_price": null,
      "total_trades": 0,
      "total_volume": 0,
      "strategy_type": null,
      "inferred_valuation": 74.4303,
      "valuation_confidence": 0.5,
      "aggressiveness_score": 0.0,
      "last_activity": 40.89552238805972
    },
    "B07": {
      "agent_id": "B07",
      "node_type": "agent",
      "last_bid_price": 98,
      "last_ask_price": null,
      "last_trade_price": null,
      "total_trades": 0,
      "total_volume": 0,
      "strategy_type": null,
      "inferred_valuation": 98.0,
      "valuation_confidence": 0.2,
      "aggressiveness_score": 0.0,
      "last_activity": 15.373134328358166
    },
    "B09": {
      "agent_id": "B09",
      "node_type": "agent",
      "last_bid_price": 121,
      "last_ask_price": null,
      "last_trade_price": null,
      "total_trades": 0,
      "total_volume": 0,
      "strategy_type": null,
      "inferred_valuation": 101.88999999999999,
      "valuation_confidence": 0.30000000000000004,
      "aggressiveness_score": 0.0,
      "last_activity": 30.597014925373
    },
    "B04": {
      "agent_id": "B04",
      "node_type": "agent",
      "last_bid_price": 82,
      "last_ask_price": null,
      "last_trade_price": null,
      "total_trades": 0,
      "total_volume": 0,
      "strategy_type": null,
      "inferred_valuation": 82.0,
      "valuation_confidence": 0.2,
      "aggressiveness_score": 0.0,
      "last_activity": 15.373134328358166
    },
    "S03": {
      "agent_id": "S03",
      "node_type": "agent",
      "last_bid_price": null,
      "last_ask_price": 130,
      "last_trade_price": null,
      "total_trades": 0,
      "total_volume": 0,
      "strategy_type": null,
      "inferred_valuation": 130,
      "valuation_confidence": 0.1,
      "aggressiveness_score": 0.0,
      "last_activity": 10.298507462686555
    },
    "S12": {
      "agent_id": "S12",
      "node_type": "agent",
      "last_bid_price": null,
      "last_ask_price": 181,
      "last_trade_price": null,
      "total_trades": 0,
      "total_volume": 0,
      "strategy_type": null,
      "inferred_valuation": 157.62,
      "valuation_confidence": 0.4,
      "aggressiveness_score": 0.0,
      "last_activity": 45.97014925373145
    },
    "S20": {
      "agent_id": "S20",
      "node_type": "agent",
      "last_bid_price": null,
      "last_ask_price": 340,
      "last_trade_price": null,
      "total_trades": 0,
      "total_volume": 0,
      "strategy_type": null,
      "inferred_valuation": 210.55599999999998,
      "valuation_confidence": 0.4,
      "aggressiveness_score": 0.0,
      "last_activity": 40.89552238805972
    },
    "P14": {
      "agent_id": "P14",
      "node_type": "agent",
      "last_bid_price": 124,
      "last_ask_price": 127,
      "last_trade_price": null,
      "total_trades": 0,
      "total_volume": 0,
      "strategy_type": null,
      "inferred_valuation": 125.53,
      "valuation_confidence": 0.30000000000000004,
      "aggressiveness_score": 0.0,
      "last_activity": 30.597014925373
    },
    "P09": {
      "agent_id": "P09",
      "node_type": "agent",
      "last_bid_price": 124,
      "last_ask_price": 130,
      "last_trade_price": null,
      "total_trades": 0,
      "total_volume": 0,
      "strategy_type": null,
      "inferred_valuation": 125.8,
      "valuation_confidence": 0.2,
      "aggressiveness_score": 0.0,
      "last_activity": 45.97014925373145
    },
    "B06": {
      "agent_id": "B06",
      "node_type": "agent",
      "last_bid_price": 112,
      "last_ask_price": null,
      "last_trade_price": null,
      "total_trades": 0,
      "total_volume": 0,
      "strategy_type": null,
      "inferred_valuation": 112.0,
      "valuation_confidence": 0.2,
      "aggressiveness_score": 0.0,
      "last_activity": 20.447761194029777
    },
    "B20": {
      "agent_id": "B20",
      "node_type": "agent",
      "last_bid_price": 100,
      "last_ask_price": null,
      "last_trade_price": null,
      "total_trades": 0,
      "total_volume": 0,
      "strategy_type": null,
      "inferred_valuation": 100,
      "valuation_confidence": 0.1,
      "aggressiveness_score": 0.0,
      "last_activity": 15.373134328358166
    },
    "B10": {
      "agent_id": "B10",
      "node_type": "agent",
      "last_bid_price": 117,
      "last_ask_price": null,
      "last_trade_price": null,
      "total_trades": 0,
      "total_volume": 0,
      "strategy_type": null,
      "inferred_valuation": 107.69,
      "valuation_confidence": 0.30000000000000004,
      "aggressiveness_score": 0.0,
      "last_activity": 25.522388059701388
    },
    "S04": {
      "agent_id": "S04",
      "node_type": "agent",
      "last_bid_price": null,
      "last_ask_price": 153,
      "last_trade_price": null,
      "total_trades": 0,
      "total_volume": 0,
      "strategy_type": null,
      "inferred_valuation": 141.98969999999997,
      "valuation_confidence": 0.5,
      "aggressiveness_score": 0.0,
      "last_activity": 40.89552238805972
    },
    "P12": {
      "agent_id": "P12",
      "node_type": "agent",
      "last_bid_price": null,
      "last_ask_price": 130,
      "last_trade_price": null,
      "total_trades": 0,
      "total_volume": 0,
      "strategy_type": null,
      "inferred_valuation": 130.0,
      "valuation_confidence": 0.4,
      "aggressiveness_score": 0.0,
      "last_activity": 30.597014925373
    },
    "P16": {
      "agent_id": "P16",
      "node_type": "agent",
      "last_bid_price": 126,
      "last_ask_price": null,
      "last_trade_price": null,
      "total_trades": 0,
      "total_volume": 0,
      "strategy_type": null,
      "inferred_valuation": 124.6,
      "valuation_confidence": 0.2,
      "aggressiveness_score": 0.0,
      "last_activity": 45.97014925373145
    },
    "P13": {
      "agent_id": "P13",
      "node_type": "agent",
      "last_bid_price": 127,
      "last_ask_price": null,
      "last_trade_price": null,
      "total_trades": 0,
      "total_volume": 0,
      "strategy_type": null,
      "inferred_valuation": 123.47199999999998,
      "valuation_confidence": 0.4,
      "aggressiveness_score": 0.0,
      "last_activity": 45.97014925373145
    },
    "P19": {
      "agent_id": "P19",
      "node_type": "agent",
      "last_bid_price": 124,
      "last_ask_price": 127,
      "last_trade_price": null,
      "total_trades": 0,
      "total_volume": 0,
      "strategy_type": null,
      "inferred_valuation": 124.9,
      "valuation_confidence": 0.2,
      "aggressiveness_score": 0.0,
      "last_activity": 35.820895522387985
    },
    "B15": {
      "agent_id": "B15",
      "node_type": "agent",
      "last_bid_price": 120,
      "last_ask_price": null,
      "last_trade_price": null,
      "total_trades": 0,
      "total_volume": 0,
      "strategy_type": null,
      "inferred_valuation": 120,
      "valuation_confidence": 0.1,
      "aggressiveness_score": 0.0,
      "last_activity": 20.447761194029777
    },
    "B21": {
      "agent_id": "B21",
      "node_type": "agent",
      "last_bid_price": 120,
      "last_ask_price": null,
      "last_trade_price": null,
      "total_trades": 0,
      "total_volume": 0,
      "strategy_type": null,
      "inferred_valuation": 116.5,
      "valuation_confidence": 0.2,
      "aggressiveness_score": 0.0,
      "last_activity": 30.597014925373
    },
    "B08": {
      "agent_id": "B08",
      "node_type": "agent",
      "last_bid_price": 113,
      "last_ask_price": null,
      "last_trade_price": null,
      "total_trades": 0,
      "total_volume": 0,
      "strategy_type": null,
      "inferred_valuation": 113.0,
      "valuation_confidence": 0.2,
      "aggressiveness_score": 0.0,
      "last_activity": 25.522388059701388
    },
    "B14": {
      "agent_id": "B14",
      "node_type": "agent",
      "last_bid_price": 120,
      "last_ask_price": null,
      "last_trade_price": null,
      "total_trades": 0,
      "total_volume": 0,
      "strategy_type": null,
      "inferred_valuation": 113.63,
      "valuation_confidence": 0.30000000000000004,
      "aggressiveness_score": 0.0,
      "last_activity": 30.597014925373
    },
    "B18": {
      "agent_id": "B18",
      "node_type": "agent",
      "last_bid_price": 104,
      "last_ask_price": null,
      "last_trade_price": null,
      "total_trades": 0,
      "total_volume": 0,
      "strategy_type": null,
      "inferred_valuation": 101.2,
      "valuation_confidence": 0.2,
      "aggressiveness_score": 0.0,
      "last_activity": 35.820895522387985
    },
    "S15": {
      "agent_id": "S15",
      "node_type": "agent",
      "last_bid_price": null,
      "last_ask_price": 127,
      "last_trade_price": null,
      "total_trades": 0,
      "total_volume": 0,
      "strategy_type": null,
      "inferred_valuation": 127,
      "valuation_confidence": 0.1,
      "aggressiveness_score": 0.0,
      "last_activity": 20.447761194029777
    },
    "P15": {
      "agent_id": "P15",
      "node_type": "agent",
      "last_bid_price": 126,
      "last_ask_price": 127,
      "last_trade_price": null,
      "total_trades": 0,
      "total_volume": 0,
      "strategy_type": null,
      "inferred_valuation": 126.73009999999998,
      "valuation_confidence": 0.5,
      "aggressiveness_score": 0.0,
      "last_activity": 45.97014925373145
    },
    "P00": {
      "agent_id": "P00",
      "node_type": "agent",
      "last_bid_price": 122,
      "last_ask_price": 129,
      "last_trade_price": null,
      "total_trades": 0,
      "total_volume": 0,
      "strategy_type": null,
      "inferred_valuation": 125.43,
      "valuation_confidence": 0.30000000000000004,
      "aggressiveness_score": 0.0,
      "last_activity": 45.97014925373145
    },
    "P06": {
      "agent_id": "P06",
      "node_type": "agent",
      "last_bid_price": 124,
      "last_ask_price": 127,
      "last_trade_price": null,
      "total_trades": 0,
      "total_volume": 0,
      "strategy_type": null,
      "inferred_valuation": 124.9,
      "valuation_confidence": 0.2,
      "aggressiveness_score": 0.0,
      "last_activity": 35.820895522387985
    },
    "P10": {
      "agent_id": "P10",
      "node_type": "agent",
      "last_bid_price": 124,
      "last_ask_price": null,
      "last_trade_price": null,
      "total_trades": 0,
      "total_volume": 0,
      "strategy_type": null,
      "inferred_valuation": 124,
      "valuation_confidence": 0.1,
      "aggressiveness_score": 0.0,
      "last_activity": 25.522388059701388
    },
    "B01": {
      "agent_id": "B01",
      "node_type": "agent",
      "last_bid_price": 91,
      "last_ask_price": null,
      "last_trade_price": null,
      "total_trades": 0,
      "total_volume": 0,
      "strategy_type": null,
      "inferred_valuation": 91,
      "valuation_confidence": 0.1,
      "aggressiveness_score": 0.0,
      "last_activity": 25.522388059701388
    },
    "S14": {
      "agent_id": "S14",
      "node_type": "agent",
      "last_bid_price": null,
      "last_ask_price": 133,
      "last_trade_price": null,
      "total_trades": 0,
      "total_volume": 0,
      "strategy_type": null,
      "inferred_valuation": 133.0,
      "valuation_confidence": 0.30000000000000004,
      "aggressiveness_score": 0.0,
      "last_activity": 35.820895522387985
    },
    "S00": {
      "agent_id": "S00",
      "node_type": "agent",
      "last_bid_price": null,
      "last_ask_price": 129,
      "last_trade_price": null,
      "total_trades": 0,
      "total_volume": 0,
      "strategy_type": null,
      "inferred_valuation": 135.85999999999999,
      "valuation_confidence": 0.4,
      "aggressiveness_score": 0.0,
      "last_activity": 40.89552238805972
    },
    "S22": {
      "agent_id": "S22",
      "node_type": "agent",
      "last_bid_price": null,
      "last_ask_price": 140,
      "last_trade_price": null,
      "total_trades": 0,
      "total_volume": 0,
      "strategy_type": null,
      "inferred_valuation": 147.14,
      "valuation_confidence": 0.30000000000000004,
      "aggressiveness_score": 0.0,
      "last_activity": 40.89552238805972
    },
    "S19": {
      "agent_id": "S19",
      "node_type": "agent",
      "last_bid_price": null,
      "last_ask_price": 172,
      "last_trade_price": null,
      "total_trades": 0,
      "total_volume": 0,
      "strategy_type": null,
      "inferred_valuation": 172.0,
      "valuation_confidence": 0.2,
      "aggressiveness_score": 0.0,
      "last_activity": 30.597014925373
    },
    "S13": {
      "agent_id": "S13",
      "node_type": "agent",
      "last_bid_price": null,
      "last_ask_price": 154,
      "last_trade_price": null,
      "total_trades": 0,
      "total_volume": 0,
      "strategy_type": null,
      "inferred_valuation": 153.04449999999997,
      "valuation_confidence": 0.5,
      "aggressiveness_score": 0.0,
      "last_activity": 45.97014925373145
    },
    "P04": {
      "agent_id": "P04",
      "node_type": "agent",
      "last_bid_price": 124,
      "last_ask_price": 130,
      "last_trade_price": null,
      "total_trades": 0,
      "total_volume": 0,
      "strategy_type": null,
      "inferred_valuation": 125.8,
      "valuation_confidence": 0.2,
      "aggressiveness_score": 0.0,
      "last_activity": 45.97014925373145
    },
    "B22": {
      "agent_id": "B22",
      "node_type": "agent",
      "last_bid_price": 112,
      "last_ask_price": null,
      "last_trade_price": null,
      "total_trades": 0,
      "total_volume": 0,
      "strategy_type": null,
      "inferred_valuation": 112,
      "valuation_confidence": 0.1,
      "aggressiveness_score": 0.0,
      "last_activity": 30.597014925373
    },
    "B03": {
      "agent_id": "B03",
      "node_type": "agent",
      "last_bid_price": 103,
      "last_ask_price": null,
      "last_trade_price": null,
      "total_trades": 0,
      "total_volume": 0,
      "strategy_type": null,
      "inferred_valuation": 103.0,
      "valuation_confidence": 0.2,
      "aggressiveness_score": 0.0,
      "last_activity": 35.820895522387985
    },
    "S17": {
      "agent_id": "S17",
      "node_type": "agent",
      "last_bid_price": null,
      "last_ask_price": 154,
      "last_trade_price": null,
      "total_trades": 0,
      "total_volume": 0,
      "strategy_type": null,
      "inferred_valuation": 135.1,
      "valuation_confidence": 0.2,
      "aggressiveness_score": 0.0,
      "last_activity": 40.89552238805972
    },
    "S05": {
      "agent_id": "S05",
      "node_type": "agent",
      "last_bid_price": null,
      "last_ask_price": 196,
      "last_trade_price": null,
      "total_trades": 0,
      "total_volume": 0,
      "strategy_type": null,
      "inferred_valuation": 154.55999999999997,
      "valuation_confidence": 0.30000000000000004,
      "aggressiveness_score": 0.0,
      "last_activity": 45.97014925373145
    },
    "S09": {
      "agent_id": "S09",
      "node_type": "agent",
      "last_bid_price": null,
      "last_ask_price": 139,
      "last_trade_price": null,
      "total_trades": 0,
      "total_volume": 0,
      "strategy_type": null,
      "inferred_valuation": 139,
      "valuation_confidence": 0.1,
      "aggressiveness_score": 0.0,
      "last_activity": 40.89552238805972
    },
    "S21": {
      "agent_id": "S21",
      "node_type": "agent",
      "last_bid_price": null,
      "last_ask_price": 154,
      "last_trade_price": null,
      "total_trades": 0,
      "total_volume": 0,
      "strategy_type": null,
      "inferred_valuation": 154,
      "valuation_confidence": 0.1,
      "aggressiveness_score": 0.0,
      "last_activity": 40.89552238805972
    },
    "S08": {
      "agent_id": "S08",
      "node_type": "agent",
      "last_bid_price": null,
      "last_ask_price": 156,
      "last_trade_price": null,
      "total_trades": 0,
      "total_volume": 0,
      "strategy_type": null,
      "inferred_valuation": 156,
      "valuation_confidence": 0.1,
      "aggressiveness_score": 0.0,
      "last_activity": 45.97014925373145
    }
  },
  "edges": {
    "ffa881fd-05db-4086-8f61-695fbdbf1b61": {
      "edge_id": "ffa881fd-05db-4086-8f61-695fbdbf1b61",
      "source_node": "BSE_ASSET",
      "target_node": "P18",
      "belief_type": "strategy",
      "confidence": 0.1,
      "value": "unknown",
      "timestamp": 0.0,
      "evidence_count": 0
    },
    "bbc9fd10-2175-4589-ac04-2b03ac43682a": {
      "edge_id": "bbc9fd10-2175-4589-ac04-2b03ac43682a",
      "source_node": "BSE_ASSET",
      "target_node": "P18",
      "belief_type": "valuation",
      "confidence": 0.5,
      "value": 130.0,
      "timestamp": 35.820895522387985,
      "evidence_count": 5
    },
    "436160d5-2a6d-4b0e-96a0-74cc7fc469b3": {
      "edge_id": "436160d5-2a6d-4b0e-96a0-74cc7fc469b3",
      "source_node": "BSE_ASSET",
      "target_node": "P17",
      "belief_type": "strategy",
      "confidence": 0.1,
      "value": "unknown",
      "timestamp": 0.0,
      "evidence_count": 0
    },
    "307d8b4e-b1e2-4f8d-be3a-957d271d7b97": {
      "edge_id": "307d8b4e-b1e2-4f8d-be3a-957d271d7b97",
      "source_node": "BSE_ASSET",
      "target_node": "P17",
      "belief_type": "valuation",
      "confidence": 0.2,
      "value": 129.1,
      "timestamp": 40.89552238805972,
      "evidence_count": 2
    },
    "a86af9f0-90b4-4910-81c6-cc0d297210e9": {
      "edge_id": "a86af9f0-90b4-4910-81c6-cc0d297210e9",
      "source_node": "BSE_ASSET",
      "target_node": "P02",
      "belief_type": "strategy",
      "confidence": 0.1,
      "value": "unknown",
      "timestamp": 5.074626865671641,
      "evidence_count": 0
    },
    "3e3c74fd-d94f-4d05-86b9-d6c3626f4cf7": {
      "edge_id": "3e3c74fd-d94f-4d05-86b9-d6c3626f4cf7",
      "source_node": "BSE_ASSET",
      "target_node": "P02",
      "belief_type": "valuation",
      "confidence": 0.7,
      "value": 128.88235099999997,
      "timestamp": 40.89552238805972,
      "evidence_count": 7
    },
    "b8493ebd-55fe-4df5-a71f-bf4c82884528": {
      "edge_id": "b8493ebd-55fe-4df5-a71f-bf4c82884528",
      "source_node": "BSE_ASSET",
      "target_node": "P01",
      "belief_type": "strategy",
      "confidence": 0.1,
      "value": "unknown",
      "timestamp": 5.074626865671641,
      "evidence_count": 0
    },
    "a4f44ea0-a39d-4398-b89a-42e718181438": {
      "edge_id": "a4f44ea0-a39d-4398-b89a-42e718181438",
      "source_node": "BSE_ASSET",
      "target_node": "P01",
      "belief_type": "valuation",
      "confidence": 0.5,
      "value": 127.24009999999998,
      "timestamp": 45.97014925373145,
      "evidence_count": 5
    },
    "968dd771-c3dd-4f41-bd24-715b926c0794": {
      "edge_id": "968dd771-c3dd-4f41-bd24-715b926c0794",
      "source_node": "BSE_ASSET",
      "target_node": "P08",
      "belief_type": "strategy",
      "confidence": 0.1,
      "value": "unknown",
      "timestamp": 5.074626865671641,
      "evidence_count": 0
    },
    "af889d9d-7654-4dd1-9487-78df9b12f3f4": {
      "edge_id": "af889d9d-7654-4dd1-9487-78df9b12f3f4",
      "source_node": "BSE_ASSET",
      "target_node": "P08",
      "belief_type": "valuation",
      "confidence": 0.7,
      "value": 129.647053,
      "timestamp": 40.89552238805972,
      "evidence_count": 7
    },
    "ad3c396a-22f6-4e25-b5d2-a4c2cbcbc35c": {
      "edge_id": "ad3c396a-22f6-4e25-b5d2-a4c2cbcbc35c",
      "source_node": "BSE_ASSET",
      "target_node": "P07",
      "belief_type": "strategy",
      "confidence": 0.1,
      "value": "unknown",
      "timestamp": 5.074626865671641,
      "evidence_count": 0
    },
    "43566449-9d59-43a5-bf82-f594df1a9700": {
      "edge_id": "43566449-9d59-43a5-bf82-f594df1a9700",
      "source_node": "BSE_ASSET",
      "target_node": "P07",
      "belief_type": "valuation",
      "confidence": 0.8999999999999999,
      "value": 120.0,
      "timestamp": 45.97014925373145,
      "evidence_count": 9
    },
    "8c6a64f6-6969-4df3-b7b7-102c8e6e0b9e": {
      "edge_id": "8c6a64f6-6969-4df3-b7b7-102c8e6e0b9e",
      "source_node": "BSE_ASSET",
      "target_node": "B11",
      "belief_type": "strategy",
      "confidence": 0.1,
      "value": "unknown",
      "timestamp": 5.074626865671641,
      "evidence_count": 0
    },
    "bceba92a-fee4-420a-9cc9-b52b0b7f6054": {
      "edge_id": "bceba92a-fee4-420a-9cc9-b52b0b7f6054",
      "source_node": "BSE_ASSET",
      "target_node": "B11",
      "belief_type": "valuation",
      "confidence": 0.30000000000000004,
      "value": 114.6,
      "timestamp": 40.89552238805972,
      "evidence_count": 3
    },
    "478cf785-0e9c-455d-b245-dcce06d492a7": {
      "edge_id": "478cf785-0e9c-455d-b245-dcce06d492a7",
      "source_node": "BSE_ASSET",
      "target_node": "B19",
      "belief_type": "strategy",
      "confidence": 0.1,
      "value": "unknown",
      "timestamp": 5.074626865671641,
      "evidence_count": 0
    },
    "97fdade7-8505-42d9-9e1f-603e42606df9": {
      "edge_id": "97fdade7-8505-42d9-9e1f-603e42606df9",
      "source_node": "BSE_ASSET",
      "target_node": "B19",
      "belief_type": "valuation",
      "confidence": 0.2,
      "value": 114.19999999999999,
      "timestamp": 10.298507462686555,
      "evidence_count": 2
    },
    "55f4a0c0-9726-42b4-9864-b331a0842e03": {
      "edge_id": "55f4a0c0-9726-42b4-9864-b331a0842e03",
      "source_node": "BSE_ASSET",
      "target_node": "S06",
      "belief_type": "strategy",
      "confidence": 0.1,
      "value": "unknown",
      "timestamp": 5.074626865671641,
      "evidence_count": 0
    },
    "5ba4b402-3651-4de8-b0b9-18edc97b8050": {
      "edge_id": "5ba4b402-3651-4de8-b0b9-18edc97b8050",
      "source_node": "BSE_ASSET",
      "target_node": "S06",
      "belief_type": "valuation",
      "confidence": 0.30000000000000004,
      "value": 139.65,
      "timestamp": 40.89552238805972,
      "evidence_count": 3
    },
    "d573c459-6248-4d37-946b-49ee8c4d6955": {
      "edge_id": "d573c459-6248-4d37-946b-49ee8c4d6955",
      "source_node": "BSE_ASSET",
      "target_node": "S02",
      "belief_type": "strategy",
      "confidence": 0.1,
      "value": "unknown",
      "timestamp": 5.074626865671641,
      "evidence_count": 0
    },
    "de47934a-2b78-48fd-9592-0713ca422e16": {
      "edge_id": "de47934a-2b78-48fd-9592-0713ca422e16",
      "source_node": "BSE_ASSET",
      "target_node": "S02",
      "belief_type": "valuation",
      "confidence": 0.30000000000000004,
      "value": 131.58999999999997,
      "timestamp": 15.373134328358166,
      "evidence_count": 3
    },
    "09ad4521-5f23-40bf-9503-637204bba1b6": {
      "edge_id": "09ad4521-5f23-40bf-9503-637204bba1b6",
      "source_node": "BSE_ASSET",
      "target_node": "S07",
      "belief_type": "strategy",
      "confidence": 0.1,
      "value": "unknown",
      "timestamp": 5.074626865671641,
      "evidence_count": 0
    },
    "adbdc00e-d23e-40ef-99d9-4e41e027a5f6": {
      "edge_id": "adbdc00e-d23e-40ef-99d9-4e41e027a5f6",
      "source_node": "BSE_ASSET",
      "target_node": "S07",
      "belief_type": "valuation",
      "confidence": 0.6,
      "value": 315.86157999999995,
      "timestamp": 45.97014925373145,
      "evidence_count": 6
    },
    "866e8bce-803a-49b2-9238-429c41d97c38": {
      "edge_id": "866e8bce-803a-49b2-9238-429c41d97c38",
      "source_node": "BSE_ASSET",
      "target_node": "P20",
      "belief_type": "strategy",
      "confidence": 0.1,
      "value": "unknown",
      "timestamp": 10.298507462686555,
      "evidence_count": 0
    },
    "0d485acc-dd31-455d-a283-93edc90d6f17": {
      "edge_id": "0d485acc-dd31-455d-a283-93edc90d6f17",
      "source_node": "BSE_ASSET",
      "target_node": "P20",
      "belief_type": "valuation",
      "confidence": 0.2,
      "value": 124.0,
      "timestamp": 15.373134328358166,
      "evidence_count": 2
    },
    "7a974e47-73cd-47ff-9294-8398d17edfa8": {
      "edge_id": "7a974e47-73cd-47ff-9294-8398d17edfa8",
      "source_node": "BSE_ASSET",
      "target_node": "B13",
      "belief_type": "strategy",
      "confidence": 0.1,
      "value": "unknown",
      "timestamp": 10.298507462686555,
      "evidence_count": 0
    },
    "34180fdd-4169-4e4c-9981-9bcc0ab2ac12": {
      "edge_id": "34180fdd-4169-4e4c-9981-9bcc0ab2ac12",
      "source_node": "BSE_ASSET",
      "target_node": "B13",
      "belief_type": "valuation",
      "confidence": 0.4,
      "value": 105.1,
      "timestamp": 25.522388059701388,
      "evidence_count": 4
    },
    "9f45f068-2b10-40f8-a0da-7eb96b41fe24": {
      "edge_id": "9f45f068-2b10-40f8-a0da-7eb96b41fe24",
      "source_node": "BSE_ASSET",
      "target_node": "B05",
      "belief_type": "strategy",
      "confidence": 0.1,
      "value": "unknown",
      "timestamp": 10.298507462686555,
      "evidence_count": 0
    },
    "f0851b4e-8346-4b19-b70f-1a32fb922e51": {
      "edge_id": "f0851b4e-8346-4b19-b70f-1a32fb922e51",
      "source_node": "BSE_ASSET",
      "target_node": "B05",
      "belief_type": "valuation",
      "confidence": 0.30000000000000004,
      "value": 95.94,
      "timestamp": 20.447761194029777,
      "evidence_count": 3
    },
    "6a647a46-f5af-4594-9fef-0aa14c2c5b3b": {
      "edge_id": "6a647a46-f5af-4594-9fef-0aa14c2c5b3b",
      "source_node": "BSE_ASSET",
      "target_node": "B02",
      "belief_type": "strategy",
      "confidence": 0.1,
      "value": "unknown",
      "timestamp": 10.298507462686555,
      "evidence_count": 0
    },
    "693fba95-3b75-426e-b372-3e38927dcf73": {
      "edge_id": "693fba95-3b75-426e-b372-3e38927dcf73",
      "source_node": "BSE_ASSET",
      "target_node": "B02",
      "belief_type": "valuation",
      "confidence": 0.5,
      "value": 74.4303,
      "timestamp": 40.89552238805972,
      "evidence_count": 5
    },
    "32fc6d5f-cd39-418a-9d04-137b75d18d30": {
      "edge_id": "32fc6d5f-cd39-418a-9d04-137b75d18d30",
      "source_node": "BSE_ASSET",
      "target_node": "B07",
      "belief_type": "strategy",
      "confidence": 0.1,
      "value": "unknown",
      "timestamp": 10.298507462686555,
      "evidence_count": 0
    },
    "2e5f0e1e-f427-408e-a2fc-70586b5bb951": {
      "edge_id": "2e5f0e1e-f427-408e-a2fc-70586b5bb951",
      "source_node": "BSE_ASSET",
      "target_node": "B07",
      "belief_type": "valuation",
      "confidence": 0.2,
      "value": 98.0,
      "timestamp": 15.373134328358166,
      "evidence_count": 2
    },
    "acded6c0-30a8-41e1-8d8d-8b8e8206ee16": {
      "edge_id": "acded6c0-30a8-41e1-8d8d-8b8e8206ee16",
      "source_node": "BSE_ASSET",
      "target_node": "B09",
      "belief_type": "strategy",
      "confidence": 0.1,
      "value": "unknown",
      "timestamp": 10.298507462686555,
      "evidence_count": 0
    },
    "f796756b-828c-420d-bd17-c07c17a8b1cc": {
      "edge_id": "f796756b-828c-420d-bd17-c07c17a8b1cc",
      "source_node": "BSE_ASSET",
      "target_node": "B09",
      "belief_type": "valuation",
      "confidence": 0.30000000000000004,
      "value": 101.88999999999999,
      "timestamp": 30.597014925373,
      "evidence_count": 3
    },
    "6b0361b4-9e93-4075-a9b3-0a93af5f4317": {
      "edge_id": "6b0361b4-9e93-4075-a9b3-0a93af5f4317",
      "source_node": "BSE_ASSET",
      "target_node": "B04",
      "belief_type": "strategy",
      "confidence": 0.1,
      "value": "unknown",
      "timestamp": 10.298507462686555,
      "evidence_count": 0
    },
    "694e4b0a-13ed-4502-af2d-b8f7a36df9c7": {
      "edge_id": "694e4b0a-13ed-4502-af2d-b8f7a36df9c7",
      "source_node": "BSE_ASSET",
      "target_node": "B04",
      "belief_type": "valuation",
      "confidence": 0.2,
      "value": 82.0,
      "timestamp": 15.373134328358166,
      "evidence_count": 2
    },
    "ed541d8d-15a0-4326-93c5-2a5c6309eaf0": {
      "edge_id": "ed541d8d-15a0-4326-93c5-2a5c6309eaf0",
      "source_node": "BSE_ASSET",
      "target_node": "S03",
      "belief_type": "strategy",
      "confidence": 0.1,
      "value": "unknown",
      "timestamp": 10.298507462686555,
      "evidence_count": 0
    },
    "dc239dd5-92ae-489f-b54f-1b55095a55c3": {
      "edge_id": "dc239dd5-92ae-489f-b54f-1b55095a55c3",
      "source_node": "BSE_ASSET",
      "target_node": "S03",
      "belief_type": "valuation",
      "confidence": 0.1,
      "value": 130,
      "timestamp": 10.298507462686555,
      "evidence_count": 1
    },
    "eb3f01f5-a838-4295-88d1-ad71717d9850": {
      "edge_id": "eb3f01f5-a838-4295-88d1-ad71717d9850",
      "source_node": "BSE_ASSET",
      "target_node": "S12",
      "belief_type": "strategy",
      "confidence": 0.1,
      "value": "unknown",
      "timestamp": 10.298507462686555,
      "evidence_count": 0
    },
    "4eaed120-9f33-47a8-8b86-bc14461b28d6": {
      "edge_id": "4eaed120-9f33-47a8-8b86-bc14461b28d6",
      "source_node": "BSE_ASSET",
      "target_node": "S12",
      "belief_type": "valuation",
      "confidence": 0.4,
      "value": 157.62,
      "timestamp": 45.97014925373145,
      "evidence_count": 4
    },
    "5ba83d7a-bb34-4c45-835d-f756317b1ab4": {
      "edge_id": "5ba83d7a-bb34-4c45-835d-f756317b1ab4",
      "source_node": "BSE_ASSET",
      "target_node": "S20",
      "belief_type": "strategy",
      "confidence": 0.1,
      "value": "unknown",
      "timestamp": 10.298507462686555,
      "evidence_count": 0
    },
    "2f26b528-1fc7-4ca2-b298-5d631ada67d1": {
      "edge_id": "2f26b528-1fc7-4ca2-b298-5d631ada67d1",
      "source_node": "BSE_ASSET",
      "target_node": "S20",
      "belief_type": "valuation",
      "confidence": 0.4,
      "value": 210.55599999999998,
      "timestamp": 40.89552238805972,
      "evidence_count": 4
    },
    "6398b5b7-33fc-4500-94c4-b7e63193e071": {
      "edge_id": "6398b5b7-33fc-4500-94c4-b7e63193e071",
      "source_node": "BSE_ASSET",
      "target_node": "P14",
      "belief_type": "strategy",
      "confidence": 0.1,
      "value": "unknown",
      "timestamp": 15.373134328358166,
      "evidence_count": 0
    },
    "67afe916-a83e-4541-a2c7-4a810a777c2f": {
      "edge_id": "67afe916-a83e-4541-a2c7-4a810a777c2f",
      "source_node": "BSE_ASSET",
      "target_node": "P14",
      "belief_type": "valuation",
      "confidence": 0.30000000000000004,
      "value": 125.53,
      "timestamp": 30.597014925373,
      "evidence_count": 3
    },
    "205e2196-d5cb-41be-bef1-687ceed514d1": {
      "edge_id": "205e2196-d5cb-41be-bef1-687ceed514d1",
      "source_node": "BSE_ASSET",
      "target_node": "P09",
      "belief_type": "strategy",
      "confidence": 0.1,
      "value": "unknown",
      "timestamp": 15.373134328358166,
      "evidence_count": 0
    },
    "eec2cc63-a5e4-48ff-ba20-537d8bd3b7bf": {
      "edge_id": "eec2cc63-a5e4-48ff-ba20-537d8bd3b7bf",
      "source_node": "BSE_ASSET",
      "target_node": "P09",
      "belief_type": "valuation",
      "confidence": 0.2,
      "value": 125.8,
      "timestamp": 45.97014925373145,
      "evidence_count": 2
    },
    "aa78a441-4683-4730-9ce5-7fc4e804c212": {
      "edge_id": "aa78a441-4683-4730-9ce5-7fc4e804c212",
      "source_node": "BSE_ASSET",
      "target_node": "B06",
      "belief_type": "strategy",
      "confidence": 0.1,
      "value": "unknown",
      "timestamp": 15.373134328358166,
      "evidence_count": 0
    },
    "94c0b21f-788e-4a62-958d-54e24dbf3384": {
      "edge_id": "94c0b21f-788e-4a62-958d-54e24dbf3384",
      "source_node": "BSE_ASSET",
      "target_node": "B06",
      "belief_type": "valuation",
      "confidence": 0.2,
      "value": 112.0,
      "timestamp": 20.447761194029777,
      "evidence_count": 2
    },
    "4a15293a-ca1e-47ae-8922-29c832d29f18": {
      "edge_id": "4a15293a-ca1e-47ae-8922-29c832d29f18",
      "source_node": "BSE_ASSET",
      "target_node": "B20",
      "belief_type": "strategy",
      "confidence": 0.1,
      "value": "unknown",
      "timestamp": 15.373134328358166,
      "evidence_count": 0
    },
    "30a14c51-5e2c-4884-93b1-cb29bc8c2e1c": {
      "edge_id": "30a14c51-5e2c-4884-93b1-cb29bc8c2e1c",
      "source_node": "BSE_ASSET",
      "target_node": "B20",
      "belief_type": "valuation",
      "confidence": 0.1,
      "value": 100,
      "timestamp": 15.373134328358166,
      "evidence_count": 1
    },
    "eb695407-93c0-4835-acde-a80608eeded5": {
      "edge_id": "eb695407-93c0-4835-acde-a80608eeded5",
      "source_node": "BSE_ASSET",
      "target_node": "B10",
      "belief_type": "strategy",
      "confidence": 0.1,
      "value": "unknown",
      "timestamp": 15.373134328358166,
      "evidence_count": 0
    },
    "deb8b8fb-886e-4aad-b500-178be207ecf9": {
      "edge_id": "deb8b8fb-886e-4aad-b500-178be207ecf9",
      "source_node": "BSE_ASSET",
      "target_node": "B10",
      "belief_type": "valuation",
      "confidence": 0.30000000000000004,
      "value": 107.69,
      "timestamp": 25.522388059701388,
      "evidence_count": 3
    },
    "c533eec6-70fe-4cff-9596-0aaa80849c5a": {
      "edge_id": "c533eec6-70fe-4cff-9596-0aaa80849c5a",
      "source_node": "BSE_ASSET",
      "target_node": "S04",
      "belief_type": "strategy",
      "confidence": 0.1,
      "value": "unknown",
      "timestamp": 15.373134328358166,
      "evidence_count": 0
    },
    "7fc6663a-346f-4b32-89cf-a1733fb0b13b": {
      "edge_id": "7fc6663a-346f-4b32-89cf-a1733fb0b13b",
      "source_node": "BSE_ASSET",
      "target_node": "S04",
      "belief_type": "valuation",
      "confidence": 0.5,
      "value": 141.98969999999997,
      "timestamp": 40.89552238805972,
      "evidence_count": 5
    },
    "3308a39a-6f04-43df-a6ba-ec04cbcda8d0": {
      "edge_id": "3308a39a-6f04-43df-a6ba-ec04cbcda8d0",
      "source_node": "BSE_ASSET",
      "target_node": "P12",
      "belief_type": "strategy",
      "confidence": 0.1,
      "value": "unknown",
      "timestamp": 15.373134328358166,
      "evidence_count": 0
    },
    "e543be8f-ef08-4384-a3ff-d2310dacfbc9": {
      "edge_id": "e543be8f-ef08-4384-a3ff-d2310dacfbc9",
      "source_node": "BSE_ASSET",
      "target_node": "P12",
      "belief_type": "valuation",
      "confidence": 0.4,
      "value": 130.0,
      "timestamp": 30.597014925373,
      "evidence_count": 4
    },
    "6e17da5a-3760-4ebb-ada5-77454964f37c": {
      "edge_id": "6e17da5a-3760-4ebb-ada5-77454964f37c",
      "source_node": "BSE_ASSET",
      "target_node": "P16",
      "belief_type": "strategy",
      "confidence": 0.1,
      "value": "unknown",
      "timestamp": 15.373134328358166,
      "evidence_count": 0
    },
    "33201bb4-2156-492c-a41b-f26238ec538c": {
      "edge_id": "33201bb4-2156-492c-a41b-f26238ec538c",
      "source_node": "BSE_ASSET",
      "target_node": "P16",
      "belief_type": "valuation",
      "confidence": 0.2,
      "value": 124.6,
      "timestamp": 45.97014925373145,
      "evidence_count": 2
    },
    "d0912104-88b0-4775-98c2-9e03b218c58f": {
      "edge_id": "d0912104-88b0-4775-98c2-9e03b218c58f",
      "source_node": "BSE_ASSET",
      "target_node": "P13",
      "belief_type": "strategy",
      "confidence": 0.1,
      "value": "unknown",
      "timestamp": 20.447761194029777,
      "evidence_count": 0
    },
    "e3c448ee-19ca-4df0-b6c7-1e720b4a017b": {
      "edge_id": "e3c448ee-19ca-4df0-b6c7-1e720b4a017b",
      "source_node": "BSE_ASSET",
      "target_node": "P13",
      "belief_type": "valuation",
      "confidence": 0.4,
      "value": 123.47199999999998,
      "timestamp": 45.97014925373145,
      "evidence_count": 4
    },
    "addb8e77-9cc5-45ed-9187-72aa4fb83be5": {
      "edge_id": "addb8e77-9cc5-45ed-9187-72aa4fb83be5",
      "source_node": "BSE_ASSET",
      "target_node": "P19",
      "belief_type": "strategy",
      "confidence": 0.1,
      "value": "unknown",
      "timestamp": 20.447761194029777,
      "evidence_count": 0
    },
    "9c7a91bb-ff79-4c42-9b3e-036602f0b6f2": {
      "edge_id": "9c7a91bb-ff79-4c42-9b3e-036602f0b6f2",
      "source_node": "BSE_ASSET",
      "target_node": "P19",
      "belief_type": "valuation",
      "confidence": 0.2,
      "value": 124.9,
      "timestamp": 35.820895522387985,
      "evidence_count": 2
    },
    "01f128e1-a162-4484-93e2-badad8582a01": {
      "edge_id": "01f128e1-a162-4484-93e2-badad8582a01",
      "source_node": "BSE_ASSET",
      "target_node": "B15",
      "belief_type": "strategy",
      "confidence": 0.1,
      "value": "unknown",
      "timestamp": 20.447761194029777,
      "evidence_count": 0
    },
    "7ae70c7e-a558-4068-b1eb-0fdb954275ff": {
      "edge_id": "7ae70c7e-a558-4068-b1eb-0fdb954275ff",
      "source_node": "BSE_ASSET",
      "target_node": "B15",
      "belief_type": "valuation",
      "confidence": 0.1,
      "value": 120,
      "timestamp": 20.447761194029777,
      "evidence_count": 1
    },
    "e3d18fef-b480-44be-bd91-86d0b73cb74d": {
      "edge_id": "e3d18fef-b480-44be-bd91-86d0b73cb74d",
      "source_node": "BSE_ASSET",
      "target_node": "B21",
      "belief_type": "strategy",
      "confidence": 0.1,
      "value": "unknown",
      "timestamp": 20.447761194029777,
      "evidence_count": 0
    },
    "83f55620-918a-4108-8ba4-9d333c4a42b5": {
      "edge_id": "83f55620-918a-4108-8ba4-9d333c4a42b5",
      "source_node": "BSE_ASSET",
      "target_node": "B21",
      "belief_type": "valuation",
      "confidence": 0.2,
      "value": 116.5,
      "timestamp": 30.597014925373,
      "evidence_count": 2
    },
    "41c71bea-4ef5-427c-85ce-0984a40fd94f": {
      "edge_id": "41c71bea-4ef5-427c-85ce-0984a40fd94f",
      "source_node": "BSE_ASSET",
      "target_node": "B08",
      "belief_type": "strategy",
      "confidence": 0.1,
      "value": "unknown",
      "timestamp": 20.447761194029777,
      "evidence_count": 0
    },
    "fc2f4d81-eb73-42d5-9836-86ca35b9de30": {
      "edge_id": "fc2f4d81-eb73-42d5-9836-86ca35b9de30",
      "source_node": "BSE_ASSET",
      "target_node": "B08",
      "belief_type": "valuation",
      "confidence": 0.2,
      "value": 113.0,
      "timestamp": 25.522388059701388,
      "evidence_count": 2
    },
    "939bcb22-c8ae-48b2-888f-93719512c5e2": {
      "edge_id": "939bcb22-c8ae-48b2-888f-93719512c5e2",
      "source_node": "BSE_ASSET",
      "target_node": "B14",
      "belief_type": "strategy",
      "confidence": 0.1,
      "value": "unknown",
      "timestamp": 20.447761194029777,
      "evidence_count": 0
    },
    "b5adb0d4-5bf6-4e92-b19b-804e17ddfff4": {
      "edge_id": "b5adb0d4-5bf6-4e92-b19b-804e17ddfff4",
      "source_node": "BSE_ASSET",
      "target_node": "B14",
      "belief_type": "valuation",
      "confidence": 0.30000000000000004,
      "value": 113.63,
      "timestamp": 30.597014925373,
      "evidence_count": 3
    },
    "5c26f3d6-ed5d-4449-a4a0-e988754ac3b3": {
      "edge_id": "5c26f3d6-ed5d-4449-a4a0-e988754ac3b3",
      "source_node": "BSE_ASSET",
      "target_node": "B18",
      "belief_type": "strategy",
      "confidence": 0.1,
      "value": "unknown",
      "timestamp": 20.447761194029777,
      "evidence_count": 0
    },
    "3b00d27e-520a-4ddf-9bba-b1d78fdb3ef7": {
      "edge_id": "3b00d27e-520a-4ddf-9bba-b1d78fdb3ef7",
      "source_node": "BSE_ASSET",
      "target_node": "B18",
      "belief_type": "valuation",
      "confidence": 0.2,
      "value": 101.2,
      "timestamp": 35.820895522387985,
      "evidence_count": 2
    },
    "65d7e49e-0a42-4f8d-a397-34ecabdad8ae": {
      "edge_id": "65d7e49e-0a42-4f8d-a397-34ecabdad8ae",
      "source_node": "BSE_ASSET",
      "target_node": "S15",
      "belief_type": "strategy",
      "confidence": 0.1,
      "value": "unknown",
      "timestamp": 20.447761194029777,
      "evidence_count": 0
    },
    "0a633a10-0a5e-44a6-a962-239bf6c98a1b": {
      "edge_id": "0a633a10-0a5e-44a6-a962-239bf6c98a1b",
      "source_node": "BSE_ASSET",
      "target_node": "S15",
      "belief_type": "valuation",
      "confidence": 0.1,
      "value": 127,
      "timestamp": 20.447761194029777,
      "evidence_count": 1
    },
    "1d2c4e60-8dd5-46a2-93f8-bf25831a0cf2": {
      "edge_id": "1d2c4e60-8dd5-46a2-93f8-bf25831a0cf2",
      "source_node": "BSE_ASSET",
      "target_node": "P15",
      "belief_type": "strategy",
      "confidence": 0.1,
      "value": "unknown",
      "timestamp": 20.447761194029777,
      "evidence_count": 0
    },
    "77c6bef0-0be9-419b-99ca-6fe3b0841efd": {
      "edge_id": "77c6bef0-0be9-419b-99ca-6fe3b0841efd",
      "source_node": "BSE_ASSET",
      "target_node": "P15",
      "belief_type": "valuation",
      "confidence": 0.5,
      "value": 126.73009999999998,
      "timestamp": 45.97014925373145,
      "evidence_count": 5
    },
    "8f55975f-7a38-495e-a777-9f1f8c6d069a": {
      "edge_id": "8f55975f-7a38-495e-a777-9f1f8c6d069a",
      "source_node": "BSE_ASSET",
      "target_node": "P00",
      "belief_type": "strategy",
      "confidence": 0.1,
      "value": "unknown",
      "timestamp": 20.447761194029777,
      "evidence_count": 0
    },
    "c381749c-36b2-422d-afe6-5f6ade8a30b8": {
      "edge_id": "c381749c-36b2-422d-afe6-5f6ade8a30b8",
      "source_node": "BSE_ASSET",
      "target_node": "P00",
      "belief_type": "valuation",
      "confidence": 0.30000000000000004,
      "value": 125.43,
      "timestamp": 45.97014925373145,
      "evidence_count": 3
    },
    "6dac1d8f-9419-43e1-8f07-91bfd0d99d58": {
      "edge_id": "6dac1d8f-9419-43e1-8f07-91bfd0d99d58",
      "source_node": "BSE_ASSET",
      "target_node": "P06",
      "belief_type": "strategy",
      "confidence": 0.1,
      "value": "unknown",
      "timestamp": 20.447761194029777,
      "evidence_count": 0
    },
    "cbd2f3cc-2dba-4906-84e6-473009d1a8a0": {
      "edge_id": "cbd2f3cc-2dba-4906-84e6-473009d1a8a0",
      "source_node": "BSE_ASSET",
      "target_node": "P06",
      "belief_type": "valuation",
      "confidence": 0.2,
      "value": 124.9,
      "timestamp": 35.820895522387985,
      "evidence_count": 2
    },
    "96fa4722-4b3d-4656-be74-753a00b2918f": {
      "edge_id": "96fa4722-4b3d-4656-be74-753a00b2918f",
      "source_node": "BSE_ASSET",
      "target_node": "P10",
      "belief_type": "strategy",
      "confidence": 0.1,
      "value": "unknown",
      "timestamp": 25.522388059701388,
      "evidence_count": 0
    },
    "a0ed458c-ce1b-43ca-9185-f0f3e1ff99ce": {
      "edge_id": "a0ed458c-ce1b-43ca-9185-f0f3e1ff99ce",
      "source_node": "BSE_ASSET",
      "target_node": "P10",
      "belief_type": "valuation",
      "confidence": 0.1,
      "value": 124,
      "timestamp": 25.522388059701388,
      "evidence_count": 1
    },
    "8d929001-616d-4273-a29e-30dfbc43ea4f": {
      "edge_id": "8d929001-616d-4273-a29e-30dfbc43ea4f",
      "source_node": "BSE_ASSET",
      "target_node": "B01",
      "belief_type": "strategy",
      "confidence": 0.1,
      "value": "unknown",
      "timestamp": 25.522388059701388,
      "evidence_count": 0
    },
    "7d7390bf-63e4-4c4c-ba65-93759acec8f5": {
      "edge_id": "7d7390bf-63e4-4c4c-ba65-93759acec8f5",
      "source_node": "BSE_ASSET",
      "target_node": "B01",
      "belief_type": "valuation",
      "confidence": 0.1,
      "value": 91,
      "timestamp": 25.522388059701388,
      "evidence_count": 1
    },
    "e4bbb916-d18b-463c-a274-47d9a8d086fd": {
      "edge_id": "e4bbb916-d18b-463c-a274-47d9a8d086fd",
      "source_node": "BSE_ASSET",
      "target_node": "S14",
      "belief_type": "strategy",
      "confidence": 0.1,
      "value": "unknown",
      "timestamp": 25.522388059701388,
      "evidence_count": 0
    },
    "10ae3379-d0d8-4894-9706-1a20f6f77ef9": {
      "edge_id": "10ae3379-d0d8-4894-9706-1a20f6f77ef9",
      "source_node": "BSE_ASSET",
      "target_node": "S14",
      "belief_type": "valuation",
      "confidence": 0.30000000000000004,
      "value": 133.0,
      "timestamp": 35.820895522387985,
      "evidence_count": 3
    },
    "f79785a1-15f5-4674-a926-fb186a4f7f60": {
      "edge_id": "f79785a1-15f5-4674-a926-fb186a4f7f60",
      "source_node": "BSE_ASSET",
      "target_node": "S00",
      "belief_type": "strategy",
      "confidence": 0.1,
      "value": "unknown",
      "timestamp": 25.522388059701388,
      "evidence_count": 0
    },
    "253dd158-9ce1-43df-bad6-e768b52d8b3b": {
      "edge_id": "253dd158-9ce1-43df-bad6-e768b52d8b3b",
      "source_node": "BSE_ASSET",
      "target_node": "S00",
      "belief_type": "valuation",
      "confidence": 0.4,
      "value": 135.85999999999999,
      "timestamp": 40.89552238805972,
      "evidence_count": 4
    },
    "284a3e9b-dbb4-40cf-a552-42986911616c": {
      "edge_id": "284a3e9b-dbb4-40cf-a552-42986911616c",
      "source_node": "BSE_ASSET",
      "target_node": "S22",
      "belief_type": "strategy",
      "confidence": 0.1,
      "value": "unknown",
      "timestamp": 25.522388059701388,
      "evidence_count": 0
    },
    "53a7ec07-3a45-455f-bd7e-06554f152cc2": {
      "edge_id": "53a7ec07-3a45-455f-bd7e-06554f152cc2",
      "source_node": "BSE_ASSET",
      "target_node": "S22",
      "belief_type": "valuation",
      "confidence": 0.30000000000000004,
      "value": 147.14,
      "timestamp": 40.89552238805972,
      "evidence_count": 3
    },
    "1d0bff74-1afb-4c46-9a9e-4eab76461737": {
      "edge_id": "1d0bff74-1afb-4c46-9a9e-4eab76461737",
      "source_node": "BSE_ASSET",
      "target_node": "S19",
      "belief_type": "strategy",
      "confidence": 0.1,
      "value": "unknown",
      "timestamp": 25.522388059701388,
      "evidence_count": 0
    },
    "c9f07f41-d7d7-47c9-a9c6-61bc1aa78d01": {
      "edge_id": "c9f07f41-d7d7-47c9-a9c6-61bc1aa78d01",
      "source_node": "BSE_ASSET",
      "target_node": "S19",
      "belief_type": "valuation",
      "confidence": 0.2,
      "value": 172.0,
      "timestamp": 30.597014925373,
      "evidence_count": 2
    },
    "db1cf86f-4854-4d97-9ae1-523247884cd4": {
      "edge_id": "db1cf86f-4854-4d97-9ae1-523247884cd4",
      "source_node": "BSE_ASSET",
      "target_node": "S13",
      "belief_type": "strategy",
      "confidence": 0.1,
      "value": "unknown",
      "timestamp": 25.522388059701388,
      "evidence_count": 0
    },
    "14a8b9cd-d6f6-42ee-9bb7-7dcd6fdafba4": {
      "edge_id": "14a8b9cd-d6f6-42ee-9bb7-7dcd6fdafba4",
      "source_node": "BSE_ASSET",
      "target_node": "S13",
      "belief_type": "valuation",
      "confidence": 0.5,
      "value": 153.04449999999997,
      "timestamp": 45.97014925373145,
      "evidence_count": 5
    },
    "0705b71d-177d-4153-8c94-11f5ae131aa0": {
      "edge_id": "0705b71d-177d-4153-8c94-11f5ae131aa0",
      "source_node": "BSE_ASSET",
      "target_node": "P04",
      "belief_type": "strategy",
      "confidence": 0.1,
      "value": "unknown",
      "timestamp": 25.522388059701388,
      "evidence_count": 0
    },
    "802660c9-7622-4e69-b747-1b9550236ab5": {
      "edge_id": "802660c9-7622-4e69-b747-1b9550236ab5",
      "source_node": "BSE_ASSET",
      "target_node": "P04",
      "belief_type": "valuation",
      "confidence": 0.2,
      "value": 125.8,
      "timestamp": 45.97014925373145,
      "evidence_count": 2
    },
    "e2a21dd7-4c41-4a85-ac09-a0cb27e6df66": {
      "edge_id": "e2a21dd7-4c41-4a85-ac09-a0cb27e6df66",
      "source_node": "BSE_ASSET",
      "target_node": "B22",
      "belief_type": "strategy",
      "confidence": 0.1,
      "value": "unknown",
      "timestamp": 30.597014925373,
      "evidence_count": 0
    },
    "39133b75-4fbb-4d32-bf93-3d9efa661d32": {
      "edge_id": "39133b75-4fbb-4d32-bf93-3d9efa661d32",
      "source_node": "BSE_ASSET",
      "target_node": "B22",
      "belief_type": "valuation",
      "confidence": 0.1,
      "value": 112,
      "timestamp": 30.597014925373,
      "evidence_count": 1
    },
    "4247dc14-af9f-45bc-ac31-a617331f809d": {
      "edge_id": "4247dc14-af9f-45bc-ac31-a617331f809d",
      "source_node": "BSE_ASSET",
      "target_node": "B03",
      "belief_type": "strategy",
      "confidence": 0.1,
      "value": "unknown",
      "timestamp": 30.597014925373,
      "evidence_count": 0
    },
    "a9135934-66df-469a-b857-34202c11350a": {
      "edge_id": "a9135934-66df-469a-b857-34202c11350a",
      "source_node": "BSE_ASSET",
      "target_node": "B03",
      "belief_type": "valuation",
      "confidence": 0.2,
      "value": 103.0,
      "timestamp": 35.820895522387985,
      "evidence_count": 2
    },
    "2ff6538f-8a24-4d02-8be8-b27d602537a1": {
      "edge_id": "2ff6538f-8a24-4d02-8be8-b27d602537a1",
      "source_node": "BSE_ASSET",
      "target_node": "S17",
      "belief_type": "strategy",
      "confidence": 0.1,
      "value": "unknown",
      "timestamp": 30.597014925373,
      "evidence_count": 0
    },
    "d922f51c-3a64-48bf-9f18-da0c46a871f5": {
      "edge_id": "d922f51c-3a64-48bf-9f18-da0c46a871f5",
      "source_node": "BSE_ASSET",
      "target_node": "S17",
      "belief_type": "valuation",
      "confidence": 0.2,
      "value": 135.1,
      "timestamp": 40.89552238805972,
      "evidence_count": 2
    },
    "74f2142f-eda5-4560-9de0-0664a8ddd572": {
      "edge_id": "74f2142f-eda5-4560-9de0-0664a8ddd572",
      "source_node": "BSE_ASSET",
      "target_node": "S05",
      "belief_type": "strategy",
      "confidence": 0.1,
      "value": "unknown",
      "timestamp": 30.597014925373,
      "evidence_count": 0
    },
    "a4ae1051-323d-4de5-916c-bee38c8d5a29": {
      "edge_id": "a4ae1051-323d-4de5-916c-bee38c8d5a29",
      "source_node": "BSE_ASSET",
      "target_node": "S05",
      "belief_type": "valuation",
      "confidence": 0.30000000000000004,
      "value": 154.55999999999997,
      "timestamp": 45.97014925373145,
      "evidence_count": 3
    },
    "0b70bc16-e9df-46bc-a813-5dd6e4305879": {
      "edge_id": "0b70bc16-e9df-46bc-a813-5dd6e4305879",
      "source_node": "BSE_ASSET",
      "target_node": "S09",
      "belief_type": "strategy",
      "confidence": 0.1,
      "value": "unknown",
      "timestamp": 40.89552238805972,
      "evidence_count": 0
    },
    "793ac097-baa6-4e04-96ee-b2acda541a65": {
      "edge_id": "793ac097-baa6-4e04-96ee-b2acda541a65",
      "source_node": "BSE_ASSET",
      "target_node": "S09",
      "belief_type": "valuation",
      "confidence": 0.1,
      "value": 139,
      "timestamp": 40.89552238805972,
      "evidence_count": 1
    },
    "8da6e758-25db-4fa3-9459-8850a00adf43": {
      "edge_id": "8da6e758-25db-4fa3-9459-8850a00adf43",
      "source_node": "BSE_ASSET",
      "target_node": "S21",
      "belief_type": "strategy",
      "confidence": 0.1,
      "value": "unknown",
      "timestamp": 40.89552238805972,
      "evidence_count": 0
    },
    "7078dbb4-b701-4658-ad24-67157e2763ab": {
      "edge_id": "7078dbb4-b701-4658-ad24-67157e2763ab",
      "source_node": "BSE_ASSET",
      "target_node": "S21",
      "belief_type": "valuation",
      "confidence": 0.1,
      "value": 154,
      "timestamp": 40.89552238805972,
      "evidence_count": 1
    },
    "24d5e992-f2a1-4e15-9ffc-8cdb4fef24f3": {
      "edge_id": "24d5e992-f2a1-4e15-9ffc-8cdb4fef24f3",
      "source_node": "BSE_ASSET",
      "target_node": "S08",
      "belief_type": "strategy",
      "confidence": 0.1,
      "value": "unknown",
      "timestamp": 45.97014925373145,
      "evidence_count": 0
    },
    "345bd505-386c-4052-9113-0c51b66158ad": {
      "edge_id": "345bd505-386c-4052-9113-0c51b66158ad",
      "source_node": "BSE_ASSET",
      "target_node": "S08",
      "belief_type": "valuation",
      "confidence": 0.1,
      "value": 156,
      "timestamp": 45.97014925373145,
      "evidence_count": 1
    }
  },
  "event_history": [
    {
      "event_id": "ask_S20_30.597014925373",
      "event_type": "ask",
      "timestamp": 30.597014925373,
      "agent_id": "S20",
      "price": 180,
      "quantity": 1,
      "counterparty_id": null,
      "order_id": null
    },
    {
      "event_id": "bid_P07_35.820895522387985",
      "event_type": "bid",
      "timestamp": 35.820895522387985,
      "agent_id": "P07",
      "price": 120,
      "quantity": 1,
      "counterparty_id": null,
      "order_id": null
    },
    {
      "event_id": "bid_P13_35.820895522387985",
      "event_type": "bid",
      "timestamp": 35.820895522387985,
      "agent_id": "P13",
      "price": 120,
      "quantity": 1,
      "counterparty_id": null,
      "order_id": null
    },
    {
      "event_id": "bid_B18_35.820895522387985",
      "event_type": "bid",
      "timestamp": 35.820895522387985,
      "agent_id": "B18",
      "price": 104,
      "quantity": 1,
      "counterparty_id": null,
      "order_id": null
    },
    {
      "event_id": "bid_B03_35.820895522387985",
      "event_type": "bid",
      "timestamp": 35.820895522387985,
      "agent_id": "B03",
      "price": 103,
      "quantity": 1,
      "counterparty_id": null,
      "order_id": null
    },
    {
      "event_id": "ask_P19_35.820895522387985",
      "event_type": "ask",
      "timestamp": 35.820895522387985,
      "agent_id": "P19",
      "price": 127,
      "quantity": 1,
      "counterparty_id": null,
      "order_id": null
    },
    {
      "event_id": "ask_P06_35.820895522387985",
      "event_type": "ask",
      "timestamp": 35.820895522387985,
      "agent_id": "P06",
      "price": 127,
      "quantity": 1,
      "counterparty_id": null,
      "order_id": null
    },
    {
      "event_id": "ask_P02_35.820895522387985",
      "event_type": "ask",
      "timestamp": 35.820895522387985,
      "agent_id": "P02",
      "price": 129,
      "quantity": 1,
      "counterparty_id": null,
      "order_id": null
    },
    {
      "event_id": "ask_S00_35.820895522387985",
      "event_type": "ask",
      "timestamp": 35.820895522387985,
      "agent_id": "S00",
      "price": 129,
      "quantity": 1,
      "counterparty_id": null,
      "order_id": null
    },
    {
      "event_id": "ask_P08_35.820895522387985",
      "event_type": "ask",
      "timestamp": 35.820895522387985,
      "agent_id": "P08",
      "price": 130,
      "quantity": 1,
      "counterparty_id": null,
      "order_id": null
    },
    {
      "event_id": "ask_P18_35.820895522387985",
      "event_type": "ask",
      "timestamp": 35.820895522387985,
      "agent_id": "P18",
      "price": 130,
      "quantity": 1,
      "counterparty_id": null,
      "order_id": null
    },
    {
      "event_id": "ask_S13_35.820895522387985",
      "event_type": "ask",
      "timestamp": 35.820895522387985,
      "agent_id": "S13",
      "price": 130,
      "quantity": 1,
      "counterparty_id": null,
      "order_id": null
    },
    {
      "event_id": "ask_S14_35.820895522387985",
      "event_type": "ask",
      "timestamp": 35.820895522387985,
      "agent_id": "S14",
      "price": 133,
      "quantity": 1,
      "counterparty_id": null,
      "order_id": null
    },
    {
      "event_id": "ask_S05_35.820895522387985",
      "event_type": "ask",
      "timestamp": 35.820895522387985,
      "agent_id": "S05",
      "price": 134,
      "quantity": 1,
      "counterparty_id": null,
      "order_id": null
    },
    {
      "event_id": "ask_S06_35.820895522387985",
      "event_type": "ask",
      "timestamp": 35.820895522387985,
      "agent_id": "S06",
      "price": 147,
      "quantity": 1,
      "counterparty_id": null,
      "order_id": null
    },
    {
      "event_id": "ask_S04_35.820895522387985",
      "event_type": "ask",
      "timestamp": 35.820895522387985,
      "agent_id": "S04",
      "price": 153,
      "quantity": 1,
      "counterparty_id": null,
      "order_id": null
    },
    {
      "event_id": "ask_S07_35.820895522387985",
      "event_type": "ask",
      "timestamp": 35.820895522387985,
      "agent_id": "S07",
      "price": 210,
      "quantity": 1,
      "counterparty_id": null,
      "order_id": null
    },
    {
      "event_id": "bid_P15_40.89552238805972",
      "event_type": "bid",
      "timestamp": 40.89552238805972,
      "agent_id": "P15",
      "price": 126,
      "quantity": 1,
      "counterparty_id": null,
      "order_id": null
    },
    {
      "event_id": "bid_B11_40.89552238805972",
      "event_type": "bid",
      "timestamp": 40.89552238805972,
      "agent_id": "B11",
      "price": 123,
      "quantity": 1,
      "counterparty_id": null,
      "order_id": null
    },
    {
      "event_id": "bid_P00_40.89552238805972",
      "event_type": "bid",
      "timestamp": 40.89552238805972,
      "agent_id": "P00",
      "price": 122,
      "quantity": 1,
      "counterparty_id": null,
      "order_id": null
    },
    {
      "event_id": "bid_P07_40.89552238805972",
      "event_type": "bid",
      "timestamp": 40.89552238805972,
      "agent_id": "P07",
      "price": 120,
      "quantity": 1,
      "counterparty_id": null,
      "order_id": null
    },
    {
      "event_id": "bid_P13_40.89552238805972",
      "event_type": "bid",
      "timestamp": 40.89552238805972,
      "agent_id": "P13",
      "price": 120,
      "quantity": 1,
      "counterparty_id": null,
      "order_id": null
    },
    {
      "event_id": "bid_B02_40.89552238805972",
      "event_type": "bid",
      "timestamp": 40.89552238805972,
      "agent_id": "B02",
      "price": 28,
      "quantity": 1,
      "counterparty_id": null,
      "order_id": null
    },
    {
      "event_id": "ask_P17_40.89552238805972",
      "event_type": "ask",
      "timestamp": 40.89552238805972,
      "agent_id": "P17",
      "price": 127,
      "quantity": 1,
      "counterparty_id": null,
      "order_id": null
    },
    {
      "event_id": "ask_P02_40.89552238805972",
      "event_type": "ask",
      "timestamp": 40.89552238805972,
      "agent_id": "P02",
      "price": 129,
      "quantity": 1,
      "counterparty_id": null,
      "order_id": null
    },
    {
      "event_id": "ask_S00_40.89552238805972",
      "event_type": "ask",
      "timestamp": 40.89552238805972,
      "agent_id": "S00",
      "price": 129,
      "quantity": 1,
      "counterparty_id": null,
      "order_id": null
    },
    {
      "event_id": "ask_P08_40.89552238805972",
      "event_type": "ask",
      "timestamp": 40.89552238805972,
      "agent_id": "P08",
      "price": 130,
      "quantity": 1,
      "counterparty_id": null,
      "order_id": null
    },
    {
      "event_id": "ask_S09_40.89552238805972",
      "event_type": "ask",
      "timestamp": 40.89552238805972,
      "agent_id": "S09",
      "price": 139,
      "quantity": 1,
      "counterparty_id": null,
      "order_id": null
    },
    {
      "event_id": "ask_S22_40.89552238805972",
      "event_type": "ask",
      "timestamp": 40.89552238805972,
      "agent_id": "S22",
      "price": 140,
      "quantity": 1,
      "counterparty_id": null,
      "order_id": null
    },
    {
      "event_id": "ask_S06_40.89552238805972",
      "event_type": "ask",
      "timestamp": 40.89552238805972,
      "agent_id": "S06",
      "price": 147,
      "quantity": 1,
      "counterparty_id": null,
      "order_id": null
    },
    {
      "event_id": "ask_S04_40.89552238805972",
      "event_type": "ask",
      "timestamp": 40.89552238805972,
      "agent_id": "S04",
      "price": 153,
      "quantity": 1,
      "counterparty_id": null,
      "order_id": null
    },
    {
      "event_id": "ask_S17_40.89552238805972",
      "event_type": "ask",
      "timestamp": 40.89552238805972,
      "agent_id": "S17",
      "price": 154,
      "quantity": 1,
      "counterparty_id": null,
      "order_id": null
    },
    {
      "event_id": "ask_S21_40.89552238805972",
      "event_type": "ask",
      "timestamp": 40.89552238805972,
      "agent_id": "S21",
      "price": 154,
      "quantity": 1,
      "counterparty_id": null,
      "order_id": null
    },
    {
      "event_id": "ask_S13_40.89552238805972",
      "event_type": "ask",
      "timestamp": 40.89552238805972,
      "agent_id": "S13",
      "price": 154,
      "quantity": 1,
      "counterparty_id": null,
      "order_id": null
    },
    {
      "event_id": "ask_S12_40.89552238805972",
      "event_type": "ask",
      "timestamp": 40.89552238805972,
      "agent_id": "S12",
      "price": 156,
      "quantity": 1,
      "counterparty_id": null,
      "order_id": null
    },
    {
      "event_id": "ask_S07_40.89552238805972",
      "event_type": "ask",
      "timestamp": 40.89552238805972,
      "agent_id": "S07",
      "price": 210,
      "quantity": 1,
      "counterparty_id": null,
      "order_id": null
    },
    {
      "event_id": "ask_S20_40.89552238805972",
      "event_type": "ask",
      "timestamp": 40.89552238805972,
      "agent_id": "S20",
      "price": 340,
      "quantity": 1,
      "counterparty_id": null,
      "order_id": null
    },
    {
      "event_id": "bid_P13_45.97014925373145",
      "event_type": "bid",
      "timestamp": 45.97014925373145,
      "agent_id": "P13",
      "price": 127,
      "quantity": 1,
      "counterparty_id": null,
      "order_id": null
    },
    {
      "event_id": "bid_P01_45.97014925373145",
      "event_type": "bid",
      "timestamp": 45.97014925373145,
      "agent_id": "P01",
      "price": 127,
      "quantity": 1,
      "counterparty_id": null,
      "order_id": null
    },
    {
      "event_id": "bid_P15_45.97014925373145",
      "event_type": "bid",
      "timestamp": 45.97014925373145,
      "agent_id": "P15",
      "price": 126,
      "quantity": 1,
      "counterparty_id": null,
      "order_id": null
    },
    {
      "event_id": "bid_P16_45.97014925373145",
      "event_type": "bid",
      "timestamp": 45.97014925373145,
      "agent_id": "P16",
      "price": 126,
      "quantity": 1,
      "counterparty_id": null,
      "order_id": null
    },
    {
      "event_id": "bid_P00_45.97014925373145",
      "event_type": "bid",
      "timestamp": 45.97014925373145,
      "agent_id": "P00",
      "price": 122,
      "quantity": 1,
      "counterparty_id": null,
      "order_id": null
    },
    {
      "event_id": "bid_P07_45.97014925373145",
      "event_type": "bid",
      "timestamp": 45.97014925373145,
      "agent_id": "P07",
      "price": 120,
      "quantity": 1,
      "counterparty_id": null,
      "order_id": null
    },
    {
      "event_id": "ask_P09_45.97014925373145",
      "event_type": "ask",
      "timestamp": 45.97014925373145,
      "agent_id": "P09",
      "price": 130,
      "quantity": 1,
      "counterparty_id": null,
      "order_id": null
    },
    {
      "event_id": "ask_P04_45.97014925373145",
      "event_type": "ask",
      "timestamp": 45.97014925373145,
      "agent_id": "P04",
      "price": 130,
      "quantity": 1,
      "counterparty_id": null,
      "order_id": null
    },
    {
      "event_id": "ask_S13_45.97014925373145",
      "event_type": "ask",
      "timestamp": 45.97014925373145,
      "agent_id": "S13",
      "price": 154,
      "quantity": 1,
      "counterparty_id": null,
      "order_id": null
    },
    {
      "event_id": "ask_S08_45.97014925373145",
      "event_type": "ask",
      "timestamp": 45.97014925373145,
      "agent_id": "S08",
      "price": 156,
      "quantity": 1,
      "counterparty_id": null,
      "order_id": null
    },
    {
      "event_id": "ask_S12_45.97014925373145",
      "event_type": "ask",
      "timestamp": 45.97014925373145,
      "agent_id": "S12",
      "price": 181,
      "quantity": 1,
      "counterparty_id": null,
      "order_id": null
    },
    {
      "event_id": "ask_S05_45.97014925373145",
      "event_type": "ask",
      "timestamp": 45.97014925373145,
      "agent_id": "S05",
      "price": 196,
      "quantity": 1,
      "counterparty_id": null,
      "order_id": null
    },
    {
      "event_id": "ask_S07_45.97014925373145",
      "event_type": "ask",
      "timestamp": 45.97014925373145,
      "agent_id": "S07",
      "price": 349,
      "quantity": 1,
      "counterparty_id": null,
      "order_id": null
    }
  ]
}
2025-10-10 18:59:45 | HM_JSON_NOCOT_P18 | ================================================================================
2025-10-10 18:59:45 | HM_JSON_NOCOT_P18 | [AGENTS-TRACKED] Currently tracking 55 agents: ['P18', 'P17', 'P02', 'P01', 'P08', 'P07', 'B11', 'B19', 'S06', 'S02', 'S07', 'P20', 'B13', 'B05', 'B02', 'B07', 'B09', 'B04', 'S03', 'S12', 'S20', 'P14', 'P09', 'B06', 'B20', 'B10', 'S04', 'P12', 'P16', 'P13', 'P19', 'B15', 'B21', 'B08', 'B14', 'B18', 'S15', 'P15', 'P00', 'P06', 'P10', 'B01', 'S14', 'S00', 'S22', 'S19', 'S13', 'P04', 'B22', 'B03', 'S17', 'S05', 'S09', 'S21', 'S08']
2025-10-10 19:06:22 | HM_JSON_NOCOT_P18 | [BELIEF-THROTTLE] P05: Running belief graph update at time 51.0
2025-10-10 19:06:22 | HM_JSON_NOCOT_P18 | [UPDATE-SUMMARY] Processed 23 market events at time 51.0
2025-10-10 19:06:22 | HM_JSON_NOCOT_P18 | === BELIEF GRAPH STATE AT TIME 51.0 ===
2025-10-10 19:06:22 | HM_JSON_NOCOT_P18 | {
  "graph_id": "ef1f0310-0336-452d-b267-16d556180f54",
  "asset_id": "BSE_ASSET",
  "current_time": 51.04477611940318,
  "nodes": {
    "BSE_ASSET": {
      "asset_id": "BSE_ASSET",
      "node_type": "asset",
      "current_best_bid": null,
      "current_best_ask": null,
      "last_trade_price": null,
      "volume_traded": 0,
      "price_volatility": 0.0,
      "spread_width": null,
      "market_depth_bid": 0,
      "market_depth_ask": 0
    },
    "P18": {
      "agent_id": "P18",
      "node_type": "agent",
      "last_bid_price": null,
      "last_ask_price": 130,
      "last_trade_price": null,
      "total_trades": 0,
      "total_volume": 0,
      "strategy_type": "Hypothetical-Minds",
      "inferred_valuation": 130.0,
      "valuation_confidence": 0.5,
      "aggressiveness_score": 0.6,
      "last_activity": 35.820895522387985
    },
    "P17": {
      "agent_id": "P17",
      "node_type": "agent",
      "last_bid_price": 130,
      "last_ask_price": 127,
      "last_trade_price": null,
      "total_trades": 0,
      "total_volume": 0,
      "strategy_type": null,
      "inferred_valuation": 129.1,
      "valuation_confidence": 0.2,
      "aggressiveness_score": 0.0,
      "last_activity": 40.89552238805972
    },
    "P02": {
      "agent_id": "P02",
      "node_type": "agent",
      "last_bid_price": 128,
      "last_ask_price": 129,
      "last_trade_price": null,
      "total_trades": 0,
      "total_volume": 0,
      "strategy_type": null,
      "inferred_valuation": 128.88235099999997,
      "valuation_confidence": 0.7,
      "aggressiveness_score": 0.0,
      "last_activity": 40.89552238805972
    },
    "P01": {
      "agent_id": "P01",
      "node_type": "agent",
      "last_bid_price": 127,
      "last_ask_price": 127,
      "last_trade_price": null,
      "total_trades": 0,
      "total_volume": 0,
      "strategy_type": null,
      "inferred_valuation": 127.16806999999997,
      "valuation_confidence": 0.6,
      "aggressiveness_score": 0.0,
      "last_activity": 51.04477611940318
    },
    "P08": {
      "agent_id": "P08",
      "node_type": "agent",
      "last_bid_price": 127,
      "last_ask_price": 130,
      "last_trade_price": null,
      "total_trades": 0,
      "total_volume": 0,
      "strategy_type": null,
      "inferred_valuation": 129.647053,
      "valuation_confidence": 0.7,
      "aggressiveness_score": 0.0,
      "last_activity": 40.89552238805972
    },
    "P07": {
      "agent_id": "P07",
      "node_type": "agent",
      "last_bid_price": 120,
      "last_ask_price": null,
      "last_trade_price": null,
      "total_trades": 0,
      "total_volume": 0,
      "strategy_type": null,
      "inferred_valuation": 120.0,
      "valuation_confidence": 0.95,
      "aggressiveness_score": 0.0,
      "last_activity": 51.04477611940318
    },
    "B11": {
      "agent_id": "B11",
      "node_type": "agent",
      "last_bid_price": 129,
      "last_ask_price": null,
      "last_trade_price": null,
      "total_trades": 0,
      "total_volume": 0,
      "strategy_type": null,
      "inferred_valuation": 118.91999999999999,
      "valuation_confidence": 0.4,
      "aggressiveness_score": 0.0,
      "last_activity": 51.04477611940318
    },
    "B19": {
      "agent_id": "B19",
      "node_type": "agent",
      "last_bid_price": 124,
      "last_ask_price": null,
      "last_trade_price": null,
      "total_trades": 0,
      "total_volume": 0,
      "strategy_type": null,
      "inferred_valuation": 114.19999999999999,
      "valuation_confidence": 0.2,
      "aggressiveness_score": 0.0,
      "last_activity": 10.298507462686555
    },
    "S06": {
      "agent_id": "S06",
      "node_type": "agent",
      "last_bid_price": null,
      "last_ask_price": 147,
      "last_trade_price": null,
      "total_trades": 0,
      "total_volume": 0,
      "strategy_type": null,
      "inferred_valuation": 139.65,
      "valuation_confidence": 0.30000000000000004,
      "aggressiveness_score": 0.0,
      "last_activity": 40.89552238805972
    },
    "S02": {
      "agent_id": "S02",
      "node_type": "agent",
      "last_bid_price": null,
      "last_ask_price": 129,
      "last_trade_price": null,
      "total_trades": 0,
      "total_volume": 0,
      "strategy_type": null,
      "inferred_valuation": 131.58999999999997,
      "valuation_confidence": 0.30000000000000004,
      "aggressiveness_score": 0.0,
      "last_activity": 15.373134328358166
    },
    "S07": {
      "agent_id": "S07",
      "node_type": "agent",
      "last_bid_price": null,
      "last_ask_price": 349,
      "last_trade_price": null,
      "total_trades": 0,
      "total_volume": 0,
      "strategy_type": null,
      "inferred_valuation": 315.86157999999995,
      "valuation_confidence": 0.6,
      "aggressiveness_score": 0.0,
      "last_activity": 45.97014925373145
    },
    "P20": {
      "agent_id": "P20",
      "node_type": "agent",
      "last_bid_price": 124,
      "last_ask_price": null,
      "last_trade_price": null,
      "total_trades": 0,
      "total_volume": 0,
      "strategy_type": null,
      "inferred_valuation": 124.0,
      "valuation_confidence": 0.2,
      "aggressiveness_score": 0.0,
      "last_activity": 15.373134328358166
    },
    "B13": {
      "agent_id": "B13",
      "node_type": "agent",
      "last_bid_price": 110,
      "last_ask_price": null,
      "last_trade_price": null,
      "total_trades": 0,
      "total_volume": 0,
      "strategy_type": null,
      "inferred_valuation": 105.1,
      "valuation_confidence": 0.4,
      "aggressiveness_score": 0.0,
      "last_activity": 25.522388059701388
    },
    "B05": {
      "agent_id": "B05",
      "node_type": "agent",
      "last_bid_price": 93,
      "last_ask_price": null,
      "last_trade_price": null,
      "total_trades": 0,
      "total_volume": 0,
      "strategy_type": null,
      "inferred_valuation": 95.94,
      "valuation_confidence": 0.30000000000000004,
      "aggressiveness_score": 0.0,
      "last_activity": 20.447761194029777
    },
    "B02": {
      "agent_id": "B02",
      "node_type": "agent",
      "last_bid_price": 28,
      "last_ask_price": null,
      "last_trade_price": null,
      "total_trades": 0,
      "total_volume": 0,
      "strategy_type": null,
      "inferred_valuation": 74.4303,
      "valuation_confidence": 0.5,
      "aggressiveness_score": 0.0,
      "last_activity": 40.89552238805972
    },
    "B07": {
      "agent_id": "B07",
      "node_type": "agent",
      "last_bid_price": 98,
      "last_ask_price": null,
      "last_trade_price": null,
      "total_trades": 0,
      "total_volume": 0,
      "strategy_type": null,
      "inferred_valuation": 98.0,
      "valuation_confidence": 0.2,
      "aggressiveness_score": 0.0,
      "last_activity": 15.373134328358166
    },
    "B09": {
      "agent_id": "B09",
      "node_type": "agent",
      "last_bid_price": 121,
      "last_ask_price": null,
      "last_trade_price": null,
      "total_trades": 0,
      "total_volume": 0,
      "strategy_type": null,
      "inferred_valuation": 101.88999999999999,
      "valuation_confidence": 0.30000000000000004,
      "aggressiveness_score": 0.0,
      "last_activity": 30.597014925373
    },
    "B04": {
      "agent_id": "B04",
      "node_type": "agent",
      "last_bid_price": 82,
      "last_ask_price": null,
      "last_trade_price": null,
      "total_trades": 0,
      "total_volume": 0,
      "strategy_type": null,
      "inferred_valuation": 82.0,
      "valuation_confidence": 0.2,
      "aggressiveness_score": 0.0,
      "last_activity": 15.373134328358166
    },
    "S03": {
      "agent_id": "S03",
      "node_type": "agent",
      "last_bid_price": null,
      "last_ask_price": 157,
      "last_trade_price": null,
      "total_trades": 0,
      "total_volume": 0,
      "strategy_type": null,
      "inferred_valuation": 138.1,
      "valuation_confidence": 0.2,
      "aggressiveness_score": 0.0,
      "last_activity": 51.04477611940318
    },
    "S12": {
      "agent_id": "S12",
      "node_type": "agent",
      "last_bid_price": null,
      "last_ask_price": 181,
      "last_trade_price": null,
      "total_trades": 0,
      "total_volume": 0,
      "strategy_type": null,
      "inferred_valuation": 164.63400000000001,
      "valuation_confidence": 0.5,
      "aggressiveness_score": 0.0,
      "last_activity": 51.04477611940318
    },
    "S20": {
      "agent_id": "S20",
      "node_type": "agent",
      "last_bid_price": null,
      "last_ask_price": 340,
      "last_trade_price": null,
      "total_trades": 0,
      "total_volume": 0,
      "strategy_type": null,
      "inferred_valuation": 210.55599999999998,
      "valuation_confidence": 0.4,
      "aggressiveness_score": 0.0,
      "last_activity": 40.89552238805972
    },
    "P14": {
      "agent_id": "P14",
      "node_type": "agent",
      "last_bid_price": 124,
      "last_ask_price": 127,
      "last_trade_price": null,
      "total_trades": 0,
      "total_volume": 0,
      "strategy_type": null,
      "inferred_valuation": 125.53,
      "valuation_confidence": 0.30000000000000004,
      "aggressiveness_score": 0.0,
      "last_activity": 30.597014925373
    },
    "P09": {
      "agent_id": "P09",
      "node_type": "agent",
      "last_bid_price": 131,
      "last_ask_price": 130,
      "last_trade_price": null,
      "total_trades": 0,
      "total_volume": 0,
      "strategy_type": null,
      "inferred_valuation": 127.35999999999999,
      "valuation_confidence": 0.30000000000000004,
      "aggressiveness_score": 0.0,
      "last_activity": 51.04477611940318
    },
    "B06": {
      "agent_id": "B06",
      "node_type": "agent",
      "last_bid_price": 112,
      "last_ask_price": null,
      "last_trade_price": null,
      "total_trades": 0,
      "total_volume": 0,
      "strategy_type": null,
      "inferred_valuation": 112.0,
      "valuation_confidence": 0.2,
      "aggressiveness_score": 0.0,
      "last_activity": 20.447761194029777
    },
    "B20": {
      "agent_id": "B20",
      "node_type": "agent",
      "last_bid_price": 100,
      "last_ask_price": null,
      "last_trade_price": null,
      "total_trades": 0,
      "total_volume": 0,
      "strategy_type": null,
      "inferred_valuation": 100,
      "valuation_confidence": 0.1,
      "aggressiveness_score": 0.0,
      "last_activity": 15.373134328358166
    },
    "B10": {
      "agent_id": "B10",
      "node_type": "agent",
      "last_bid_price": 117,
      "last_ask_price": null,
      "last_trade_price": null,
      "total_trades": 0,
      "total_volume": 0,
      "strategy_type": null,
      "inferred_valuation": 107.69,
      "valuation_confidence": 0.30000000000000004,
      "aggressiveness_score": 0.0,
      "last_activity": 25.522388059701388
    },
    "S04": {
      "agent_id": "S04",
      "node_type": "agent",
      "last_bid_price": null,
      "last_ask_price": 153,
      "last_trade_price": null,
      "total_trades": 0,
      "total_volume": 0,
      "strategy_type": null,
      "inferred_valuation": 141.98969999999997,
      "valuation_confidence": 0.5,
      "aggressiveness_score": 0.0,
      "last_activity": 40.89552238805972
    },
    "P12": {
      "agent_id": "P12",
      "node_type": "agent",
      "last_bid_price": null,
      "last_ask_price": 139,
      "last_trade_price": null,
      "total_trades": 0,
      "total_volume": 0,
      "strategy_type": null,
      "inferred_valuation": 132.7,
      "valuation_confidence": 0.5,
      "aggressiveness_score": 0.0,
      "last_activity": 51.04477611940318
    },
    "P16": {
      "agent_id": "P16",
      "node_type": "agent",
      "last_bid_price": 129,
      "last_ask_price": null,
      "last_trade_price": null,
      "total_trades": 0,
      "total_volume": 0,
      "strategy_type": null,
      "inferred_valuation": 125.91999999999999,
      "valuation_confidence": 0.30000000000000004,
      "aggressiveness_score": 0.0,
      "last_activity": 51.04477611940318
    },
    "P13": {
      "agent_id": "P13",
      "node_type": "agent",
      "last_bid_price": 127,
      "last_ask_price": null,
      "last_trade_price": null,
      "total_trades": 0,
      "total_volume": 0,
      "strategy_type": null,
      "inferred_valuation": 124.53039999999999,
      "valuation_confidence": 0.5,
      "aggressiveness_score": 0.0,
      "last_activity": 51.04477611940318
    },
    "P19": {
      "agent_id": "P19",
      "node_type": "agent",
      "last_bid_price": 124,
      "last_ask_price": 139,
      "last_trade_price": null,
      "total_trades": 0,
      "total_volume": 0,
      "strategy_type": null,
      "inferred_valuation": 129.13,
      "valuation_confidence": 0.30000000000000004,
      "aggressiveness_score": 0.0,
      "last_activity": 51.04477611940318
    },
    "B15": {
      "agent_id": "B15",
      "node_type": "agent",
      "last_bid_price": 120,
      "last_ask_price": null,
      "last_trade_price": null,
      "total_trades": 0,
      "total_volume": 0,
      "strategy_type": null,
      "inferred_valuation": 120,
      "valuation_confidence": 0.1,
      "aggressiveness_score": 0.0,
      "last_activity": 20.447761194029777
    },
    "B21": {
      "agent_id": "B21",
      "node_type": "agent",
      "last_bid_price": 120,
      "last_ask_price": null,
      "last_trade_price": null,
      "total_trades": 0,
      "total_volume": 0,
      "strategy_type": null,
      "inferred_valuation": 116.5,
      "valuation_confidence": 0.2,
      "aggressiveness_score": 0.0,
      "last_activity": 30.597014925373
    },
    "B08": {
      "agent_id": "B08",
      "node_type": "agent",
      "last_bid_price": 130,
      "last_ask_price": null,
      "last_trade_price": null,
      "total_trades": 0,
      "total_volume": 0,
      "strategy_type": null,
      "inferred_valuation": 118.1,
      "valuation_confidence": 0.30000000000000004,
      "aggressiveness_score": 0.0,
      "last_activity": 51.04477611940318
    },
    "B14": {
      "agent_id": "B14",
      "node_type": "agent",
      "last_bid_price": 120,
      "last_ask_price": null,
      "last_trade_price": null,
      "total_trades": 0,
      "total_volume": 0,
      "strategy_type": null,
      "inferred_valuation": 113.63,
      "valuation_confidence": 0.30000000000000004,
      "aggressiveness_score": 0.0,
      "last_activity": 30.597014925373
    },
    "B18": {
      "agent_id": "B18",
      "node_type": "agent",
      "last_bid_price": 104,
      "last_ask_price": null,
      "last_trade_price": null,
      "total_trades": 0,
      "total_volume": 0,
      "strategy_type": null,
      "inferred_valuation": 101.2,
      "valuation_confidence": 0.2,
      "aggressiveness_score": 0.0,
      "last_activity": 35.820895522387985
    },
    "S15": {
      "agent_id": "S15",
      "node_type": "agent",
      "last_bid_price": null,
      "last_ask_price": 127,
      "last_trade_price": null,
      "total_trades": 0,
      "total_volume": 0,
      "strategy_type": null,
      "inferred_valuation": 127,
      "valuation_confidence": 0.1,
      "aggressiveness_score": 0.0,
      "last_activity": 20.447761194029777
    },
    "P15": {
      "agent_id": "P15",
      "node_type": "agent",
      "last_bid_price": 126,
      "last_ask_price": 127,
      "last_trade_price": null,
      "total_trades": 0,
      "total_volume": 0,
      "strategy_type": null,
      "inferred_valuation": 126.51106999999998,
      "valuation_confidence": 0.6,
      "aggressiveness_score": 0.0,
      "last_activity": 51.04477611940318
    },
    "P00": {
      "agent_id": "P00",
      "node_type": "agent",
      "last_bid_price": 122,
      "last_ask_price": 129,
      "last_trade_price": null,
      "total_trades": 0,
      "total_volume": 0,
      "strategy_type": null,
      "inferred_valuation": 124.40100000000001,
      "valuation_confidence": 0.4,
      "aggressiveness_score": 0.0,
      "last_activity": 51.04477611940318
    },
    "P06": {
      "agent_id": "P06",
      "node_type": "agent",
      "last_bid_price": 128,
      "last_ask_price": 127,
      "last_trade_price": null,
      "total_trades": 0,
      "total_volume": 0,
      "strategy_type": null,
      "inferred_valuation": 125.82999999999998,
      "valuation_confidence": 0.30000000000000004,
      "aggressiveness_score": 0.0,
      "last_activity": 51.04477611940318
    },
    "P10": {
      "agent_id": "P10",
      "node_type": "agent",
      "last_bid_price": 124,
      "last_ask_price": 139,
      "last_trade_price": null,
      "total_trades": 0,
      "total_volume": 0,
      "strategy_type": null,
      "inferred_valuation": 128.5,
      "valuation_confidence": 0.2,
      "aggressiveness_score": 0.0,
      "last_activity": 51.04477611940318
    },
    "B01": {
      "agent_id": "B01",
      "node_type": "agent",
      "last_bid_price": 91,
      "last_ask_price": null,
      "last_trade_price": null,
      "total_trades": 0,
      "total_volume": 0,
      "strategy_type": null,
      "inferred_valuation": 91,
      "valuation_confidence": 0.1,
      "aggressiveness_score": 0.0,
      "last_activity": 25.522388059701388
    },
    "S14": {
      "agent_id": "S14",
      "node_type": "agent",
      "last_bid_price": null,
      "last_ask_price": 144,
      "last_trade_price": null,
      "total_trades": 0,
      "total_volume": 0,
      "strategy_type": null,
      "inferred_valuation": 136.29999999999998,
      "valuation_confidence": 0.4,
      "aggressiveness_score": 0.0,
      "last_activity": 51.04477611940318
    },
    "S00": {
      "agent_id": "S00",
      "node_type": "agent",
      "last_bid_price": null,
      "last_ask_price": 129,
      "last_trade_price": null,
      "total_trades": 0,
      "total_volume": 0,
      "strategy_type": null,
      "inferred_valuation": 135.85999999999999,
      "valuation_confidence": 0.4,
      "aggressiveness_score": 0.0,
      "last_activity": 40.89552238805972
    },
    "S22": {
      "agent_id": "S22",
      "node_type": "agent",
      "last_bid_price": null,
      "last_ask_price": 161,
      "last_trade_price": null,
      "total_trades": 0,
      "total_volume": 0,
      "strategy_type": null,
      "inferred_valuation": 151.298,
      "valuation_confidence": 0.4,
      "aggressiveness_score": 0.0,
      "last_activity": 51.04477611940318
    },
    "S19": {
      "agent_id": "S19",
      "node_type": "agent",
      "last_bid_price": null,
      "last_ask_price": 172,
      "last_trade_price": null,
      "total_trades": 0,
      "total_volume": 0,
      "strategy_type": null,
      "inferred_valuation": 172.0,
      "valuation_confidence": 0.2,
      "aggressiveness_score": 0.0,
      "last_activity": 30.597014925373
    },
    "S13": {
      "agent_id": "S13",
      "node_type": "agent",
      "last_bid_price": null,
      "last_ask_price": 154,
      "last_trade_price": null,
      "total_trades": 0,
      "total_volume": 0,
      "strategy_type": null,
      "inferred_valuation": 153.04449999999997,
      "valuation_confidence": 0.5,
      "aggressiveness_score": 0.0,
      "last_activity": 45.97014925373145
    },
    "P04": {
      "agent_id": "P04",
      "node_type": "agent",
      "last_bid_price": 124,
      "last_ask_price": 130,
      "last_trade_price": null,
      "total_trades": 0,
      "total_volume": 0,
      "strategy_type": null,
      "inferred_valuation": 125.8,
      "valuation_confidence": 0.2,
      "aggressiveness_score": 0.0,
      "last_activity": 45.97014925373145
    },
    "B22": {
      "agent_id": "B22",
      "node_type": "agent",
      "last_bid_price": 112,
      "last_ask_price": null,
      "last_trade_price": null,
      "total_trades": 0,
      "total_volume": 0,
      "strategy_type": null,
      "inferred_valuation": 112,
      "valuation_confidence": 0.1,
      "aggressiveness_score": 0.0,
      "last_activity": 30.597014925373
    },
    "B03": {
      "agent_id": "B03",
      "node_type": "agent",
      "last_bid_price": 103,
      "last_ask_price": null,
      "last_trade_price": null,
      "total_trades": 0,
      "total_volume": 0,
      "strategy_type": null,
      "inferred_valuation": 103.0,
      "valuation_confidence": 0.2,
      "aggressiveness_score": 0.0,
      "last_activity": 35.820895522387985
    },
    "S17": {
      "agent_id": "S17",
      "node_type": "agent",
      "last_bid_price": null,
      "last_ask_price": 154,
      "last_trade_price": null,
      "total_trades": 0,
      "total_volume": 0,
      "strategy_type": null,
      "inferred_valuation": 135.1,
      "valuation_confidence": 0.2,
      "aggressiveness_score": 0.0,
      "last_activity": 40.89552238805972
    },
    "S05": {
      "agent_id": "S05",
      "node_type": "agent",
      "last_bid_price": null,
      "last_ask_price": 196,
      "last_trade_price": null,
      "total_trades": 0,
      "total_volume": 0,
      "strategy_type": null,
      "inferred_valuation": 154.55999999999997,
      "valuation_confidence": 0.30000000000000004,
      "aggressiveness_score": 0.0,
      "last_activity": 45.97014925373145
    },
    "S09": {
      "agent_id": "S09",
      "node_type": "agent",
      "last_bid_price": null,
      "last_ask_price": 140,
      "last_trade_price": null,
      "total_trades": 0,
      "total_volume": 0,
      "strategy_type": null,
      "inferred_valuation": 139.3,
      "valuation_confidence": 0.2,
      "aggressiveness_score": 0.0,
      "last_activity": 51.04477611940318
    },
    "S21": {
      "agent_id": "S21",
      "node_type": "agent",
      "last_bid_price": null,
      "last_ask_price": 154,
      "last_trade_price": null,
      "total_trades": 0,
      "total_volume": 0,
      "strategy_type": null,
      "inferred_valuation": 154,
      "valuation_confidence": 0.1,
      "aggressiveness_score": 0.0,
      "last_activity": 40.89552238805972
    },
    "S08": {
      "agent_id": "S08",
      "node_type": "agent",
      "last_bid_price": null,
      "last_ask_price": 156,
      "last_trade_price": null,
      "total_trades": 0,
      "total_volume": 0,
      "strategy_type": null,
      "inferred_valuation": 156,
      "valuation_confidence": 0.1,
      "aggressiveness_score": 0.0,
      "last_activity": 45.97014925373145
    },
    "B16": {
      "agent_id": "B16",
      "node_type": "agent",
      "last_bid_price": 131,
      "last_ask_price": null,
      "last_trade_price": null,
      "total_trades": 0,
      "total_volume": 0,
      "strategy_type": null,
      "inferred_valuation": 131,
      "valuation_confidence": 0.1,
      "aggressiveness_score": 0.0,
      "last_activity": 51.04477611940318
    },
    "B17": {
      "agent_id": "B17",
      "node_type": "agent",
      "last_bid_price": 128,
      "last_ask_price": null,
      "last_trade_price": null,
      "total_trades": 0,
      "total_volume": 0,
      "strategy_type": null,
      "inferred_valuation": 128,
      "valuation_confidence": 0.1,
      "aggressiveness_score": 0.0,
      "last_activity": 51.04477611940318
    },
    "P03": {
      "agent_id": "P03",
      "node_type": "agent",
      "last_bid_price": null,
      "last_ask_price": 139,
      "last_trade_price": null,
      "total_trades": 0,
      "total_volume": 0,
      "strategy_type": null,
      "inferred_valuation": 139,
      "valuation_confidence": 0.1,
      "aggressiveness_score": 0.0,
      "last_activity": 51.04477611940318
    },
    "S01": {
      "agent_id": "S01",
      "node_type": "agent",
      "last_bid_price": null,
      "last_ask_price": 175,
      "last_trade_price": null,
      "total_trades": 0,
      "total_volume": 0,
      "strategy_type": null,
      "inferred_valuation": 175,
      "valuation_confidence": 0.1,
      "aggressiveness_score": 0.0,
      "last_activity": 51.04477611940318
    },
    "S18": {
      "agent_id": "S18",
      "node_type": "agent",
      "last_bid_price": null,
      "last_ask_price": 187,
      "last_trade_price": null,
      "total_trades": 0,
      "total_volume": 0,
      "strategy_type": null,
      "inferred_valuation": 187,
      "valuation_confidence": 0.1,
      "aggressiveness_score": 0.0,
      "last_activity": 51.04477611940318
    }
  },
  "edges": {
    "ffa881fd-05db-4086-8f61-695fbdbf1b61": {
      "edge_id": "ffa881fd-05db-4086-8f61-695fbdbf1b61",
      "source_node": "BSE_ASSET",
      "target_node": "P18",
      "belief_type": "strategy",
      "confidence": 0.1,
      "value": "unknown",
      "timestamp": 0.0,
      "evidence_count": 0
    },
    "bbc9fd10-2175-4589-ac04-2b03ac43682a": {
      "edge_id": "bbc9fd10-2175-4589-ac04-2b03ac43682a",
      "source_node": "BSE_ASSET",
      "target_node": "P18",
      "belief_type": "valuation",
      "confidence": 0.5,
      "value": 130.0,
      "timestamp": 35.820895522387985,
      "evidence_count": 5
    },
    "436160d5-2a6d-4b0e-96a0-74cc7fc469b3": {
      "edge_id": "436160d5-2a6d-4b0e-96a0-74cc7fc469b3",
      "source_node": "BSE_ASSET",
      "target_node": "P17",
      "belief_type": "strategy",
      "confidence": 0.1,
      "value": "unknown",
      "timestamp": 0.0,
      "evidence_count": 0
    },
    "307d8b4e-b1e2-4f8d-be3a-957d271d7b97": {
      "edge_id": "307d8b4e-b1e2-4f8d-be3a-957d271d7b97",
      "source_node": "BSE_ASSET",
      "target_node": "P17",
      "belief_type": "valuation",
      "confidence": 0.2,
      "value": 129.1,
      "timestamp": 40.89552238805972,
      "evidence_count": 2
    },
    "a86af9f0-90b4-4910-81c6-cc0d297210e9": {
      "edge_id": "a86af9f0-90b4-4910-81c6-cc0d297210e9",
      "source_node": "BSE_ASSET",
      "target_node": "P02",
      "belief_type": "strategy",
      "confidence": 0.1,
      "value": "unknown",
      "timestamp": 5.074626865671641,
      "evidence_count": 0
    },
    "3e3c74fd-d94f-4d05-86b9-d6c3626f4cf7": {
      "edge_id": "3e3c74fd-d94f-4d05-86b9-d6c3626f4cf7",
      "source_node": "BSE_ASSET",
      "target_node": "P02",
      "belief_type": "valuation",
      "confidence": 0.7,
      "value": 128.88235099999997,
      "timestamp": 40.89552238805972,
      "evidence_count": 7
    },
    "b8493ebd-55fe-4df5-a71f-bf4c82884528": {
      "edge_id": "b8493ebd-55fe-4df5-a71f-bf4c82884528",
      "source_node": "BSE_ASSET",
      "target_node": "P01",
      "belief_type": "strategy",
      "confidence": 0.1,
      "value": "unknown",
      "timestamp": 5.074626865671641,
      "evidence_count": 0
    },
    "a4f44ea0-a39d-4398-b89a-42e718181438": {
      "edge_id": "a4f44ea0-a39d-4398-b89a-42e718181438",
      "source_node": "BSE_ASSET",
      "target_node": "P01",
      "belief_type": "valuation",
      "confidence": 0.6,
      "value": 127.16806999999997,
      "timestamp": 51.04477611940318,
      "evidence_count": 6
    },
    "968dd771-c3dd-4f41-bd24-715b926c0794": {
      "edge_id": "968dd771-c3dd-4f41-bd24-715b926c0794",
      "source_node": "BSE_ASSET",
      "target_node": "P08",
      "belief_type": "strategy",
      "confidence": 0.1,
      "value": "unknown",
      "timestamp": 5.074626865671641,
      "evidence_count": 0
    },
    "af889d9d-7654-4dd1-9487-78df9b12f3f4": {
      "edge_id": "af889d9d-7654-4dd1-9487-78df9b12f3f4",
      "source_node": "BSE_ASSET",
      "target_node": "P08",
      "belief_type": "valuation",
      "confidence": 0.7,
      "value": 129.647053,
      "timestamp": 40.89552238805972,
      "evidence_count": 7
    },
    "ad3c396a-22f6-4e25-b5d2-a4c2cbcbc35c": {
      "edge_id": "ad3c396a-22f6-4e25-b5d2-a4c2cbcbc35c",
      "source_node": "BSE_ASSET",
      "target_node": "P07",
      "belief_type": "strategy",
      "confidence": 0.1,
      "value": "unknown",
      "timestamp": 5.074626865671641,
      "evidence_count": 0
    },
    "43566449-9d59-43a5-bf82-f594df1a9700": {
      "edge_id": "43566449-9d59-43a5-bf82-f594df1a9700",
      "source_node": "BSE_ASSET",
      "target_node": "P07",
      "belief_type": "valuation",
      "confidence": 0.95,
      "value": 120.0,
      "timestamp": 51.04477611940318,
      "evidence_count": 10
    },
    "8c6a64f6-6969-4df3-b7b7-102c8e6e0b9e": {
      "edge_id": "8c6a64f6-6969-4df3-b7b7-102c8e6e0b9e",
      "source_node": "BSE_ASSET",
      "target_node": "B11",
      "belief_type": "strategy",
      "confidence": 0.1,
      "value": "unknown",
      "timestamp": 5.074626865671641,
      "evidence_count": 0
    },
    "bceba92a-fee4-420a-9cc9-b52b0b7f6054": {
      "edge_id": "bceba92a-fee4-420a-9cc9-b52b0b7f6054",
      "source_node": "BSE_ASSET",
      "target_node": "B11",
      "belief_type": "valuation",
      "confidence": 0.4,
      "value": 118.91999999999999,
      "timestamp": 51.04477611940318,
      "evidence_count": 4
    },
    "478cf785-0e9c-455d-b245-dcce06d492a7": {
      "edge_id": "478cf785-0e9c-455d-b245-dcce06d492a7",
      "source_node": "BSE_ASSET",
      "target_node": "B19",
      "belief_type": "strategy",
      "confidence": 0.1,
      "value": "unknown",
      "timestamp": 5.074626865671641,
      "evidence_count": 0
    },
    "97fdade7-8505-42d9-9e1f-603e42606df9": {
      "edge_id": "97fdade7-8505-42d9-9e1f-603e42606df9",
      "source_node": "BSE_ASSET",
      "target_node": "B19",
      "belief_type": "valuation",
      "confidence": 0.2,
      "value": 114.19999999999999,
      "timestamp": 10.298507462686555,
      "evidence_count": 2
    },
    "55f4a0c0-9726-42b4-9864-b331a0842e03": {
      "edge_id": "55f4a0c0-9726-42b4-9864-b331a0842e03",
      "source_node": "BSE_ASSET",
      "target_node": "S06",
      "belief_type": "strategy",
      "confidence": 0.1,
      "value": "unknown",
      "timestamp": 5.074626865671641,
      "evidence_count": 0
    },
    "5ba4b402-3651-4de8-b0b9-18edc97b8050": {
      "edge_id": "5ba4b402-3651-4de8-b0b9-18edc97b8050",
      "source_node": "BSE_ASSET",
      "target_node": "S06",
      "belief_type": "valuation",
      "confidence": 0.30000000000000004,
      "value": 139.65,
      "timestamp": 40.89552238805972,
      "evidence_count": 3
    },
    "d573c459-6248-4d37-946b-49ee8c4d6955": {
      "edge_id": "d573c459-6248-4d37-946b-49ee8c4d6955",
      "source_node": "BSE_ASSET",
      "target_node": "S02",
      "belief_type": "strategy",
      "confidence": 0.1,
      "value": "unknown",
      "timestamp": 5.074626865671641,
      "evidence_count": 0
    },
    "de47934a-2b78-48fd-9592-0713ca422e16": {
      "edge_id": "de47934a-2b78-48fd-9592-0713ca422e16",
      "source_node": "BSE_ASSET",
      "target_node": "S02",
      "belief_type": "valuation",
      "confidence": 0.30000000000000004,
      "value": 131.58999999999997,
      "timestamp": 15.373134328358166,
      "evidence_count": 3
    },
    "09ad4521-5f23-40bf-9503-637204bba1b6": {
      "edge_id": "09ad4521-5f23-40bf-9503-637204bba1b6",
      "source_node": "BSE_ASSET",
      "target_node": "S07",
      "belief_type": "strategy",
      "confidence": 0.1,
      "value": "unknown",
      "timestamp": 5.074626865671641,
      "evidence_count": 0
    },
    "adbdc00e-d23e-40ef-99d9-4e41e027a5f6": {
      "edge_id": "adbdc00e-d23e-40ef-99d9-4e41e027a5f6",
      "source_node": "BSE_ASSET",
      "target_node": "S07",
      "belief_type": "valuation",
      "confidence": 0.6,
      "value": 315.86157999999995,
      "timestamp": 45.97014925373145,
      "evidence_count": 6
    },
    "866e8bce-803a-49b2-9238-429c41d97c38": {
      "edge_id": "866e8bce-803a-49b2-9238-429c41d97c38",
      "source_node": "BSE_ASSET",
      "target_node": "P20",
      "belief_type": "strategy",
      "confidence": 0.1,
      "value": "unknown",
      "timestamp": 10.298507462686555,
      "evidence_count": 0
    },
    "0d485acc-dd31-455d-a283-93edc90d6f17": {
      "edge_id": "0d485acc-dd31-455d-a283-93edc90d6f17",
      "source_node": "BSE_ASSET",
      "target_node": "P20",
      "belief_type": "valuation",
      "confidence": 0.2,
      "value": 124.0,
      "timestamp": 15.373134328358166,
      "evidence_count": 2
    },
    "7a974e47-73cd-47ff-9294-8398d17edfa8": {
      "edge_id": "7a974e47-73cd-47ff-9294-8398d17edfa8",
      "source_node": "BSE_ASSET",
      "target_node": "B13",
      "belief_type": "strategy",
      "confidence": 0.1,
      "value": "unknown",
      "timestamp": 10.298507462686555,
      "evidence_count": 0
    },
    "34180fdd-4169-4e4c-9981-9bcc0ab2ac12": {
      "edge_id": "34180fdd-4169-4e4c-9981-9bcc0ab2ac12",
      "source_node": "BSE_ASSET",
      "target_node": "B13",
      "belief_type": "valuation",
      "confidence": 0.4,
      "value": 105.1,
      "timestamp": 25.522388059701388,
      "evidence_count": 4
    },
    "9f45f068-2b10-40f8-a0da-7eb96b41fe24": {
      "edge_id": "9f45f068-2b10-40f8-a0da-7eb96b41fe24",
      "source_node": "BSE_ASSET",
      "target_node": "B05",
      "belief_type": "strategy",
      "confidence": 0.1,
      "value": "unknown",
      "timestamp": 10.298507462686555,
      "evidence_count": 0
    },
    "f0851b4e-8346-4b19-b70f-1a32fb922e51": {
      "edge_id": "f0851b4e-8346-4b19-b70f-1a32fb922e51",
      "source_node": "BSE_ASSET",
      "target_node": "B05",
      "belief_type": "valuation",
      "confidence": 0.30000000000000004,
      "value": 95.94,
      "timestamp": 20.447761194029777,
      "evidence_count": 3
    },
    "6a647a46-f5af-4594-9fef-0aa14c2c5b3b": {
      "edge_id": "6a647a46-f5af-4594-9fef-0aa14c2c5b3b",
      "source_node": "BSE_ASSET",
      "target_node": "B02",
      "belief_type": "strategy",
      "confidence": 0.1,
      "value": "unknown",
      "timestamp": 10.298507462686555,
      "evidence_count": 0
    },
    "693fba95-3b75-426e-b372-3e38927dcf73": {
      "edge_id": "693fba95-3b75-426e-b372-3e38927dcf73",
      "source_node": "BSE_ASSET",
      "target_node": "B02",
      "belief_type": "valuation",
      "confidence": 0.5,
      "value": 74.4303,
      "timestamp": 40.89552238805972,
      "evidence_count": 5
    },
    "32fc6d5f-cd39-418a-9d04-137b75d18d30": {
      "edge_id": "32fc6d5f-cd39-418a-9d04-137b75d18d30",
      "source_node": "BSE_ASSET",
      "target_node": "B07",
      "belief_type": "strategy",
      "confidence": 0.1,
      "value": "unknown",
      "timestamp": 10.298507462686555,
      "evidence_count": 0
    },
    "2e5f0e1e-f427-408e-a2fc-70586b5bb951": {
      "edge_id": "2e5f0e1e-f427-408e-a2fc-70586b5bb951",
      "source_node": "BSE_ASSET",
      "target_node": "B07",
      "belief_type": "valuation",
      "confidence": 0.2,
      "value": 98.0,
      "timestamp": 15.373134328358166,
      "evidence_count": 2
    },
    "acded6c0-30a8-41e1-8d8d-8b8e8206ee16": {
      "edge_id": "acded6c0-30a8-41e1-8d8d-8b8e8206ee16",
      "source_node": "BSE_ASSET",
      "target_node": "B09",
      "belief_type": "strategy",
      "confidence": 0.1,
      "value": "unknown",
      "timestamp": 10.298507462686555,
      "evidence_count": 0
    },
    "f796756b-828c-420d-bd17-c07c17a8b1cc": {
      "edge_id": "f796756b-828c-420d-bd17-c07c17a8b1cc",
      "source_node": "BSE_ASSET",
      "target_node": "B09",
      "belief_type": "valuation",
      "confidence": 0.30000000000000004,
      "value": 101.88999999999999,
      "timestamp": 30.597014925373,
      "evidence_count": 3
    },
    "6b0361b4-9e93-4075-a9b3-0a93af5f4317": {
      "edge_id": "6b0361b4-9e93-4075-a9b3-0a93af5f4317",
      "source_node": "BSE_ASSET",
      "target_node": "B04",
      "belief_type": "strategy",
      "confidence": 0.1,
      "value": "unknown",
      "timestamp": 10.298507462686555,
      "evidence_count": 0
    },
    "694e4b0a-13ed-4502-af2d-b8f7a36df9c7": {
      "edge_id": "694e4b0a-13ed-4502-af2d-b8f7a36df9c7",
      "source_node": "BSE_ASSET",
      "target_node": "B04",
      "belief_type": "valuation",
      "confidence": 0.2,
      "value": 82.0,
      "timestamp": 15.373134328358166,
      "evidence_count": 2
    },
    "ed541d8d-15a0-4326-93c5-2a5c6309eaf0": {
      "edge_id": "ed541d8d-15a0-4326-93c5-2a5c6309eaf0",
      "source_node": "BSE_ASSET",
      "target_node": "S03",
      "belief_type": "strategy",
      "confidence": 0.1,
      "value": "unknown",
      "timestamp": 10.298507462686555,
      "evidence_count": 0
    },
    "dc239dd5-92ae-489f-b54f-1b55095a55c3": {
      "edge_id": "dc239dd5-92ae-489f-b54f-1b55095a55c3",
      "source_node": "BSE_ASSET",
      "target_node": "S03",
      "belief_type": "valuation",
      "confidence": 0.2,
      "value": 138.1,
      "timestamp": 51.04477611940318,
      "evidence_count": 2
    },
    "eb3f01f5-a838-4295-88d1-ad71717d9850": {
      "edge_id": "eb3f01f5-a838-4295-88d1-ad71717d9850",
      "source_node": "BSE_ASSET",
      "target_node": "S12",
      "belief_type": "strategy",
      "confidence": 0.1,
      "value": "unknown",
      "timestamp": 10.298507462686555,
      "evidence_count": 0
    },
    "4eaed120-9f33-47a8-8b86-bc14461b28d6": {
      "edge_id": "4eaed120-9f33-47a8-8b86-bc14461b28d6",
      "source_node": "BSE_ASSET",
      "target_node": "S12",
      "belief_type": "valuation",
      "confidence": 0.5,
      "value": 164.63400000000001,
      "timestamp": 51.04477611940318,
      "evidence_count": 5
    },
    "5ba83d7a-bb34-4c45-835d-f756317b1ab4": {
      "edge_id": "5ba83d7a-bb34-4c45-835d-f756317b1ab4",
      "source_node": "BSE_ASSET",
      "target_node": "S20",
      "belief_type": "strategy",
      "confidence": 0.1,
      "value": "unknown",
      "timestamp": 10.298507462686555,
      "evidence_count": 0
    },
    "2f26b528-1fc7-4ca2-b298-5d631ada67d1": {
      "edge_id": "2f26b528-1fc7-4ca2-b298-5d631ada67d1",
      "source_node": "BSE_ASSET",
      "target_node": "S20",
      "belief_type": "valuation",
      "confidence": 0.4,
      "value": 210.55599999999998,
      "timestamp": 40.89552238805972,
      "evidence_count": 4
    },
    "6398b5b7-33fc-4500-94c4-b7e63193e071": {
      "edge_id": "6398b5b7-33fc-4500-94c4-b7e63193e071",
      "source_node": "BSE_ASSET",
      "target_node": "P14",
      "belief_type": "strategy",
      "confidence": 0.1,
      "value": "unknown",
      "timestamp": 15.373134328358166,
      "evidence_count": 0
    },
    "67afe916-a83e-4541-a2c7-4a810a777c2f": {
      "edge_id": "67afe916-a83e-4541-a2c7-4a810a777c2f",
      "source_node": "BSE_ASSET",
      "target_node": "P14",
      "belief_type": "valuation",
      "confidence": 0.30000000000000004,
      "value": 125.53,
      "timestamp": 30.597014925373,
      "evidence_count": 3
    },
    "205e2196-d5cb-41be-bef1-687ceed514d1": {
      "edge_id": "205e2196-d5cb-41be-bef1-687ceed514d1",
      "source_node": "BSE_ASSET",
      "target_node": "P09",
      "belief_type": "strategy",
      "confidence": 0.1,
      "value": "unknown",
      "timestamp": 15.373134328358166,
      "evidence_count": 0
    },
    "eec2cc63-a5e4-48ff-ba20-537d8bd3b7bf": {
      "edge_id": "eec2cc63-a5e4-48ff-ba20-537d8bd3b7bf",
      "source_node": "BSE_ASSET",
      "target_node": "P09",
      "belief_type": "valuation",
      "confidence": 0.30000000000000004,
      "value": 127.35999999999999,
      "timestamp": 51.04477611940318,
      "evidence_count": 3
    },
    "aa78a441-4683-4730-9ce5-7fc4e804c212": {
      "edge_id": "aa78a441-4683-4730-9ce5-7fc4e804c212",
      "source_node": "BSE_ASSET",
      "target_node": "B06",
      "belief_type": "strategy",
      "confidence": 0.1,
      "value": "unknown",
      "timestamp": 15.373134328358166,
      "evidence_count": 0
    },
    "94c0b21f-788e-4a62-958d-54e24dbf3384": {
      "edge_id": "94c0b21f-788e-4a62-958d-54e24dbf3384",
      "source_node": "BSE_ASSET",
      "target_node": "B06",
      "belief_type": "valuation",
      "confidence": 0.2,
      "value": 112.0,
      "timestamp": 20.447761194029777,
      "evidence_count": 2
    },
    "4a15293a-ca1e-47ae-8922-29c832d29f18": {
      "edge_id": "4a15293a-ca1e-47ae-8922-29c832d29f18",
      "source_node": "BSE_ASSET",
      "target_node": "B20",
      "belief_type": "strategy",
      "confidence": 0.1,
      "value": "unknown",
      "timestamp": 15.373134328358166,
      "evidence_count": 0
    },
    "30a14c51-5e2c-4884-93b1-cb29bc8c2e1c": {
      "edge_id": "30a14c51-5e2c-4884-93b1-cb29bc8c2e1c",
      "source_node": "BSE_ASSET",
      "target_node": "B20",
      "belief_type": "valuation",
      "confidence": 0.1,
      "value": 100,
      "timestamp": 15.373134328358166,
      "evidence_count": 1
    },
    "eb695407-93c0-4835-acde-a80608eeded5": {
      "edge_id": "eb695407-93c0-4835-acde-a80608eeded5",
      "source_node": "BSE_ASSET",
      "target_node": "B10",
      "belief_type": "strategy",
      "confidence": 0.1,
      "value": "unknown",
      "timestamp": 15.373134328358166,
      "evidence_count": 0
    },
    "deb8b8fb-886e-4aad-b500-178be207ecf9": {
      "edge_id": "deb8b8fb-886e-4aad-b500-178be207ecf9",
      "source_node": "BSE_ASSET",
      "target_node": "B10",
      "belief_type": "valuation",
      "confidence": 0.30000000000000004,
      "value": 107.69,
      "timestamp": 25.522388059701388,
      "evidence_count": 3
    },
    "c533eec6-70fe-4cff-9596-0aaa80849c5a": {
      "edge_id": "c533eec6-70fe-4cff-9596-0aaa80849c5a",
      "source_node": "BSE_ASSET",
      "target_node": "S04",
      "belief_type": "strategy",
      "confidence": 0.1,
      "value": "unknown",
      "timestamp": 15.373134328358166,
      "evidence_count": 0
    },
    "7fc6663a-346f-4b32-89cf-a1733fb0b13b": {
      "edge_id": "7fc6663a-346f-4b32-89cf-a1733fb0b13b",
      "source_node": "BSE_ASSET",
      "target_node": "S04",
      "belief_type": "valuation",
      "confidence": 0.5,
      "value": 141.98969999999997,
      "timestamp": 40.89552238805972,
      "evidence_count": 5
    },
    "3308a39a-6f04-43df-a6ba-ec04cbcda8d0": {
      "edge_id": "3308a39a-6f04-43df-a6ba-ec04cbcda8d0",
      "source_node": "BSE_ASSET",
      "target_node": "P12",
      "belief_type": "strategy",
      "confidence": 0.1,
      "value": "unknown",
      "timestamp": 15.373134328358166,
      "evidence_count": 0
    },
    "e543be8f-ef08-4384-a3ff-d2310dacfbc9": {
      "edge_id": "e543be8f-ef08-4384-a3ff-d2310dacfbc9",
      "source_node": "BSE_ASSET",
      "target_node": "P12",
      "belief_type": "valuation",
      "confidence": 0.5,
      "value": 132.7,
      "timestamp": 51.04477611940318,
      "evidence_count": 5
    },
    "6e17da5a-3760-4ebb-ada5-77454964f37c": {
      "edge_id": "6e17da5a-3760-4ebb-ada5-77454964f37c",
      "source_node": "BSE_ASSET",
      "target_node": "P16",
      "belief_type": "strategy",
      "confidence": 0.1,
      "value": "unknown",
      "timestamp": 15.373134328358166,
      "evidence_count": 0
    },
    "33201bb4-2156-492c-a41b-f26238ec538c": {
      "edge_id": "33201bb4-2156-492c-a41b-f26238ec538c",
      "source_node": "BSE_ASSET",
      "target_node": "P16",
      "belief_type": "valuation",
      "confidence": 0.30000000000000004,
      "value": 125.91999999999999,
      "timestamp": 51.04477611940318,
      "evidence_count": 3
    },
    "d0912104-88b0-4775-98c2-9e03b218c58f": {
      "edge_id": "d0912104-88b0-4775-98c2-9e03b218c58f",
      "source_node": "BSE_ASSET",
      "target_node": "P13",
      "belief_type": "strategy",
      "confidence": 0.1,
      "value": "unknown",
      "timestamp": 20.447761194029777,
      "evidence_count": 0
    },
    "e3c448ee-19ca-4df0-b6c7-1e720b4a017b": {
      "edge_id": "e3c448ee-19ca-4df0-b6c7-1e720b4a017b",
      "source_node": "BSE_ASSET",
      "target_node": "P13",
      "belief_type": "valuation",
      "confidence": 0.5,
      "value": 124.53039999999999,
      "timestamp": 51.04477611940318,
      "evidence_count": 5
    },
    "addb8e77-9cc5-45ed-9187-72aa4fb83be5": {
      "edge_id": "addb8e77-9cc5-45ed-9187-72aa4fb83be5",
      "source_node": "BSE_ASSET",
      "target_node": "P19",
      "belief_type": "strategy",
      "confidence": 0.1,
      "value": "unknown",
      "timestamp": 20.447761194029777,
      "evidence_count": 0
    },
    "9c7a91bb-ff79-4c42-9b3e-036602f0b6f2": {
      "edge_id": "9c7a91bb-ff79-4c42-9b3e-036602f0b6f2",
      "source_node": "BSE_ASSET",
      "target_node": "P19",
      "belief_type": "valuation",
      "confidence": 0.30000000000000004,
      "value": 129.13,
      "timestamp": 51.04477611940318,
      "evidence_count": 3
    },
    "01f128e1-a162-4484-93e2-badad8582a01": {
      "edge_id": "01f128e1-a162-4484-93e2-badad8582a01",
      "source_node": "BSE_ASSET",
      "target_node": "B15",
      "belief_type": "strategy",
      "confidence": 0.1,
      "value": "unknown",
      "timestamp": 20.447761194029777,
      "evidence_count": 0
    },
    "7ae70c7e-a558-4068-b1eb-0fdb954275ff": {
      "edge_id": "7ae70c7e-a558-4068-b1eb-0fdb954275ff",
      "source_node": "BSE_ASSET",
      "target_node": "B15",
      "belief_type": "valuation",
      "confidence": 0.1,
      "value": 120,
      "timestamp": 20.447761194029777,
      "evidence_count": 1
    },
    "e3d18fef-b480-44be-bd91-86d0b73cb74d": {
      "edge_id": "e3d18fef-b480-44be-bd91-86d0b73cb74d",
      "source_node": "BSE_ASSET",
      "target_node": "B21",
      "belief_type": "strategy",
      "confidence": 0.1,
      "value": "unknown",
      "timestamp": 20.447761194029777,
      "evidence_count": 0
    },
    "83f55620-918a-4108-8ba4-9d333c4a42b5": {
      "edge_id": "83f55620-918a-4108-8ba4-9d333c4a42b5",
      "source_node": "BSE_ASSET",
      "target_node": "B21",
      "belief_type": "valuation",
      "confidence": 0.2,
      "value": 116.5,
      "timestamp": 30.597014925373,
      "evidence_count": 2
    },
    "41c71bea-4ef5-427c-85ce-0984a40fd94f": {
      "edge_id": "41c71bea-4ef5-427c-85ce-0984a40fd94f",
      "source_node": "BSE_ASSET",
      "target_node": "B08",
      "belief_type": "strategy",
      "confidence": 0.1,
      "value": "unknown",
      "timestamp": 20.447761194029777,
      "evidence_count": 0
    },
    "fc2f4d81-eb73-42d5-9836-86ca35b9de30": {
      "edge_id": "fc2f4d81-eb73-42d5-9836-86ca35b9de30",
      "source_node": "BSE_ASSET",
      "target_node": "B08",
      "belief_type": "valuation",
      "confidence": 0.30000000000000004,
      "value": 118.1,
      "timestamp": 51.04477611940318,
      "evidence_count": 3
    },
    "939bcb22-c8ae-48b2-888f-93719512c5e2": {
      "edge_id": "939bcb22-c8ae-48b2-888f-93719512c5e2",
      "source_node": "BSE_ASSET",
      "target_node": "B14",
      "belief_type": "strategy",
      "confidence": 0.1,
      "value": "unknown",
      "timestamp": 20.447761194029777,
      "evidence_count": 0
    },
    "b5adb0d4-5bf6-4e92-b19b-804e17ddfff4": {
      "edge_id": "b5adb0d4-5bf6-4e92-b19b-804e17ddfff4",
      "source_node": "BSE_ASSET",
      "target_node": "B14",
      "belief_type": "valuation",
      "confidence": 0.30000000000000004,
      "value": 113.63,
      "timestamp": 30.597014925373,
      "evidence_count": 3
    },
    "5c26f3d6-ed5d-4449-a4a0-e988754ac3b3": {
      "edge_id": "5c26f3d6-ed5d-4449-a4a0-e988754ac3b3",
      "source_node": "BSE_ASSET",
      "target_node": "B18",
      "belief_type": "strategy",
      "confidence": 0.1,
      "value": "unknown",
      "timestamp": 20.447761194029777,
      "evidence_count": 0
    },
    "3b00d27e-520a-4ddf-9bba-b1d78fdb3ef7": {
      "edge_id": "3b00d27e-520a-4ddf-9bba-b1d78fdb3ef7",
      "source_node": "BSE_ASSET",
      "target_node": "B18",
      "belief_type": "valuation",
      "confidence": 0.2,
      "value": 101.2,
      "timestamp": 35.820895522387985,
      "evidence_count": 2
    },
    "65d7e49e-0a42-4f8d-a397-34ecabdad8ae": {
      "edge_id": "65d7e49e-0a42-4f8d-a397-34ecabdad8ae",
      "source_node": "BSE_ASSET",
      "target_node": "S15",
      "belief_type": "strategy",
      "confidence": 0.1,
      "value": "unknown",
      "timestamp": 20.447761194029777,
      "evidence_count": 0
    },
    "0a633a10-0a5e-44a6-a962-239bf6c98a1b": {
      "edge_id": "0a633a10-0a5e-44a6-a962-239bf6c98a1b",
      "source_node": "BSE_ASSET",
      "target_node": "S15",
      "belief_type": "valuation",
      "confidence": 0.1,
      "value": 127,
      "timestamp": 20.447761194029777,
      "evidence_count": 1
    },
    "1d2c4e60-8dd5-46a2-93f8-bf25831a0cf2": {
      "edge_id": "1d2c4e60-8dd5-46a2-93f8-bf25831a0cf2",
      "source_node": "BSE_ASSET",
      "target_node": "P15",
      "belief_type": "strategy",
      "confidence": 0.1,
      "value": "unknown",
      "timestamp": 20.447761194029777,
      "evidence_count": 0
    },
    "77c6bef0-0be9-419b-99ca-6fe3b0841efd": {
      "edge_id": "77c6bef0-0be9-419b-99ca-6fe3b0841efd",
      "source_node": "BSE_ASSET",
      "target_node": "P15",
      "belief_type": "valuation",
      "confidence": 0.6,
      "value": 126.51106999999998,
      "timestamp": 51.04477611940318,
      "evidence_count": 6
    },
    "8f55975f-7a38-495e-a777-9f1f8c6d069a": {
      "edge_id": "8f55975f-7a38-495e-a777-9f1f8c6d069a",
      "source_node": "BSE_ASSET",
      "target_node": "P00",
      "belief_type": "strategy",
      "confidence": 0.1,
      "value": "unknown",
      "timestamp": 20.447761194029777,
      "evidence_count": 0
    },
    "c381749c-36b2-422d-afe6-5f6ade8a30b8": {
      "edge_id": "c381749c-36b2-422d-afe6-5f6ade8a30b8",
      "source_node": "BSE_ASSET",
      "target_node": "P00",
      "belief_type": "valuation",
      "confidence": 0.4,
      "value": 124.40100000000001,
      "timestamp": 51.04477611940318,
      "evidence_count": 4
    },
    "6dac1d8f-9419-43e1-8f07-91bfd0d99d58": {
      "edge_id": "6dac1d8f-9419-43e1-8f07-91bfd0d99d58",
      "source_node": "BSE_ASSET",
      "target_node": "P06",
      "belief_type": "strategy",
      "confidence": 0.1,
      "value": "unknown",
      "timestamp": 20.447761194029777,
      "evidence_count": 0
    },
    "cbd2f3cc-2dba-4906-84e6-473009d1a8a0": {
      "edge_id": "cbd2f3cc-2dba-4906-84e6-473009d1a8a0",
      "source_node": "BSE_ASSET",
      "target_node": "P06",
      "belief_type": "valuation",
      "confidence": 0.30000000000000004,
      "value": 125.82999999999998,
      "timestamp": 51.04477611940318,
      "evidence_count": 3
    },
    "96fa4722-4b3d-4656-be74-753a00b2918f": {
      "edge_id": "96fa4722-4b3d-4656-be74-753a00b2918f",
      "source_node": "BSE_ASSET",
      "target_node": "P10",
      "belief_type": "strategy",
      "confidence": 0.1,
      "value": "unknown",
      "timestamp": 25.522388059701388,
      "evidence_count": 0
    },
    "a0ed458c-ce1b-43ca-9185-f0f3e1ff99ce": {
      "edge_id": "a0ed458c-ce1b-43ca-9185-f0f3e1ff99ce",
      "source_node": "BSE_ASSET",
      "target_node": "P10",
      "belief_type": "valuation",
      "confidence": 0.2,
      "value": 128.5,
      "timestamp": 51.04477611940318,
      "evidence_count": 2
    },
    "8d929001-616d-4273-a29e-30dfbc43ea4f": {
      "edge_id": "8d929001-616d-4273-a29e-30dfbc43ea4f",
      "source_node": "BSE_ASSET",
      "target_node": "B01",
      "belief_type": "strategy",
      "confidence": 0.1,
      "value": "unknown",
      "timestamp": 25.522388059701388,
      "evidence_count": 0
    },
    "7d7390bf-63e4-4c4c-ba65-93759acec8f5": {
      "edge_id": "7d7390bf-63e4-4c4c-ba65-93759acec8f5",
      "source_node": "BSE_ASSET",
      "target_node": "B01",
      "belief_type": "valuation",
      "confidence": 0.1,
      "value": 91,
      "timestamp": 25.522388059701388,
      "evidence_count": 1
    },
    "e4bbb916-d18b-463c-a274-47d9a8d086fd": {
      "edge_id": "e4bbb916-d18b-463c-a274-47d9a8d086fd",
      "source_node": "BSE_ASSET",
      "target_node": "S14",
      "belief_type": "strategy",
      "confidence": 0.1,
      "value": "unknown",
      "timestamp": 25.522388059701388,
      "evidence_count": 0
    },
    "10ae3379-d0d8-4894-9706-1a20f6f77ef9": {
      "edge_id": "10ae3379-d0d8-4894-9706-1a20f6f77ef9",
      "source_node": "BSE_ASSET",
      "target_node": "S14",
      "belief_type": "valuation",
      "confidence": 0.4,
      "value": 136.29999999999998,
      "timestamp": 51.04477611940318,
      "evidence_count": 4
    },
    "f79785a1-15f5-4674-a926-fb186a4f7f60": {
      "edge_id": "f79785a1-15f5-4674-a926-fb186a4f7f60",
      "source_node": "BSE_ASSET",
      "target_node": "S00",
      "belief_type": "strategy",
      "confidence": 0.1,
      "value": "unknown",
      "timestamp": 25.522388059701388,
      "evidence_count": 0
    },
    "253dd158-9ce1-43df-bad6-e768b52d8b3b": {
      "edge_id": "253dd158-9ce1-43df-bad6-e768b52d8b3b",
      "source_node": "BSE_ASSET",
      "target_node": "S00",
      "belief_type": "valuation",
      "confidence": 0.4,
      "value": 135.85999999999999,
      "timestamp": 40.89552238805972,
      "evidence_count": 4
    },
    "284a3e9b-dbb4-40cf-a552-42986911616c": {
      "edge_id": "284a3e9b-dbb4-40cf-a552-42986911616c",
      "source_node": "BSE_ASSET",
      "target_node": "S22",
      "belief_type": "strategy",
      "confidence": 0.1,
      "value": "unknown",
      "timestamp": 25.522388059701388,
      "evidence_count": 0
    },
    "53a7ec07-3a45-455f-bd7e-06554f152cc2": {
      "edge_id": "53a7ec07-3a45-455f-bd7e-06554f152cc2",
      "source_node": "BSE_ASSET",
      "target_node": "S22",
      "belief_type": "valuation",
      "confidence": 0.4,
      "value": 151.298,
      "timestamp": 51.04477611940318,
      "evidence_count": 4
    },
    "1d0bff74-1afb-4c46-9a9e-4eab76461737": {
      "edge_id": "1d0bff74-1afb-4c46-9a9e-4eab76461737",
      "source_node": "BSE_ASSET",
      "target_node": "S19",
      "belief_type": "strategy",
      "confidence": 0.1,
      "value": "unknown",
      "timestamp": 25.522388059701388,
      "evidence_count": 0
    },
    "c9f07f41-d7d7-47c9-a9c6-61bc1aa78d01": {
      "edge_id": "c9f07f41-d7d7-47c9-a9c6-61bc1aa78d01",
      "source_node": "BSE_ASSET",
      "target_node": "S19",
      "belief_type": "valuation",
      "confidence": 0.2,
      "value": 172.0,
      "timestamp": 30.597014925373,
      "evidence_count": 2
    },
    "db1cf86f-4854-4d97-9ae1-523247884cd4": {
      "edge_id": "db1cf86f-4854-4d97-9ae1-523247884cd4",
      "source_node": "BSE_ASSET",
      "target_node": "S13",
      "belief_type": "strategy",
      "confidence": 0.1,
      "value": "unknown",
      "timestamp": 25.522388059701388,
      "evidence_count": 0
    },
    "14a8b9cd-d6f6-42ee-9bb7-7dcd6fdafba4": {
      "edge_id": "14a8b9cd-d6f6-42ee-9bb7-7dcd6fdafba4",
      "source_node": "BSE_ASSET",
      "target_node": "S13",
      "belief_type": "valuation",
      "confidence": 0.5,
      "value": 153.04449999999997,
      "timestamp": 45.97014925373145,
      "evidence_count": 5
    },
    "0705b71d-177d-4153-8c94-11f5ae131aa0": {
      "edge_id": "0705b71d-177d-4153-8c94-11f5ae131aa0",
      "source_node": "BSE_ASSET",
      "target_node": "P04",
      "belief_type": "strategy",
      "confidence": 0.1,
      "value": "unknown",
      "timestamp": 25.522388059701388,
      "evidence_count": 0
    },
    "802660c9-7622-4e69-b747-1b9550236ab5": {
      "edge_id": "802660c9-7622-4e69-b747-1b9550236ab5",
      "source_node": "BSE_ASSET",
      "target_node": "P04",
      "belief_type": "valuation",
      "confidence": 0.2,
      "value": 125.8,
      "timestamp": 45.97014925373145,
      "evidence_count": 2
    },
    "e2a21dd7-4c41-4a85-ac09-a0cb27e6df66": {
      "edge_id": "e2a21dd7-4c41-4a85-ac09-a0cb27e6df66",
      "source_node": "BSE_ASSET",
      "target_node": "B22",
      "belief_type": "strategy",
      "confidence": 0.1,
      "value": "unknown",
      "timestamp": 30.597014925373,
      "evidence_count": 0
    },
    "39133b75-4fbb-4d32-bf93-3d9efa661d32": {
      "edge_id": "39133b75-4fbb-4d32-bf93-3d9efa661d32",
      "source_node": "BSE_ASSET",
      "target_node": "B22",
      "belief_type": "valuation",
      "confidence": 0.1,
      "value": 112,
      "timestamp": 30.597014925373,
      "evidence_count": 1
    },
    "4247dc14-af9f-45bc-ac31-a617331f809d": {
      "edge_id": "4247dc14-af9f-45bc-ac31-a617331f809d",
      "source_node": "BSE_ASSET",
      "target_node": "B03",
      "belief_type": "strategy",
      "confidence": 0.1,
      "value": "unknown",
      "timestamp": 30.597014925373,
      "evidence_count": 0
    },
    "a9135934-66df-469a-b857-34202c11350a": {
      "edge_id": "a9135934-66df-469a-b857-34202c11350a",
      "source_node": "BSE_ASSET",
      "target_node": "B03",
      "belief_type": "valuation",
      "confidence": 0.2,
      "value": 103.0,
      "timestamp": 35.820895522387985,
      "evidence_count": 2
    },
    "2ff6538f-8a24-4d02-8be8-b27d602537a1": {
      "edge_id": "2ff6538f-8a24-4d02-8be8-b27d602537a1",
      "source_node": "BSE_ASSET",
      "target_node": "S17",
      "belief_type": "strategy",
      "confidence": 0.1,
      "value": "unknown",
      "timestamp": 30.597014925373,
      "evidence_count": 0
    },
    "d922f51c-3a64-48bf-9f18-da0c46a871f5": {
      "edge_id": "d922f51c-3a64-48bf-9f18-da0c46a871f5",
      "source_node": "BSE_ASSET",
      "target_node": "S17",
      "belief_type": "valuation",
      "confidence": 0.2,
      "value": 135.1,
      "timestamp": 40.89552238805972,
      "evidence_count": 2
    },
    "74f2142f-eda5-4560-9de0-0664a8ddd572": {
      "edge_id": "74f2142f-eda5-4560-9de0-0664a8ddd572",
      "source_node": "BSE_ASSET",
      "target_node": "S05",
      "belief_type": "strategy",
      "confidence": 0.1,
      "value": "unknown",
      "timestamp": 30.597014925373,
      "evidence_count": 0
    },
    "a4ae1051-323d-4de5-916c-bee38c8d5a29": {
      "edge_id": "a4ae1051-323d-4de5-916c-bee38c8d5a29",
      "source_node": "BSE_ASSET",
      "target_node": "S05",
      "belief_type": "valuation",
      "confidence": 0.30000000000000004,
      "value": 154.55999999999997,
      "timestamp": 45.97014925373145,
      "evidence_count": 3
    },
    "0b70bc16-e9df-46bc-a813-5dd6e4305879": {
      "edge_id": "0b70bc16-e9df-46bc-a813-5dd6e4305879",
      "source_node": "BSE_ASSET",
      "target_node": "S09",
      "belief_type": "strategy",
      "confidence": 0.1,
      "value": "unknown",
      "timestamp": 40.89552238805972,
      "evidence_count": 0
    },
    "793ac097-baa6-4e04-96ee-b2acda541a65": {
      "edge_id": "793ac097-baa6-4e04-96ee-b2acda541a65",
      "source_node": "BSE_ASSET",
      "target_node": "S09",
      "belief_type": "valuation",
      "confidence": 0.2,
      "value": 139.3,
      "timestamp": 51.04477611940318,
      "evidence_count": 2
    },
    "8da6e758-25db-4fa3-9459-8850a00adf43": {
      "edge_id": "8da6e758-25db-4fa3-9459-8850a00adf43",
      "source_node": "BSE_ASSET",
      "target_node": "S21",
      "belief_type": "strategy",
      "confidence": 0.1,
      "value": "unknown",
      "timestamp": 40.89552238805972,
      "evidence_count": 0
    },
    "7078dbb4-b701-4658-ad24-67157e2763ab": {
      "edge_id": "7078dbb4-b701-4658-ad24-67157e2763ab",
      "source_node": "BSE_ASSET",
      "target_node": "S21",
      "belief_type": "valuation",
      "confidence": 0.1,
      "value": 154,
      "timestamp": 40.89552238805972,
      "evidence_count": 1
    },
    "24d5e992-f2a1-4e15-9ffc-8cdb4fef24f3": {
      "edge_id": "24d5e992-f2a1-4e15-9ffc-8cdb4fef24f3",
      "source_node": "BSE_ASSET",
      "target_node": "S08",
      "belief_type": "strategy",
      "confidence": 0.1,
      "value": "unknown",
      "timestamp": 45.97014925373145,
      "evidence_count": 0
    },
    "345bd505-386c-4052-9113-0c51b66158ad": {
      "edge_id": "345bd505-386c-4052-9113-0c51b66158ad",
      "source_node": "BSE_ASSET",
      "target_node": "S08",
      "belief_type": "valuation",
      "confidence": 0.1,
      "value": 156,
      "timestamp": 45.97014925373145,
      "evidence_count": 1
    },
    "055b31b6-b934-4678-a0f0-eac0d3445911": {
      "edge_id": "055b31b6-b934-4678-a0f0-eac0d3445911",
      "source_node": "BSE_ASSET",
      "target_node": "B16",
      "belief_type": "strategy",
      "confidence": 0.1,
      "value": "unknown",
      "timestamp": 45.97014925373145,
      "evidence_count": 0
    },
    "9d7ff769-baf8-4087-8a2c-ec6c39511b36": {
      "edge_id": "9d7ff769-baf8-4087-8a2c-ec6c39511b36",
      "source_node": "BSE_ASSET",
      "target_node": "B16",
      "belief_type": "valuation",
      "confidence": 0.1,
      "value": 131,
      "timestamp": 51.04477611940318,
      "evidence_count": 1
    },
    "576fe03f-ae6c-4def-8748-a9ea69b63309": {
      "edge_id": "576fe03f-ae6c-4def-8748-a9ea69b63309",
      "source_node": "BSE_ASSET",
      "target_node": "B17",
      "belief_type": "strategy",
      "confidence": 0.1,
      "value": "unknown",
      "timestamp": 51.04477611940318,
      "evidence_count": 0
    },
    "a1916c1b-7d5f-48e0-8302-fc4244f412b2": {
      "edge_id": "a1916c1b-7d5f-48e0-8302-fc4244f412b2",
      "source_node": "BSE_ASSET",
      "target_node": "B17",
      "belief_type": "valuation",
      "confidence": 0.1,
      "value": 128,
      "timestamp": 51.04477611940318,
      "evidence_count": 1
    },
    "ebcb062a-a243-482e-804a-f12ca47ed98b": {
      "edge_id": "ebcb062a-a243-482e-804a-f12ca47ed98b",
      "source_node": "BSE_ASSET",
      "target_node": "P03",
      "belief_type": "strategy",
      "confidence": 0.1,
      "value": "unknown",
      "timestamp": 51.04477611940318,
      "evidence_count": 0
    },
    "13bb631d-5e79-45c4-8846-24cff317eae4": {
      "edge_id": "13bb631d-5e79-45c4-8846-24cff317eae4",
      "source_node": "BSE_ASSET",
      "target_node": "P03",
      "belief_type": "valuation",
      "confidence": 0.1,
      "value": 139,
      "timestamp": 51.04477611940318,
      "evidence_count": 1
    },
    "bd92dba5-d2d3-438d-808e-e054e7aa9500": {
      "edge_id": "bd92dba5-d2d3-438d-808e-e054e7aa9500",
      "source_node": "BSE_ASSET",
      "target_node": "S01",
      "belief_type": "strategy",
      "confidence": 0.1,
      "value": "unknown",
      "timestamp": 51.04477611940318,
      "evidence_count": 0
    },
    "016aaee7-39e3-436c-b86c-6b318881ad0a": {
      "edge_id": "016aaee7-39e3-436c-b86c-6b318881ad0a",
      "source_node": "BSE_ASSET",
      "target_node": "S01",
      "belief_type": "valuation",
      "confidence": 0.1,
      "value": 175,
      "timestamp": 51.04477611940318,
      "evidence_count": 1
    },
    "6a2121f5-6129-404d-8b17-4ca573e63386": {
      "edge_id": "6a2121f5-6129-404d-8b17-4ca573e63386",
      "source_node": "BSE_ASSET",
      "target_node": "S18",
      "belief_type": "strategy",
      "confidence": 0.1,
      "value": "unknown",
      "timestamp": 51.04477611940318,
      "evidence_count": 0
    },
    "d27e86c2-c0bf-475f-a375-cdcdc5950047": {
      "edge_id": "d27e86c2-c0bf-475f-a375-cdcdc5950047",
      "source_node": "BSE_ASSET",
      "target_node": "S18",
      "belief_type": "valuation",
      "confidence": 0.1,
      "value": 187,
      "timestamp": 51.04477611940318,
      "evidence_count": 1
    }
  },
  "event_history": [
    {
      "event_id": "ask_P17_40.89552238805972",
      "event_type": "ask",
      "timestamp": 40.89552238805972,
      "agent_id": "P17",
      "price": 127,
      "quantity": 1,
      "counterparty_id": null,
      "order_id": null
    },
    {
      "event_id": "ask_P02_40.89552238805972",
      "event_type": "ask",
      "timestamp": 40.89552238805972,
      "agent_id": "P02",
      "price": 129,
      "quantity": 1,
      "counterparty_id": null,
      "order_id": null
    },
    {
      "event_id": "ask_S00_40.89552238805972",
      "event_type": "ask",
      "timestamp": 40.89552238805972,
      "agent_id": "S00",
      "price": 129,
      "quantity": 1,
      "counterparty_id": null,
      "order_id": null
    },
    {
      "event_id": "ask_P08_40.89552238805972",
      "event_type": "ask",
      "timestamp": 40.89552238805972,
      "agent_id": "P08",
      "price": 130,
      "quantity": 1,
      "counterparty_id": null,
      "order_id": null
    },
    {
      "event_id": "ask_S09_40.89552238805972",
      "event_type": "ask",
      "timestamp": 40.89552238805972,
      "agent_id": "S09",
      "price": 139,
      "quantity": 1,
      "counterparty_id": null,
      "order_id": null
    },
    {
      "event_id": "ask_S22_40.89552238805972",
      "event_type": "ask",
      "timestamp": 40.89552238805972,
      "agent_id": "S22",
      "price": 140,
      "quantity": 1,
      "counterparty_id": null,
      "order_id": null
    },
    {
      "event_id": "ask_S06_40.89552238805972",
      "event_type": "ask",
      "timestamp": 40.89552238805972,
      "agent_id": "S06",
      "price": 147,
      "quantity": 1,
      "counterparty_id": null,
      "order_id": null
    },
    {
      "event_id": "ask_S04_40.89552238805972",
      "event_type": "ask",
      "timestamp": 40.89552238805972,
      "agent_id": "S04",
      "price": 153,
      "quantity": 1,
      "counterparty_id": null,
      "order_id": null
    },
    {
      "event_id": "ask_S17_40.89552238805972",
      "event_type": "ask",
      "timestamp": 40.89552238805972,
      "agent_id": "S17",
      "price": 154,
      "quantity": 1,
      "counterparty_id": null,
      "order_id": null
    },
    {
      "event_id": "ask_S21_40.89552238805972",
      "event_type": "ask",
      "timestamp": 40.89552238805972,
      "agent_id": "S21",
      "price": 154,
      "quantity": 1,
      "counterparty_id": null,
      "order_id": null
    },
    {
      "event_id": "ask_S13_40.89552238805972",
      "event_type": "ask",
      "timestamp": 40.89552238805972,
      "agent_id": "S13",
      "price": 154,
      "quantity": 1,
      "counterparty_id": null,
      "order_id": null
    },
    {
      "event_id": "ask_S12_40.89552238805972",
      "event_type": "ask",
      "timestamp": 40.89552238805972,
      "agent_id": "S12",
      "price": 156,
      "quantity": 1,
      "counterparty_id": null,
      "order_id": null
    },
    {
      "event_id": "ask_S07_40.89552238805972",
      "event_type": "ask",
      "timestamp": 40.89552238805972,
      "agent_id": "S07",
      "price": 210,
      "quantity": 1,
      "counterparty_id": null,
      "order_id": null
    },
    {
      "event_id": "ask_S20_40.89552238805972",
      "event_type": "ask",
      "timestamp": 40.89552238805972,
      "agent_id": "S20",
      "price": 340,
      "quantity": 1,
      "counterparty_id": null,
      "order_id": null
    },
    {
      "event_id": "bid_P13_45.97014925373145",
      "event_type": "bid",
      "timestamp": 45.97014925373145,
      "agent_id": "P13",
      "price": 127,
      "quantity": 1,
      "counterparty_id": null,
      "order_id": null
    },
    {
      "event_id": "bid_P01_45.97014925373145",
      "event_type": "bid",
      "timestamp": 45.97014925373145,
      "agent_id": "P01",
      "price": 127,
      "quantity": 1,
      "counterparty_id": null,
      "order_id": null
    },
    {
      "event_id": "bid_P15_45.97014925373145",
      "event_type": "bid",
      "timestamp": 45.97014925373145,
      "agent_id": "P15",
      "price": 126,
      "quantity": 1,
      "counterparty_id": null,
      "order_id": null
    },
    {
      "event_id": "bid_P16_45.97014925373145",
      "event_type": "bid",
      "timestamp": 45.97014925373145,
      "agent_id": "P16",
      "price": 126,
      "quantity": 1,
      "counterparty_id": null,
      "order_id": null
    },
    {
      "event_id": "bid_P00_45.97014925373145",
      "event_type": "bid",
      "timestamp": 45.97014925373145,
      "agent_id": "P00",
      "price": 122,
      "quantity": 1,
      "counterparty_id": null,
      "order_id": null
    },
    {
      "event_id": "bid_P07_45.97014925373145",
      "event_type": "bid",
      "timestamp": 45.97014925373145,
      "agent_id": "P07",
      "price": 120,
      "quantity": 1,
      "counterparty_id": null,
      "order_id": null
    },
    {
      "event_id": "ask_P09_45.97014925373145",
      "event_type": "ask",
      "timestamp": 45.97014925373145,
      "agent_id": "P09",
      "price": 130,
      "quantity": 1,
      "counterparty_id": null,
      "order_id": null
    },
    {
      "event_id": "ask_P04_45.97014925373145",
      "event_type": "ask",
      "timestamp": 45.97014925373145,
      "agent_id": "P04",
      "price": 130,
      "quantity": 1,
      "counterparty_id": null,
      "order_id": null
    },
    {
      "event_id": "ask_S13_45.97014925373145",
      "event_type": "ask",
      "timestamp": 45.97014925373145,
      "agent_id": "S13",
      "price": 154,
      "quantity": 1,
      "counterparty_id": null,
      "order_id": null
    },
    {
      "event_id": "ask_S08_45.97014925373145",
      "event_type": "ask",
      "timestamp": 45.97014925373145,
      "agent_id": "S08",
      "price": 156,
      "quantity": 1,
      "counterparty_id": null,
      "order_id": null
    },
    {
      "event_id": "ask_S12_45.97014925373145",
      "event_type": "ask",
      "timestamp": 45.97014925373145,
      "agent_id": "S12",
      "price": 181,
      "quantity": 1,
      "counterparty_id": null,
      "order_id": null
    },
    {
      "event_id": "ask_S05_45.97014925373145",
      "event_type": "ask",
      "timestamp": 45.97014925373145,
      "agent_id": "S05",
      "price": 196,
      "quantity": 1,
      "counterparty_id": null,
      "order_id": null
    },
    {
      "event_id": "ask_S07_45.97014925373145",
      "event_type": "ask",
      "timestamp": 45.97014925373145,
      "agent_id": "S07",
      "price": 349,
      "quantity": 1,
      "counterparty_id": null,
      "order_id": null
    },
    {
      "event_id": "bid_B16_51.04477611940318",
      "event_type": "bid",
      "timestamp": 51.04477611940318,
      "agent_id": "B16",
      "price": 131,
      "quantity": 1,
      "counterparty_id": null,
      "order_id": null
    },
    {
      "event_id": "bid_P09_51.04477611940318",
      "event_type": "bid",
      "timestamp": 51.04477611940318,
      "agent_id": "P09",
      "price": 131,
      "quantity": 1,
      "counterparty_id": null,
      "order_id": null
    },
    {
      "event_id": "bid_B08_51.04477611940318",
      "event_type": "bid",
      "timestamp": 51.04477611940318,
      "agent_id": "B08",
      "price": 130,
      "quantity": 1,
      "counterparty_id": null,
      "order_id": null
    },
    {
      "event_id": "bid_P16_51.04477611940318",
      "event_type": "bid",
      "timestamp": 51.04477611940318,
      "agent_id": "P16",
      "price": 129,
      "quantity": 1,
      "counterparty_id": null,
      "order_id": null
    },
    {
      "event_id": "bid_B11_51.04477611940318",
      "event_type": "bid",
      "timestamp": 51.04477611940318,
      "agent_id": "B11",
      "price": 129,
      "quantity": 1,
      "counterparty_id": null,
      "order_id": null
    },
    {
      "event_id": "bid_B17_51.04477611940318",
      "event_type": "bid",
      "timestamp": 51.04477611940318,
      "agent_id": "B17",
      "price": 128,
      "quantity": 1,
      "counterparty_id": null,
      "order_id": null
    },
    {
      "event_id": "bid_P06_51.04477611940318",
      "event_type": "bid",
      "timestamp": 51.04477611940318,
      "agent_id": "P06",
      "price": 128,
      "quantity": 1,
      "counterparty_id": null,
      "order_id": null
    },
    {
      "event_id": "bid_P13_51.04477611940318",
      "event_type": "bid",
      "timestamp": 51.04477611940318,
      "agent_id": "P13",
      "price": 127,
      "quantity": 1,
      "counterparty_id": null,
      "order_id": null
    },
    {
      "event_id": "bid_P01_51.04477611940318",
      "event_type": "bid",
      "timestamp": 51.04477611940318,
      "agent_id": "P01",
      "price": 127,
      "quantity": 1,
      "counterparty_id": null,
      "order_id": null
    },
    {
      "event_id": "bid_P15_51.04477611940318",
      "event_type": "bid",
      "timestamp": 51.04477611940318,
      "agent_id": "P15",
      "price": 126,
      "quantity": 1,
      "counterparty_id": null,
      "order_id": null
    },
    {
      "event_id": "bid_P00_51.04477611940318",
      "event_type": "bid",
      "timestamp": 51.04477611940318,
      "agent_id": "P00",
      "price": 122,
      "quantity": 1,
      "counterparty_id": null,
      "order_id": null
    },
    {
      "event_id": "bid_P07_51.04477611940318",
      "event_type": "bid",
      "timestamp": 51.04477611940318,
      "agent_id": "P07",
      "price": 120,
      "quantity": 1,
      "counterparty_id": null,
      "order_id": null
    },
    {
      "event_id": "ask_P03_51.04477611940318",
      "event_type": "ask",
      "timestamp": 51.04477611940318,
      "agent_id": "P03",
      "price": 139,
      "quantity": 1,
      "counterparty_id": null,
      "order_id": null
    },
    {
      "event_id": "ask_P19_51.04477611940318",
      "event_type": "ask",
      "timestamp": 51.04477611940318,
      "agent_id": "P19",
      "price": 139,
      "quantity": 1,
      "counterparty_id": null,
      "order_id": null
    },
    {
      "event_id": "ask_P12_51.04477611940318",
      "event_type": "ask",
      "timestamp": 51.04477611940318,
      "agent_id": "P12",
      "price": 139,
      "quantity": 1,
      "counterparty_id": null,
      "order_id": null
    },
    {
      "event_id": "ask_P10_51.04477611940318",
      "event_type": "ask",
      "timestamp": 51.04477611940318,
      "agent_id": "P10",
      "price": 139,
      "quantity": 1,
      "counterparty_id": null,
      "order_id": null
    },
    {
      "event_id": "ask_S09_51.04477611940318",
      "event_type": "ask",
      "timestamp": 51.04477611940318,
      "agent_id": "S09",
      "price": 140,
      "quantity": 1,
      "counterparty_id": null,
      "order_id": null
    },
    {
      "event_id": "ask_S14_51.04477611940318",
      "event_type": "ask",
      "timestamp": 51.04477611940318,
      "agent_id": "S14",
      "price": 144,
      "quantity": 1,
      "counterparty_id": null,
      "order_id": null
    },
    {
      "event_id": "ask_S03_51.04477611940318",
      "event_type": "ask",
      "timestamp": 51.04477611940318,
      "agent_id": "S03",
      "price": 157,
      "quantity": 1,
      "counterparty_id": null,
      "order_id": null
    },
    {
      "event_id": "ask_S22_51.04477611940318",
      "event_type": "ask",
      "timestamp": 51.04477611940318,
      "agent_id": "S22",
      "price": 161,
      "quantity": 1,
      "counterparty_id": null,
      "order_id": null
    },
    {
      "event_id": "ask_S01_51.04477611940318",
      "event_type": "ask",
      "timestamp": 51.04477611940318,
      "agent_id": "S01",
      "price": 175,
      "quantity": 1,
      "counterparty_id": null,
      "order_id": null
    },
    {
      "event_id": "ask_S12_51.04477611940318",
      "event_type": "ask",
      "timestamp": 51.04477611940318,
      "agent_id": "S12",
      "price": 181,
      "quantity": 1,
      "counterparty_id": null,
      "order_id": null
    },
    {
      "event_id": "ask_S18_51.04477611940318",
      "event_type": "ask",
      "timestamp": 51.04477611940318,
      "agent_id": "S18",
      "price": 187,
      "quantity": 1,
      "counterparty_id": null,
      "order_id": null
    }
  ]
}
2025-10-10 19:06:22 | HM_JSON_NOCOT_P18 | ================================================================================
2025-10-10 19:06:22 | HM_JSON_NOCOT_P18 | [AGENTS-TRACKED] Currently tracking 60 agents: ['P18', 'P17', 'P02', 'P01', 'P08', 'P07', 'B11', 'B19', 'S06', 'S02', 'S07', 'P20', 'B13', 'B05', 'B02', 'B07', 'B09', 'B04', 'S03', 'S12', 'S20', 'P14', 'P09', 'B06', 'B20', 'B10', 'S04', 'P12', 'P16', 'P13', 'P19', 'B15', 'B21', 'B08', 'B14', 'B18', 'S15', 'P15', 'P00', 'P06', 'P10', 'B01', 'S14', 'S00', 'S22', 'S19', 'S13', 'P04', 'B22', 'B03', 'S17', 'S05', 'S09', 'S21', 'S08', 'B16', 'B17', 'P03', 'S01', 'S18']
2025-10-10 19:15:53 | HM_JSON_NOCOT_P18 | [BELIEF-THROTTLE] P05: Running belief graph update at time 56.3
2025-10-10 19:15:53 | HM_JSON_NOCOT_P18 | [UPDATE-SUMMARY] Processed 24 market events at time 56.3
2025-10-10 19:15:53 | HM_JSON_NOCOT_P18 | === BELIEF GRAPH STATE AT TIME 56.3 ===
2025-10-10 19:15:54 | HM_JSON_NOCOT_P18 | {
  "graph_id": "ef1f0310-0336-452d-b267-16d556180f54",
  "asset_id": "BSE_ASSET",
  "current_time": 56.2686567164182,
  "nodes": {
    "BSE_ASSET": {
      "asset_id": "BSE_ASSET",
      "node_type": "asset",
      "current_best_bid": null,
      "current_best_ask": null,
      "last_trade_price": null,
      "volume_traded": 0,
      "price_volatility": 0.0,
      "spread_width": null,
      "market_depth_bid": 0,
      "market_depth_ask": 0
    },
    "P18": {
      "agent_id": "P18",
      "node_type": "agent",
      "last_bid_price": null,
      "last_ask_price": 130,
      "last_trade_price": null,
      "total_trades": 0,
      "total_volume": 0,
      "strategy_type": "Hypothetical-Minds",
      "inferred_valuation": 130.0,
      "valuation_confidence": 0.5,
      "aggressiveness_score": 0.6,
      "last_activity": 35.820895522387985
    },
    "P17": {
      "agent_id": "P17",
      "node_type": "agent",
      "last_bid_price": 130,
      "last_ask_price": 127,
      "last_trade_price": null,
      "total_trades": 0,
      "total_volume": 0,
      "strategy_type": null,
      "inferred_valuation": 129.1,
      "valuation_confidence": 0.2,
      "aggressiveness_score": 0.0,
      "last_activity": 40.89552238805972
    },
    "P02": {
      "agent_id": "P02",
      "node_type": "agent",
      "last_bid_price": 128,
      "last_ask_price": 129,
      "last_trade_price": null,
      "total_trades": 0,
      "total_volume": 0,
      "strategy_type": null,
      "inferred_valuation": 128.88235099999997,
      "valuation_confidence": 0.7,
      "aggressiveness_score": 0.0,
      "last_activity": 40.89552238805972
    },
    "P01": {
      "agent_id": "P01",
      "node_type": "agent",
      "last_bid_price": 127,
      "last_ask_price": 127,
      "last_trade_price": null,
      "total_trades": 0,
      "total_volume": 0,
      "strategy_type": null,
      "inferred_valuation": 127.11764899999997,
      "valuation_confidence": 0.7,
      "aggressiveness_score": 0.0,
      "last_activity": 56.2686567164182
    },
    "P08": {
      "agent_id": "P08",
      "node_type": "agent",
      "last_bid_price": 132,
      "last_ask_price": 130,
      "last_trade_price": null,
      "total_trades": 0,
      "total_volume": 0,
      "strategy_type": null,
      "inferred_valuation": 130.3529371,
      "valuation_confidence": 0.7999999999999999,
      "aggressiveness_score": 0.0,
      "last_activity": 56.2686567164182
    },
    "P07": {
      "agent_id": "P07",
      "node_type": "agent",
      "last_bid_price": 120,
      "last_ask_price": null,
      "last_trade_price": null,
      "total_trades": 0,
      "total_volume": 0,
      "strategy_type": null,
      "inferred_valuation": 120.0,
      "valuation_confidence": 0.95,
      "aggressiveness_score": 0.0,
      "last_activity": 56.2686567164182
    },
    "B11": {
      "agent_id": "B11",
      "node_type": "agent",
      "last_bid_price": 129,
      "last_ask_price": null,
      "last_trade_price": null,
      "total_trades": 0,
      "total_volume": 0,
      "strategy_type": null,
      "inferred_valuation": 121.94399999999999,
      "valuation_confidence": 0.5,
      "aggressiveness_score": 0.0,
      "last_activity": 56.2686567164182
    },
    "B19": {
      "agent_id": "B19",
      "node_type": "agent",
      "last_bid_price": 124,
      "last_ask_price": null,
      "last_trade_price": null,
      "total_trades": 0,
      "total_volume": 0,
      "strategy_type": null,
      "inferred_valuation": 114.19999999999999,
      "valuation_confidence": 0.2,
      "aggressiveness_score": 0.0,
      "last_activity": 10.298507462686555
    },
    "S06": {
      "agent_id": "S06",
      "node_type": "agent",
      "last_bid_price": null,
      "last_ask_price": 147,
      "last_trade_price": null,
      "total_trades": 0,
      "total_volume": 0,
      "strategy_type": null,
      "inferred_valuation": 139.65,
      "valuation_confidence": 0.30000000000000004,
      "aggressiveness_score": 0.0,
      "last_activity": 40.89552238805972
    },
    "S02": {
      "agent_id": "S02",
      "node_type": "agent",
      "last_bid_price": null,
      "last_ask_price": 160,
      "last_trade_price": null,
      "total_trades": 0,
      "total_volume": 0,
      "strategy_type": null,
      "inferred_valuation": 140.11299999999997,
      "valuation_confidence": 0.4,
      "aggressiveness_score": 0.0,
      "last_activity": 56.2686567164182
    },
    "S07": {
      "agent_id": "S07",
      "node_type": "agent",
      "last_bid_price": null,
      "last_ask_price": 349,
      "last_trade_price": null,
      "total_trades": 0,
      "total_volume": 0,
      "strategy_type": null,
      "inferred_valuation": 315.86157999999995,
      "valuation_confidence": 0.6,
      "aggressiveness_score": 0.0,
      "last_activity": 45.97014925373145
    },
    "P20": {
      "agent_id": "P20",
      "node_type": "agent",
      "last_bid_price": 124,
      "last_ask_price": null,
      "last_trade_price": null,
      "total_trades": 0,
      "total_volume": 0,
      "strategy_type": null,
      "inferred_valuation": 124.0,
      "valuation_confidence": 0.2,
      "aggressiveness_score": 0.0,
      "last_activity": 15.373134328358166
    },
    "B13": {
      "agent_id": "B13",
      "node_type": "agent",
      "last_bid_price": 110,
      "last_ask_price": null,
      "last_trade_price": null,
      "total_trades": 0,
      "total_volume": 0,
      "strategy_type": null,
      "inferred_valuation": 105.1,
      "valuation_confidence": 0.4,
      "aggressiveness_score": 0.0,
      "last_activity": 25.522388059701388
    },
    "B05": {
      "agent_id": "B05",
      "node_type": "agent",
      "last_bid_price": 93,
      "last_ask_price": null,
      "last_trade_price": null,
      "total_trades": 0,
      "total_volume": 0,
      "strategy_type": null,
      "inferred_valuation": 95.94,
      "valuation_confidence": 0.30000000000000004,
      "aggressiveness_score": 0.0,
      "last_activity": 20.447761194029777
    },
    "B02": {
      "agent_id": "B02",
      "node_type": "agent",
      "last_bid_price": 61,
      "last_ask_price": null,
      "last_trade_price": null,
      "total_trades": 0,
      "total_volume": 0,
      "strategy_type": null,
      "inferred_valuation": 70.40121,
      "valuation_confidence": 0.6,
      "aggressiveness_score": 0.0,
      "last_activity": 56.2686567164182
    },
    "B07": {
      "agent_id": "B07",
      "node_type": "agent",
      "last_bid_price": 98,
      "last_ask_price": null,
      "last_trade_price": null,
      "total_trades": 0,
      "total_volume": 0,
      "strategy_type": null,
      "inferred_valuation": 98.0,
      "valuation_confidence": 0.2,
      "aggressiveness_score": 0.0,
      "last_activity": 15.373134328358166
    },
    "B09": {
      "agent_id": "B09",
      "node_type": "agent",
      "last_bid_price": 121,
      "last_ask_price": null,
      "last_trade_price": null,
      "total_trades": 0,
      "total_volume": 0,
      "strategy_type": null,
      "inferred_valuation": 101.88999999999999,
      "valuation_confidence": 0.30000000000000004,
      "aggressiveness_score": 0.0,
      "last_activity": 30.597014925373
    },
    "B04": {
      "agent_id": "B04",
      "node_type": "agent",
      "last_bid_price": 82,
      "last_ask_price": null,
      "last_trade_price": null,
      "total_trades": 0,
      "total_volume": 0,
      "strategy_type": null,
      "inferred_valuation": 82.0,
      "valuation_confidence": 0.2,
      "aggressiveness_score": 0.0,
      "last_activity": 15.373134328358166
    },
    "S03": {
      "agent_id": "S03",
      "node_type": "agent",
      "last_bid_price": null,
      "last_ask_price": 157,
      "last_trade_price": null,
      "total_trades": 0,
      "total_volume": 0,
      "strategy_type": null,
      "inferred_valuation": 143.76999999999998,
      "valuation_confidence": 0.30000000000000004,
      "aggressiveness_score": 0.0,
      "last_activity": 56.2686567164182
    },
    "S12": {
      "agent_id": "S12",
      "node_type": "agent",
      "last_bid_price": null,
      "last_ask_price": 181,
      "last_trade_price": null,
      "total_trades": 0,
      "total_volume": 0,
      "strategy_type": null,
      "inferred_valuation": 164.63400000000001,
      "valuation_confidence": 0.5,
      "aggressiveness_score": 0.0,
      "last_activity": 51.04477611940318
    },
    "S20": {
      "agent_id": "S20",
      "node_type": "agent",
      "last_bid_price": null,
      "last_ask_price": 279,
      "last_trade_price": null,
      "total_trades": 0,
      "total_volume": 0,
      "strategy_type": null,
      "inferred_valuation": 231.0892,
      "valuation_confidence": 0.5,
      "aggressiveness_score": 0.0,
      "last_activity": 56.2686567164182
    },
    "P14": {
      "agent_id": "P14",
      "node_type": "agent",
      "last_bid_price": 124,
      "last_ask_price": 127,
      "last_trade_price": null,
      "total_trades": 0,
      "total_volume": 0,
      "strategy_type": null,
      "inferred_valuation": 125.53,
      "valuation_confidence": 0.30000000000000004,
      "aggressiveness_score": 0.0,
      "last_activity": 30.597014925373
    },
    "P09": {
      "agent_id": "P09",
      "node_type": "agent",
      "last_bid_price": 137,
      "last_ask_price": 130,
      "last_trade_price": null,
      "total_trades": 0,
      "total_volume": 0,
      "strategy_type": null,
      "inferred_valuation": 130.25199999999998,
      "valuation_confidence": 0.4,
      "aggressiveness_score": 0.0,
      "last_activity": 56.2686567164182
    },
    "B06": {
      "agent_id": "B06",
      "node_type": "agent",
      "last_bid_price": 112,
      "last_ask_price": null,
      "last_trade_price": null,
      "total_trades": 0,
      "total_volume": 0,
      "strategy_type": null,
      "inferred_valuation": 112.0,
      "valuation_confidence": 0.2,
      "aggressiveness_score": 0.0,
      "last_activity": 20.447761194029777
    },
    "B20": {
      "agent_id": "B20",
      "node_type": "agent",
      "last_bid_price": 100,
      "last_ask_price": null,
      "last_trade_price": null,
      "total_trades": 0,
      "total_volume": 0,
      "strategy_type": null,
      "inferred_valuation": 100,
      "valuation_confidence": 0.1,
      "aggressiveness_score": 0.0,
      "last_activity": 15.373134328358166
    },
    "B10": {
      "agent_id": "B10",
      "node_type": "agent",
      "last_bid_price": 117,
      "last_ask_price": null,
      "last_trade_price": null,
      "total_trades": 0,
      "total_volume": 0,
      "strategy_type": null,
      "inferred_valuation": 107.69,
      "valuation_confidence": 0.30000000000000004,
      "aggressiveness_score": 0.0,
      "last_activity": 25.522388059701388
    },
    "S04": {
      "agent_id": "S04",
      "node_type": "agent",
      "last_bid_price": null,
      "last_ask_price": 153,
      "last_trade_price": null,
      "total_trades": 0,
      "total_volume": 0,
      "strategy_type": null,
      "inferred_valuation": 141.98969999999997,
      "valuation_confidence": 0.5,
      "aggressiveness_score": 0.0,
      "last_activity": 40.89552238805972
    },
    "P12": {
      "agent_id": "P12",
      "node_type": "agent",
      "last_bid_price": null,
      "last_ask_price": 139,
      "last_trade_price": null,
      "total_trades": 0,
      "total_volume": 0,
      "strategy_type": null,
      "inferred_valuation": 134.58999999999997,
      "valuation_confidence": 0.6,
      "aggressiveness_score": 0.0,
      "last_activity": 56.2686567164182
    },
    "P16": {
      "agent_id": "P16",
      "node_type": "agent",
      "last_bid_price": 134,
      "last_ask_price": null,
      "last_trade_price": null,
      "total_trades": 0,
      "total_volume": 0,
      "strategy_type": null,
      "inferred_valuation": 128.344,
      "valuation_confidence": 0.4,
      "aggressiveness_score": 0.0,
      "last_activity": 56.2686567164182
    },
    "P13": {
      "agent_id": "P13",
      "node_type": "agent",
      "last_bid_price": 134,
      "last_ask_price": null,
      "last_trade_price": null,
      "total_trades": 0,
      "total_volume": 0,
      "strategy_type": null,
      "inferred_valuation": 127.37127999999998,
      "valuation_confidence": 0.6,
      "aggressiveness_score": 0.0,
      "last_activity": 56.2686567164182
    },
    "P19": {
      "agent_id": "P19",
      "node_type": "agent",
      "last_bid_price": 124,
      "last_ask_price": 139,
      "last_trade_price": null,
      "total_trades": 0,
      "total_volume": 0,
      "strategy_type": null,
      "inferred_valuation": 129.13,
      "valuation_confidence": 0.30000000000000004,
      "aggressiveness_score": 0.0,
      "last_activity": 51.04477611940318
    },
    "B15": {
      "agent_id": "B15",
      "node_type": "agent",
      "last_bid_price": 120,
      "last_ask_price": null,
      "last_trade_price": null,
      "total_trades": 0,
      "total_volume": 0,
      "strategy_type": null,
      "inferred_valuation": 120,
      "valuation_confidence": 0.1,
      "aggressiveness_score": 0.0,
      "last_activity": 20.447761194029777
    },
    "B21": {
      "agent_id": "B21",
      "node_type": "agent",
      "last_bid_price": 120,
      "last_ask_price": null,
      "last_trade_price": null,
      "total_trades": 0,
      "total_volume": 0,
      "strategy_type": null,
      "inferred_valuation": 116.5,
      "valuation_confidence": 0.2,
      "aggressiveness_score": 0.0,
      "last_activity": 30.597014925373
    },
    "B08": {
      "agent_id": "B08",
      "node_type": "agent",
      "last_bid_price": 130,
      "last_ask_price": null,
      "last_trade_price": null,
      "total_trades": 0,
      "total_volume": 0,
      "strategy_type": null,
      "inferred_valuation": 121.66999999999999,
      "valuation_confidence": 0.4,
      "aggressiveness_score": 0.0,
      "last_activity": 56.2686567164182
    },
    "B14": {
      "agent_id": "B14",
      "node_type": "agent",
      "last_bid_price": 120,
      "last_ask_price": null,
      "last_trade_price": null,
      "total_trades": 0,
      "total_volume": 0,
      "strategy_type": null,
      "inferred_valuation": 113.63,
      "valuation_confidence": 0.30000000000000004,
      "aggressiveness_score": 0.0,
      "last_activity": 30.597014925373
    },
    "B18": {
      "agent_id": "B18",
      "node_type": "agent",
      "last_bid_price": 104,
      "last_ask_price": null,
      "last_trade_price": null,
      "total_trades": 0,
      "total_volume": 0,
      "strategy_type": null,
      "inferred_valuation": 101.2,
      "valuation_confidence": 0.2,
      "aggressiveness_score": 0.0,
      "last_activity": 35.820895522387985
    },
    "S15": {
      "agent_id": "S15",
      "node_type": "agent",
      "last_bid_price": null,
      "last_ask_price": 127,
      "last_trade_price": null,
      "total_trades": 0,
      "total_volume": 0,
      "strategy_type": null,
      "inferred_valuation": 127,
      "valuation_confidence": 0.1,
      "aggressiveness_score": 0.0,
      "last_activity": 20.447761194029777
    },
    "P15": {
      "agent_id": "P15",
      "node_type": "agent",
      "last_bid_price": 126,
      "last_ask_price": 127,
      "last_trade_price": null,
      "total_trades": 0,
      "total_volume": 0,
      "strategy_type": null,
      "inferred_valuation": 126.35774899999997,
      "valuation_confidence": 0.7,
      "aggressiveness_score": 0.0,
      "last_activity": 56.2686567164182
    },
    "P00": {
      "agent_id": "P00",
      "node_type": "agent",
      "last_bid_price": 134,
      "last_ask_price": 129,
      "last_trade_price": null,
      "total_trades": 0,
      "total_volume": 0,
      "strategy_type": null,
      "inferred_valuation": 127.2807,
      "valuation_confidence": 0.5,
      "aggressiveness_score": 0.0,
      "last_activity": 56.2686567164182
    },
    "P06": {
      "agent_id": "P06",
      "node_type": "agent",
      "last_bid_price": 128,
      "last_ask_price": 127,
      "last_trade_price": null,
      "total_trades": 0,
      "total_volume": 0,
      "strategy_type": null,
      "inferred_valuation": 126.481,
      "valuation_confidence": 0.4,
      "aggressiveness_score": 0.0,
      "last_activity": 56.2686567164182
    },
    "P10": {
      "agent_id": "P10",
      "node_type": "agent",
      "last_bid_price": 124,
      "last_ask_price": 139,
      "last_trade_price": null,
      "total_trades": 0,
      "total_volume": 0,
      "strategy_type": null,
      "inferred_valuation": 131.64999999999998,
      "valuation_confidence": 0.30000000000000004,
      "aggressiveness_score": 0.0,
      "last_activity": 56.2686567164182
    },
    "B01": {
      "agent_id": "B01",
      "node_type": "agent",
      "last_bid_price": 91,
      "last_ask_price": null,
      "last_trade_price": null,
      "total_trades": 0,
      "total_volume": 0,
      "strategy_type": null,
      "inferred_valuation": 91,
      "valuation_confidence": 0.1,
      "aggressiveness_score": 0.0,
      "last_activity": 25.522388059701388
    },
    "S14": {
      "agent_id": "S14",
      "node_type": "agent",
      "last_bid_price": null,
      "last_ask_price": 144,
      "last_trade_price": null,
      "total_trades": 0,
      "total_volume": 0,
      "strategy_type": null,
      "inferred_valuation": 136.29999999999998,
      "valuation_confidence": 0.4,
      "aggressiveness_score": 0.0,
      "last_activity": 51.04477611940318
    },
    "S00": {
      "agent_id": "S00",
      "node_type": "agent",
      "last_bid_price": null,
      "last_ask_price": 129,
      "last_trade_price": null,
      "total_trades": 0,
      "total_volume": 0,
      "strategy_type": null,
      "inferred_valuation": 135.85999999999999,
      "valuation_confidence": 0.4,
      "aggressiveness_score": 0.0,
      "last_activity": 40.89552238805972
    },
    "S22": {
      "agent_id": "S22",
      "node_type": "agent",
      "last_bid_price": null,
      "last_ask_price": 161,
      "last_trade_price": null,
      "total_trades": 0,
      "total_volume": 0,
      "strategy_type": null,
      "inferred_valuation": 151.298,
      "valuation_confidence": 0.4,
      "aggressiveness_score": 0.0,
      "last_activity": 51.04477611940318
    },
    "S19": {
      "agent_id": "S19",
      "node_type": "agent",
      "last_bid_price": null,
      "last_ask_price": 172,
      "last_trade_price": null,
      "total_trades": 0,
      "total_volume": 0,
      "strategy_type": null,
      "inferred_valuation": 172.0,
      "valuation_confidence": 0.2,
      "aggressiveness_score": 0.0,
      "last_activity": 30.597014925373
    },
    "S13": {
      "agent_id": "S13",
      "node_type": "agent",
      "last_bid_price": null,
      "last_ask_price": 145,
      "last_trade_price": null,
      "total_trades": 0,
      "total_volume": 0,
      "strategy_type": null,
      "inferred_valuation": 150.63115,
      "valuation_confidence": 0.6,
      "aggressiveness_score": 0.0,
      "last_activity": 56.2686567164182
    },
    "P04": {
      "agent_id": "P04",
      "node_type": "agent",
      "last_bid_price": 134,
      "last_ask_price": 130,
      "last_trade_price": null,
      "total_trades": 0,
      "total_volume": 0,
      "strategy_type": null,
      "inferred_valuation": 128.26,
      "valuation_confidence": 0.30000000000000004,
      "aggressiveness_score": 0.0,
      "last_activity": 56.2686567164182
    },
    "B22": {
      "agent_id": "B22",
      "node_type": "agent",
      "last_bid_price": 112,
      "last_ask_price": null,
      "last_trade_price": null,
      "total_trades": 0,
      "total_volume": 0,
      "strategy_type": null,
      "inferred_valuation": 112,
      "valuation_confidence": 0.1,
      "aggressiveness_score": 0.0,
      "last_activity": 30.597014925373
    },
    "B03": {
      "agent_id": "B03",
      "node_type": "agent",
      "last_bid_price": 103,
      "last_ask_price": null,
      "last_trade_price": null,
      "total_trades": 0,
      "total_volume": 0,
      "strategy_type": null,
      "inferred_valuation": 103.0,
      "valuation_confidence": 0.2,
      "aggressiveness_score": 0.0,
      "last_activity": 35.820895522387985
    },
    "S17": {
      "agent_id": "S17",
      "node_type": "agent",
      "last_bid_price": null,
      "last_ask_price": 154,
      "last_trade_price": null,
      "total_trades": 0,
      "total_volume": 0,
      "strategy_type": null,
      "inferred_valuation": 135.1,
      "valuation_confidence": 0.2,
      "aggressiveness_score": 0.0,
      "last_activity": 40.89552238805972
    },
    "S05": {
      "agent_id": "S05",
      "node_type": "agent",
      "last_bid_price": null,
      "last_ask_price": 141,
      "last_trade_price": null,
      "total_trades": 0,
      "total_volume": 0,
      "strategy_type": null,
      "inferred_valuation": 150.49199999999996,
      "valuation_confidence": 0.4,
      "aggressiveness_score": 0.0,
      "last_activity": 56.2686567164182
    },
    "S09": {
      "agent_id": "S09",
      "node_type": "agent",
      "last_bid_price": null,
      "last_ask_price": 140,
      "last_trade_price": null,
      "total_trades": 0,
      "total_volume": 0,
      "strategy_type": null,
      "inferred_valuation": 139.3,
      "valuation_confidence": 0.2,
      "aggressiveness_score": 0.0,
      "last_activity": 51.04477611940318
    },
    "S21": {
      "agent_id": "S21",
      "node_type": "agent",
      "last_bid_price": null,
      "last_ask_price": 154,
      "last_trade_price": null,
      "total_trades": 0,
      "total_volume": 0,
      "strategy_type": null,
      "inferred_valuation": 154,
      "valuation_confidence": 0.1,
      "aggressiveness_score": 0.0,
      "last_activity": 40.89552238805972
    },
    "S08": {
      "agent_id": "S08",
      "node_type": "agent",
      "last_bid_price": null,
      "last_ask_price": 156,
      "last_trade_price": null,
      "total_trades": 0,
      "total_volume": 0,
      "strategy_type": null,
      "inferred_valuation": 156,
      "valuation_confidence": 0.1,
      "aggressiveness_score": 0.0,
      "last_activity": 45.97014925373145
    },
    "B16": {
      "agent_id": "B16",
      "node_type": "agent",
      "last_bid_price": 134,
      "last_ask_price": null,
      "last_trade_price": null,
      "total_trades": 0,
      "total_volume": 0,
      "strategy_type": null,
      "inferred_valuation": 131.89999999999998,
      "valuation_confidence": 0.2,
      "aggressiveness_score": 0.0,
      "last_activity": 56.2686567164182
    },
    "B17": {
      "agent_id": "B17",
      "node_type": "agent",
      "last_bid_price": 128,
      "last_ask_price": null,
      "last_trade_price": null,
      "total_trades": 0,
      "total_volume": 0,
      "strategy_type": null,
      "inferred_valuation": 128,
      "valuation_confidence": 0.1,
      "aggressiveness_score": 0.0,
      "last_activity": 51.04477611940318
    },
    "P03": {
      "agent_id": "P03",
      "node_type": "agent",
      "last_bid_price": 138,
      "last_ask_price": 139,
      "last_trade_price": null,
      "total_trades": 0,
      "total_volume": 0,
      "strategy_type": null,
      "inferred_valuation": 138.7,
      "valuation_confidence": 0.2,
      "aggressiveness_score": 0.0,
      "last_activity": 56.2686567164182
    },
    "S01": {
      "agent_id": "S01",
      "node_type": "agent",
      "last_bid_price": null,
      "last_ask_price": 175,
      "last_trade_price": null,
      "total_trades": 0,
      "total_volume": 0,
      "strategy_type": null,
      "inferred_valuation": 175,
      "valuation_confidence": 0.1,
      "aggressiveness_score": 0.0,
      "last_activity": 51.04477611940318
    },
    "S18": {
      "agent_id": "S18",
      "node_type": "agent",
      "last_bid_price": null,
      "last_ask_price": 187,
      "last_trade_price": null,
      "total_trades": 0,
      "total_volume": 0,
      "strategy_type": null,
      "inferred_valuation": 187,
      "valuation_confidence": 0.1,
      "aggressiveness_score": 0.0,
      "last_activity": 51.04477611940318
    },
    "P11": {
      "agent_id": "P11",
      "node_type": "agent",
      "last_bid_price": 134,
      "last_ask_price": null,
      "last_trade_price": null,
      "total_trades": 0,
      "total_volume": 0,
      "strategy_type": null,
      "inferred_valuation": 134,
      "valuation_confidence": 0.1,
      "aggressiveness_score": 0.0,
      "last_activity": 56.2686567164182
    },
    "S10": {
      "agent_id": "S10",
      "node_type": "agent",
      "last_bid_price": null,
      "last_ask_price": 166,
      "last_trade_price": null,
      "total_trades": 0,
      "total_volume": 0,
      "strategy_type": null,
      "inferred_valuation": 166,
      "valuation_confidence": 0.1,
      "aggressiveness_score": 0.0,
      "last_activity": 56.2686567164182
    }
  },
  "edges": {
    "ffa881fd-05db-4086-8f61-695fbdbf1b61": {
      "edge_id": "ffa881fd-05db-4086-8f61-695fbdbf1b61",
      "source_node": "BSE_ASSET",
      "target_node": "P18",
      "belief_type": "strategy",
      "confidence": 0.1,
      "value": "unknown",
      "timestamp": 0.0,
      "evidence_count": 0
    },
    "bbc9fd10-2175-4589-ac04-2b03ac43682a": {
      "edge_id": "bbc9fd10-2175-4589-ac04-2b03ac43682a",
      "source_node": "BSE_ASSET",
      "target_node": "P18",
      "belief_type": "valuation",
      "confidence": 0.5,
      "value": 130.0,
      "timestamp": 35.820895522387985,
      "evidence_count": 5
    },
    "436160d5-2a6d-4b0e-96a0-74cc7fc469b3": {
      "edge_id": "436160d5-2a6d-4b0e-96a0-74cc7fc469b3",
      "source_node": "BSE_ASSET",
      "target_node": "P17",
      "belief_type": "strategy",
      "confidence": 0.1,
      "value": "unknown",
      "timestamp": 0.0,
      "evidence_count": 0
    },
    "307d8b4e-b1e2-4f8d-be3a-957d271d7b97": {
      "edge_id": "307d8b4e-b1e2-4f8d-be3a-957d271d7b97",
      "source_node": "BSE_ASSET",
      "target_node": "P17",
      "belief_type": "valuation",
      "confidence": 0.2,
      "value": 129.1,
      "timestamp": 40.89552238805972,
      "evidence_count": 2
    },
    "a86af9f0-90b4-4910-81c6-cc0d297210e9": {
      "edge_id": "a86af9f0-90b4-4910-81c6-cc0d297210e9",
      "source_node": "BSE_ASSET",
      "target_node": "P02",
      "belief_type": "strategy",
      "confidence": 0.1,
      "value": "unknown",
      "timestamp": 5.074626865671641,
      "evidence_count": 0
    },
    "3e3c74fd-d94f-4d05-86b9-d6c3626f4cf7": {
      "edge_id": "3e3c74fd-d94f-4d05-86b9-d6c3626f4cf7",
      "source_node": "BSE_ASSET",
      "target_node": "P02",
      "belief_type": "valuation",
      "confidence": 0.7,
      "value": 128.88235099999997,
      "timestamp": 40.89552238805972,
      "evidence_count": 7
    },
    "b8493ebd-55fe-4df5-a71f-bf4c82884528": {
      "edge_id": "b8493ebd-55fe-4df5-a71f-bf4c82884528",
      "source_node": "BSE_ASSET",
      "target_node": "P01",
      "belief_type": "strategy",
      "confidence": 0.1,
      "value": "unknown",
      "timestamp": 5.074626865671641,
      "evidence_count": 0
    },
    "a4f44ea0-a39d-4398-b89a-42e718181438": {
      "edge_id": "a4f44ea0-a39d-4398-b89a-42e718181438",
      "source_node": "BSE_ASSET",
      "target_node": "P01",
      "belief_type": "valuation",
      "confidence": 0.7,
      "value": 127.11764899999997,
      "timestamp": 56.2686567164182,
      "evidence_count": 7
    },
    "968dd771-c3dd-4f41-bd24-715b926c0794": {
      "edge_id": "968dd771-c3dd-4f41-bd24-715b926c0794",
      "source_node": "BSE_ASSET",
      "target_node": "P08",
      "belief_type": "strategy",
      "confidence": 0.1,
      "value": "unknown",
      "timestamp": 5.074626865671641,
      "evidence_count": 0
    },
    "af889d9d-7654-4dd1-9487-78df9b12f3f4": {
      "edge_id": "af889d9d-7654-4dd1-9487-78df9b12f3f4",
      "source_node": "BSE_ASSET",
      "target_node": "P08",
      "belief_type": "valuation",
      "confidence": 0.7999999999999999,
      "value": 130.3529371,
      "timestamp": 56.2686567164182,
      "evidence_count": 8
    },
    "ad3c396a-22f6-4e25-b5d2-a4c2cbcbc35c": {
      "edge_id": "ad3c396a-22f6-4e25-b5d2-a4c2cbcbc35c",
      "source_node": "BSE_ASSET",
      "target_node": "P07",
      "belief_type": "strategy",
      "confidence": 0.1,
      "value": "unknown",
      "timestamp": 5.074626865671641,
      "evidence_count": 0
    },
    "43566449-9d59-43a5-bf82-f594df1a9700": {
      "edge_id": "43566449-9d59-43a5-bf82-f594df1a9700",
      "source_node": "BSE_ASSET",
      "target_node": "P07",
      "belief_type": "valuation",
      "confidence": 0.95,
      "value": 120.0,
      "timestamp": 56.2686567164182,
      "evidence_count": 11
    },
    "8c6a64f6-6969-4df3-b7b7-102c8e6e0b9e": {
      "edge_id": "8c6a64f6-6969-4df3-b7b7-102c8e6e0b9e",
      "source_node": "BSE_ASSET",
      "target_node": "B11",
      "belief_type": "strategy",
      "confidence": 0.1,
      "value": "unknown",
      "timestamp": 5.074626865671641,
      "evidence_count": 0
    },
    "bceba92a-fee4-420a-9cc9-b52b0b7f6054": {
      "edge_id": "bceba92a-fee4-420a-9cc9-b52b0b7f6054",
      "source_node": "BSE_ASSET",
      "target_node": "B11",
      "belief_type": "valuation",
      "confidence": 0.5,
      "value": 121.94399999999999,
      "timestamp": 56.2686567164182,
      "evidence_count": 5
    },
    "478cf785-0e9c-455d-b245-dcce06d492a7": {
      "edge_id": "478cf785-0e9c-455d-b245-dcce06d492a7",
      "source_node": "BSE_ASSET",
      "target_node": "B19",
      "belief_type": "strategy",
      "confidence": 0.1,
      "value": "unknown",
      "timestamp": 5.074626865671641,
      "evidence_count": 0
    },
    "97fdade7-8505-42d9-9e1f-603e42606df9": {
      "edge_id": "97fdade7-8505-42d9-9e1f-603e42606df9",
      "source_node": "BSE_ASSET",
      "target_node": "B19",
      "belief_type": "valuation",
      "confidence": 0.2,
      "value": 114.19999999999999,
      "timestamp": 10.298507462686555,
      "evidence_count": 2
    },
    "55f4a0c0-9726-42b4-9864-b331a0842e03": {
      "edge_id": "55f4a0c0-9726-42b4-9864-b331a0842e03",
      "source_node": "BSE_ASSET",
      "target_node": "S06",
      "belief_type": "strategy",
      "confidence": 0.1,
      "value": "unknown",
      "timestamp": 5.074626865671641,
      "evidence_count": 0
    },
    "5ba4b402-3651-4de8-b0b9-18edc97b8050": {
      "edge_id": "5ba4b402-3651-4de8-b0b9-18edc97b8050",
      "source_node": "BSE_ASSET",
      "target_node": "S06",
      "belief_type": "valuation",
      "confidence": 0.30000000000000004,
      "value": 139.65,
      "timestamp": 40.89552238805972,
      "evidence_count": 3
    },
    "d573c459-6248-4d37-946b-49ee8c4d6955": {
      "edge_id": "d573c459-6248-4d37-946b-49ee8c4d6955",
      "source_node": "BSE_ASSET",
      "target_node": "S02",
      "belief_type": "strategy",
      "confidence": 0.1,
      "value": "unknown",
      "timestamp": 5.074626865671641,
      "evidence_count": 0
    },
    "de47934a-2b78-48fd-9592-0713ca422e16": {
      "edge_id": "de47934a-2b78-48fd-9592-0713ca422e16",
      "source_node": "BSE_ASSET",
      "target_node": "S02",
      "belief_type": "valuation",
      "confidence": 0.4,
      "value": 140.11299999999997,
      "timestamp": 56.2686567164182,
      "evidence_count": 4
    },
    "09ad4521-5f23-40bf-9503-637204bba1b6": {
      "edge_id": "09ad4521-5f23-40bf-9503-637204bba1b6",
      "source_node": "BSE_ASSET",
      "target_node": "S07",
      "belief_type": "strategy",
      "confidence": 0.1,
      "value": "unknown",
      "timestamp": 5.074626865671641,
      "evidence_count": 0
    },
    "adbdc00e-d23e-40ef-99d9-4e41e027a5f6": {
      "edge_id": "adbdc00e-d23e-40ef-99d9-4e41e027a5f6",
      "source_node": "BSE_ASSET",
      "target_node": "S07",
      "belief_type": "valuation",
      "confidence": 0.6,
      "value": 315.86157999999995,
      "timestamp": 45.97014925373145,
      "evidence_count": 6
    },
    "866e8bce-803a-49b2-9238-429c41d97c38": {
      "edge_id": "866e8bce-803a-49b2-9238-429c41d97c38",
      "source_node": "BSE_ASSET",
      "target_node": "P20",
      "belief_type": "strategy",
      "confidence": 0.1,
      "value": "unknown",
      "timestamp": 10.298507462686555,
      "evidence_count": 0
    },
    "0d485acc-dd31-455d-a283-93edc90d6f17": {
      "edge_id": "0d485acc-dd31-455d-a283-93edc90d6f17",
      "source_node": "BSE_ASSET",
      "target_node": "P20",
      "belief_type": "valuation",
      "confidence": 0.2,
      "value": 124.0,
      "timestamp": 15.373134328358166,
      "evidence_count": 2
    },
    "7a974e47-73cd-47ff-9294-8398d17edfa8": {
      "edge_id": "7a974e47-73cd-47ff-9294-8398d17edfa8",
      "source_node": "BSE_ASSET",
      "target_node": "B13",
      "belief_type": "strategy",
      "confidence": 0.1,
      "value": "unknown",
      "timestamp": 10.298507462686555,
      "evidence_count": 0
    },
    "34180fdd-4169-4e4c-9981-9bcc0ab2ac12": {
      "edge_id": "34180fdd-4169-4e4c-9981-9bcc0ab2ac12",
      "source_node": "BSE_ASSET",
      "target_node": "B13",
      "belief_type": "valuation",
      "confidence": 0.4,
      "value": 105.1,
      "timestamp": 25.522388059701388,
      "evidence_count": 4
    },
    "9f45f068-2b10-40f8-a0da-7eb96b41fe24": {
      "edge_id": "9f45f068-2b10-40f8-a0da-7eb96b41fe24",
      "source_node": "BSE_ASSET",
      "target_node": "B05",
      "belief_type": "strategy",
      "confidence": 0.1,
      "value": "unknown",
      "timestamp": 10.298507462686555,
      "evidence_count": 0
    },
    "f0851b4e-8346-4b19-b70f-1a32fb922e51": {
      "edge_id": "f0851b4e-8346-4b19-b70f-1a32fb922e51",
      "source_node": "BSE_ASSET",
      "target_node": "B05",
      "belief_type": "valuation",
      "confidence": 0.30000000000000004,
      "value": 95.94,
      "timestamp": 20.447761194029777,
      "evidence_count": 3
    },
    "6a647a46-f5af-4594-9fef-0aa14c2c5b3b": {
      "edge_id": "6a647a46-f5af-4594-9fef-0aa14c2c5b3b",
      "source_node": "BSE_ASSET",
      "target_node": "B02",
      "belief_type": "strategy",
      "confidence": 0.1,
      "value": "unknown",
      "timestamp": 10.298507462686555,
      "evidence_count": 0
    },
    "693fba95-3b75-426e-b372-3e38927dcf73": {
      "edge_id": "693fba95-3b75-426e-b372-3e38927dcf73",
      "source_node": "BSE_ASSET",
      "target_node": "B02",
      "belief_type": "valuation",
      "confidence": 0.6,
      "value": 70.40121,
      "timestamp": 56.2686567164182,
      "evidence_count": 6
    },
    "32fc6d5f-cd39-418a-9d04-137b75d18d30": {
      "edge_id": "32fc6d5f-cd39-418a-9d04-137b75d18d30",
      "source_node": "BSE_ASSET",
      "target_node": "B07",
      "belief_type": "strategy",
      "confidence": 0.1,
      "value": "unknown",
      "timestamp": 10.298507462686555,
      "evidence_count": 0
    },
    "2e5f0e1e-f427-408e-a2fc-70586b5bb951": {
      "edge_id": "2e5f0e1e-f427-408e-a2fc-70586b5bb951",
      "source_node": "BSE_ASSET",
      "target_node": "B07",
      "belief_type": "valuation",
      "confidence": 0.2,
      "value": 98.0,
      "timestamp": 15.373134328358166,
      "evidence_count": 2
    },
    "acded6c0-30a8-41e1-8d8d-8b8e8206ee16": {
      "edge_id": "acded6c0-30a8-41e1-8d8d-8b8e8206ee16",
      "source_node": "BSE_ASSET",
      "target_node": "B09",
      "belief_type": "strategy",
      "confidence": 0.1,
      "value": "unknown",
      "timestamp": 10.298507462686555,
      "evidence_count": 0
    },
    "f796756b-828c-420d-bd17-c07c17a8b1cc": {
      "edge_id": "f796756b-828c-420d-bd17-c07c17a8b1cc",
      "source_node": "BSE_ASSET",
      "target_node": "B09",
      "belief_type": "valuation",
      "confidence": 0.30000000000000004,
      "value": 101.88999999999999,
      "timestamp": 30.597014925373,
      "evidence_count": 3
    },
    "6b0361b4-9e93-4075-a9b3-0a93af5f4317": {
      "edge_id": "6b0361b4-9e93-4075-a9b3-0a93af5f4317",
      "source_node": "BSE_ASSET",
      "target_node": "B04",
      "belief_type": "strategy",
      "confidence": 0.1,
      "value": "unknown",
      "timestamp": 10.298507462686555,
      "evidence_count": 0
    },
    "694e4b0a-13ed-4502-af2d-b8f7a36df9c7": {
      "edge_id": "694e4b0a-13ed-4502-af2d-b8f7a36df9c7",
      "source_node": "BSE_ASSET",
      "target_node": "B04",
      "belief_type": "valuation",
      "confidence": 0.2,
      "value": 82.0,
      "timestamp": 15.373134328358166,
      "evidence_count": 2
    },
    "ed541d8d-15a0-4326-93c5-2a5c6309eaf0": {
      "edge_id": "ed541d8d-15a0-4326-93c5-2a5c6309eaf0",
      "source_node": "BSE_ASSET",
      "target_node": "S03",
      "belief_type": "strategy",
      "confidence": 0.1,
      "value": "unknown",
      "timestamp": 10.298507462686555,
      "evidence_count": 0
    },
    "dc239dd5-92ae-489f-b54f-1b55095a55c3": {
      "edge_id": "dc239dd5-92ae-489f-b54f-1b55095a55c3",
      "source_node": "BSE_ASSET",
      "target_node": "S03",
      "belief_type": "valuation",
      "confidence": 0.30000000000000004,
      "value": 143.76999999999998,
      "timestamp": 56.2686567164182,
      "evidence_count": 3
    },
    "eb3f01f5-a838-4295-88d1-ad71717d9850": {
      "edge_id": "eb3f01f5-a838-4295-88d1-ad71717d9850",
      "source_node": "BSE_ASSET",
      "target_node": "S12",
      "belief_type": "strategy",
      "confidence": 0.1,
      "value": "unknown",
      "timestamp": 10.298507462686555,
      "evidence_count": 0
    },
    "4eaed120-9f33-47a8-8b86-bc14461b28d6": {
      "edge_id": "4eaed120-9f33-47a8-8b86-bc14461b28d6",
      "source_node": "BSE_ASSET",
      "target_node": "S12",
      "belief_type": "valuation",
      "confidence": 0.5,
      "value": 164.63400000000001,
      "timestamp": 51.04477611940318,
      "evidence_count": 5
    },
    "5ba83d7a-bb34-4c45-835d-f756317b1ab4": {
      "edge_id": "5ba83d7a-bb34-4c45-835d-f756317b1ab4",
      "source_node": "BSE_ASSET",
      "target_node": "S20",
      "belief_type": "strategy",
      "confidence": 0.1,
      "value": "unknown",
      "timestamp": 10.298507462686555,
      "evidence_count": 0
    },
    "2f26b528-1fc7-4ca2-b298-5d631ada67d1": {
      "edge_id": "2f26b528-1fc7-4ca2-b298-5d631ada67d1",
      "source_node": "BSE_ASSET",
      "target_node": "S20",
      "belief_type": "valuation",
      "confidence": 0.5,
      "value": 231.0892,
      "timestamp": 56.2686567164182,
      "evidence_count": 5
    },
    "6398b5b7-33fc-4500-94c4-b7e63193e071": {
      "edge_id": "6398b5b7-33fc-4500-94c4-b7e63193e071",
      "source_node": "BSE_ASSET",
      "target_node": "P14",
      "belief_type": "strategy",
      "confidence": 0.1,
      "value": "unknown",
      "timestamp": 15.373134328358166,
      "evidence_count": 0
    },
    "67afe916-a83e-4541-a2c7-4a810a777c2f": {
      "edge_id": "67afe916-a83e-4541-a2c7-4a810a777c2f",
      "source_node": "BSE_ASSET",
      "target_node": "P14",
      "belief_type": "valuation",
      "confidence": 0.30000000000000004,
      "value": 125.53,
      "timestamp": 30.597014925373,
      "evidence_count": 3
    },
    "205e2196-d5cb-41be-bef1-687ceed514d1": {
      "edge_id": "205e2196-d5cb-41be-bef1-687ceed514d1",
      "source_node": "BSE_ASSET",
      "target_node": "P09",
      "belief_type": "strategy",
      "confidence": 0.1,
      "value": "unknown",
      "timestamp": 15.373134328358166,
      "evidence_count": 0
    },
    "eec2cc63-a5e4-48ff-ba20-537d8bd3b7bf": {
      "edge_id": "eec2cc63-a5e4-48ff-ba20-537d8bd3b7bf",
      "source_node": "BSE_ASSET",
      "target_node": "P09",
      "belief_type": "valuation",
      "confidence": 0.4,
      "value": 130.25199999999998,
      "timestamp": 56.2686567164182,
      "evidence_count": 4
    },
    "aa78a441-4683-4730-9ce5-7fc4e804c212": {
      "edge_id": "aa78a441-4683-4730-9ce5-7fc4e804c212",
      "source_node": "BSE_ASSET",
      "target_node": "B06",
      "belief_type": "strategy",
      "confidence": 0.1,
      "value": "unknown",
      "timestamp": 15.373134328358166,
      "evidence_count": 0
    },
    "94c0b21f-788e-4a62-958d-54e24dbf3384": {
      "edge_id": "94c0b21f-788e-4a62-958d-54e24dbf3384",
      "source_node": "BSE_ASSET",
      "target_node": "B06",
      "belief_type": "valuation",
      "confidence": 0.2,
      "value": 112.0,
      "timestamp": 20.447761194029777,
      "evidence_count": 2
    },
    "4a15293a-ca1e-47ae-8922-29c832d29f18": {
      "edge_id": "4a15293a-ca1e-47ae-8922-29c832d29f18",
      "source_node": "BSE_ASSET",
      "target_node": "B20",
      "belief_type": "strategy",
      "confidence": 0.1,
      "value": "unknown",
      "timestamp": 15.373134328358166,
      "evidence_count": 0
    },
    "30a14c51-5e2c-4884-93b1-cb29bc8c2e1c": {
      "edge_id": "30a14c51-5e2c-4884-93b1-cb29bc8c2e1c",
      "source_node": "BSE_ASSET",
      "target_node": "B20",
      "belief_type": "valuation",
      "confidence": 0.1,
      "value": 100,
      "timestamp": 15.373134328358166,
      "evidence_count": 1
    },
    "eb695407-93c0-4835-acde-a80608eeded5": {
      "edge_id": "eb695407-93c0-4835-acde-a80608eeded5",
      "source_node": "BSE_ASSET",
      "target_node": "B10",
      "belief_type": "strategy",
      "confidence": 0.1,
      "value": "unknown",
      "timestamp": 15.373134328358166,
      "evidence_count": 0
    },
    "deb8b8fb-886e-4aad-b500-178be207ecf9": {
      "edge_id": "deb8b8fb-886e-4aad-b500-178be207ecf9",
      "source_node": "BSE_ASSET",
      "target_node": "B10",
      "belief_type": "valuation",
      "confidence": 0.30000000000000004,
      "value": 107.69,
      "timestamp": 25.522388059701388,
      "evidence_count": 3
    },
    "c533eec6-70fe-4cff-9596-0aaa80849c5a": {
      "edge_id": "c533eec6-70fe-4cff-9596-0aaa80849c5a",
      "source_node": "BSE_ASSET",
      "target_node": "S04",
      "belief_type": "strategy",
      "confidence": 0.1,
      "value": "unknown",
      "timestamp": 15.373134328358166,
      "evidence_count": 0
    },
    "7fc6663a-346f-4b32-89cf-a1733fb0b13b": {
      "edge_id": "7fc6663a-346f-4b32-89cf-a1733fb0b13b",
      "source_node": "BSE_ASSET",
      "target_node": "S04",
      "belief_type": "valuation",
      "confidence": 0.5,
      "value": 141.98969999999997,
      "timestamp": 40.89552238805972,
      "evidence_count": 5
    },
    "3308a39a-6f04-43df-a6ba-ec04cbcda8d0": {
      "edge_id": "3308a39a-6f04-43df-a6ba-ec04cbcda8d0",
      "source_node": "BSE_ASSET",
      "target_node": "P12",
      "belief_type": "strategy",
      "confidence": 0.1,
      "value": "unknown",
      "timestamp": 15.373134328358166,
      "evidence_count": 0
    },
    "e543be8f-ef08-4384-a3ff-d2310dacfbc9": {
      "edge_id": "e543be8f-ef08-4384-a3ff-d2310dacfbc9",
      "source_node": "BSE_ASSET",
      "target_node": "P12",
      "belief_type": "valuation",
      "confidence": 0.6,
      "value": 134.58999999999997,
      "timestamp": 56.2686567164182,
      "evidence_count": 6
    },
    "6e17da5a-3760-4ebb-ada5-77454964f37c": {
      "edge_id": "6e17da5a-3760-4ebb-ada5-77454964f37c",
      "source_node": "BSE_ASSET",
      "target_node": "P16",
      "belief_type": "strategy",
      "confidence": 0.1,
      "value": "unknown",
      "timestamp": 15.373134328358166,
      "evidence_count": 0
    },
    "33201bb4-2156-492c-a41b-f26238ec538c": {
      "edge_id": "33201bb4-2156-492c-a41b-f26238ec538c",
      "source_node": "BSE_ASSET",
      "target_node": "P16",
      "belief_type": "valuation",
      "confidence": 0.4,
      "value": 128.344,
      "timestamp": 56.2686567164182,
      "evidence_count": 4
    },
    "d0912104-88b0-4775-98c2-9e03b218c58f": {
      "edge_id": "d0912104-88b0-4775-98c2-9e03b218c58f",
      "source_node": "BSE_ASSET",
      "target_node": "P13",
      "belief_type": "strategy",
      "confidence": 0.1,
      "value": "unknown",
      "timestamp": 20.447761194029777,
      "evidence_count": 0
    },
    "e3c448ee-19ca-4df0-b6c7-1e720b4a017b": {
      "edge_id": "e3c448ee-19ca-4df0-b6c7-1e720b4a017b",
      "source_node": "BSE_ASSET",
      "target_node": "P13",
      "belief_type": "valuation",
      "confidence": 0.6,
      "value": 127.37127999999998,
      "timestamp": 56.2686567164182,
      "evidence_count": 6
    },
    "addb8e77-9cc5-45ed-9187-72aa4fb83be5": {
      "edge_id": "addb8e77-9cc5-45ed-9187-72aa4fb83be5",
      "source_node": "BSE_ASSET",
      "target_node": "P19",
      "belief_type": "strategy",
      "confidence": 0.1,
      "value": "unknown",
      "timestamp": 20.447761194029777,
      "evidence_count": 0
    },
    "9c7a91bb-ff79-4c42-9b3e-036602f0b6f2": {
      "edge_id": "9c7a91bb-ff79-4c42-9b3e-036602f0b6f2",
      "source_node": "BSE_ASSET",
      "target_node": "P19",
      "belief_type": "valuation",
      "confidence": 0.30000000000000004,
      "value": 129.13,
      "timestamp": 51.04477611940318,
      "evidence_count": 3
    },
    "01f128e1-a162-4484-93e2-badad8582a01": {
      "edge_id": "01f128e1-a162-4484-93e2-badad8582a01",
      "source_node": "BSE_ASSET",
      "target_node": "B15",
      "belief_type": "strategy",
      "confidence": 0.1,
      "value": "unknown",
      "timestamp": 20.447761194029777,
      "evidence_count": 0
    },
    "7ae70c7e-a558-4068-b1eb-0fdb954275ff": {
      "edge_id": "7ae70c7e-a558-4068-b1eb-0fdb954275ff",
      "source_node": "BSE_ASSET",
      "target_node": "B15",
      "belief_type": "valuation",
      "confidence": 0.1,
      "value": 120,
      "timestamp": 20.447761194029777,
      "evidence_count": 1
    },
    "e3d18fef-b480-44be-bd91-86d0b73cb74d": {
      "edge_id": "e3d18fef-b480-44be-bd91-86d0b73cb74d",
      "source_node": "BSE_ASSET",
      "target_node": "B21",
      "belief_type": "strategy",
      "confidence": 0.1,
      "value": "unknown",
      "timestamp": 20.447761194029777,
      "evidence_count": 0
    },
    "83f55620-918a-4108-8ba4-9d333c4a42b5": {
      "edge_id": "83f55620-918a-4108-8ba4-9d333c4a42b5",
      "source_node": "BSE_ASSET",
      "target_node": "B21",
      "belief_type": "valuation",
      "confidence": 0.2,
      "value": 116.5,
      "timestamp": 30.597014925373,
      "evidence_count": 2
    },
    "41c71bea-4ef5-427c-85ce-0984a40fd94f": {
      "edge_id": "41c71bea-4ef5-427c-85ce-0984a40fd94f",
      "source_node": "BSE_ASSET",
      "target_node": "B08",
      "belief_type": "strategy",
      "confidence": 0.1,
      "value": "unknown",
      "timestamp": 20.447761194029777,
      "evidence_count": 0
    },
    "fc2f4d81-eb73-42d5-9836-86ca35b9de30": {
      "edge_id": "fc2f4d81-eb73-42d5-9836-86ca35b9de30",
      "source_node": "BSE_ASSET",
      "target_node": "B08",
      "belief_type": "valuation",
      "confidence": 0.4,
      "value": 121.66999999999999,
      "timestamp": 56.2686567164182,
      "evidence_count": 4
    },
    "939bcb22-c8ae-48b2-888f-93719512c5e2": {
      "edge_id": "939bcb22-c8ae-48b2-888f-93719512c5e2",
      "source_node": "BSE_ASSET",
      "target_node": "B14",
      "belief_type": "strategy",
      "confidence": 0.1,
      "value": "unknown",
      "timestamp": 20.447761194029777,
      "evidence_count": 0
    },
    "b5adb0d4-5bf6-4e92-b19b-804e17ddfff4": {
      "edge_id": "b5adb0d4-5bf6-4e92-b19b-804e17ddfff4",
      "source_node": "BSE_ASSET",
      "target_node": "B14",
      "belief_type": "valuation",
      "confidence": 0.30000000000000004,
      "value": 113.63,
      "timestamp": 30.597014925373,
      "evidence_count": 3
    },
    "5c26f3d6-ed5d-4449-a4a0-e988754ac3b3": {
      "edge_id": "5c26f3d6-ed5d-4449-a4a0-e988754ac3b3",
      "source_node": "BSE_ASSET",
      "target_node": "B18",
      "belief_type": "strategy",
      "confidence": 0.1,
      "value": "unknown",
      "timestamp": 20.447761194029777,
      "evidence_count": 0
    },
    "3b00d27e-520a-4ddf-9bba-b1d78fdb3ef7": {
      "edge_id": "3b00d27e-520a-4ddf-9bba-b1d78fdb3ef7",
      "source_node": "BSE_ASSET",
      "target_node": "B18",
      "belief_type": "valuation",
      "confidence": 0.2,
      "value": 101.2,
      "timestamp": 35.820895522387985,
      "evidence_count": 2
    },
    "65d7e49e-0a42-4f8d-a397-34ecabdad8ae": {
      "edge_id": "65d7e49e-0a42-4f8d-a397-34ecabdad8ae",
      "source_node": "BSE_ASSET",
      "target_node": "S15",
      "belief_type": "strategy",
      "confidence": 0.1,
      "value": "unknown",
      "timestamp": 20.447761194029777,
      "evidence_count": 0
    },
    "0a633a10-0a5e-44a6-a962-239bf6c98a1b": {
      "edge_id": "0a633a10-0a5e-44a6-a962-239bf6c98a1b",
      "source_node": "BSE_ASSET",
      "target_node": "S15",
      "belief_type": "valuation",
      "confidence": 0.1,
      "value": 127,
      "timestamp": 20.447761194029777,
      "evidence_count": 1
    },
    "1d2c4e60-8dd5-46a2-93f8-bf25831a0cf2": {
      "edge_id": "1d2c4e60-8dd5-46a2-93f8-bf25831a0cf2",
      "source_node": "BSE_ASSET",
      "target_node": "P15",
      "belief_type": "strategy",
      "confidence": 0.1,
      "value": "unknown",
      "timestamp": 20.447761194029777,
      "evidence_count": 0
    },
    "77c6bef0-0be9-419b-99ca-6fe3b0841efd": {
      "edge_id": "77c6bef0-0be9-419b-99ca-6fe3b0841efd",
      "source_node": "BSE_ASSET",
      "target_node": "P15",
      "belief_type": "valuation",
      "confidence": 0.7,
      "value": 126.35774899999997,
      "timestamp": 56.2686567164182,
      "evidence_count": 7
    },
    "8f55975f-7a38-495e-a777-9f1f8c6d069a": {
      "edge_id": "8f55975f-7a38-495e-a777-9f1f8c6d069a",
      "source_node": "BSE_ASSET",
      "target_node": "P00",
      "belief_type": "strategy",
      "confidence": 0.1,
      "value": "unknown",
      "timestamp": 20.447761194029777,
      "evidence_count": 0
    },
    "c381749c-36b2-422d-afe6-5f6ade8a30b8": {
      "edge_id": "c381749c-36b2-422d-afe6-5f6ade8a30b8",
      "source_node": "BSE_ASSET",
      "target_node": "P00",
      "belief_type": "valuation",
      "confidence": 0.5,
      "value": 127.2807,
      "timestamp": 56.2686567164182,
      "evidence_count": 5
    },
    "6dac1d8f-9419-43e1-8f07-91bfd0d99d58": {
      "edge_id": "6dac1d8f-9419-43e1-8f07-91bfd0d99d58",
      "source_node": "BSE_ASSET",
      "target_node": "P06",
      "belief_type": "strategy",
      "confidence": 0.1,
      "value": "unknown",
      "timestamp": 20.447761194029777,
      "evidence_count": 0
    },
    "cbd2f3cc-2dba-4906-84e6-473009d1a8a0": {
      "edge_id": "cbd2f3cc-2dba-4906-84e6-473009d1a8a0",
      "source_node": "BSE_ASSET",
      "target_node": "P06",
      "belief_type": "valuation",
      "confidence": 0.4,
      "value": 126.481,
      "timestamp": 56.2686567164182,
      "evidence_count": 4
    },
    "96fa4722-4b3d-4656-be74-753a00b2918f": {
      "edge_id": "96fa4722-4b3d-4656-be74-753a00b2918f",
      "source_node": "BSE_ASSET",
      "target_node": "P10",
      "belief_type": "strategy",
      "confidence": 0.1,
      "value": "unknown",
      "timestamp": 25.522388059701388,
      "evidence_count": 0
    },
    "a0ed458c-ce1b-43ca-9185-f0f3e1ff99ce": {
      "edge_id": "a0ed458c-ce1b-43ca-9185-f0f3e1ff99ce",
      "source_node": "BSE_ASSET",
      "target_node": "P10",
      "belief_type": "valuation",
      "confidence": 0.30000000000000004,
      "value": 131.64999999999998,
      "timestamp": 56.2686567164182,
      "evidence_count": 3
    },
    "8d929001-616d-4273-a29e-30dfbc43ea4f": {
      "edge_id": "8d929001-616d-4273-a29e-30dfbc43ea4f",
      "source_node": "BSE_ASSET",
      "target_node": "B01",
      "belief_type": "strategy",
      "confidence": 0.1,
      "value": "unknown",
      "timestamp": 25.522388059701388,
      "evidence_count": 0
    },
    "7d7390bf-63e4-4c4c-ba65-93759acec8f5": {
      "edge_id": "7d7390bf-63e4-4c4c-ba65-93759acec8f5",
      "source_node": "BSE_ASSET",
      "target_node": "B01",
      "belief_type": "valuation",
      "confidence": 0.1,
      "value": 91,
      "timestamp": 25.522388059701388,
      "evidence_count": 1
    },
    "e4bbb916-d18b-463c-a274-47d9a8d086fd": {
      "edge_id": "e4bbb916-d18b-463c-a274-47d9a8d086fd",
      "source_node": "BSE_ASSET",
      "target_node": "S14",
      "belief_type": "strategy",
      "confidence": 0.1,
      "value": "unknown",
      "timestamp": 25.522388059701388,
      "evidence_count": 0
    },
    "10ae3379-d0d8-4894-9706-1a20f6f77ef9": {
      "edge_id": "10ae3379-d0d8-4894-9706-1a20f6f77ef9",
      "source_node": "BSE_ASSET",
      "target_node": "S14",
      "belief_type": "valuation",
      "confidence": 0.4,
      "value": 136.29999999999998,
      "timestamp": 51.04477611940318,
      "evidence_count": 4
    },
    "f79785a1-15f5-4674-a926-fb186a4f7f60": {
      "edge_id": "f79785a1-15f5-4674-a926-fb186a4f7f60",
      "source_node": "BSE_ASSET",
      "target_node": "S00",
      "belief_type": "strategy",
      "confidence": 0.1,
      "value": "unknown",
      "timestamp": 25.522388059701388,
      "evidence_count": 0
    },
    "253dd158-9ce1-43df-bad6-e768b52d8b3b": {
      "edge_id": "253dd158-9ce1-43df-bad6-e768b52d8b3b",
      "source_node": "BSE_ASSET",
      "target_node": "S00",
      "belief_type": "valuation",
      "confidence": 0.4,
      "value": 135.85999999999999,
      "timestamp": 40.89552238805972,
      "evidence_count": 4
    },
    "284a3e9b-dbb4-40cf-a552-42986911616c": {
      "edge_id": "284a3e9b-dbb4-40cf-a552-42986911616c",
      "source_node": "BSE_ASSET",
      "target_node": "S22",
      "belief_type": "strategy",
      "confidence": 0.1,
      "value": "unknown",
      "timestamp": 25.522388059701388,
      "evidence_count": 0
    },
    "53a7ec07-3a45-455f-bd7e-06554f152cc2": {
      "edge_id": "53a7ec07-3a45-455f-bd7e-06554f152cc2",
      "source_node": "BSE_ASSET",
      "target_node": "S22",
      "belief_type": "valuation",
      "confidence": 0.4,
      "value": 151.298,
      "timestamp": 51.04477611940318,
      "evidence_count": 4
    },
    "1d0bff74-1afb-4c46-9a9e-4eab76461737": {
      "edge_id": "1d0bff74-1afb-4c46-9a9e-4eab76461737",
      "source_node": "BSE_ASSET",
      "target_node": "S19",
      "belief_type": "strategy",
      "confidence": 0.1,
      "value": "unknown",
      "timestamp": 25.522388059701388,
      "evidence_count": 0
    },
    "c9f07f41-d7d7-47c9-a9c6-61bc1aa78d01": {
      "edge_id": "c9f07f41-d7d7-47c9-a9c6-61bc1aa78d01",
      "source_node": "BSE_ASSET",
      "target_node": "S19",
      "belief_type": "valuation",
      "confidence": 0.2,
      "value": 172.0,
      "timestamp": 30.597014925373,
      "evidence_count": 2
    },
    "db1cf86f-4854-4d97-9ae1-523247884cd4": {
      "edge_id": "db1cf86f-4854-4d97-9ae1-523247884cd4",
      "source_node": "BSE_ASSET",
      "target_node": "S13",
      "belief_type": "strategy",
      "confidence": 0.1,
      "value": "unknown",
      "timestamp": 25.522388059701388,
      "evidence_count": 0
    },
    "14a8b9cd-d6f6-42ee-9bb7-7dcd6fdafba4": {
      "edge_id": "14a8b9cd-d6f6-42ee-9bb7-7dcd6fdafba4",
      "source_node": "BSE_ASSET",
      "target_node": "S13",
      "belief_type": "valuation",
      "confidence": 0.6,
      "value": 150.63115,
      "timestamp": 56.2686567164182,
      "evidence_count": 6
    },
    "0705b71d-177d-4153-8c94-11f5ae131aa0": {
      "edge_id": "0705b71d-177d-4153-8c94-11f5ae131aa0",
      "source_node": "BSE_ASSET",
      "target_node": "P04",
      "belief_type": "strategy",
      "confidence": 0.1,
      "value": "unknown",
      "timestamp": 25.522388059701388,
      "evidence_count": 0
    },
    "802660c9-7622-4e69-b747-1b9550236ab5": {
      "edge_id": "802660c9-7622-4e69-b747-1b9550236ab5",
      "source_node": "BSE_ASSET",
      "target_node": "P04",
      "belief_type": "valuation",
      "confidence": 0.30000000000000004,
      "value": 128.26,
      "timestamp": 56.2686567164182,
      "evidence_count": 3
    },
    "e2a21dd7-4c41-4a85-ac09-a0cb27e6df66": {
      "edge_id": "e2a21dd7-4c41-4a85-ac09-a0cb27e6df66",
      "source_node": "BSE_ASSET",
      "target_node": "B22",
      "belief_type": "strategy",
      "confidence": 0.1,
      "value": "unknown",
      "timestamp": 30.597014925373,
      "evidence_count": 0
    },
    "39133b75-4fbb-4d32-bf93-3d9efa661d32": {
      "edge_id": "39133b75-4fbb-4d32-bf93-3d9efa661d32",
      "source_node": "BSE_ASSET",
      "target_node": "B22",
      "belief_type": "valuation",
      "confidence": 0.1,
      "value": 112,
      "timestamp": 30.597014925373,
      "evidence_count": 1
    },
    "4247dc14-af9f-45bc-ac31-a617331f809d": {
      "edge_id": "4247dc14-af9f-45bc-ac31-a617331f809d",
      "source_node": "BSE_ASSET",
      "target_node": "B03",
      "belief_type": "strategy",
      "confidence": 0.1,
      "value": "unknown",
      "timestamp": 30.597014925373,
      "evidence_count": 0
    },
    "a9135934-66df-469a-b857-34202c11350a": {
      "edge_id": "a9135934-66df-469a-b857-34202c11350a",
      "source_node": "BSE_ASSET",
      "target_node": "B03",
      "belief_type": "valuation",
      "confidence": 0.2,
      "value": 103.0,
      "timestamp": 35.820895522387985,
      "evidence_count": 2
    },
    "2ff6538f-8a24-4d02-8be8-b27d602537a1": {
      "edge_id": "2ff6538f-8a24-4d02-8be8-b27d602537a1",
      "source_node": "BSE_ASSET",
      "target_node": "S17",
      "belief_type": "strategy",
      "confidence": 0.1,
      "value": "unknown",
      "timestamp": 30.597014925373,
      "evidence_count": 0
    },
    "d922f51c-3a64-48bf-9f18-da0c46a871f5": {
      "edge_id": "d922f51c-3a64-48bf-9f18-da0c46a871f5",
      "source_node": "BSE_ASSET",
      "target_node": "S17",
      "belief_type": "valuation",
      "confidence": 0.2,
      "value": 135.1,
      "timestamp": 40.89552238805972,
      "evidence_count": 2
    },
    "74f2142f-eda5-4560-9de0-0664a8ddd572": {
      "edge_id": "74f2142f-eda5-4560-9de0-0664a8ddd572",
      "source_node": "BSE_ASSET",
      "target_node": "S05",
      "belief_type": "strategy",
      "confidence": 0.1,
      "value": "unknown",
      "timestamp": 30.597014925373,
      "evidence_count": 0
    },
    "a4ae1051-323d-4de5-916c-bee38c8d5a29": {
      "edge_id": "a4ae1051-323d-4de5-916c-bee38c8d5a29",
      "source_node": "BSE_ASSET",
      "target_node": "S05",
      "belief_type": "valuation",
      "confidence": 0.4,
      "value": 150.49199999999996,
      "timestamp": 56.2686567164182,
      "evidence_count": 4
    },
    "0b70bc16-e9df-46bc-a813-5dd6e4305879": {
      "edge_id": "0b70bc16-e9df-46bc-a813-5dd6e4305879",
      "source_node": "BSE_ASSET",
      "target_node": "S09",
      "belief_type": "strategy",
      "confidence": 0.1,
      "value": "unknown",
      "timestamp": 40.89552238805972,
      "evidence_count": 0
    },
    "793ac097-baa6-4e04-96ee-b2acda541a65": {
      "edge_id": "793ac097-baa6-4e04-96ee-b2acda541a65",
      "source_node": "BSE_ASSET",
      "target_node": "S09",
      "belief_type": "valuation",
      "confidence": 0.2,
      "value": 139.3,
      "timestamp": 51.04477611940318,
      "evidence_count": 2
    },
    "8da6e758-25db-4fa3-9459-8850a00adf43": {
      "edge_id": "8da6e758-25db-4fa3-9459-8850a00adf43",
      "source_node": "BSE_ASSET",
      "target_node": "S21",
      "belief_type": "strategy",
      "confidence": 0.1,
      "value": "unknown",
      "timestamp": 40.89552238805972,
      "evidence_count": 0
    },
    "7078dbb4-b701-4658-ad24-67157e2763ab": {
      "edge_id": "7078dbb4-b701-4658-ad24-67157e2763ab",
      "source_node": "BSE_ASSET",
      "target_node": "S21",
      "belief_type": "valuation",
      "confidence": 0.1,
      "value": 154,
      "timestamp": 40.89552238805972,
      "evidence_count": 1
    },
    "24d5e992-f2a1-4e15-9ffc-8cdb4fef24f3": {
      "edge_id": "24d5e992-f2a1-4e15-9ffc-8cdb4fef24f3",
      "source_node": "BSE_ASSET",
      "target_node": "S08",
      "belief_type": "strategy",
      "confidence": 0.1,
      "value": "unknown",
      "timestamp": 45.97014925373145,
      "evidence_count": 0
    },
    "345bd505-386c-4052-9113-0c51b66158ad": {
      "edge_id": "345bd505-386c-4052-9113-0c51b66158ad",
      "source_node": "BSE_ASSET",
      "target_node": "S08",
      "belief_type": "valuation",
      "confidence": 0.1,
      "value": 156,
      "timestamp": 45.97014925373145,
      "evidence_count": 1
    },
    "055b31b6-b934-4678-a0f0-eac0d3445911": {
      "edge_id": "055b31b6-b934-4678-a0f0-eac0d3445911",
      "source_node": "BSE_ASSET",
      "target_node": "B16",
      "belief_type": "strategy",
      "confidence": 0.1,
      "value": "unknown",
      "timestamp": 45.97014925373145,
      "evidence_count": 0
    },
    "9d7ff769-baf8-4087-8a2c-ec6c39511b36": {
      "edge_id": "9d7ff769-baf8-4087-8a2c-ec6c39511b36",
      "source_node": "BSE_ASSET",
      "target_node": "B16",
      "belief_type": "valuation",
      "confidence": 0.2,
      "value": 131.89999999999998,
      "timestamp": 56.2686567164182,
      "evidence_count": 2
    },
    "576fe03f-ae6c-4def-8748-a9ea69b63309": {
      "edge_id": "576fe03f-ae6c-4def-8748-a9ea69b63309",
      "source_node": "BSE_ASSET",
      "target_node": "B17",
      "belief_type": "strategy",
      "confidence": 0.1,
      "value": "unknown",
      "timestamp": 51.04477611940318,
      "evidence_count": 0
    },
    "a1916c1b-7d5f-48e0-8302-fc4244f412b2": {
      "edge_id": "a1916c1b-7d5f-48e0-8302-fc4244f412b2",
      "source_node": "BSE_ASSET",
      "target_node": "B17",
      "belief_type": "valuation",
      "confidence": 0.1,
      "value": 128,
      "timestamp": 51.04477611940318,
      "evidence_count": 1
    },
    "ebcb062a-a243-482e-804a-f12ca47ed98b": {
      "edge_id": "ebcb062a-a243-482e-804a-f12ca47ed98b",
      "source_node": "BSE_ASSET",
      "target_node": "P03",
      "belief_type": "strategy",
      "confidence": 0.1,
      "value": "unknown",
      "timestamp": 51.04477611940318,
      "evidence_count": 0
    },
    "13bb631d-5e79-45c4-8846-24cff317eae4": {
      "edge_id": "13bb631d-5e79-45c4-8846-24cff317eae4",
      "source_node": "BSE_ASSET",
      "target_node": "P03",
      "belief_type": "valuation",
      "confidence": 0.2,
      "value": 138.7,
      "timestamp": 56.2686567164182,
      "evidence_count": 2
    },
    "bd92dba5-d2d3-438d-808e-e054e7aa9500": {
      "edge_id": "bd92dba5-d2d3-438d-808e-e054e7aa9500",
      "source_node": "BSE_ASSET",
      "target_node": "S01",
      "belief_type": "strategy",
      "confidence": 0.1,
      "value": "unknown",
      "timestamp": 51.04477611940318,
      "evidence_count": 0
    },
    "016aaee7-39e3-436c-b86c-6b318881ad0a": {
      "edge_id": "016aaee7-39e3-436c-b86c-6b318881ad0a",
      "source_node": "BSE_ASSET",
      "target_node": "S01",
      "belief_type": "valuation",
      "confidence": 0.1,
      "value": 175,
      "timestamp": 51.04477611940318,
      "evidence_count": 1
    },
    "6a2121f5-6129-404d-8b17-4ca573e63386": {
      "edge_id": "6a2121f5-6129-404d-8b17-4ca573e63386",
      "source_node": "BSE_ASSET",
      "target_node": "S18",
      "belief_type": "strategy",
      "confidence": 0.1,
      "value": "unknown",
      "timestamp": 51.04477611940318,
      "evidence_count": 0
    },
    "d27e86c2-c0bf-475f-a375-cdcdc5950047": {
      "edge_id": "d27e86c2-c0bf-475f-a375-cdcdc5950047",
      "source_node": "BSE_ASSET",
      "target_node": "S18",
      "belief_type": "valuation",
      "confidence": 0.1,
      "value": 187,
      "timestamp": 51.04477611940318,
      "evidence_count": 1
    },
    "c44d630a-3f7c-4a28-9f7e-a46e9015c74d": {
      "edge_id": "c44d630a-3f7c-4a28-9f7e-a46e9015c74d",
      "source_node": "BSE_ASSET",
      "target_node": "P11",
      "belief_type": "strategy",
      "confidence": 0.1,
      "value": "unknown",
      "timestamp": 56.2686567164182,
      "evidence_count": 0
    },
    "5e0670ca-9ea4-4c03-85d7-12ce5bac76f2": {
      "edge_id": "5e0670ca-9ea4-4c03-85d7-12ce5bac76f2",
      "source_node": "BSE_ASSET",
      "target_node": "P11",
      "belief_type": "valuation",
      "confidence": 0.1,
      "value": 134,
      "timestamp": 56.2686567164182,
      "evidence_count": 1
    },
    "75489653-dfdf-4c59-ac77-f540f24936a4": {
      "edge_id": "75489653-dfdf-4c59-ac77-f540f24936a4",
      "source_node": "BSE_ASSET",
      "target_node": "S10",
      "belief_type": "strategy",
      "confidence": 0.1,
      "value": "unknown",
      "timestamp": 56.2686567164182,
      "evidence_count": 0
    },
    "4982475a-a448-425a-85e0-ff9b66c04295": {
      "edge_id": "4982475a-a448-425a-85e0-ff9b66c04295",
      "source_node": "BSE_ASSET",
      "target_node": "S10",
      "belief_type": "valuation",
      "confidence": 0.1,
      "value": 166,
      "timestamp": 56.2686567164182,
      "evidence_count": 1
    }
  },
  "event_history": [
    {
      "event_id": "ask_S12_45.97014925373145",
      "event_type": "ask",
      "timestamp": 45.97014925373145,
      "agent_id": "S12",
      "price": 181,
      "quantity": 1,
      "counterparty_id": null,
      "order_id": null
    },
    {
      "event_id": "ask_S05_45.97014925373145",
      "event_type": "ask",
      "timestamp": 45.97014925373145,
      "agent_id": "S05",
      "price": 196,
      "quantity": 1,
      "counterparty_id": null,
      "order_id": null
    },
    {
      "event_id": "ask_S07_45.97014925373145",
      "event_type": "ask",
      "timestamp": 45.97014925373145,
      "agent_id": "S07",
      "price": 349,
      "quantity": 1,
      "counterparty_id": null,
      "order_id": null
    },
    {
      "event_id": "bid_B16_51.04477611940318",
      "event_type": "bid",
      "timestamp": 51.04477611940318,
      "agent_id": "B16",
      "price": 131,
      "quantity": 1,
      "counterparty_id": null,
      "order_id": null
    },
    {
      "event_id": "bid_P09_51.04477611940318",
      "event_type": "bid",
      "timestamp": 51.04477611940318,
      "agent_id": "P09",
      "price": 131,
      "quantity": 1,
      "counterparty_id": null,
      "order_id": null
    },
    {
      "event_id": "bid_B08_51.04477611940318",
      "event_type": "bid",
      "timestamp": 51.04477611940318,
      "agent_id": "B08",
      "price": 130,
      "quantity": 1,
      "counterparty_id": null,
      "order_id": null
    },
    {
      "event_id": "bid_P16_51.04477611940318",
      "event_type": "bid",
      "timestamp": 51.04477611940318,
      "agent_id": "P16",
      "price": 129,
      "quantity": 1,
      "counterparty_id": null,
      "order_id": null
    },
    {
      "event_id": "bid_B11_51.04477611940318",
      "event_type": "bid",
      "timestamp": 51.04477611940318,
      "agent_id": "B11",
      "price": 129,
      "quantity": 1,
      "counterparty_id": null,
      "order_id": null
    },
    {
      "event_id": "bid_B17_51.04477611940318",
      "event_type": "bid",
      "timestamp": 51.04477611940318,
      "agent_id": "B17",
      "price": 128,
      "quantity": 1,
      "counterparty_id": null,
      "order_id": null
    },
    {
      "event_id": "bid_P06_51.04477611940318",
      "event_type": "bid",
      "timestamp": 51.04477611940318,
      "agent_id": "P06",
      "price": 128,
      "quantity": 1,
      "counterparty_id": null,
      "order_id": null
    },
    {
      "event_id": "bid_P13_51.04477611940318",
      "event_type": "bid",
      "timestamp": 51.04477611940318,
      "agent_id": "P13",
      "price": 127,
      "quantity": 1,
      "counterparty_id": null,
      "order_id": null
    },
    {
      "event_id": "bid_P01_51.04477611940318",
      "event_type": "bid",
      "timestamp": 51.04477611940318,
      "agent_id": "P01",
      "price": 127,
      "quantity": 1,
      "counterparty_id": null,
      "order_id": null
    },
    {
      "event_id": "bid_P15_51.04477611940318",
      "event_type": "bid",
      "timestamp": 51.04477611940318,
      "agent_id": "P15",
      "price": 126,
      "quantity": 1,
      "counterparty_id": null,
      "order_id": null
    },
    {
      "event_id": "bid_P00_51.04477611940318",
      "event_type": "bid",
      "timestamp": 51.04477611940318,
      "agent_id": "P00",
      "price": 122,
      "quantity": 1,
      "counterparty_id": null,
      "order_id": null
    },
    {
      "event_id": "bid_P07_51.04477611940318",
      "event_type": "bid",
      "timestamp": 51.04477611940318,
      "agent_id": "P07",
      "price": 120,
      "quantity": 1,
      "counterparty_id": null,
      "order_id": null
    },
    {
      "event_id": "ask_P03_51.04477611940318",
      "event_type": "ask",
      "timestamp": 51.04477611940318,
      "agent_id": "P03",
      "price": 139,
      "quantity": 1,
      "counterparty_id": null,
      "order_id": null
    },
    {
      "event_id": "ask_P19_51.04477611940318",
      "event_type": "ask",
      "timestamp": 51.04477611940318,
      "agent_id": "P19",
      "price": 139,
      "quantity": 1,
      "counterparty_id": null,
      "order_id": null
    },
    {
      "event_id": "ask_P12_51.04477611940318",
      "event_type": "ask",
      "timestamp": 51.04477611940318,
      "agent_id": "P12",
      "price": 139,
      "quantity": 1,
      "counterparty_id": null,
      "order_id": null
    },
    {
      "event_id": "ask_P10_51.04477611940318",
      "event_type": "ask",
      "timestamp": 51.04477611940318,
      "agent_id": "P10",
      "price": 139,
      "quantity": 1,
      "counterparty_id": null,
      "order_id": null
    },
    {
      "event_id": "ask_S09_51.04477611940318",
      "event_type": "ask",
      "timestamp": 51.04477611940318,
      "agent_id": "S09",
      "price": 140,
      "quantity": 1,
      "counterparty_id": null,
      "order_id": null
    },
    {
      "event_id": "ask_S14_51.04477611940318",
      "event_type": "ask",
      "timestamp": 51.04477611940318,
      "agent_id": "S14",
      "price": 144,
      "quantity": 1,
      "counterparty_id": null,
      "order_id": null
    },
    {
      "event_id": "ask_S03_51.04477611940318",
      "event_type": "ask",
      "timestamp": 51.04477611940318,
      "agent_id": "S03",
      "price": 157,
      "quantity": 1,
      "counterparty_id": null,
      "order_id": null
    },
    {
      "event_id": "ask_S22_51.04477611940318",
      "event_type": "ask",
      "timestamp": 51.04477611940318,
      "agent_id": "S22",
      "price": 161,
      "quantity": 1,
      "counterparty_id": null,
      "order_id": null
    },
    {
      "event_id": "ask_S01_51.04477611940318",
      "event_type": "ask",
      "timestamp": 51.04477611940318,
      "agent_id": "S01",
      "price": 175,
      "quantity": 1,
      "counterparty_id": null,
      "order_id": null
    },
    {
      "event_id": "ask_S12_51.04477611940318",
      "event_type": "ask",
      "timestamp": 51.04477611940318,
      "agent_id": "S12",
      "price": 181,
      "quantity": 1,
      "counterparty_id": null,
      "order_id": null
    },
    {
      "event_id": "ask_S18_51.04477611940318",
      "event_type": "ask",
      "timestamp": 51.04477611940318,
      "agent_id": "S18",
      "price": 187,
      "quantity": 1,
      "counterparty_id": null,
      "order_id": null
    },
    {
      "event_id": "bid_P03_56.2686567164182",
      "event_type": "bid",
      "timestamp": 56.2686567164182,
      "agent_id": "P03",
      "price": 138,
      "quantity": 1,
      "counterparty_id": null,
      "order_id": null
    },
    {
      "event_id": "bid_P09_56.2686567164182",
      "event_type": "bid",
      "timestamp": 56.2686567164182,
      "agent_id": "P09",
      "price": 137,
      "quantity": 1,
      "counterparty_id": null,
      "order_id": null
    },
    {
      "event_id": "bid_P13_56.2686567164182",
      "event_type": "bid",
      "timestamp": 56.2686567164182,
      "agent_id": "P13",
      "price": 134,
      "quantity": 1,
      "counterparty_id": null,
      "order_id": null
    },
    {
      "event_id": "bid_P00_56.2686567164182",
      "event_type": "bid",
      "timestamp": 56.2686567164182,
      "agent_id": "P00",
      "price": 134,
      "quantity": 1,
      "counterparty_id": null,
      "order_id": null
    },
    {
      "event_id": "bid_P16_56.2686567164182",
      "event_type": "bid",
      "timestamp": 56.2686567164182,
      "agent_id": "P16",
      "price": 134,
      "quantity": 1,
      "counterparty_id": null,
      "order_id": null
    },
    {
      "event_id": "bid_B16_56.2686567164182",
      "event_type": "bid",
      "timestamp": 56.2686567164182,
      "agent_id": "B16",
      "price": 134,
      "quantity": 1,
      "counterparty_id": null,
      "order_id": null
    },
    {
      "event_id": "bid_P11_56.2686567164182",
      "event_type": "bid",
      "timestamp": 56.2686567164182,
      "agent_id": "P11",
      "price": 134,
      "quantity": 1,
      "counterparty_id": null,
      "order_id": null
    },
    {
      "event_id": "bid_P04_56.2686567164182",
      "event_type": "bid",
      "timestamp": 56.2686567164182,
      "agent_id": "P04",
      "price": 134,
      "quantity": 1,
      "counterparty_id": null,
      "order_id": null
    },
    {
      "event_id": "bid_P08_56.2686567164182",
      "event_type": "bid",
      "timestamp": 56.2686567164182,
      "agent_id": "P08",
      "price": 132,
      "quantity": 1,
      "counterparty_id": null,
      "order_id": null
    },
    {
      "event_id": "bid_B08_56.2686567164182",
      "event_type": "bid",
      "timestamp": 56.2686567164182,
      "agent_id": "B08",
      "price": 130,
      "quantity": 1,
      "counterparty_id": null,
      "order_id": null
    },
    {
      "event_id": "bid_B11_56.2686567164182",
      "event_type": "bid",
      "timestamp": 56.2686567164182,
      "agent_id": "B11",
      "price": 129,
      "quantity": 1,
      "counterparty_id": null,
      "order_id": null
    },
    {
      "event_id": "bid_P06_56.2686567164182",
      "event_type": "bid",
      "timestamp": 56.2686567164182,
      "agent_id": "P06",
      "price": 128,
      "quantity": 1,
      "counterparty_id": null,
      "order_id": null
    },
    {
      "event_id": "bid_P01_56.2686567164182",
      "event_type": "bid",
      "timestamp": 56.2686567164182,
      "agent_id": "P01",
      "price": 127,
      "quantity": 1,
      "counterparty_id": null,
      "order_id": null
    },
    {
      "event_id": "bid_P15_56.2686567164182",
      "event_type": "bid",
      "timestamp": 56.2686567164182,
      "agent_id": "P15",
      "price": 126,
      "quantity": 1,
      "counterparty_id": null,
      "order_id": null
    },
    {
      "event_id": "bid_P07_56.2686567164182",
      "event_type": "bid",
      "timestamp": 56.2686567164182,
      "agent_id": "P07",
      "price": 120,
      "quantity": 1,
      "counterparty_id": null,
      "order_id": null
    },
    {
      "event_id": "bid_B02_56.2686567164182",
      "event_type": "bid",
      "timestamp": 56.2686567164182,
      "agent_id": "B02",
      "price": 61,
      "quantity": 1,
      "counterparty_id": null,
      "order_id": null
    },
    {
      "event_id": "ask_P12_56.2686567164182",
      "event_type": "ask",
      "timestamp": 56.2686567164182,
      "agent_id": "P12",
      "price": 139,
      "quantity": 1,
      "counterparty_id": null,
      "order_id": null
    },
    {
      "event_id": "ask_P10_56.2686567164182",
      "event_type": "ask",
      "timestamp": 56.2686567164182,
      "agent_id": "P10",
      "price": 139,
      "quantity": 1,
      "counterparty_id": null,
      "order_id": null
    },
    {
      "event_id": "ask_S05_56.2686567164182",
      "event_type": "ask",
      "timestamp": 56.2686567164182,
      "agent_id": "S05",
      "price": 141,
      "quantity": 1,
      "counterparty_id": null,
      "order_id": null
    },
    {
      "event_id": "ask_S13_56.2686567164182",
      "event_type": "ask",
      "timestamp": 56.2686567164182,
      "agent_id": "S13",
      "price": 145,
      "quantity": 1,
      "counterparty_id": null,
      "order_id": null
    },
    {
      "event_id": "ask_S03_56.2686567164182",
      "event_type": "ask",
      "timestamp": 56.2686567164182,
      "agent_id": "S03",
      "price": 157,
      "quantity": 1,
      "counterparty_id": null,
      "order_id": null
    },
    {
      "event_id": "ask_S02_56.2686567164182",
      "event_type": "ask",
      "timestamp": 56.2686567164182,
      "agent_id": "S02",
      "price": 160,
      "quantity": 1,
      "counterparty_id": null,
      "order_id": null
    },
    {
      "event_id": "ask_S10_56.2686567164182",
      "event_type": "ask",
      "timestamp": 56.2686567164182,
      "agent_id": "S10",
      "price": 166,
      "quantity": 1,
      "counterparty_id": null,
      "order_id": null
    },
    {
      "event_id": "ask_S20_56.2686567164182",
      "event_type": "ask",
      "timestamp": 56.2686567164182,
      "agent_id": "S20",
      "price": 279,
      "quantity": 1,
      "counterparty_id": null,
      "order_id": null
    }
  ]
}
2025-10-10 19:15:54 | HM_JSON_NOCOT_P18 | ================================================================================
2025-10-10 19:15:54 | HM_JSON_NOCOT_P18 | [AGENTS-TRACKED] Currently tracking 62 agents: ['P18', 'P17', 'P02', 'P01', 'P08', 'P07', 'B11', 'B19', 'S06', 'S02', 'S07', 'P20', 'B13', 'B05', 'B02', 'B07', 'B09', 'B04', 'S03', 'S12', 'S20', 'P14', 'P09', 'B06', 'B20', 'B10', 'S04', 'P12', 'P16', 'P13', 'P19', 'B15', 'B21', 'B08', 'B14', 'B18', 'S15', 'P15', 'P00', 'P06', 'P10', 'B01', 'S14', 'S00', 'S22', 'S19', 'S13', 'P04', 'B22', 'B03', 'S17', 'S05', 'S09', 'S21', 'S08', 'B16', 'B17', 'P03', 'S01', 'S18', 'P11', 'S10']
