2025-10-10 17:56:33 | HM_NL_NOCOT_P20 | === Agent P20 (HM_NL_NOCOT) initialized ===
2025-10-10 17:56:33 | HM_NL_NOCOT_P20 | [HYP-SCAFFOLD] P20: Initialized hypothesis scaffolding system
2025-10-10 17:56:33 | HM_NL_NOCOT_P20 | [HM-INIT] P20: Initialized with HypothesisScaffold
2025-10-10 17:58:58 | HM_NL_NOCOT_P20 | [BELIEF-THROTTLE] P13: Running belief graph update at time 5.1
2025-10-10 17:58:58 | HM_NL_NOCOT_P20 | [UPDATE-SUMMARY] Processed 10 market events at time 5.1
2025-10-10 17:58:58 | HM_NL_NOCOT_P20 | === BELIEF GRAPH STATE AT TIME 5.1 ===
2025-10-10 17:58:58 | HM_NL_NOCOT_P20 | {
  "graph_id": "f5b42db1-423d-4188-b050-2c98ca6efd4a",
  "asset_id": "BSE_ASSET",
  "current_time": 5.074626865671641,
  "nodes": {
    "BSE_ASSET": {
      "asset_id": "BSE_ASSET",
      "node_type": "asset",
      "current_best_bid": null,
      "current_best_ask": null,
      "last_trade_price": null,
      "volume_traded": 0,
      "price_volatility": 0.0,
      "spread_width": null,
      "market_depth_bid": 0,
      "market_depth_ask": 0
    },
    "P20": {
      "agent_id": "P20",
      "node_type": "agent",
      "last_bid_price": null,
      "last_ask_price": null,
      "last_trade_price": null,
      "total_trades": 0,
      "total_volume": 0,
      "strategy_type": "Hypothetical-Minds",
      "inferred_valuation": null,
      "valuation_confidence": 0.0,
      "aggressiveness_score": 0.6,
      "last_activity": 0.0
    },
    "P17": {
      "agent_id": "P17",
      "node_type": "agent",
      "last_bid_price": 130,
      "last_ask_price": null,
      "last_trade_price": null,
      "total_trades": 0,
      "total_volume": 0,
      "strategy_type": null,
      "inferred_valuation": 130,
      "valuation_confidence": 0.1,
      "aggressiveness_score": 0.0,
      "last_activity": 5.074626865671641
    },
    "P02": {
      "agent_id": "P02",
      "node_type": "agent",
      "last_bid_price": 128,
      "last_ask_price": null,
      "last_trade_price": null,
      "total_trades": 0,
      "total_volume": 0,
      "strategy_type": null,
      "inferred_valuation": 128,
      "valuation_confidence": 0.1,
      "aggressiveness_score": 0.0,
      "last_activity": 5.074626865671641
    },
    "P01": {
      "agent_id": "P01",
      "node_type": "agent",
      "last_bid_price": 128,
      "last_ask_price": null,
      "last_trade_price": null,
      "total_trades": 0,
      "total_volume": 0,
      "strategy_type": null,
      "inferred_valuation": 128,
      "valuation_confidence": 0.1,
      "aggressiveness_score": 0.0,
      "last_activity": 5.074626865671641
    },
    "P08": {
      "agent_id": "P08",
      "node_type": "agent",
      "last_bid_price": 127,
      "last_ask_price": null,
      "last_trade_price": null,
      "total_trades": 0,
      "total_volume": 0,
      "strategy_type": null,
      "inferred_valuation": 127,
      "valuation_confidence": 0.1,
      "aggressiveness_score": 0.0,
      "last_activity": 5.074626865671641
    },
    "P07": {
      "agent_id": "P07",
      "node_type": "agent",
      "last_bid_price": 120,
      "last_ask_price": null,
      "last_trade_price": null,
      "total_trades": 0,
      "total_volume": 0,
      "strategy_type": null,
      "inferred_valuation": 120,
      "valuation_confidence": 0.1,
      "aggressiveness_score": 0.0,
      "last_activity": 5.074626865671641
    },
    "B11": {
      "agent_id": "B11",
      "node_type": "agent",
      "last_bid_price": 111,
      "last_ask_price": null,
      "last_trade_price": null,
      "total_trades": 0,
      "total_volume": 0,
      "strategy_type": null,
      "inferred_valuation": 111,
      "valuation_confidence": 0.1,
      "aggressiveness_score": 0.0,
      "last_activity": 5.074626865671641
    },
    "B19": {
      "agent_id": "B19",
      "node_type": "agent",
      "last_bid_price": 110,
      "last_ask_price": null,
      "last_trade_price": null,
      "total_trades": 0,
      "total_volume": 0,
      "strategy_type": null,
      "inferred_valuation": 110,
      "valuation_confidence": 0.1,
      "aggressiveness_score": 0.0,
      "last_activity": 5.074626865671641
    },
    "S06": {
      "agent_id": "S06",
      "node_type": "agent",
      "last_bid_price": null,
      "last_ask_price": 132,
      "last_trade_price": null,
      "total_trades": 0,
      "total_volume": 0,
      "strategy_type": null,
      "inferred_valuation": 132,
      "valuation_confidence": 0.1,
      "aggressiveness_score": 0.0,
      "last_activity": 5.074626865671641
    },
    "S02": {
      "agent_id": "S02",
      "node_type": "agent",
      "last_bid_price": null,
      "last_ask_price": 133,
      "last_trade_price": null,
      "total_trades": 0,
      "total_volume": 0,
      "strategy_type": null,
      "inferred_valuation": 133,
      "valuation_confidence": 0.1,
      "aggressiveness_score": 0.0,
      "last_activity": 5.074626865671641
    },
    "S07": {
      "agent_id": "S07",
      "node_type": "agent",
      "last_bid_price": null,
      "last_ask_price": 421,
      "last_trade_price": null,
      "total_trades": 0,
      "total_volume": 0,
      "strategy_type": null,
      "inferred_valuation": 421,
      "valuation_confidence": 0.1,
      "aggressiveness_score": 0.0,
      "last_activity": 5.074626865671641
    }
  },
  "edges": {
    "b918a6af-7c13-43a2-a0b3-cea8deee488b": {
      "edge_id": "b918a6af-7c13-43a2-a0b3-cea8deee488b",
      "source_node": "BSE_ASSET",
      "target_node": "P20",
      "belief_type": "strategy",
      "confidence": 0.1,
      "value": "unknown",
      "timestamp": 0.0,
      "evidence_count": 0
    },
    "303c14ba-b068-4a89-8a60-defc4b1e19de": {
      "edge_id": "303c14ba-b068-4a89-8a60-defc4b1e19de",
      "source_node": "BSE_ASSET",
      "target_node": "P20",
      "belief_type": "valuation",
      "confidence": 0.1,
      "value": null,
      "timestamp": 0.0,
      "evidence_count": 0
    },
    "46f2d92a-3c74-4b1a-b173-2b2212adf83c": {
      "edge_id": "46f2d92a-3c74-4b1a-b173-2b2212adf83c",
      "source_node": "BSE_ASSET",
      "target_node": "P17",
      "belief_type": "strategy",
      "confidence": 0.1,
      "value": "unknown",
      "timestamp": 0.0,
      "evidence_count": 0
    },
    "f921b8b4-4eba-4e50-93e0-e95822fb9ef8": {
      "edge_id": "f921b8b4-4eba-4e50-93e0-e95822fb9ef8",
      "source_node": "BSE_ASSET",
      "target_node": "P17",
      "belief_type": "valuation",
      "confidence": 0.1,
      "value": 130,
      "timestamp": 5.074626865671641,
      "evidence_count": 1
    },
    "b96a29db-e77d-44ee-8059-3397e9c5601e": {
      "edge_id": "b96a29db-e77d-44ee-8059-3397e9c5601e",
      "source_node": "BSE_ASSET",
      "target_node": "P02",
      "belief_type": "strategy",
      "confidence": 0.1,
      "value": "unknown",
      "timestamp": 5.074626865671641,
      "evidence_count": 0
    },
    "59cd6533-d095-47a0-a999-2d2a45b4fb3c": {
      "edge_id": "59cd6533-d095-47a0-a999-2d2a45b4fb3c",
      "source_node": "BSE_ASSET",
      "target_node": "P02",
      "belief_type": "valuation",
      "confidence": 0.1,
      "value": 128,
      "timestamp": 5.074626865671641,
      "evidence_count": 1
    },
    "9f7f9b90-cb25-420d-8903-ef32e5fd69d6": {
      "edge_id": "9f7f9b90-cb25-420d-8903-ef32e5fd69d6",
      "source_node": "BSE_ASSET",
      "target_node": "P01",
      "belief_type": "strategy",
      "confidence": 0.1,
      "value": "unknown",
      "timestamp": 5.074626865671641,
      "evidence_count": 0
    },
    "eab81edb-d297-421f-b249-fd3ef80e2056": {
      "edge_id": "eab81edb-d297-421f-b249-fd3ef80e2056",
      "source_node": "BSE_ASSET",
      "target_node": "P01",
      "belief_type": "valuation",
      "confidence": 0.1,
      "value": 128,
      "timestamp": 5.074626865671641,
      "evidence_count": 1
    },
    "48144e52-4aa2-47b1-a45a-932ef7c670d4": {
      "edge_id": "48144e52-4aa2-47b1-a45a-932ef7c670d4",
      "source_node": "BSE_ASSET",
      "target_node": "P08",
      "belief_type": "strategy",
      "confidence": 0.1,
      "value": "unknown",
      "timestamp": 5.074626865671641,
      "evidence_count": 0
    },
    "993c8f2d-38a3-4daa-be1c-796f51e579a4": {
      "edge_id": "993c8f2d-38a3-4daa-be1c-796f51e579a4",
      "source_node": "BSE_ASSET",
      "target_node": "P08",
      "belief_type": "valuation",
      "confidence": 0.1,
      "value": 127,
      "timestamp": 5.074626865671641,
      "evidence_count": 1
    },
    "9a254ad7-5b31-4def-878a-768207fd8d17": {
      "edge_id": "9a254ad7-5b31-4def-878a-768207fd8d17",
      "source_node": "BSE_ASSET",
      "target_node": "P07",
      "belief_type": "strategy",
      "confidence": 0.1,
      "value": "unknown",
      "timestamp": 5.074626865671641,
      "evidence_count": 0
    },
    "070ffe6b-b5a2-4ab5-8c3b-7e6c2fe0c1bf": {
      "edge_id": "070ffe6b-b5a2-4ab5-8c3b-7e6c2fe0c1bf",
      "source_node": "BSE_ASSET",
      "target_node": "P07",
      "belief_type": "valuation",
      "confidence": 0.1,
      "value": 120,
      "timestamp": 5.074626865671641,
      "evidence_count": 1
    },
    "c9a4a238-3611-4051-80f9-047485bf5906": {
      "edge_id": "c9a4a238-3611-4051-80f9-047485bf5906",
      "source_node": "BSE_ASSET",
      "target_node": "B11",
      "belief_type": "strategy",
      "confidence": 0.1,
      "value": "unknown",
      "timestamp": 5.074626865671641,
      "evidence_count": 0
    },
    "40d99442-6fa1-4596-a57a-d06966692092": {
      "edge_id": "40d99442-6fa1-4596-a57a-d06966692092",
      "source_node": "BSE_ASSET",
      "target_node": "B11",
      "belief_type": "valuation",
      "confidence": 0.1,
      "value": 111,
      "timestamp": 5.074626865671641,
      "evidence_count": 1
    },
    "a5a810b7-3d35-4726-b1da-89f79e7b4d4f": {
      "edge_id": "a5a810b7-3d35-4726-b1da-89f79e7b4d4f",
      "source_node": "BSE_ASSET",
      "target_node": "B19",
      "belief_type": "strategy",
      "confidence": 0.1,
      "value": "unknown",
      "timestamp": 5.074626865671641,
      "evidence_count": 0
    },
    "1c4936cf-9e99-4138-9717-ee8bb61b39f4": {
      "edge_id": "1c4936cf-9e99-4138-9717-ee8bb61b39f4",
      "source_node": "BSE_ASSET",
      "target_node": "B19",
      "belief_type": "valuation",
      "confidence": 0.1,
      "value": 110,
      "timestamp": 5.074626865671641,
      "evidence_count": 1
    },
    "111dd868-7338-442c-9b81-1532ff51c8fd": {
      "edge_id": "111dd868-7338-442c-9b81-1532ff51c8fd",
      "source_node": "BSE_ASSET",
      "target_node": "S06",
      "belief_type": "strategy",
      "confidence": 0.1,
      "value": "unknown",
      "timestamp": 5.074626865671641,
      "evidence_count": 0
    },
    "1b4d8095-dfca-49f7-8ff8-0996301ed50f": {
      "edge_id": "1b4d8095-dfca-49f7-8ff8-0996301ed50f",
      "source_node": "BSE_ASSET",
      "target_node": "S06",
      "belief_type": "valuation",
      "confidence": 0.1,
      "value": 132,
      "timestamp": 5.074626865671641,
      "evidence_count": 1
    },
    "aedb378f-17c0-49bd-96ac-f83cc0ae17e1": {
      "edge_id": "aedb378f-17c0-49bd-96ac-f83cc0ae17e1",
      "source_node": "BSE_ASSET",
      "target_node": "S02",
      "belief_type": "strategy",
      "confidence": 0.1,
      "value": "unknown",
      "timestamp": 5.074626865671641,
      "evidence_count": 0
    },
    "b06a34c8-6454-40b0-b3ea-6a45a67a5a7d": {
      "edge_id": "b06a34c8-6454-40b0-b3ea-6a45a67a5a7d",
      "source_node": "BSE_ASSET",
      "target_node": "S02",
      "belief_type": "valuation",
      "confidence": 0.1,
      "value": 133,
      "timestamp": 5.074626865671641,
      "evidence_count": 1
    },
    "860336a7-13e7-4eb4-8099-a24fd7ff849d": {
      "edge_id": "860336a7-13e7-4eb4-8099-a24fd7ff849d",
      "source_node": "BSE_ASSET",
      "target_node": "S07",
      "belief_type": "strategy",
      "confidence": 0.1,
      "value": "unknown",
      "timestamp": 5.074626865671641,
      "evidence_count": 0
    },
    "5bd5f62f-27e4-44f1-9ff3-ad5b0bffdfbc": {
      "edge_id": "5bd5f62f-27e4-44f1-9ff3-ad5b0bffdfbc",
      "source_node": "BSE_ASSET",
      "target_node": "S07",
      "belief_type": "valuation",
      "confidence": 0.1,
      "value": 421,
      "timestamp": 5.074626865671641,
      "evidence_count": 1
    }
  },
  "event_history": [
    {
      "event_id": "bid_P17_5.074626865671641",
      "event_type": "bid",
      "timestamp": 5.074626865671641,
      "agent_id": "P17",
      "price": 130,
      "quantity": 1,
      "counterparty_id": null,
      "order_id": null
    },
    {
      "event_id": "bid_P02_5.074626865671641",
      "event_type": "bid",
      "timestamp": 5.074626865671641,
      "agent_id": "P02",
      "price": 128,
      "quantity": 1,
      "counterparty_id": null,
      "order_id": null
    },
    {
      "event_id": "bid_P01_5.074626865671641",
      "event_type": "bid",
      "timestamp": 5.074626865671641,
      "agent_id": "P01",
      "price": 128,
      "quantity": 1,
      "counterparty_id": null,
      "order_id": null
    },
    {
      "event_id": "bid_P08_5.074626865671641",
      "event_type": "bid",
      "timestamp": 5.074626865671641,
      "agent_id": "P08",
      "price": 127,
      "quantity": 1,
      "counterparty_id": null,
      "order_id": null
    },
    {
      "event_id": "bid_P07_5.074626865671641",
      "event_type": "bid",
      "timestamp": 5.074626865671641,
      "agent_id": "P07",
      "price": 120,
      "quantity": 1,
      "counterparty_id": null,
      "order_id": null
    },
    {
      "event_id": "bid_B11_5.074626865671641",
      "event_type": "bid",
      "timestamp": 5.074626865671641,
      "agent_id": "B11",
      "price": 111,
      "quantity": 1,
      "counterparty_id": null,
      "order_id": null
    },
    {
      "event_id": "bid_B19_5.074626865671641",
      "event_type": "bid",
      "timestamp": 5.074626865671641,
      "agent_id": "B19",
      "price": 110,
      "quantity": 1,
      "counterparty_id": null,
      "order_id": null
    },
    {
      "event_id": "ask_S06_5.074626865671641",
      "event_type": "ask",
      "timestamp": 5.074626865671641,
      "agent_id": "S06",
      "price": 132,
      "quantity": 1,
      "counterparty_id": null,
      "order_id": null
    },
    {
      "event_id": "ask_S02_5.074626865671641",
      "event_type": "ask",
      "timestamp": 5.074626865671641,
      "agent_id": "S02",
      "price": 133,
      "quantity": 1,
      "counterparty_id": null,
      "order_id": null
    },
    {
      "event_id": "ask_S07_5.074626865671641",
      "event_type": "ask",
      "timestamp": 5.074626865671641,
      "agent_id": "S07",
      "price": 421,
      "quantity": 1,
      "counterparty_id": null,
      "order_id": null
    }
  ]
}
2025-10-10 17:58:58 | HM_NL_NOCOT_P20 | ================================================================================
2025-10-10 17:58:58 | HM_NL_NOCOT_P20 | [AGENTS-TRACKED] Currently tracking 11 agents: ['P20', 'P17', 'P02', 'P01', 'P08', 'P07', 'B11', 'B19', 'S06', 'S02', 'S07']
2025-10-10 18:04:21 | HM_NL_NOCOT_P20 | [BELIEF-THROTTLE] P13: Running belief graph update at time 10.3
2025-10-10 18:04:21 | HM_NL_NOCOT_P20 | [UPDATE-SUMMARY] Processed 15 market events at time 10.3
2025-10-10 18:04:21 | HM_NL_NOCOT_P20 | === BELIEF GRAPH STATE AT TIME 10.3 ===
2025-10-10 18:04:21 | HM_NL_NOCOT_P20 | {
  "graph_id": "f5b42db1-423d-4188-b050-2c98ca6efd4a",
  "asset_id": "BSE_ASSET",
  "current_time": 10.298507462686555,
  "nodes": {
    "BSE_ASSET": {
      "asset_id": "BSE_ASSET",
      "node_type": "asset",
      "current_best_bid": null,
      "current_best_ask": null,
      "last_trade_price": null,
      "volume_traded": 0,
      "price_volatility": 0.0,
      "spread_width": null,
      "market_depth_bid": 0,
      "market_depth_ask": 0
    },
    "P20": {
      "agent_id": "P20",
      "node_type": "agent",
      "last_bid_price": 124,
      "last_ask_price": null,
      "last_trade_price": null,
      "total_trades": 0,
      "total_volume": 0,
      "strategy_type": "Hypothetical-Minds",
      "inferred_valuation": 124,
      "valuation_confidence": 0.1,
      "aggressiveness_score": 0.6,
      "last_activity": 10.298507462686555
    },
    "P17": {
      "agent_id": "P17",
      "node_type": "agent",
      "last_bid_price": 130,
      "last_ask_price": null,
      "last_trade_price": null,
      "total_trades": 0,
      "total_volume": 0,
      "strategy_type": null,
      "inferred_valuation": 130,
      "valuation_confidence": 0.1,
      "aggressiveness_score": 0.0,
      "last_activity": 5.074626865671641
    },
    "P02": {
      "agent_id": "P02",
      "node_type": "agent",
      "last_bid_price": 128,
      "last_ask_price": null,
      "last_trade_price": null,
      "total_trades": 0,
      "total_volume": 0,
      "strategy_type": null,
      "inferred_valuation": 128,
      "valuation_confidence": 0.1,
      "aggressiveness_score": 0.0,
      "last_activity": 5.074626865671641
    },
    "P01": {
      "agent_id": "P01",
      "node_type": "agent",
      "last_bid_price": 128,
      "last_ask_price": null,
      "last_trade_price": null,
      "total_trades": 0,
      "total_volume": 0,
      "strategy_type": null,
      "inferred_valuation": 128,
      "valuation_confidence": 0.1,
      "aggressiveness_score": 0.0,
      "last_activity": 5.074626865671641
    },
    "P08": {
      "agent_id": "P08",
      "node_type": "agent",
      "last_bid_price": 127,
      "last_ask_price": null,
      "last_trade_price": null,
      "total_trades": 0,
      "total_volume": 0,
      "strategy_type": null,
      "inferred_valuation": 127,
      "valuation_confidence": 0.1,
      "aggressiveness_score": 0.0,
      "last_activity": 5.074626865671641
    },
    "P07": {
      "agent_id": "P07",
      "node_type": "agent",
      "last_bid_price": 120,
      "last_ask_price": null,
      "last_trade_price": null,
      "total_trades": 0,
      "total_volume": 0,
      "strategy_type": null,
      "inferred_valuation": 120.0,
      "valuation_confidence": 0.2,
      "aggressiveness_score": 0.0,
      "last_activity": 10.298507462686555
    },
    "B11": {
      "agent_id": "B11",
      "node_type": "agent",
      "last_bid_price": 111,
      "last_ask_price": null,
      "last_trade_price": null,
      "total_trades": 0,
      "total_volume": 0,
      "strategy_type": null,
      "inferred_valuation": 110.99999999999999,
      "valuation_confidence": 0.2,
      "aggressiveness_score": 0.0,
      "last_activity": 10.298507462686555
    },
    "B19": {
      "agent_id": "B19",
      "node_type": "agent",
      "last_bid_price": 124,
      "last_ask_price": null,
      "last_trade_price": null,
      "total_trades": 0,
      "total_volume": 0,
      "strategy_type": null,
      "inferred_valuation": 114.19999999999999,
      "valuation_confidence": 0.2,
      "aggressiveness_score": 0.0,
      "last_activity": 10.298507462686555
    },
    "S06": {
      "agent_id": "S06",
      "node_type": "agent",
      "last_bid_price": null,
      "last_ask_price": 132,
      "last_trade_price": null,
      "total_trades": 0,
      "total_volume": 0,
      "strategy_type": null,
      "inferred_valuation": 132,
      "valuation_confidence": 0.1,
      "aggressiveness_score": 0.0,
      "last_activity": 5.074626865671641
    },
    "S02": {
      "agent_id": "S02",
      "node_type": "agent",
      "last_bid_price": null,
      "last_ask_price": 132,
      "last_trade_price": null,
      "total_trades": 0,
      "total_volume": 0,
      "strategy_type": null,
      "inferred_valuation": 132.7,
      "valuation_confidence": 0.2,
      "aggressiveness_score": 0.0,
      "last_activity": 10.298507462686555
    },
    "S07": {
      "agent_id": "S07",
      "node_type": "agent",
      "last_bid_price": null,
      "last_ask_price": 197,
      "last_trade_price": null,
      "total_trades": 0,
      "total_volume": 0,
      "strategy_type": null,
      "inferred_valuation": 353.79999999999995,
      "valuation_confidence": 0.2,
      "aggressiveness_score": 0.0,
      "last_activity": 10.298507462686555
    },
    "B13": {
      "agent_id": "B13",
      "node_type": "agent",
      "last_bid_price": 100,
      "last_ask_price": null,
      "last_trade_price": null,
      "total_trades": 0,
      "total_volume": 0,
      "strategy_type": null,
      "inferred_valuation": 100,
      "valuation_confidence": 0.1,
      "aggressiveness_score": 0.0,
      "last_activity": 10.298507462686555
    },
    "B05": {
      "agent_id": "B05",
      "node_type": "agent",
      "last_bid_price": 99,
      "last_ask_price": null,
      "last_trade_price": null,
      "total_trades": 0,
      "total_volume": 0,
      "strategy_type": null,
      "inferred_valuation": 99,
      "valuation_confidence": 0.1,
      "aggressiveness_score": 0.0,
      "last_activity": 10.298507462686555
    },
    "B02": {
      "agent_id": "B02",
      "node_type": "agent",
      "last_bid_price": 99,
      "last_ask_price": null,
      "last_trade_price": null,
      "total_trades": 0,
      "total_volume": 0,
      "strategy_type": null,
      "inferred_valuation": 99,
      "valuation_confidence": 0.1,
      "aggressiveness_score": 0.0,
      "last_activity": 10.298507462686555
    },
    "B07": {
      "agent_id": "B07",
      "node_type": "agent",
      "last_bid_price": 98,
      "last_ask_price": null,
      "last_trade_price": null,
      "total_trades": 0,
      "total_volume": 0,
      "strategy_type": null,
      "inferred_valuation": 98,
      "valuation_confidence": 0.1,
      "aggressiveness_score": 0.0,
      "last_activity": 10.298507462686555
    },
    "B09": {
      "agent_id": "B09",
      "node_type": "agent",
      "last_bid_price": 82,
      "last_ask_price": null,
      "last_trade_price": null,
      "total_trades": 0,
      "total_volume": 0,
      "strategy_type": null,
      "inferred_valuation": 82,
      "valuation_confidence": 0.1,
      "aggressiveness_score": 0.0,
      "last_activity": 10.298507462686555
    },
    "B04": {
      "agent_id": "B04",
      "node_type": "agent",
      "last_bid_price": 82,
      "last_ask_price": null,
      "last_trade_price": null,
      "total_trades": 0,
      "total_volume": 0,
      "strategy_type": null,
      "inferred_valuation": 82,
      "valuation_confidence": 0.1,
      "aggressiveness_score": 0.0,
      "last_activity": 10.298507462686555
    },
    "S03": {
      "agent_id": "S03",
      "node_type": "agent",
      "last_bid_price": null,
      "last_ask_price": 130,
      "last_trade_price": null,
      "total_trades": 0,
      "total_volume": 0,
      "strategy_type": null,
      "inferred_valuation": 130,
      "valuation_confidence": 0.1,
      "aggressiveness_score": 0.0,
      "last_activity": 10.298507462686555
    },
    "S12": {
      "agent_id": "S12",
      "node_type": "agent",
      "last_bid_price": null,
      "last_ask_price": 144,
      "last_trade_price": null,
      "total_trades": 0,
      "total_volume": 0,
      "strategy_type": null,
      "inferred_valuation": 144,
      "valuation_confidence": 0.1,
      "aggressiveness_score": 0.0,
      "last_activity": 10.298507462686555
    },
    "S20": {
      "agent_id": "S20",
      "node_type": "agent",
      "last_bid_price": null,
      "last_ask_price": 148,
      "last_trade_price": null,
      "total_trades": 0,
      "total_volume": 0,
      "strategy_type": null,
      "inferred_valuation": 148,
      "valuation_confidence": 0.1,
      "aggressiveness_score": 0.0,
      "last_activity": 10.298507462686555
    }
  },
  "edges": {
    "b918a6af-7c13-43a2-a0b3-cea8deee488b": {
      "edge_id": "b918a6af-7c13-43a2-a0b3-cea8deee488b",
      "source_node": "BSE_ASSET",
      "target_node": "P20",
      "belief_type": "strategy",
      "confidence": 0.1,
      "value": "unknown",
      "timestamp": 0.0,
      "evidence_count": 0
    },
    "303c14ba-b068-4a89-8a60-defc4b1e19de": {
      "edge_id": "303c14ba-b068-4a89-8a60-defc4b1e19de",
      "source_node": "BSE_ASSET",
      "target_node": "P20",
      "belief_type": "valuation",
      "confidence": 0.1,
      "value": 124,
      "timestamp": 10.298507462686555,
      "evidence_count": 1
    },
    "46f2d92a-3c74-4b1a-b173-2b2212adf83c": {
      "edge_id": "46f2d92a-3c74-4b1a-b173-2b2212adf83c",
      "source_node": "BSE_ASSET",
      "target_node": "P17",
      "belief_type": "strategy",
      "confidence": 0.1,
      "value": "unknown",
      "timestamp": 0.0,
      "evidence_count": 0
    },
    "f921b8b4-4eba-4e50-93e0-e95822fb9ef8": {
      "edge_id": "f921b8b4-4eba-4e50-93e0-e95822fb9ef8",
      "source_node": "BSE_ASSET",
      "target_node": "P17",
      "belief_type": "valuation",
      "confidence": 0.1,
      "value": 130,
      "timestamp": 5.074626865671641,
      "evidence_count": 1
    },
    "b96a29db-e77d-44ee-8059-3397e9c5601e": {
      "edge_id": "b96a29db-e77d-44ee-8059-3397e9c5601e",
      "source_node": "BSE_ASSET",
      "target_node": "P02",
      "belief_type": "strategy",
      "confidence": 0.1,
      "value": "unknown",
      "timestamp": 5.074626865671641,
      "evidence_count": 0
    },
    "59cd6533-d095-47a0-a999-2d2a45b4fb3c": {
      "edge_id": "59cd6533-d095-47a0-a999-2d2a45b4fb3c",
      "source_node": "BSE_ASSET",
      "target_node": "P02",
      "belief_type": "valuation",
      "confidence": 0.1,
      "value": 128,
      "timestamp": 5.074626865671641,
      "evidence_count": 1
    },
    "9f7f9b90-cb25-420d-8903-ef32e5fd69d6": {
      "edge_id": "9f7f9b90-cb25-420d-8903-ef32e5fd69d6",
      "source_node": "BSE_ASSET",
      "target_node": "P01",
      "belief_type": "strategy",
      "confidence": 0.1,
      "value": "unknown",
      "timestamp": 5.074626865671641,
      "evidence_count": 0
    },
    "eab81edb-d297-421f-b249-fd3ef80e2056": {
      "edge_id": "eab81edb-d297-421f-b249-fd3ef80e2056",
      "source_node": "BSE_ASSET",
      "target_node": "P01",
      "belief_type": "valuation",
      "confidence": 0.1,
      "value": 128,
      "timestamp": 5.074626865671641,
      "evidence_count": 1
    },
    "48144e52-4aa2-47b1-a45a-932ef7c670d4": {
      "edge_id": "48144e52-4aa2-47b1-a45a-932ef7c670d4",
      "source_node": "BSE_ASSET",
      "target_node": "P08",
      "belief_type": "strategy",
      "confidence": 0.1,
      "value": "unknown",
      "timestamp": 5.074626865671641,
      "evidence_count": 0
    },
    "993c8f2d-38a3-4daa-be1c-796f51e579a4": {
      "edge_id": "993c8f2d-38a3-4daa-be1c-796f51e579a4",
      "source_node": "BSE_ASSET",
      "target_node": "P08",
      "belief_type": "valuation",
      "confidence": 0.1,
      "value": 127,
      "timestamp": 5.074626865671641,
      "evidence_count": 1
    },
    "9a254ad7-5b31-4def-878a-768207fd8d17": {
      "edge_id": "9a254ad7-5b31-4def-878a-768207fd8d17",
      "source_node": "BSE_ASSET",
      "target_node": "P07",
      "belief_type": "strategy",
      "confidence": 0.1,
      "value": "unknown",
      "timestamp": 5.074626865671641,
      "evidence_count": 0
    },
    "070ffe6b-b5a2-4ab5-8c3b-7e6c2fe0c1bf": {
      "edge_id": "070ffe6b-b5a2-4ab5-8c3b-7e6c2fe0c1bf",
      "source_node": "BSE_ASSET",
      "target_node": "P07",
      "belief_type": "valuation",
      "confidence": 0.2,
      "value": 120.0,
      "timestamp": 10.298507462686555,
      "evidence_count": 2
    },
    "c9a4a238-3611-4051-80f9-047485bf5906": {
      "edge_id": "c9a4a238-3611-4051-80f9-047485bf5906",
      "source_node": "BSE_ASSET",
      "target_node": "B11",
      "belief_type": "strategy",
      "confidence": 0.1,
      "value": "unknown",
      "timestamp": 5.074626865671641,
      "evidence_count": 0
    },
    "40d99442-6fa1-4596-a57a-d06966692092": {
      "edge_id": "40d99442-6fa1-4596-a57a-d06966692092",
      "source_node": "BSE_ASSET",
      "target_node": "B11",
      "belief_type": "valuation",
      "confidence": 0.2,
      "value": 110.99999999999999,
      "timestamp": 10.298507462686555,
      "evidence_count": 2
    },
    "a5a810b7-3d35-4726-b1da-89f79e7b4d4f": {
      "edge_id": "a5a810b7-3d35-4726-b1da-89f79e7b4d4f",
      "source_node": "BSE_ASSET",
      "target_node": "B19",
      "belief_type": "strategy",
      "confidence": 0.1,
      "value": "unknown",
      "timestamp": 5.074626865671641,
      "evidence_count": 0
    },
    "1c4936cf-9e99-4138-9717-ee8bb61b39f4": {
      "edge_id": "1c4936cf-9e99-4138-9717-ee8bb61b39f4",
      "source_node": "BSE_ASSET",
      "target_node": "B19",
      "belief_type": "valuation",
      "confidence": 0.2,
      "value": 114.19999999999999,
      "timestamp": 10.298507462686555,
      "evidence_count": 2
    },
    "111dd868-7338-442c-9b81-1532ff51c8fd": {
      "edge_id": "111dd868-7338-442c-9b81-1532ff51c8fd",
      "source_node": "BSE_ASSET",
      "target_node": "S06",
      "belief_type": "strategy",
      "confidence": 0.1,
      "value": "unknown",
      "timestamp": 5.074626865671641,
      "evidence_count": 0
    },
    "1b4d8095-dfca-49f7-8ff8-0996301ed50f": {
      "edge_id": "1b4d8095-dfca-49f7-8ff8-0996301ed50f",
      "source_node": "BSE_ASSET",
      "target_node": "S06",
      "belief_type": "valuation",
      "confidence": 0.1,
      "value": 132,
      "timestamp": 5.074626865671641,
      "evidence_count": 1
    },
    "aedb378f-17c0-49bd-96ac-f83cc0ae17e1": {
      "edge_id": "aedb378f-17c0-49bd-96ac-f83cc0ae17e1",
      "source_node": "BSE_ASSET",
      "target_node": "S02",
      "belief_type": "strategy",
      "confidence": 0.1,
      "value": "unknown",
      "timestamp": 5.074626865671641,
      "evidence_count": 0
    },
    "b06a34c8-6454-40b0-b3ea-6a45a67a5a7d": {
      "edge_id": "b06a34c8-6454-40b0-b3ea-6a45a67a5a7d",
      "source_node": "BSE_ASSET",
      "target_node": "S02",
      "belief_type": "valuation",
      "confidence": 0.2,
      "value": 132.7,
      "timestamp": 10.298507462686555,
      "evidence_count": 2
    },
    "860336a7-13e7-4eb4-8099-a24fd7ff849d": {
      "edge_id": "860336a7-13e7-4eb4-8099-a24fd7ff849d",
      "source_node": "BSE_ASSET",
      "target_node": "S07",
      "belief_type": "strategy",
      "confidence": 0.1,
      "value": "unknown",
      "timestamp": 5.074626865671641,
      "evidence_count": 0
    },
    "5bd5f62f-27e4-44f1-9ff3-ad5b0bffdfbc": {
      "edge_id": "5bd5f62f-27e4-44f1-9ff3-ad5b0bffdfbc",
      "source_node": "BSE_ASSET",
      "target_node": "S07",
      "belief_type": "valuation",
      "confidence": 0.2,
      "value": 353.79999999999995,
      "timestamp": 10.298507462686555,
      "evidence_count": 2
    },
    "b6650c08-92aa-408f-951a-090faffd130e": {
      "edge_id": "b6650c08-92aa-408f-951a-090faffd130e",
      "source_node": "BSE_ASSET",
      "target_node": "B13",
      "belief_type": "strategy",
      "confidence": 0.1,
      "value": "unknown",
      "timestamp": 10.298507462686555,
      "evidence_count": 0
    },
    "f182a643-786d-4e7e-8b72-9295ae756819": {
      "edge_id": "f182a643-786d-4e7e-8b72-9295ae756819",
      "source_node": "BSE_ASSET",
      "target_node": "B13",
      "belief_type": "valuation",
      "confidence": 0.1,
      "value": 100,
      "timestamp": 10.298507462686555,
      "evidence_count": 1
    },
    "2b3cfacd-73e2-42d5-8445-b5e46f034de5": {
      "edge_id": "2b3cfacd-73e2-42d5-8445-b5e46f034de5",
      "source_node": "BSE_ASSET",
      "target_node": "B05",
      "belief_type": "strategy",
      "confidence": 0.1,
      "value": "unknown",
      "timestamp": 10.298507462686555,
      "evidence_count": 0
    },
    "01314030-2d43-405b-a322-81451ba48b77": {
      "edge_id": "01314030-2d43-405b-a322-81451ba48b77",
      "source_node": "BSE_ASSET",
      "target_node": "B05",
      "belief_type": "valuation",
      "confidence": 0.1,
      "value": 99,
      "timestamp": 10.298507462686555,
      "evidence_count": 1
    },
    "fbe65bcc-99df-49f5-8bed-4680165e67ec": {
      "edge_id": "fbe65bcc-99df-49f5-8bed-4680165e67ec",
      "source_node": "BSE_ASSET",
      "target_node": "B02",
      "belief_type": "strategy",
      "confidence": 0.1,
      "value": "unknown",
      "timestamp": 10.298507462686555,
      "evidence_count": 0
    },
    "f318a6d7-cdd0-4792-87a5-6633df05bfec": {
      "edge_id": "f318a6d7-cdd0-4792-87a5-6633df05bfec",
      "source_node": "BSE_ASSET",
      "target_node": "B02",
      "belief_type": "valuation",
      "confidence": 0.1,
      "value": 99,
      "timestamp": 10.298507462686555,
      "evidence_count": 1
    },
    "328af8bb-e593-4c0e-9ff4-0b9d9c856453": {
      "edge_id": "328af8bb-e593-4c0e-9ff4-0b9d9c856453",
      "source_node": "BSE_ASSET",
      "target_node": "B07",
      "belief_type": "strategy",
      "confidence": 0.1,
      "value": "unknown",
      "timestamp": 10.298507462686555,
      "evidence_count": 0
    },
    "82549037-f3b6-40d1-9699-0005dc638208": {
      "edge_id": "82549037-f3b6-40d1-9699-0005dc638208",
      "source_node": "BSE_ASSET",
      "target_node": "B07",
      "belief_type": "valuation",
      "confidence": 0.1,
      "value": 98,
      "timestamp": 10.298507462686555,
      "evidence_count": 1
    },
    "59669e35-f847-4182-a127-2230e86c1473": {
      "edge_id": "59669e35-f847-4182-a127-2230e86c1473",
      "source_node": "BSE_ASSET",
      "target_node": "B09",
      "belief_type": "strategy",
      "confidence": 0.1,
      "value": "unknown",
      "timestamp": 10.298507462686555,
      "evidence_count": 0
    },
    "1ad6ed5b-f5d1-484b-b59a-a94d26d36d6c": {
      "edge_id": "1ad6ed5b-f5d1-484b-b59a-a94d26d36d6c",
      "source_node": "BSE_ASSET",
      "target_node": "B09",
      "belief_type": "valuation",
      "confidence": 0.1,
      "value": 82,
      "timestamp": 10.298507462686555,
      "evidence_count": 1
    },
    "1380fdb1-1818-4cc1-aefe-08fb2a1cd9d9": {
      "edge_id": "1380fdb1-1818-4cc1-aefe-08fb2a1cd9d9",
      "source_node": "BSE_ASSET",
      "target_node": "B04",
      "belief_type": "strategy",
      "confidence": 0.1,
      "value": "unknown",
      "timestamp": 10.298507462686555,
      "evidence_count": 0
    },
    "f088f467-e360-4990-b080-66f0126aec87": {
      "edge_id": "f088f467-e360-4990-b080-66f0126aec87",
      "source_node": "BSE_ASSET",
      "target_node": "B04",
      "belief_type": "valuation",
      "confidence": 0.1,
      "value": 82,
      "timestamp": 10.298507462686555,
      "evidence_count": 1
    },
    "39222bf0-e7bb-4aca-b338-0f8b00b02c45": {
      "edge_id": "39222bf0-e7bb-4aca-b338-0f8b00b02c45",
      "source_node": "BSE_ASSET",
      "target_node": "S03",
      "belief_type": "strategy",
      "confidence": 0.1,
      "value": "unknown",
      "timestamp": 10.298507462686555,
      "evidence_count": 0
    },
    "ec233337-c791-48f0-b38c-4a7dddee92ab": {
      "edge_id": "ec233337-c791-48f0-b38c-4a7dddee92ab",
      "source_node": "BSE_ASSET",
      "target_node": "S03",
      "belief_type": "valuation",
      "confidence": 0.1,
      "value": 130,
      "timestamp": 10.298507462686555,
      "evidence_count": 1
    },
    "baaebb3d-6b21-49dc-b44c-2e3fa4fd9068": {
      "edge_id": "baaebb3d-6b21-49dc-b44c-2e3fa4fd9068",
      "source_node": "BSE_ASSET",
      "target_node": "S12",
      "belief_type": "strategy",
      "confidence": 0.1,
      "value": "unknown",
      "timestamp": 10.298507462686555,
      "evidence_count": 0
    },
    "c282c6c6-9f1e-4cda-9761-ca4c4e9966d9": {
      "edge_id": "c282c6c6-9f1e-4cda-9761-ca4c4e9966d9",
      "source_node": "BSE_ASSET",
      "target_node": "S12",
      "belief_type": "valuation",
      "confidence": 0.1,
      "value": 144,
      "timestamp": 10.298507462686555,
      "evidence_count": 1
    },
    "5331d844-f81d-4e8d-adbf-d89171abb80d": {
      "edge_id": "5331d844-f81d-4e8d-adbf-d89171abb80d",
      "source_node": "BSE_ASSET",
      "target_node": "S20",
      "belief_type": "strategy",
      "confidence": 0.1,
      "value": "unknown",
      "timestamp": 10.298507462686555,
      "evidence_count": 0
    },
    "f4a215c2-f00e-453a-8924-a7de44b93cd3": {
      "edge_id": "f4a215c2-f00e-453a-8924-a7de44b93cd3",
      "source_node": "BSE_ASSET",
      "target_node": "S20",
      "belief_type": "valuation",
      "confidence": 0.1,
      "value": 148,
      "timestamp": 10.298507462686555,
      "evidence_count": 1
    }
  },
  "event_history": [
    {
      "event_id": "bid_P17_5.074626865671641",
      "event_type": "bid",
      "timestamp": 5.074626865671641,
      "agent_id": "P17",
      "price": 130,
      "quantity": 1,
      "counterparty_id": null,
      "order_id": null
    },
    {
      "event_id": "bid_P02_5.074626865671641",
      "event_type": "bid",
      "timestamp": 5.074626865671641,
      "agent_id": "P02",
      "price": 128,
      "quantity": 1,
      "counterparty_id": null,
      "order_id": null
    },
    {
      "event_id": "bid_P01_5.074626865671641",
      "event_type": "bid",
      "timestamp": 5.074626865671641,
      "agent_id": "P01",
      "price": 128,
      "quantity": 1,
      "counterparty_id": null,
      "order_id": null
    },
    {
      "event_id": "bid_P08_5.074626865671641",
      "event_type": "bid",
      "timestamp": 5.074626865671641,
      "agent_id": "P08",
      "price": 127,
      "quantity": 1,
      "counterparty_id": null,
      "order_id": null
    },
    {
      "event_id": "bid_P07_5.074626865671641",
      "event_type": "bid",
      "timestamp": 5.074626865671641,
      "agent_id": "P07",
      "price": 120,
      "quantity": 1,
      "counterparty_id": null,
      "order_id": null
    },
    {
      "event_id": "bid_B11_5.074626865671641",
      "event_type": "bid",
      "timestamp": 5.074626865671641,
      "agent_id": "B11",
      "price": 111,
      "quantity": 1,
      "counterparty_id": null,
      "order_id": null
    },
    {
      "event_id": "bid_B19_5.074626865671641",
      "event_type": "bid",
      "timestamp": 5.074626865671641,
      "agent_id": "B19",
      "price": 110,
      "quantity": 1,
      "counterparty_id": null,
      "order_id": null
    },
    {
      "event_id": "ask_S06_5.074626865671641",
      "event_type": "ask",
      "timestamp": 5.074626865671641,
      "agent_id": "S06",
      "price": 132,
      "quantity": 1,
      "counterparty_id": null,
      "order_id": null
    },
    {
      "event_id": "ask_S02_5.074626865671641",
      "event_type": "ask",
      "timestamp": 5.074626865671641,
      "agent_id": "S02",
      "price": 133,
      "quantity": 1,
      "counterparty_id": null,
      "order_id": null
    },
    {
      "event_id": "ask_S07_5.074626865671641",
      "event_type": "ask",
      "timestamp": 5.074626865671641,
      "agent_id": "S07",
      "price": 421,
      "quantity": 1,
      "counterparty_id": null,
      "order_id": null
    },
    {
      "event_id": "bid_B19_10.298507462686555",
      "event_type": "bid",
      "timestamp": 10.298507462686555,
      "agent_id": "B19",
      "price": 124,
      "quantity": 1,
      "counterparty_id": null,
      "order_id": null
    },
    {
      "event_id": "bid_P20_10.298507462686555",
      "event_type": "bid",
      "timestamp": 10.298507462686555,
      "agent_id": "P20",
      "price": 124,
      "quantity": 1,
      "counterparty_id": null,
      "order_id": null
    },
    {
      "event_id": "bid_P07_10.298507462686555",
      "event_type": "bid",
      "timestamp": 10.298507462686555,
      "agent_id": "P07",
      "price": 120,
      "quantity": 1,
      "counterparty_id": null,
      "order_id": null
    },
    {
      "event_id": "bid_B11_10.298507462686555",
      "event_type": "bid",
      "timestamp": 10.298507462686555,
      "agent_id": "B11",
      "price": 111,
      "quantity": 1,
      "counterparty_id": null,
      "order_id": null
    },
    {
      "event_id": "bid_B13_10.298507462686555",
      "event_type": "bid",
      "timestamp": 10.298507462686555,
      "agent_id": "B13",
      "price": 100,
      "quantity": 1,
      "counterparty_id": null,
      "order_id": null
    },
    {
      "event_id": "bid_B05_10.298507462686555",
      "event_type": "bid",
      "timestamp": 10.298507462686555,
      "agent_id": "B05",
      "price": 99,
      "quantity": 1,
      "counterparty_id": null,
      "order_id": null
    },
    {
      "event_id": "bid_B02_10.298507462686555",
      "event_type": "bid",
      "timestamp": 10.298507462686555,
      "agent_id": "B02",
      "price": 99,
      "quantity": 1,
      "counterparty_id": null,
      "order_id": null
    },
    {
      "event_id": "bid_B07_10.298507462686555",
      "event_type": "bid",
      "timestamp": 10.298507462686555,
      "agent_id": "B07",
      "price": 98,
      "quantity": 1,
      "counterparty_id": null,
      "order_id": null
    },
    {
      "event_id": "bid_B09_10.298507462686555",
      "event_type": "bid",
      "timestamp": 10.298507462686555,
      "agent_id": "B09",
      "price": 82,
      "quantity": 1,
      "counterparty_id": null,
      "order_id": null
    },
    {
      "event_id": "bid_B04_10.298507462686555",
      "event_type": "bid",
      "timestamp": 10.298507462686555,
      "agent_id": "B04",
      "price": 82,
      "quantity": 1,
      "counterparty_id": null,
      "order_id": null
    },
    {
      "event_id": "ask_S03_10.298507462686555",
      "event_type": "ask",
      "timestamp": 10.298507462686555,
      "agent_id": "S03",
      "price": 130,
      "quantity": 1,
      "counterparty_id": null,
      "order_id": null
    },
    {
      "event_id": "ask_S02_10.298507462686555",
      "event_type": "ask",
      "timestamp": 10.298507462686555,
      "agent_id": "S02",
      "price": 132,
      "quantity": 1,
      "counterparty_id": null,
      "order_id": null
    },
    {
      "event_id": "ask_S12_10.298507462686555",
      "event_type": "ask",
      "timestamp": 10.298507462686555,
      "agent_id": "S12",
      "price": 144,
      "quantity": 1,
      "counterparty_id": null,
      "order_id": null
    },
    {
      "event_id": "ask_S20_10.298507462686555",
      "event_type": "ask",
      "timestamp": 10.298507462686555,
      "agent_id": "S20",
      "price": 148,
      "quantity": 1,
      "counterparty_id": null,
      "order_id": null
    },
    {
      "event_id": "ask_S07_10.298507462686555",
      "event_type": "ask",
      "timestamp": 10.298507462686555,
      "agent_id": "S07",
      "price": 197,
      "quantity": 1,
      "counterparty_id": null,
      "order_id": null
    }
  ]
}
2025-10-10 18:04:21 | HM_NL_NOCOT_P20 | ================================================================================
2025-10-10 18:04:21 | HM_NL_NOCOT_P20 | [AGENTS-TRACKED] Currently tracking 20 agents: ['P20', 'P17', 'P02', 'P01', 'P08', 'P07', 'B11', 'B19', 'S06', 'S02', 'S07', 'B13', 'B05', 'B02', 'B07', 'B09', 'B04', 'S03', 'S12', 'S20']
2025-10-10 18:12:16 | HM_NL_NOCOT_P20 | [BELIEF-THROTTLE] P13: Running belief graph update at time 15.4
2025-10-10 18:12:16 | HM_NL_NOCOT_P20 | [UPDATE-SUMMARY] Processed 21 market events at time 15.4
2025-10-10 18:12:16 | HM_NL_NOCOT_P20 | === BELIEF GRAPH STATE AT TIME 15.4 ===
2025-10-10 18:12:16 | HM_NL_NOCOT_P20 | {
  "graph_id": "f5b42db1-423d-4188-b050-2c98ca6efd4a",
  "asset_id": "BSE_ASSET",
  "current_time": 15.373134328358166,
  "nodes": {
    "BSE_ASSET": {
      "asset_id": "BSE_ASSET",
      "node_type": "asset",
      "current_best_bid": null,
      "current_best_ask": null,
      "last_trade_price": null,
      "volume_traded": 0,
      "price_volatility": 0.0,
      "spread_width": null,
      "market_depth_bid": 0,
      "market_depth_ask": 0
    },
    "P20": {
      "agent_id": "P20",
      "node_type": "agent",
      "last_bid_price": 124,
      "last_ask_price": null,
      "last_trade_price": null,
      "total_trades": 0,
      "total_volume": 0,
      "strategy_type": "Hypothetical-Minds",
      "inferred_valuation": 124.0,
      "valuation_confidence": 0.2,
      "aggressiveness_score": 0.6,
      "last_activity": 15.373134328358166
    },
    "P17": {
      "agent_id": "P17",
      "node_type": "agent",
      "last_bid_price": 130,
      "last_ask_price": null,
      "last_trade_price": null,
      "total_trades": 0,
      "total_volume": 0,
      "strategy_type": null,
      "inferred_valuation": 130,
      "valuation_confidence": 0.1,
      "aggressiveness_score": 0.0,
      "last_activity": 5.074626865671641
    },
    "P02": {
      "agent_id": "P02",
      "node_type": "agent",
      "last_bid_price": 128,
      "last_ask_price": 129,
      "last_trade_price": null,
      "total_trades": 0,
      "total_volume": 0,
      "strategy_type": null,
      "inferred_valuation": 128.29999999999998,
      "valuation_confidence": 0.2,
      "aggressiveness_score": 0.0,
      "last_activity": 15.373134328358166
    },
    "P01": {
      "agent_id": "P01",
      "node_type": "agent",
      "last_bid_price": 128,
      "last_ask_price": null,
      "last_trade_price": null,
      "total_trades": 0,
      "total_volume": 0,
      "strategy_type": null,
      "inferred_valuation": 128,
      "valuation_confidence": 0.1,
      "aggressiveness_score": 0.0,
      "last_activity": 5.074626865671641
    },
    "P08": {
      "agent_id": "P08",
      "node_type": "agent",
      "last_bid_price": 127,
      "last_ask_price": 130,
      "last_trade_price": null,
      "total_trades": 0,
      "total_volume": 0,
      "strategy_type": null,
      "inferred_valuation": 127.89999999999999,
      "valuation_confidence": 0.2,
      "aggressiveness_score": 0.0,
      "last_activity": 15.373134328358166
    },
    "P07": {
      "agent_id": "P07",
      "node_type": "agent",
      "last_bid_price": 120,
      "last_ask_price": null,
      "last_trade_price": null,
      "total_trades": 0,
      "total_volume": 0,
      "strategy_type": null,
      "inferred_valuation": 120.0,
      "valuation_confidence": 0.30000000000000004,
      "aggressiveness_score": 0.0,
      "last_activity": 15.373134328358166
    },
    "B11": {
      "agent_id": "B11",
      "node_type": "agent",
      "last_bid_price": 111,
      "last_ask_price": null,
      "last_trade_price": null,
      "total_trades": 0,
      "total_volume": 0,
      "strategy_type": null,
      "inferred_valuation": 110.99999999999999,
      "valuation_confidence": 0.2,
      "aggressiveness_score": 0.0,
      "last_activity": 10.298507462686555
    },
    "B19": {
      "agent_id": "B19",
      "node_type": "agent",
      "last_bid_price": 124,
      "last_ask_price": null,
      "last_trade_price": null,
      "total_trades": 0,
      "total_volume": 0,
      "strategy_type": null,
      "inferred_valuation": 114.19999999999999,
      "valuation_confidence": 0.2,
      "aggressiveness_score": 0.0,
      "last_activity": 10.298507462686555
    },
    "S06": {
      "agent_id": "S06",
      "node_type": "agent",
      "last_bid_price": null,
      "last_ask_price": 132,
      "last_trade_price": null,
      "total_trades": 0,
      "total_volume": 0,
      "strategy_type": null,
      "inferred_valuation": 132,
      "valuation_confidence": 0.1,
      "aggressiveness_score": 0.0,
      "last_activity": 5.074626865671641
    },
    "S02": {
      "agent_id": "S02",
      "node_type": "agent",
      "last_bid_price": null,
      "last_ask_price": 129,
      "last_trade_price": null,
      "total_trades": 0,
      "total_volume": 0,
      "strategy_type": null,
      "inferred_valuation": 131.58999999999997,
      "valuation_confidence": 0.30000000000000004,
      "aggressiveness_score": 0.0,
      "last_activity": 15.373134328358166
    },
    "S07": {
      "agent_id": "S07",
      "node_type": "agent",
      "last_bid_price": null,
      "last_ask_price": 498,
      "last_trade_price": null,
      "total_trades": 0,
      "total_volume": 0,
      "strategy_type": null,
      "inferred_valuation": 397.05999999999995,
      "valuation_confidence": 0.30000000000000004,
      "aggressiveness_score": 0.0,
      "last_activity": 15.373134328358166
    },
    "B13": {
      "agent_id": "B13",
      "node_type": "agent",
      "last_bid_price": 100,
      "last_ask_price": null,
      "last_trade_price": null,
      "total_trades": 0,
      "total_volume": 0,
      "strategy_type": null,
      "inferred_valuation": 100.0,
      "valuation_confidence": 0.2,
      "aggressiveness_score": 0.0,
      "last_activity": 15.373134328358166
    },
    "B05": {
      "agent_id": "B05",
      "node_type": "agent",
      "last_bid_price": 93,
      "last_ask_price": null,
      "last_trade_price": null,
      "total_trades": 0,
      "total_volume": 0,
      "strategy_type": null,
      "inferred_valuation": 97.19999999999999,
      "valuation_confidence": 0.2,
      "aggressiveness_score": 0.0,
      "last_activity": 15.373134328358166
    },
    "B02": {
      "agent_id": "B02",
      "node_type": "agent",
      "last_bid_price": 36,
      "last_ask_price": null,
      "last_trade_price": null,
      "total_trades": 0,
      "total_volume": 0,
      "strategy_type": null,
      "inferred_valuation": 80.1,
      "valuation_confidence": 0.2,
      "aggressiveness_score": 0.0,
      "last_activity": 15.373134328358166
    },
    "B07": {
      "agent_id": "B07",
      "node_type": "agent",
      "last_bid_price": 98,
      "last_ask_price": null,
      "last_trade_price": null,
      "total_trades": 0,
      "total_volume": 0,
      "strategy_type": null,
      "inferred_valuation": 98.0,
      "valuation_confidence": 0.2,
      "aggressiveness_score": 0.0,
      "last_activity": 15.373134328358166
    },
    "B09": {
      "agent_id": "B09",
      "node_type": "agent",
      "last_bid_price": 82,
      "last_ask_price": null,
      "last_trade_price": null,
      "total_trades": 0,
      "total_volume": 0,
      "strategy_type": null,
      "inferred_valuation": 82,
      "valuation_confidence": 0.1,
      "aggressiveness_score": 0.0,
      "last_activity": 10.298507462686555
    },
    "B04": {
      "agent_id": "B04",
      "node_type": "agent",
      "last_bid_price": 82,
      "last_ask_price": null,
      "last_trade_price": null,
      "total_trades": 0,
      "total_volume": 0,
      "strategy_type": null,
      "inferred_valuation": 82.0,
      "valuation_confidence": 0.2,
      "aggressiveness_score": 0.0,
      "last_activity": 15.373134328358166
    },
    "S03": {
      "agent_id": "S03",
      "node_type": "agent",
      "last_bid_price": null,
      "last_ask_price": 130,
      "last_trade_price": null,
      "total_trades": 0,
      "total_volume": 0,
      "strategy_type": null,
      "inferred_valuation": 130,
      "valuation_confidence": 0.1,
      "aggressiveness_score": 0.0,
      "last_activity": 10.298507462686555
    },
    "S12": {
      "agent_id": "S12",
      "node_type": "agent",
      "last_bid_price": null,
      "last_ask_price": 144,
      "last_trade_price": null,
      "total_trades": 0,
      "total_volume": 0,
      "strategy_type": null,
      "inferred_valuation": 144.0,
      "valuation_confidence": 0.2,
      "aggressiveness_score": 0.0,
      "last_activity": 15.373134328358166
    },
    "S20": {
      "agent_id": "S20",
      "node_type": "agent",
      "last_bid_price": null,
      "last_ask_price": 136,
      "last_trade_price": null,
      "total_trades": 0,
      "total_volume": 0,
      "strategy_type": null,
      "inferred_valuation": 144.39999999999998,
      "valuation_confidence": 0.2,
      "aggressiveness_score": 0.0,
      "last_activity": 15.373134328358166
    },
    "P14": {
      "agent_id": "P14",
      "node_type": "agent",
      "last_bid_price": 124,
      "last_ask_price": null,
      "last_trade_price": null,
      "total_trades": 0,
      "total_volume": 0,
      "strategy_type": null,
      "inferred_valuation": 124,
      "valuation_confidence": 0.1,
      "aggressiveness_score": 0.0,
      "last_activity": 15.373134328358166
    },
    "P09": {
      "agent_id": "P09",
      "node_type": "agent",
      "last_bid_price": 124,
      "last_ask_price": null,
      "last_trade_price": null,
      "total_trades": 0,
      "total_volume": 0,
      "strategy_type": null,
      "inferred_valuation": 124,
      "valuation_confidence": 0.1,
      "aggressiveness_score": 0.0,
      "last_activity": 15.373134328358166
    },
    "B06": {
      "agent_id": "B06",
      "node_type": "agent",
      "last_bid_price": 112,
      "last_ask_price": null,
      "last_trade_price": null,
      "total_trades": 0,
      "total_volume": 0,
      "strategy_type": null,
      "inferred_valuation": 112,
      "valuation_confidence": 0.1,
      "aggressiveness_score": 0.0,
      "last_activity": 15.373134328358166
    },
    "B20": {
      "agent_id": "B20",
      "node_type": "agent",
      "last_bid_price": 100,
      "last_ask_price": null,
      "last_trade_price": null,
      "total_trades": 0,
      "total_volume": 0,
      "strategy_type": null,
      "inferred_valuation": 100,
      "valuation_confidence": 0.1,
      "aggressiveness_score": 0.0,
      "last_activity": 15.373134328358166
    },
    "B10": {
      "agent_id": "B10",
      "node_type": "agent",
      "last_bid_price": 98,
      "last_ask_price": null,
      "last_trade_price": null,
      "total_trades": 0,
      "total_volume": 0,
      "strategy_type": null,
      "inferred_valuation": 98,
      "valuation_confidence": 0.1,
      "aggressiveness_score": 0.0,
      "last_activity": 15.373134328358166
    },
    "S04": {
      "agent_id": "S04",
      "node_type": "agent",
      "last_bid_price": null,
      "last_ask_price": 129,
      "last_trade_price": null,
      "total_trades": 0,
      "total_volume": 0,
      "strategy_type": null,
      "inferred_valuation": 129,
      "valuation_confidence": 0.1,
      "aggressiveness_score": 0.0,
      "last_activity": 15.373134328358166
    },
    "P12": {
      "agent_id": "P12",
      "node_type": "agent",
      "last_bid_price": null,
      "last_ask_price": 130,
      "last_trade_price": null,
      "total_trades": 0,
      "total_volume": 0,
      "strategy_type": null,
      "inferred_valuation": 130,
      "valuation_confidence": 0.1,
      "aggressiveness_score": 0.0,
      "last_activity": 15.373134328358166
    },
    "P18": {
      "agent_id": "P18",
      "node_type": "agent",
      "last_bid_price": null,
      "last_ask_price": 130,
      "last_trade_price": null,
      "total_trades": 0,
      "total_volume": 0,
      "strategy_type": null,
      "inferred_valuation": 130,
      "valuation_confidence": 0.1,
      "aggressiveness_score": 0.0,
      "last_activity": 15.373134328358166
    }
  },
  "edges": {
    "b918a6af-7c13-43a2-a0b3-cea8deee488b": {
      "edge_id": "b918a6af-7c13-43a2-a0b3-cea8deee488b",
      "source_node": "BSE_ASSET",
      "target_node": "P20",
      "belief_type": "strategy",
      "confidence": 0.1,
      "value": "unknown",
      "timestamp": 0.0,
      "evidence_count": 0
    },
    "303c14ba-b068-4a89-8a60-defc4b1e19de": {
      "edge_id": "303c14ba-b068-4a89-8a60-defc4b1e19de",
      "source_node": "BSE_ASSET",
      "target_node": "P20",
      "belief_type": "valuation",
      "confidence": 0.2,
      "value": 124.0,
      "timestamp": 15.373134328358166,
      "evidence_count": 2
    },
    "46f2d92a-3c74-4b1a-b173-2b2212adf83c": {
      "edge_id": "46f2d92a-3c74-4b1a-b173-2b2212adf83c",
      "source_node": "BSE_ASSET",
      "target_node": "P17",
      "belief_type": "strategy",
      "confidence": 0.1,
      "value": "unknown",
      "timestamp": 0.0,
      "evidence_count": 0
    },
    "f921b8b4-4eba-4e50-93e0-e95822fb9ef8": {
      "edge_id": "f921b8b4-4eba-4e50-93e0-e95822fb9ef8",
      "source_node": "BSE_ASSET",
      "target_node": "P17",
      "belief_type": "valuation",
      "confidence": 0.1,
      "value": 130,
      "timestamp": 5.074626865671641,
      "evidence_count": 1
    },
    "b96a29db-e77d-44ee-8059-3397e9c5601e": {
      "edge_id": "b96a29db-e77d-44ee-8059-3397e9c5601e",
      "source_node": "BSE_ASSET",
      "target_node": "P02",
      "belief_type": "strategy",
      "confidence": 0.1,
      "value": "unknown",
      "timestamp": 5.074626865671641,
      "evidence_count": 0
    },
    "59cd6533-d095-47a0-a999-2d2a45b4fb3c": {
      "edge_id": "59cd6533-d095-47a0-a999-2d2a45b4fb3c",
      "source_node": "BSE_ASSET",
      "target_node": "P02",
      "belief_type": "valuation",
      "confidence": 0.2,
      "value": 128.29999999999998,
      "timestamp": 15.373134328358166,
      "evidence_count": 2
    },
    "9f7f9b90-cb25-420d-8903-ef32e5fd69d6": {
      "edge_id": "9f7f9b90-cb25-420d-8903-ef32e5fd69d6",
      "source_node": "BSE_ASSET",
      "target_node": "P01",
      "belief_type": "strategy",
      "confidence": 0.1,
      "value": "unknown",
      "timestamp": 5.074626865671641,
      "evidence_count": 0
    },
    "eab81edb-d297-421f-b249-fd3ef80e2056": {
      "edge_id": "eab81edb-d297-421f-b249-fd3ef80e2056",
      "source_node": "BSE_ASSET",
      "target_node": "P01",
      "belief_type": "valuation",
      "confidence": 0.1,
      "value": 128,
      "timestamp": 5.074626865671641,
      "evidence_count": 1
    },
    "48144e52-4aa2-47b1-a45a-932ef7c670d4": {
      "edge_id": "48144e52-4aa2-47b1-a45a-932ef7c670d4",
      "source_node": "BSE_ASSET",
      "target_node": "P08",
      "belief_type": "strategy",
      "confidence": 0.1,
      "value": "unknown",
      "timestamp": 5.074626865671641,
      "evidence_count": 0
    },
    "993c8f2d-38a3-4daa-be1c-796f51e579a4": {
      "edge_id": "993c8f2d-38a3-4daa-be1c-796f51e579a4",
      "source_node": "BSE_ASSET",
      "target_node": "P08",
      "belief_type": "valuation",
      "confidence": 0.2,
      "value": 127.89999999999999,
      "timestamp": 15.373134328358166,
      "evidence_count": 2
    },
    "9a254ad7-5b31-4def-878a-768207fd8d17": {
      "edge_id": "9a254ad7-5b31-4def-878a-768207fd8d17",
      "source_node": "BSE_ASSET",
      "target_node": "P07",
      "belief_type": "strategy",
      "confidence": 0.1,
      "value": "unknown",
      "timestamp": 5.074626865671641,
      "evidence_count": 0
    },
    "070ffe6b-b5a2-4ab5-8c3b-7e6c2fe0c1bf": {
      "edge_id": "070ffe6b-b5a2-4ab5-8c3b-7e6c2fe0c1bf",
      "source_node": "BSE_ASSET",
      "target_node": "P07",
      "belief_type": "valuation",
      "confidence": 0.30000000000000004,
      "value": 120.0,
      "timestamp": 15.373134328358166,
      "evidence_count": 3
    },
    "c9a4a238-3611-4051-80f9-047485bf5906": {
      "edge_id": "c9a4a238-3611-4051-80f9-047485bf5906",
      "source_node": "BSE_ASSET",
      "target_node": "B11",
      "belief_type": "strategy",
      "confidence": 0.1,
      "value": "unknown",
      "timestamp": 5.074626865671641,
      "evidence_count": 0
    },
    "40d99442-6fa1-4596-a57a-d06966692092": {
      "edge_id": "40d99442-6fa1-4596-a57a-d06966692092",
      "source_node": "BSE_ASSET",
      "target_node": "B11",
      "belief_type": "valuation",
      "confidence": 0.2,
      "value": 110.99999999999999,
      "timestamp": 10.298507462686555,
      "evidence_count": 2
    },
    "a5a810b7-3d35-4726-b1da-89f79e7b4d4f": {
      "edge_id": "a5a810b7-3d35-4726-b1da-89f79e7b4d4f",
      "source_node": "BSE_ASSET",
      "target_node": "B19",
      "belief_type": "strategy",
      "confidence": 0.1,
      "value": "unknown",
      "timestamp": 5.074626865671641,
      "evidence_count": 0
    },
    "1c4936cf-9e99-4138-9717-ee8bb61b39f4": {
      "edge_id": "1c4936cf-9e99-4138-9717-ee8bb61b39f4",
      "source_node": "BSE_ASSET",
      "target_node": "B19",
      "belief_type": "valuation",
      "confidence": 0.2,
      "value": 114.19999999999999,
      "timestamp": 10.298507462686555,
      "evidence_count": 2
    },
    "111dd868-7338-442c-9b81-1532ff51c8fd": {
      "edge_id": "111dd868-7338-442c-9b81-1532ff51c8fd",
      "source_node": "BSE_ASSET",
      "target_node": "S06",
      "belief_type": "strategy",
      "confidence": 0.1,
      "value": "unknown",
      "timestamp": 5.074626865671641,
      "evidence_count": 0
    },
    "1b4d8095-dfca-49f7-8ff8-0996301ed50f": {
      "edge_id": "1b4d8095-dfca-49f7-8ff8-0996301ed50f",
      "source_node": "BSE_ASSET",
      "target_node": "S06",
      "belief_type": "valuation",
      "confidence": 0.1,
      "value": 132,
      "timestamp": 5.074626865671641,
      "evidence_count": 1
    },
    "aedb378f-17c0-49bd-96ac-f83cc0ae17e1": {
      "edge_id": "aedb378f-17c0-49bd-96ac-f83cc0ae17e1",
      "source_node": "BSE_ASSET",
      "target_node": "S02",
      "belief_type": "strategy",
      "confidence": 0.1,
      "value": "unknown",
      "timestamp": 5.074626865671641,
      "evidence_count": 0
    },
    "b06a34c8-6454-40b0-b3ea-6a45a67a5a7d": {
      "edge_id": "b06a34c8-6454-40b0-b3ea-6a45a67a5a7d",
      "source_node": "BSE_ASSET",
      "target_node": "S02",
      "belief_type": "valuation",
      "confidence": 0.30000000000000004,
      "value": 131.58999999999997,
      "timestamp": 15.373134328358166,
      "evidence_count": 3
    },
    "860336a7-13e7-4eb4-8099-a24fd7ff849d": {
      "edge_id": "860336a7-13e7-4eb4-8099-a24fd7ff849d",
      "source_node": "BSE_ASSET",
      "target_node": "S07",
      "belief_type": "strategy",
      "confidence": 0.1,
      "value": "unknown",
      "timestamp": 5.074626865671641,
      "evidence_count": 0
    },
    "5bd5f62f-27e4-44f1-9ff3-ad5b0bffdfbc": {
      "edge_id": "5bd5f62f-27e4-44f1-9ff3-ad5b0bffdfbc",
      "source_node": "BSE_ASSET",
      "target_node": "S07",
      "belief_type": "valuation",
      "confidence": 0.30000000000000004,
      "value": 397.05999999999995,
      "timestamp": 15.373134328358166,
      "evidence_count": 3
    },
    "b6650c08-92aa-408f-951a-090faffd130e": {
      "edge_id": "b6650c08-92aa-408f-951a-090faffd130e",
      "source_node": "BSE_ASSET",
      "target_node": "B13",
      "belief_type": "strategy",
      "confidence": 0.1,
      "value": "unknown",
      "timestamp": 10.298507462686555,
      "evidence_count": 0
    },
    "f182a643-786d-4e7e-8b72-9295ae756819": {
      "edge_id": "f182a643-786d-4e7e-8b72-9295ae756819",
      "source_node": "BSE_ASSET",
      "target_node": "B13",
      "belief_type": "valuation",
      "confidence": 0.2,
      "value": 100.0,
      "timestamp": 15.373134328358166,
      "evidence_count": 2
    },
    "2b3cfacd-73e2-42d5-8445-b5e46f034de5": {
      "edge_id": "2b3cfacd-73e2-42d5-8445-b5e46f034de5",
      "source_node": "BSE_ASSET",
      "target_node": "B05",
      "belief_type": "strategy",
      "confidence": 0.1,
      "value": "unknown",
      "timestamp": 10.298507462686555,
      "evidence_count": 0
    },
    "01314030-2d43-405b-a322-81451ba48b77": {
      "edge_id": "01314030-2d43-405b-a322-81451ba48b77",
      "source_node": "BSE_ASSET",
      "target_node": "B05",
      "belief_type": "valuation",
      "confidence": 0.2,
      "value": 97.19999999999999,
      "timestamp": 15.373134328358166,
      "evidence_count": 2
    },
    "fbe65bcc-99df-49f5-8bed-4680165e67ec": {
      "edge_id": "fbe65bcc-99df-49f5-8bed-4680165e67ec",
      "source_node": "BSE_ASSET",
      "target_node": "B02",
      "belief_type": "strategy",
      "confidence": 0.1,
      "value": "unknown",
      "timestamp": 10.298507462686555,
      "evidence_count": 0
    },
    "f318a6d7-cdd0-4792-87a5-6633df05bfec": {
      "edge_id": "f318a6d7-cdd0-4792-87a5-6633df05bfec",
      "source_node": "BSE_ASSET",
      "target_node": "B02",
      "belief_type": "valuation",
      "confidence": 0.2,
      "value": 80.1,
      "timestamp": 15.373134328358166,
      "evidence_count": 2
    },
    "328af8bb-e593-4c0e-9ff4-0b9d9c856453": {
      "edge_id": "328af8bb-e593-4c0e-9ff4-0b9d9c856453",
      "source_node": "BSE_ASSET",
      "target_node": "B07",
      "belief_type": "strategy",
      "confidence": 0.1,
      "value": "unknown",
      "timestamp": 10.298507462686555,
      "evidence_count": 0
    },
    "82549037-f3b6-40d1-9699-0005dc638208": {
      "edge_id": "82549037-f3b6-40d1-9699-0005dc638208",
      "source_node": "BSE_ASSET",
      "target_node": "B07",
      "belief_type": "valuation",
      "confidence": 0.2,
      "value": 98.0,
      "timestamp": 15.373134328358166,
      "evidence_count": 2
    },
    "59669e35-f847-4182-a127-2230e86c1473": {
      "edge_id": "59669e35-f847-4182-a127-2230e86c1473",
      "source_node": "BSE_ASSET",
      "target_node": "B09",
      "belief_type": "strategy",
      "confidence": 0.1,
      "value": "unknown",
      "timestamp": 10.298507462686555,
      "evidence_count": 0
    },
    "1ad6ed5b-f5d1-484b-b59a-a94d26d36d6c": {
      "edge_id": "1ad6ed5b-f5d1-484b-b59a-a94d26d36d6c",
      "source_node": "BSE_ASSET",
      "target_node": "B09",
      "belief_type": "valuation",
      "confidence": 0.1,
      "value": 82,
      "timestamp": 10.298507462686555,
      "evidence_count": 1
    },
    "1380fdb1-1818-4cc1-aefe-08fb2a1cd9d9": {
      "edge_id": "1380fdb1-1818-4cc1-aefe-08fb2a1cd9d9",
      "source_node": "BSE_ASSET",
      "target_node": "B04",
      "belief_type": "strategy",
      "confidence": 0.1,
      "value": "unknown",
      "timestamp": 10.298507462686555,
      "evidence_count": 0
    },
    "f088f467-e360-4990-b080-66f0126aec87": {
      "edge_id": "f088f467-e360-4990-b080-66f0126aec87",
      "source_node": "BSE_ASSET",
      "target_node": "B04",
      "belief_type": "valuation",
      "confidence": 0.2,
      "value": 82.0,
      "timestamp": 15.373134328358166,
      "evidence_count": 2
    },
    "39222bf0-e7bb-4aca-b338-0f8b00b02c45": {
      "edge_id": "39222bf0-e7bb-4aca-b338-0f8b00b02c45",
      "source_node": "BSE_ASSET",
      "target_node": "S03",
      "belief_type": "strategy",
      "confidence": 0.1,
      "value": "unknown",
      "timestamp": 10.298507462686555,
      "evidence_count": 0
    },
    "ec233337-c791-48f0-b38c-4a7dddee92ab": {
      "edge_id": "ec233337-c791-48f0-b38c-4a7dddee92ab",
      "source_node": "BSE_ASSET",
      "target_node": "S03",
      "belief_type": "valuation",
      "confidence": 0.1,
      "value": 130,
      "timestamp": 10.298507462686555,
      "evidence_count": 1
    },
    "baaebb3d-6b21-49dc-b44c-2e3fa4fd9068": {
      "edge_id": "baaebb3d-6b21-49dc-b44c-2e3fa4fd9068",
      "source_node": "BSE_ASSET",
      "target_node": "S12",
      "belief_type": "strategy",
      "confidence": 0.1,
      "value": "unknown",
      "timestamp": 10.298507462686555,
      "evidence_count": 0
    },
    "c282c6c6-9f1e-4cda-9761-ca4c4e9966d9": {
      "edge_id": "c282c6c6-9f1e-4cda-9761-ca4c4e9966d9",
      "source_node": "BSE_ASSET",
      "target_node": "S12",
      "belief_type": "valuation",
      "confidence": 0.2,
      "value": 144.0,
      "timestamp": 15.373134328358166,
      "evidence_count": 2
    },
    "5331d844-f81d-4e8d-adbf-d89171abb80d": {
      "edge_id": "5331d844-f81d-4e8d-adbf-d89171abb80d",
      "source_node": "BSE_ASSET",
      "target_node": "S20",
      "belief_type": "strategy",
      "confidence": 0.1,
      "value": "unknown",
      "timestamp": 10.298507462686555,
      "evidence_count": 0
    },
    "f4a215c2-f00e-453a-8924-a7de44b93cd3": {
      "edge_id": "f4a215c2-f00e-453a-8924-a7de44b93cd3",
      "source_node": "BSE_ASSET",
      "target_node": "S20",
      "belief_type": "valuation",
      "confidence": 0.2,
      "value": 144.39999999999998,
      "timestamp": 15.373134328358166,
      "evidence_count": 2
    },
    "b6c2c14f-66db-456d-898b-529c33bb0874": {
      "edge_id": "b6c2c14f-66db-456d-898b-529c33bb0874",
      "source_node": "BSE_ASSET",
      "target_node": "P14",
      "belief_type": "strategy",
      "confidence": 0.1,
      "value": "unknown",
      "timestamp": 15.373134328358166,
      "evidence_count": 0
    },
    "63fd4add-4079-4c0c-a09c-5239a466f79d": {
      "edge_id": "63fd4add-4079-4c0c-a09c-5239a466f79d",
      "source_node": "BSE_ASSET",
      "target_node": "P14",
      "belief_type": "valuation",
      "confidence": 0.1,
      "value": 124,
      "timestamp": 15.373134328358166,
      "evidence_count": 1
    },
    "fb2aa404-e129-4810-ae27-0661ccefa21d": {
      "edge_id": "fb2aa404-e129-4810-ae27-0661ccefa21d",
      "source_node": "BSE_ASSET",
      "target_node": "P09",
      "belief_type": "strategy",
      "confidence": 0.1,
      "value": "unknown",
      "timestamp": 15.373134328358166,
      "evidence_count": 0
    },
    "ba621ce8-5501-480f-ae00-985ab1e2e317": {
      "edge_id": "ba621ce8-5501-480f-ae00-985ab1e2e317",
      "source_node": "BSE_ASSET",
      "target_node": "P09",
      "belief_type": "valuation",
      "confidence": 0.1,
      "value": 124,
      "timestamp": 15.373134328358166,
      "evidence_count": 1
    },
    "3d310fc7-4eab-4c1a-a456-b8ff23ae5a0c": {
      "edge_id": "3d310fc7-4eab-4c1a-a456-b8ff23ae5a0c",
      "source_node": "BSE_ASSET",
      "target_node": "B06",
      "belief_type": "strategy",
      "confidence": 0.1,
      "value": "unknown",
      "timestamp": 15.373134328358166,
      "evidence_count": 0
    },
    "0914ed3c-dd74-4209-b9f2-34146d817a57": {
      "edge_id": "0914ed3c-dd74-4209-b9f2-34146d817a57",
      "source_node": "BSE_ASSET",
      "target_node": "B06",
      "belief_type": "valuation",
      "confidence": 0.1,
      "value": 112,
      "timestamp": 15.373134328358166,
      "evidence_count": 1
    },
    "f8a08b2a-fbd7-4b08-8612-e713b277a69b": {
      "edge_id": "f8a08b2a-fbd7-4b08-8612-e713b277a69b",
      "source_node": "BSE_ASSET",
      "target_node": "B20",
      "belief_type": "strategy",
      "confidence": 0.1,
      "value": "unknown",
      "timestamp": 15.373134328358166,
      "evidence_count": 0
    },
    "fcd9532a-3c9d-426b-96ca-635a217c3e7a": {
      "edge_id": "fcd9532a-3c9d-426b-96ca-635a217c3e7a",
      "source_node": "BSE_ASSET",
      "target_node": "B20",
      "belief_type": "valuation",
      "confidence": 0.1,
      "value": 100,
      "timestamp": 15.373134328358166,
      "evidence_count": 1
    },
    "aae7b4a5-8f2e-413e-84cc-3d338362fa81": {
      "edge_id": "aae7b4a5-8f2e-413e-84cc-3d338362fa81",
      "source_node": "BSE_ASSET",
      "target_node": "B10",
      "belief_type": "strategy",
      "confidence": 0.1,
      "value": "unknown",
      "timestamp": 15.373134328358166,
      "evidence_count": 0
    },
    "118b75e5-c6bd-407f-912a-f1d655254252": {
      "edge_id": "118b75e5-c6bd-407f-912a-f1d655254252",
      "source_node": "BSE_ASSET",
      "target_node": "B10",
      "belief_type": "valuation",
      "confidence": 0.1,
      "value": 98,
      "timestamp": 15.373134328358166,
      "evidence_count": 1
    },
    "120eed99-77a2-4be1-a14a-f64123058fe7": {
      "edge_id": "120eed99-77a2-4be1-a14a-f64123058fe7",
      "source_node": "BSE_ASSET",
      "target_node": "S04",
      "belief_type": "strategy",
      "confidence": 0.1,
      "value": "unknown",
      "timestamp": 15.373134328358166,
      "evidence_count": 0
    },
    "ac06f8fd-0853-409d-aa3c-47d6c6611948": {
      "edge_id": "ac06f8fd-0853-409d-aa3c-47d6c6611948",
      "source_node": "BSE_ASSET",
      "target_node": "S04",
      "belief_type": "valuation",
      "confidence": 0.1,
      "value": 129,
      "timestamp": 15.373134328358166,
      "evidence_count": 1
    },
    "6cc6d820-a32e-4441-93b5-a6d98b03ba80": {
      "edge_id": "6cc6d820-a32e-4441-93b5-a6d98b03ba80",
      "source_node": "BSE_ASSET",
      "target_node": "P12",
      "belief_type": "strategy",
      "confidence": 0.1,
      "value": "unknown",
      "timestamp": 15.373134328358166,
      "evidence_count": 0
    },
    "0fdbafcf-dff6-46b7-8df1-f86047fc1018": {
      "edge_id": "0fdbafcf-dff6-46b7-8df1-f86047fc1018",
      "source_node": "BSE_ASSET",
      "target_node": "P12",
      "belief_type": "valuation",
      "confidence": 0.1,
      "value": 130,
      "timestamp": 15.373134328358166,
      "evidence_count": 1
    },
    "3742ee78-c311-4ea0-9dff-c612134af1ca": {
      "edge_id": "3742ee78-c311-4ea0-9dff-c612134af1ca",
      "source_node": "BSE_ASSET",
      "target_node": "P18",
      "belief_type": "strategy",
      "confidence": 0.1,
      "value": "unknown",
      "timestamp": 15.373134328358166,
      "evidence_count": 0
    },
    "90e4a7b8-cf2b-437a-8b99-fe00457f7808": {
      "edge_id": "90e4a7b8-cf2b-437a-8b99-fe00457f7808",
      "source_node": "BSE_ASSET",
      "target_node": "P18",
      "belief_type": "valuation",
      "confidence": 0.1,
      "value": 130,
      "timestamp": 15.373134328358166,
      "evidence_count": 1
    }
  },
  "event_history": [
    {
      "event_id": "bid_P17_5.074626865671641",
      "event_type": "bid",
      "timestamp": 5.074626865671641,
      "agent_id": "P17",
      "price": 130,
      "quantity": 1,
      "counterparty_id": null,
      "order_id": null
    },
    {
      "event_id": "bid_P02_5.074626865671641",
      "event_type": "bid",
      "timestamp": 5.074626865671641,
      "agent_id": "P02",
      "price": 128,
      "quantity": 1,
      "counterparty_id": null,
      "order_id": null
    },
    {
      "event_id": "bid_P01_5.074626865671641",
      "event_type": "bid",
      "timestamp": 5.074626865671641,
      "agent_id": "P01",
      "price": 128,
      "quantity": 1,
      "counterparty_id": null,
      "order_id": null
    },
    {
      "event_id": "bid_P08_5.074626865671641",
      "event_type": "bid",
      "timestamp": 5.074626865671641,
      "agent_id": "P08",
      "price": 127,
      "quantity": 1,
      "counterparty_id": null,
      "order_id": null
    },
    {
      "event_id": "bid_P07_5.074626865671641",
      "event_type": "bid",
      "timestamp": 5.074626865671641,
      "agent_id": "P07",
      "price": 120,
      "quantity": 1,
      "counterparty_id": null,
      "order_id": null
    },
    {
      "event_id": "bid_B11_5.074626865671641",
      "event_type": "bid",
      "timestamp": 5.074626865671641,
      "agent_id": "B11",
      "price": 111,
      "quantity": 1,
      "counterparty_id": null,
      "order_id": null
    },
    {
      "event_id": "bid_B19_5.074626865671641",
      "event_type": "bid",
      "timestamp": 5.074626865671641,
      "agent_id": "B19",
      "price": 110,
      "quantity": 1,
      "counterparty_id": null,
      "order_id": null
    },
    {
      "event_id": "ask_S06_5.074626865671641",
      "event_type": "ask",
      "timestamp": 5.074626865671641,
      "agent_id": "S06",
      "price": 132,
      "quantity": 1,
      "counterparty_id": null,
      "order_id": null
    },
    {
      "event_id": "ask_S02_5.074626865671641",
      "event_type": "ask",
      "timestamp": 5.074626865671641,
      "agent_id": "S02",
      "price": 133,
      "quantity": 1,
      "counterparty_id": null,
      "order_id": null
    },
    {
      "event_id": "ask_S07_5.074626865671641",
      "event_type": "ask",
      "timestamp": 5.074626865671641,
      "agent_id": "S07",
      "price": 421,
      "quantity": 1,
      "counterparty_id": null,
      "order_id": null
    },
    {
      "event_id": "bid_B19_10.298507462686555",
      "event_type": "bid",
      "timestamp": 10.298507462686555,
      "agent_id": "B19",
      "price": 124,
      "quantity": 1,
      "counterparty_id": null,
      "order_id": null
    },
    {
      "event_id": "bid_P20_10.298507462686555",
      "event_type": "bid",
      "timestamp": 10.298507462686555,
      "agent_id": "P20",
      "price": 124,
      "quantity": 1,
      "counterparty_id": null,
      "order_id": null
    },
    {
      "event_id": "bid_P07_10.298507462686555",
      "event_type": "bid",
      "timestamp": 10.298507462686555,
      "agent_id": "P07",
      "price": 120,
      "quantity": 1,
      "counterparty_id": null,
      "order_id": null
    },
    {
      "event_id": "bid_B11_10.298507462686555",
      "event_type": "bid",
      "timestamp": 10.298507462686555,
      "agent_id": "B11",
      "price": 111,
      "quantity": 1,
      "counterparty_id": null,
      "order_id": null
    },
    {
      "event_id": "bid_B13_10.298507462686555",
      "event_type": "bid",
      "timestamp": 10.298507462686555,
      "agent_id": "B13",
      "price": 100,
      "quantity": 1,
      "counterparty_id": null,
      "order_id": null
    },
    {
      "event_id": "bid_B05_10.298507462686555",
      "event_type": "bid",
      "timestamp": 10.298507462686555,
      "agent_id": "B05",
      "price": 99,
      "quantity": 1,
      "counterparty_id": null,
      "order_id": null
    },
    {
      "event_id": "bid_B02_10.298507462686555",
      "event_type": "bid",
      "timestamp": 10.298507462686555,
      "agent_id": "B02",
      "price": 99,
      "quantity": 1,
      "counterparty_id": null,
      "order_id": null
    },
    {
      "event_id": "bid_B07_10.298507462686555",
      "event_type": "bid",
      "timestamp": 10.298507462686555,
      "agent_id": "B07",
      "price": 98,
      "quantity": 1,
      "counterparty_id": null,
      "order_id": null
    },
    {
      "event_id": "bid_B09_10.298507462686555",
      "event_type": "bid",
      "timestamp": 10.298507462686555,
      "agent_id": "B09",
      "price": 82,
      "quantity": 1,
      "counterparty_id": null,
      "order_id": null
    },
    {
      "event_id": "bid_B04_10.298507462686555",
      "event_type": "bid",
      "timestamp": 10.298507462686555,
      "agent_id": "B04",
      "price": 82,
      "quantity": 1,
      "counterparty_id": null,
      "order_id": null
    },
    {
      "event_id": "ask_S03_10.298507462686555",
      "event_type": "ask",
      "timestamp": 10.298507462686555,
      "agent_id": "S03",
      "price": 130,
      "quantity": 1,
      "counterparty_id": null,
      "order_id": null
    },
    {
      "event_id": "ask_S02_10.298507462686555",
      "event_type": "ask",
      "timestamp": 10.298507462686555,
      "agent_id": "S02",
      "price": 132,
      "quantity": 1,
      "counterparty_id": null,
      "order_id": null
    },
    {
      "event_id": "ask_S12_10.298507462686555",
      "event_type": "ask",
      "timestamp": 10.298507462686555,
      "agent_id": "S12",
      "price": 144,
      "quantity": 1,
      "counterparty_id": null,
      "order_id": null
    },
    {
      "event_id": "ask_S20_10.298507462686555",
      "event_type": "ask",
      "timestamp": 10.298507462686555,
      "agent_id": "S20",
      "price": 148,
      "quantity": 1,
      "counterparty_id": null,
      "order_id": null
    },
    {
      "event_id": "ask_S07_10.298507462686555",
      "event_type": "ask",
      "timestamp": 10.298507462686555,
      "agent_id": "S07",
      "price": 197,
      "quantity": 1,
      "counterparty_id": null,
      "order_id": null
    },
    {
      "event_id": "bid_P20_15.373134328358166",
      "event_type": "bid",
      "timestamp": 15.373134328358166,
      "agent_id": "P20",
      "price": 124,
      "quantity": 1,
      "counterparty_id": null,
      "order_id": null
    },
    {
      "event_id": "bid_P14_15.373134328358166",
      "event_type": "bid",
      "timestamp": 15.373134328358166,
      "agent_id": "P14",
      "price": 124,
      "quantity": 1,
      "counterparty_id": null,
      "order_id": null
    },
    {
      "event_id": "bid_P09_15.373134328358166",
      "event_type": "bid",
      "timestamp": 15.373134328358166,
      "agent_id": "P09",
      "price": 124,
      "quantity": 1,
      "counterparty_id": null,
      "order_id": null
    },
    {
      "event_id": "bid_P07_15.373134328358166",
      "event_type": "bid",
      "timestamp": 15.373134328358166,
      "agent_id": "P07",
      "price": 120,
      "quantity": 1,
      "counterparty_id": null,
      "order_id": null
    },
    {
      "event_id": "bid_B06_15.373134328358166",
      "event_type": "bid",
      "timestamp": 15.373134328358166,
      "agent_id": "B06",
      "price": 112,
      "quantity": 1,
      "counterparty_id": null,
      "order_id": null
    },
    {
      "event_id": "bid_B13_15.373134328358166",
      "event_type": "bid",
      "timestamp": 15.373134328358166,
      "agent_id": "B13",
      "price": 100,
      "quantity": 1,
      "counterparty_id": null,
      "order_id": null
    },
    {
      "event_id": "bid_B20_15.373134328358166",
      "event_type": "bid",
      "timestamp": 15.373134328358166,
      "agent_id": "B20",
      "price": 100,
      "quantity": 1,
      "counterparty_id": null,
      "order_id": null
    },
    {
      "event_id": "bid_B07_15.373134328358166",
      "event_type": "bid",
      "timestamp": 15.373134328358166,
      "agent_id": "B07",
      "price": 98,
      "quantity": 1,
      "counterparty_id": null,
      "order_id": null
    },
    {
      "event_id": "bid_B10_15.373134328358166",
      "event_type": "bid",
      "timestamp": 15.373134328358166,
      "agent_id": "B10",
      "price": 98,
      "quantity": 1,
      "counterparty_id": null,
      "order_id": null
    },
    {
      "event_id": "bid_B05_15.373134328358166",
      "event_type": "bid",
      "timestamp": 15.373134328358166,
      "agent_id": "B05",
      "price": 93,
      "quantity": 1,
      "counterparty_id": null,
      "order_id": null
    },
    {
      "event_id": "bid_B04_15.373134328358166",
      "event_type": "bid",
      "timestamp": 15.373134328358166,
      "agent_id": "B04",
      "price": 82,
      "quantity": 1,
      "counterparty_id": null,
      "order_id": null
    },
    {
      "event_id": "bid_B02_15.373134328358166",
      "event_type": "bid",
      "timestamp": 15.373134328358166,
      "agent_id": "B02",
      "price": 36,
      "quantity": 1,
      "counterparty_id": null,
      "order_id": null
    },
    {
      "event_id": "ask_S02_15.373134328358166",
      "event_type": "ask",
      "timestamp": 15.373134328358166,
      "agent_id": "S02",
      "price": 129,
      "quantity": 1,
      "counterparty_id": null,
      "order_id": null
    },
    {
      "event_id": "ask_S04_15.373134328358166",
      "event_type": "ask",
      "timestamp": 15.373134328358166,
      "agent_id": "S04",
      "price": 129,
      "quantity": 1,
      "counterparty_id": null,
      "order_id": null
    },
    {
      "event_id": "ask_P02_15.373134328358166",
      "event_type": "ask",
      "timestamp": 15.373134328358166,
      "agent_id": "P02",
      "price": 129,
      "quantity": 1,
      "counterparty_id": null,
      "order_id": null
    },
    {
      "event_id": "ask_P12_15.373134328358166",
      "event_type": "ask",
      "timestamp": 15.373134328358166,
      "agent_id": "P12",
      "price": 130,
      "quantity": 1,
      "counterparty_id": null,
      "order_id": null
    },
    {
      "event_id": "ask_P08_15.373134328358166",
      "event_type": "ask",
      "timestamp": 15.373134328358166,
      "agent_id": "P08",
      "price": 130,
      "quantity": 1,
      "counterparty_id": null,
      "order_id": null
    },
    {
      "event_id": "ask_P18_15.373134328358166",
      "event_type": "ask",
      "timestamp": 15.373134328358166,
      "agent_id": "P18",
      "price": 130,
      "quantity": 1,
      "counterparty_id": null,
      "order_id": null
    },
    {
      "event_id": "ask_S20_15.373134328358166",
      "event_type": "ask",
      "timestamp": 15.373134328358166,
      "agent_id": "S20",
      "price": 136,
      "quantity": 1,
      "counterparty_id": null,
      "order_id": null
    },
    {
      "event_id": "ask_S12_15.373134328358166",
      "event_type": "ask",
      "timestamp": 15.373134328358166,
      "agent_id": "S12",
      "price": 144,
      "quantity": 1,
      "counterparty_id": null,
      "order_id": null
    },
    {
      "event_id": "ask_S07_15.373134328358166",
      "event_type": "ask",
      "timestamp": 15.373134328358166,
      "agent_id": "S07",
      "price": 498,
      "quantity": 1,
      "counterparty_id": null,
      "order_id": null
    }
  ]
}
2025-10-10 18:12:16 | HM_NL_NOCOT_P20 | ================================================================================
2025-10-10 18:12:16 | HM_NL_NOCOT_P20 | [AGENTS-TRACKED] Currently tracking 28 agents: ['P20', 'P17', 'P02', 'P01', 'P08', 'P07', 'B11', 'B19', 'S06', 'S02', 'S07', 'B13', 'B05', 'B02', 'B07', 'B09', 'B04', 'S03', 'S12', 'S20', 'P14', 'P09', 'B06', 'B20', 'B10', 'S04', 'P12', 'P18']
2025-10-10 18:16:00 | HM_NL_NOCOT_P20 | [GETORDER] Called at time 17.9, job=Buy, balance=$500
2025-10-10 18:16:00 | HM_NL_NOCOT_P20 | === LLM PROMPT AT TIME 17.91044776119397 ===
2025-10-10 18:16:00 | HM_NL_NOCOT_P20 | ================================================================================
2025-10-10 18:16:00 | HM_NL_NOCOT_P20 | 
You are a proprietary trader looking to BUY a unit.

MARKET DATA:
Time: 17.9
Best Bid: 124
Best Ask: 127
Spread: 3
Recent prices: [124, 124, 128, 129, 129]
Average recent price: $126.8

MY CURRENT STATE:
Balance: $500
Current job: Buy
Inventory: 0 units
Last purchase price: $None
Number of completed trades: 0



MARKET EDUCATION:
- Price ranges typically between $1-$500 in this market
- The market operates as a continuous double auction with a limit order book
- Orders are matched when bid prices meet or exceed ask prices
- You can place BID orders (to buy) or ASK orders (to sell)

HOW ORDER BOOKS WORK:
- To BUY: Place a BID order at your desired price
  - If sellers exist at/below your bid price → immediate execution
  - If no sellers at your price → your bid waits on the order book
  - Higher bids are more likely to execute quickly

- To SELL: Place an ASK order at your desired price
  - If buyers exist at/above your ask price → immediate execution
  - If no buyers at your price → your ask waits on the order book
  - Lower asks are more likely to execute quickly

TRADING PRINCIPLES:
- "Buy low, sell high" means buying below recent average prices when possible
- Risk management: avoid spending your entire balance on one trade
- Learn from history: if recent trades lost money, consider what went wrong
- Liquidity: sometimes waiting for better prices is smarter than forcing trades
- Analyze other traders' activity patterns and draw your own conclusions



BELIEF GRAPH INSIGHTS (Natural Language):
The belief graph represents your understanding of market dynamics and other agents' strategies.

Current market beliefs:
My trading attributes: {'aggressiveness': 0.6, 'learning_rate': 0.6, 'hypothesis_threshold': 0.3, 'exploration_rate': 0.5, 'adaptability': 0.7, 'strategic_depth': 0.8}

Tracking 28 agents
  - Agent P20
  - Agent P17
  - Agent P02
  - Agent P01
  - Agent P08
  - Agent P07
  - Agent B11
  - Agent B19
  - Agent S06
  - Agent S02
  - Agent S07
  - Agent B13
  - Agent B05
  - Agent B02
  - Agent B07
  - Agent B09
  - Agent B04
  - Agent S03
  - Agent S12
  - Agent S20
  - Agent P14
  - Agent P09
  - Agent B06
  - Agent B20
  - Agent B10
  - Agent S04
  - Agent P12
  - Agent P18

This narrative describes:
- How aggressive or passive other traders are behaving
- What strategies you believe they are following
- Overall market sentiment and direction
- Your assessment of current market risks
- How confident you are in your understanding of each agent

Use these insights to inform your trading decisions.


GRAPH QUALITY: BASIC
You have limited information about market participants.
Belief graph data is based on observations and may contain uncertainties.


CURRENT SITUATION: You currently have NO INVENTORY and are looking to BUY a unit.

YOUR GOAL: Make a profitable trade. End with MORE money than you started with.



Respond with ONLY:
"BUY [exact_price]" - to place a bid at that price
"WAIT" - to wait for better conditions


Respond ONLY with your decision. No explanation needed.


2025-10-10 18:16:00 | HM_NL_NOCOT_P20 | ================================================================================
2025-10-10 18:16:01 | HM_NL_NOCOT_P20 | === RAW LLM RESPONSE ===
2025-10-10 18:16:01 | HM_NL_NOCOT_P20 | BUY 124
2025-10-10 18:16:01 | HM_NL_NOCOT_P20 | ================================================================================
2025-10-10 18:16:01 | HM_NL_NOCOT_P20 | === PARSED DECISION ===
2025-10-10 18:16:01 | HM_NL_NOCOT_P20 | Action: BUY
2025-10-10 18:16:01 | HM_NL_NOCOT_P20 | Price: 124
2025-10-10 18:16:01 | HM_NL_NOCOT_P20 | Reasoning: BUY 124
2025-10-10 18:16:01 | HM_NL_NOCOT_P20 | Current Job: Buy
2025-10-10 18:16:01 | HM_NL_NOCOT_P20 | Balance: $500.00
2025-10-10 18:16:01 | HM_NL_NOCOT_P20 | Inventory: 0
2025-10-10 18:20:56 | HM_NL_NOCOT_P20 | [BELIEF-THROTTLE] P13: Running belief graph update at time 20.4
2025-10-10 18:20:56 | HM_NL_NOCOT_P20 | [UPDATE-SUMMARY] Processed 21 market events at time 20.4
2025-10-10 18:20:56 | HM_NL_NOCOT_P20 | === BELIEF GRAPH STATE AT TIME 20.4 ===
2025-10-10 18:20:56 | HM_NL_NOCOT_P20 | {
  "graph_id": "f5b42db1-423d-4188-b050-2c98ca6efd4a",
  "asset_id": "BSE_ASSET",
  "current_time": 20.447761194029777,
  "nodes": {
    "BSE_ASSET": {
      "asset_id": "BSE_ASSET",
      "node_type": "asset",
      "current_best_bid": null,
      "current_best_ask": null,
      "last_trade_price": null,
      "volume_traded": 0,
      "price_volatility": 0.0,
      "spread_width": null,
      "market_depth_bid": 0,
      "market_depth_ask": 0
    },
    "P20": {
      "agent_id": "P20",
      "node_type": "agent",
      "last_bid_price": 124,
      "last_ask_price": null,
      "last_trade_price": null,
      "total_trades": 0,
      "total_volume": 0,
      "strategy_type": "Hypothetical-Minds",
      "inferred_valuation": 124.0,
      "valuation_confidence": 0.2,
      "aggressiveness_score": 0.6,
      "last_activity": 15.373134328358166
    },
    "P17": {
      "agent_id": "P17",
      "node_type": "agent",
      "last_bid_price": 130,
      "last_ask_price": null,
      "last_trade_price": null,
      "total_trades": 0,
      "total_volume": 0,
      "strategy_type": null,
      "inferred_valuation": 130,
      "valuation_confidence": 0.1,
      "aggressiveness_score": 0.0,
      "last_activity": 5.074626865671641
    },
    "P02": {
      "agent_id": "P02",
      "node_type": "agent",
      "last_bid_price": 128,
      "last_ask_price": 129,
      "last_trade_price": null,
      "total_trades": 0,
      "total_volume": 0,
      "strategy_type": null,
      "inferred_valuation": 128.51,
      "valuation_confidence": 0.30000000000000004,
      "aggressiveness_score": 0.0,
      "last_activity": 20.447761194029777
    },
    "P01": {
      "agent_id": "P01",
      "node_type": "agent",
      "last_bid_price": 128,
      "last_ask_price": 127,
      "last_trade_price": null,
      "total_trades": 0,
      "total_volume": 0,
      "strategy_type": null,
      "inferred_valuation": 127.69999999999999,
      "valuation_confidence": 0.2,
      "aggressiveness_score": 0.0,
      "last_activity": 20.447761194029777
    },
    "P08": {
      "agent_id": "P08",
      "node_type": "agent",
      "last_bid_price": 127,
      "last_ask_price": 130,
      "last_trade_price": null,
      "total_trades": 0,
      "total_volume": 0,
      "strategy_type": null,
      "inferred_valuation": 128.52999999999997,
      "valuation_confidence": 0.30000000000000004,
      "aggressiveness_score": 0.0,
      "last_activity": 20.447761194029777
    },
    "P07": {
      "agent_id": "P07",
      "node_type": "agent",
      "last_bid_price": 120,
      "last_ask_price": null,
      "last_trade_price": null,
      "total_trades": 0,
      "total_volume": 0,
      "strategy_type": null,
      "inferred_valuation": 120.0,
      "valuation_confidence": 0.4,
      "aggressiveness_score": 0.0,
      "last_activity": 20.447761194029777
    },
    "B11": {
      "agent_id": "B11",
      "node_type": "agent",
      "last_bid_price": 111,
      "last_ask_price": null,
      "last_trade_price": null,
      "total_trades": 0,
      "total_volume": 0,
      "strategy_type": null,
      "inferred_valuation": 110.99999999999999,
      "valuation_confidence": 0.2,
      "aggressiveness_score": 0.0,
      "last_activity": 10.298507462686555
    },
    "B19": {
      "agent_id": "B19",
      "node_type": "agent",
      "last_bid_price": 124,
      "last_ask_price": null,
      "last_trade_price": null,
      "total_trades": 0,
      "total_volume": 0,
      "strategy_type": null,
      "inferred_valuation": 114.19999999999999,
      "valuation_confidence": 0.2,
      "aggressiveness_score": 0.0,
      "last_activity": 10.298507462686555
    },
    "S06": {
      "agent_id": "S06",
      "node_type": "agent",
      "last_bid_price": null,
      "last_ask_price": 132,
      "last_trade_price": null,
      "total_trades": 0,
      "total_volume": 0,
      "strategy_type": null,
      "inferred_valuation": 132,
      "valuation_confidence": 0.1,
      "aggressiveness_score": 0.0,
      "last_activity": 5.074626865671641
    },
    "S02": {
      "agent_id": "S02",
      "node_type": "agent",
      "last_bid_price": null,
      "last_ask_price": 129,
      "last_trade_price": null,
      "total_trades": 0,
      "total_volume": 0,
      "strategy_type": null,
      "inferred_valuation": 131.58999999999997,
      "valuation_confidence": 0.30000000000000004,
      "aggressiveness_score": 0.0,
      "last_activity": 15.373134328358166
    },
    "S07": {
      "agent_id": "S07",
      "node_type": "agent",
      "last_bid_price": null,
      "last_ask_price": 498,
      "last_trade_price": null,
      "total_trades": 0,
      "total_volume": 0,
      "strategy_type": null,
      "inferred_valuation": 397.05999999999995,
      "valuation_confidence": 0.30000000000000004,
      "aggressiveness_score": 0.0,
      "last_activity": 15.373134328358166
    },
    "B13": {
      "agent_id": "B13",
      "node_type": "agent",
      "last_bid_price": 110,
      "last_ask_price": null,
      "last_trade_price": null,
      "total_trades": 0,
      "total_volume": 0,
      "strategy_type": null,
      "inferred_valuation": 103.0,
      "valuation_confidence": 0.30000000000000004,
      "aggressiveness_score": 0.0,
      "last_activity": 20.447761194029777
    },
    "B05": {
      "agent_id": "B05",
      "node_type": "agent",
      "last_bid_price": 93,
      "last_ask_price": null,
      "last_trade_price": null,
      "total_trades": 0,
      "total_volume": 0,
      "strategy_type": null,
      "inferred_valuation": 95.94,
      "valuation_confidence": 0.30000000000000004,
      "aggressiveness_score": 0.0,
      "last_activity": 20.447761194029777
    },
    "B02": {
      "agent_id": "B02",
      "node_type": "agent",
      "last_bid_price": 108,
      "last_ask_price": null,
      "last_trade_price": null,
      "total_trades": 0,
      "total_volume": 0,
      "strategy_type": null,
      "inferred_valuation": 88.47,
      "valuation_confidence": 0.30000000000000004,
      "aggressiveness_score": 0.0,
      "last_activity": 20.447761194029777
    },
    "B07": {
      "agent_id": "B07",
      "node_type": "agent",
      "last_bid_price": 98,
      "last_ask_price": null,
      "last_trade_price": null,
      "total_trades": 0,
      "total_volume": 0,
      "strategy_type": null,
      "inferred_valuation": 98.0,
      "valuation_confidence": 0.2,
      "aggressiveness_score": 0.0,
      "last_activity": 15.373134328358166
    },
    "B09": {
      "agent_id": "B09",
      "node_type": "agent",
      "last_bid_price": 82,
      "last_ask_price": null,
      "last_trade_price": null,
      "total_trades": 0,
      "total_volume": 0,
      "strategy_type": null,
      "inferred_valuation": 82,
      "valuation_confidence": 0.1,
      "aggressiveness_score": 0.0,
      "last_activity": 10.298507462686555
    },
    "B04": {
      "agent_id": "B04",
      "node_type": "agent",
      "last_bid_price": 82,
      "last_ask_price": null,
      "last_trade_price": null,
      "total_trades": 0,
      "total_volume": 0,
      "strategy_type": null,
      "inferred_valuation": 82.0,
      "valuation_confidence": 0.2,
      "aggressiveness_score": 0.0,
      "last_activity": 15.373134328358166
    },
    "S03": {
      "agent_id": "S03",
      "node_type": "agent",
      "last_bid_price": null,
      "last_ask_price": 130,
      "last_trade_price": null,
      "total_trades": 0,
      "total_volume": 0,
      "strategy_type": null,
      "inferred_valuation": 130,
      "valuation_confidence": 0.1,
      "aggressiveness_score": 0.0,
      "last_activity": 10.298507462686555
    },
    "S12": {
      "agent_id": "S12",
      "node_type": "agent",
      "last_bid_price": null,
      "last_ask_price": 144,
      "last_trade_price": null,
      "total_trades": 0,
      "total_volume": 0,
      "strategy_type": null,
      "inferred_valuation": 144.0,
      "valuation_confidence": 0.2,
      "aggressiveness_score": 0.0,
      "last_activity": 15.373134328358166
    },
    "S20": {
      "agent_id": "S20",
      "node_type": "agent",
      "last_bid_price": null,
      "last_ask_price": 136,
      "last_trade_price": null,
      "total_trades": 0,
      "total_volume": 0,
      "strategy_type": null,
      "inferred_valuation": 144.39999999999998,
      "valuation_confidence": 0.2,
      "aggressiveness_score": 0.0,
      "last_activity": 15.373134328358166
    },
    "P14": {
      "agent_id": "P14",
      "node_type": "agent",
      "last_bid_price": 124,
      "last_ask_price": null,
      "last_trade_price": null,
      "total_trades": 0,
      "total_volume": 0,
      "strategy_type": null,
      "inferred_valuation": 124,
      "valuation_confidence": 0.1,
      "aggressiveness_score": 0.0,
      "last_activity": 15.373134328358166
    },
    "P09": {
      "agent_id": "P09",
      "node_type": "agent",
      "last_bid_price": 124,
      "last_ask_price": null,
      "last_trade_price": null,
      "total_trades": 0,
      "total_volume": 0,
      "strategy_type": null,
      "inferred_valuation": 124,
      "valuation_confidence": 0.1,
      "aggressiveness_score": 0.0,
      "last_activity": 15.373134328358166
    },
    "B06": {
      "agent_id": "B06",
      "node_type": "agent",
      "last_bid_price": 112,
      "last_ask_price": null,
      "last_trade_price": null,
      "total_trades": 0,
      "total_volume": 0,
      "strategy_type": null,
      "inferred_valuation": 112.0,
      "valuation_confidence": 0.2,
      "aggressiveness_score": 0.0,
      "last_activity": 20.447761194029777
    },
    "B20": {
      "agent_id": "B20",
      "node_type": "agent",
      "last_bid_price": 100,
      "last_ask_price": null,
      "last_trade_price": null,
      "total_trades": 0,
      "total_volume": 0,
      "strategy_type": null,
      "inferred_valuation": 100,
      "valuation_confidence": 0.1,
      "aggressiveness_score": 0.0,
      "last_activity": 15.373134328358166
    },
    "B10": {
      "agent_id": "B10",
      "node_type": "agent",
      "last_bid_price": 117,
      "last_ask_price": null,
      "last_trade_price": null,
      "total_trades": 0,
      "total_volume": 0,
      "strategy_type": null,
      "inferred_valuation": 103.69999999999999,
      "valuation_confidence": 0.2,
      "aggressiveness_score": 0.0,
      "last_activity": 20.447761194029777
    },
    "S04": {
      "agent_id": "S04",
      "node_type": "agent",
      "last_bid_price": null,
      "last_ask_price": 129,
      "last_trade_price": null,
      "total_trades": 0,
      "total_volume": 0,
      "strategy_type": null,
      "inferred_valuation": 129,
      "valuation_confidence": 0.1,
      "aggressiveness_score": 0.0,
      "last_activity": 15.373134328358166
    },
    "P12": {
      "agent_id": "P12",
      "node_type": "agent",
      "last_bid_price": null,
      "last_ask_price": 130,
      "last_trade_price": null,
      "total_trades": 0,
      "total_volume": 0,
      "strategy_type": null,
      "inferred_valuation": 130.0,
      "valuation_confidence": 0.2,
      "aggressiveness_score": 0.0,
      "last_activity": 20.447761194029777
    },
    "P18": {
      "agent_id": "P18",
      "node_type": "agent",
      "last_bid_price": null,
      "last_ask_price": 130,
      "last_trade_price": null,
      "total_trades": 0,
      "total_volume": 0,
      "strategy_type": null,
      "inferred_valuation": 130.0,
      "valuation_confidence": 0.2,
      "aggressiveness_score": 0.0,
      "last_activity": 20.447761194029777
    },
    "P16": {
      "agent_id": "P16",
      "node_type": "agent",
      "last_bid_price": 124,
      "last_ask_price": null,
      "last_trade_price": null,
      "total_trades": 0,
      "total_volume": 0,
      "strategy_type": null,
      "inferred_valuation": 124,
      "valuation_confidence": 0.1,
      "aggressiveness_score": 0.0,
      "last_activity": 20.447761194029777
    },
    "P19": {
      "agent_id": "P19",
      "node_type": "agent",
      "last_bid_price": 124,
      "last_ask_price": null,
      "last_trade_price": null,
      "total_trades": 0,
      "total_volume": 0,
      "strategy_type": null,
      "inferred_valuation": 124,
      "valuation_confidence": 0.1,
      "aggressiveness_score": 0.0,
      "last_activity": 20.447761194029777
    },
    "B15": {
      "agent_id": "B15",
      "node_type": "agent",
      "last_bid_price": 120,
      "last_ask_price": null,
      "last_trade_price": null,
      "total_trades": 0,
      "total_volume": 0,
      "strategy_type": null,
      "inferred_valuation": 120,
      "valuation_confidence": 0.1,
      "aggressiveness_score": 0.0,
      "last_activity": 20.447761194029777
    },
    "B21": {
      "agent_id": "B21",
      "node_type": "agent",
      "last_bid_price": 115,
      "last_ask_price": null,
      "last_trade_price": null,
      "total_trades": 0,
      "total_volume": 0,
      "strategy_type": null,
      "inferred_valuation": 115,
      "valuation_confidence": 0.1,
      "aggressiveness_score": 0.0,
      "last_activity": 20.447761194029777
    },
    "B08": {
      "agent_id": "B08",
      "node_type": "agent",
      "last_bid_price": 113,
      "last_ask_price": null,
      "last_trade_price": null,
      "total_trades": 0,
      "total_volume": 0,
      "strategy_type": null,
      "inferred_valuation": 113,
      "valuation_confidence": 0.1,
      "aggressiveness_score": 0.0,
      "last_activity": 20.447761194029777
    },
    "B14": {
      "agent_id": "B14",
      "node_type": "agent",
      "last_bid_price": 107,
      "last_ask_price": null,
      "last_trade_price": null,
      "total_trades": 0,
      "total_volume": 0,
      "strategy_type": null,
      "inferred_valuation": 107,
      "valuation_confidence": 0.1,
      "aggressiveness_score": 0.0,
      "last_activity": 20.447761194029777
    },
    "B18": {
      "agent_id": "B18",
      "node_type": "agent",
      "last_bid_price": 100,
      "last_ask_price": null,
      "last_trade_price": null,
      "total_trades": 0,
      "total_volume": 0,
      "strategy_type": null,
      "inferred_valuation": 100,
      "valuation_confidence": 0.1,
      "aggressiveness_score": 0.0,
      "last_activity": 20.447761194029777
    },
    "S15": {
      "agent_id": "S15",
      "node_type": "agent",
      "last_bid_price": null,
      "last_ask_price": 127,
      "last_trade_price": null,
      "total_trades": 0,
      "total_volume": 0,
      "strategy_type": null,
      "inferred_valuation": 127,
      "valuation_confidence": 0.1,
      "aggressiveness_score": 0.0,
      "last_activity": 20.447761194029777
    },
    "P15": {
      "agent_id": "P15",
      "node_type": "agent",
      "last_bid_price": null,
      "last_ask_price": 128,
      "last_trade_price": null,
      "total_trades": 0,
      "total_volume": 0,
      "strategy_type": null,
      "inferred_valuation": 128,
      "valuation_confidence": 0.1,
      "aggressiveness_score": 0.0,
      "last_activity": 20.447761194029777
    },
    "P00": {
      "agent_id": "P00",
      "node_type": "agent",
      "last_bid_price": null,
      "last_ask_price": 129,
      "last_trade_price": null,
      "total_trades": 0,
      "total_volume": 0,
      "strategy_type": null,
      "inferred_valuation": 129,
      "valuation_confidence": 0.1,
      "aggressiveness_score": 0.0,
      "last_activity": 20.447761194029777
    }
  },
  "edges": {
    "b918a6af-7c13-43a2-a0b3-cea8deee488b": {
      "edge_id": "b918a6af-7c13-43a2-a0b3-cea8deee488b",
      "source_node": "BSE_ASSET",
      "target_node": "P20",
      "belief_type": "strategy",
      "confidence": 0.1,
      "value": "unknown",
      "timestamp": 0.0,
      "evidence_count": 0
    },
    "303c14ba-b068-4a89-8a60-defc4b1e19de": {
      "edge_id": "303c14ba-b068-4a89-8a60-defc4b1e19de",
      "source_node": "BSE_ASSET",
      "target_node": "P20",
      "belief_type": "valuation",
      "confidence": 0.2,
      "value": 124.0,
      "timestamp": 15.373134328358166,
      "evidence_count": 2
    },
    "46f2d92a-3c74-4b1a-b173-2b2212adf83c": {
      "edge_id": "46f2d92a-3c74-4b1a-b173-2b2212adf83c",
      "source_node": "BSE_ASSET",
      "target_node": "P17",
      "belief_type": "strategy",
      "confidence": 0.1,
      "value": "unknown",
      "timestamp": 0.0,
      "evidence_count": 0
    },
    "f921b8b4-4eba-4e50-93e0-e95822fb9ef8": {
      "edge_id": "f921b8b4-4eba-4e50-93e0-e95822fb9ef8",
      "source_node": "BSE_ASSET",
      "target_node": "P17",
      "belief_type": "valuation",
      "confidence": 0.1,
      "value": 130,
      "timestamp": 5.074626865671641,
      "evidence_count": 1
    },
    "b96a29db-e77d-44ee-8059-3397e9c5601e": {
      "edge_id": "b96a29db-e77d-44ee-8059-3397e9c5601e",
      "source_node": "BSE_ASSET",
      "target_node": "P02",
      "belief_type": "strategy",
      "confidence": 0.1,
      "value": "unknown",
      "timestamp": 5.074626865671641,
      "evidence_count": 0
    },
    "59cd6533-d095-47a0-a999-2d2a45b4fb3c": {
      "edge_id": "59cd6533-d095-47a0-a999-2d2a45b4fb3c",
      "source_node": "BSE_ASSET",
      "target_node": "P02",
      "belief_type": "valuation",
      "confidence": 0.30000000000000004,
      "value": 128.51,
      "timestamp": 20.447761194029777,
      "evidence_count": 3
    },
    "9f7f9b90-cb25-420d-8903-ef32e5fd69d6": {
      "edge_id": "9f7f9b90-cb25-420d-8903-ef32e5fd69d6",
      "source_node": "BSE_ASSET",
      "target_node": "P01",
      "belief_type": "strategy",
      "confidence": 0.1,
      "value": "unknown",
      "timestamp": 5.074626865671641,
      "evidence_count": 0
    },
    "eab81edb-d297-421f-b249-fd3ef80e2056": {
      "edge_id": "eab81edb-d297-421f-b249-fd3ef80e2056",
      "source_node": "BSE_ASSET",
      "target_node": "P01",
      "belief_type": "valuation",
      "confidence": 0.2,
      "value": 127.69999999999999,
      "timestamp": 20.447761194029777,
      "evidence_count": 2
    },
    "48144e52-4aa2-47b1-a45a-932ef7c670d4": {
      "edge_id": "48144e52-4aa2-47b1-a45a-932ef7c670d4",
      "source_node": "BSE_ASSET",
      "target_node": "P08",
      "belief_type": "strategy",
      "confidence": 0.1,
      "value": "unknown",
      "timestamp": 5.074626865671641,
      "evidence_count": 0
    },
    "993c8f2d-38a3-4daa-be1c-796f51e579a4": {
      "edge_id": "993c8f2d-38a3-4daa-be1c-796f51e579a4",
      "source_node": "BSE_ASSET",
      "target_node": "P08",
      "belief_type": "valuation",
      "confidence": 0.30000000000000004,
      "value": 128.52999999999997,
      "timestamp": 20.447761194029777,
      "evidence_count": 3
    },
    "9a254ad7-5b31-4def-878a-768207fd8d17": {
      "edge_id": "9a254ad7-5b31-4def-878a-768207fd8d17",
      "source_node": "BSE_ASSET",
      "target_node": "P07",
      "belief_type": "strategy",
      "confidence": 0.1,
      "value": "unknown",
      "timestamp": 5.074626865671641,
      "evidence_count": 0
    },
    "070ffe6b-b5a2-4ab5-8c3b-7e6c2fe0c1bf": {
      "edge_id": "070ffe6b-b5a2-4ab5-8c3b-7e6c2fe0c1bf",
      "source_node": "BSE_ASSET",
      "target_node": "P07",
      "belief_type": "valuation",
      "confidence": 0.4,
      "value": 120.0,
      "timestamp": 20.447761194029777,
      "evidence_count": 4
    },
    "c9a4a238-3611-4051-80f9-047485bf5906": {
      "edge_id": "c9a4a238-3611-4051-80f9-047485bf5906",
      "source_node": "BSE_ASSET",
      "target_node": "B11",
      "belief_type": "strategy",
      "confidence": 0.1,
      "value": "unknown",
      "timestamp": 5.074626865671641,
      "evidence_count": 0
    },
    "40d99442-6fa1-4596-a57a-d06966692092": {
      "edge_id": "40d99442-6fa1-4596-a57a-d06966692092",
      "source_node": "BSE_ASSET",
      "target_node": "B11",
      "belief_type": "valuation",
      "confidence": 0.2,
      "value": 110.99999999999999,
      "timestamp": 10.298507462686555,
      "evidence_count": 2
    },
    "a5a810b7-3d35-4726-b1da-89f79e7b4d4f": {
      "edge_id": "a5a810b7-3d35-4726-b1da-89f79e7b4d4f",
      "source_node": "BSE_ASSET",
      "target_node": "B19",
      "belief_type": "strategy",
      "confidence": 0.1,
      "value": "unknown",
      "timestamp": 5.074626865671641,
      "evidence_count": 0
    },
    "1c4936cf-9e99-4138-9717-ee8bb61b39f4": {
      "edge_id": "1c4936cf-9e99-4138-9717-ee8bb61b39f4",
      "source_node": "BSE_ASSET",
      "target_node": "B19",
      "belief_type": "valuation",
      "confidence": 0.2,
      "value": 114.19999999999999,
      "timestamp": 10.298507462686555,
      "evidence_count": 2
    },
    "111dd868-7338-442c-9b81-1532ff51c8fd": {
      "edge_id": "111dd868-7338-442c-9b81-1532ff51c8fd",
      "source_node": "BSE_ASSET",
      "target_node": "S06",
      "belief_type": "strategy",
      "confidence": 0.1,
      "value": "unknown",
      "timestamp": 5.074626865671641,
      "evidence_count": 0
    },
    "1b4d8095-dfca-49f7-8ff8-0996301ed50f": {
      "edge_id": "1b4d8095-dfca-49f7-8ff8-0996301ed50f",
      "source_node": "BSE_ASSET",
      "target_node": "S06",
      "belief_type": "valuation",
      "confidence": 0.1,
      "value": 132,
      "timestamp": 5.074626865671641,
      "evidence_count": 1
    },
    "aedb378f-17c0-49bd-96ac-f83cc0ae17e1": {
      "edge_id": "aedb378f-17c0-49bd-96ac-f83cc0ae17e1",
      "source_node": "BSE_ASSET",
      "target_node": "S02",
      "belief_type": "strategy",
      "confidence": 0.1,
      "value": "unknown",
      "timestamp": 5.074626865671641,
      "evidence_count": 0
    },
    "b06a34c8-6454-40b0-b3ea-6a45a67a5a7d": {
      "edge_id": "b06a34c8-6454-40b0-b3ea-6a45a67a5a7d",
      "source_node": "BSE_ASSET",
      "target_node": "S02",
      "belief_type": "valuation",
      "confidence": 0.30000000000000004,
      "value": 131.58999999999997,
      "timestamp": 15.373134328358166,
      "evidence_count": 3
    },
    "860336a7-13e7-4eb4-8099-a24fd7ff849d": {
      "edge_id": "860336a7-13e7-4eb4-8099-a24fd7ff849d",
      "source_node": "BSE_ASSET",
      "target_node": "S07",
      "belief_type": "strategy",
      "confidence": 0.1,
      "value": "unknown",
      "timestamp": 5.074626865671641,
      "evidence_count": 0
    },
    "5bd5f62f-27e4-44f1-9ff3-ad5b0bffdfbc": {
      "edge_id": "5bd5f62f-27e4-44f1-9ff3-ad5b0bffdfbc",
      "source_node": "BSE_ASSET",
      "target_node": "S07",
      "belief_type": "valuation",
      "confidence": 0.30000000000000004,
      "value": 397.05999999999995,
      "timestamp": 15.373134328358166,
      "evidence_count": 3
    },
    "b6650c08-92aa-408f-951a-090faffd130e": {
      "edge_id": "b6650c08-92aa-408f-951a-090faffd130e",
      "source_node": "BSE_ASSET",
      "target_node": "B13",
      "belief_type": "strategy",
      "confidence": 0.1,
      "value": "unknown",
      "timestamp": 10.298507462686555,
      "evidence_count": 0
    },
    "f182a643-786d-4e7e-8b72-9295ae756819": {
      "edge_id": "f182a643-786d-4e7e-8b72-9295ae756819",
      "source_node": "BSE_ASSET",
      "target_node": "B13",
      "belief_type": "valuation",
      "confidence": 0.30000000000000004,
      "value": 103.0,
      "timestamp": 20.447761194029777,
      "evidence_count": 3
    },
    "2b3cfacd-73e2-42d5-8445-b5e46f034de5": {
      "edge_id": "2b3cfacd-73e2-42d5-8445-b5e46f034de5",
      "source_node": "BSE_ASSET",
      "target_node": "B05",
      "belief_type": "strategy",
      "confidence": 0.1,
      "value": "unknown",
      "timestamp": 10.298507462686555,
      "evidence_count": 0
    },
    "01314030-2d43-405b-a322-81451ba48b77": {
      "edge_id": "01314030-2d43-405b-a322-81451ba48b77",
      "source_node": "BSE_ASSET",
      "target_node": "B05",
      "belief_type": "valuation",
      "confidence": 0.30000000000000004,
      "value": 95.94,
      "timestamp": 20.447761194029777,
      "evidence_count": 3
    },
    "fbe65bcc-99df-49f5-8bed-4680165e67ec": {
      "edge_id": "fbe65bcc-99df-49f5-8bed-4680165e67ec",
      "source_node": "BSE_ASSET",
      "target_node": "B02",
      "belief_type": "strategy",
      "confidence": 0.1,
      "value": "unknown",
      "timestamp": 10.298507462686555,
      "evidence_count": 0
    },
    "f318a6d7-cdd0-4792-87a5-6633df05bfec": {
      "edge_id": "f318a6d7-cdd0-4792-87a5-6633df05bfec",
      "source_node": "BSE_ASSET",
      "target_node": "B02",
      "belief_type": "valuation",
      "confidence": 0.30000000000000004,
      "value": 88.47,
      "timestamp": 20.447761194029777,
      "evidence_count": 3
    },
    "328af8bb-e593-4c0e-9ff4-0b9d9c856453": {
      "edge_id": "328af8bb-e593-4c0e-9ff4-0b9d9c856453",
      "source_node": "BSE_ASSET",
      "target_node": "B07",
      "belief_type": "strategy",
      "confidence": 0.1,
      "value": "unknown",
      "timestamp": 10.298507462686555,
      "evidence_count": 0
    },
    "82549037-f3b6-40d1-9699-0005dc638208": {
      "edge_id": "82549037-f3b6-40d1-9699-0005dc638208",
      "source_node": "BSE_ASSET",
      "target_node": "B07",
      "belief_type": "valuation",
      "confidence": 0.2,
      "value": 98.0,
      "timestamp": 15.373134328358166,
      "evidence_count": 2
    },
    "59669e35-f847-4182-a127-2230e86c1473": {
      "edge_id": "59669e35-f847-4182-a127-2230e86c1473",
      "source_node": "BSE_ASSET",
      "target_node": "B09",
      "belief_type": "strategy",
      "confidence": 0.1,
      "value": "unknown",
      "timestamp": 10.298507462686555,
      "evidence_count": 0
    },
    "1ad6ed5b-f5d1-484b-b59a-a94d26d36d6c": {
      "edge_id": "1ad6ed5b-f5d1-484b-b59a-a94d26d36d6c",
      "source_node": "BSE_ASSET",
      "target_node": "B09",
      "belief_type": "valuation",
      "confidence": 0.1,
      "value": 82,
      "timestamp": 10.298507462686555,
      "evidence_count": 1
    },
    "1380fdb1-1818-4cc1-aefe-08fb2a1cd9d9": {
      "edge_id": "1380fdb1-1818-4cc1-aefe-08fb2a1cd9d9",
      "source_node": "BSE_ASSET",
      "target_node": "B04",
      "belief_type": "strategy",
      "confidence": 0.1,
      "value": "unknown",
      "timestamp": 10.298507462686555,
      "evidence_count": 0
    },
    "f088f467-e360-4990-b080-66f0126aec87": {
      "edge_id": "f088f467-e360-4990-b080-66f0126aec87",
      "source_node": "BSE_ASSET",
      "target_node": "B04",
      "belief_type": "valuation",
      "confidence": 0.2,
      "value": 82.0,
      "timestamp": 15.373134328358166,
      "evidence_count": 2
    },
    "39222bf0-e7bb-4aca-b338-0f8b00b02c45": {
      "edge_id": "39222bf0-e7bb-4aca-b338-0f8b00b02c45",
      "source_node": "BSE_ASSET",
      "target_node": "S03",
      "belief_type": "strategy",
      "confidence": 0.1,
      "value": "unknown",
      "timestamp": 10.298507462686555,
      "evidence_count": 0
    },
    "ec233337-c791-48f0-b38c-4a7dddee92ab": {
      "edge_id": "ec233337-c791-48f0-b38c-4a7dddee92ab",
      "source_node": "BSE_ASSET",
      "target_node": "S03",
      "belief_type": "valuation",
      "confidence": 0.1,
      "value": 130,
      "timestamp": 10.298507462686555,
      "evidence_count": 1
    },
    "baaebb3d-6b21-49dc-b44c-2e3fa4fd9068": {
      "edge_id": "baaebb3d-6b21-49dc-b44c-2e3fa4fd9068",
      "source_node": "BSE_ASSET",
      "target_node": "S12",
      "belief_type": "strategy",
      "confidence": 0.1,
      "value": "unknown",
      "timestamp": 10.298507462686555,
      "evidence_count": 0
    },
    "c282c6c6-9f1e-4cda-9761-ca4c4e9966d9": {
      "edge_id": "c282c6c6-9f1e-4cda-9761-ca4c4e9966d9",
      "source_node": "BSE_ASSET",
      "target_node": "S12",
      "belief_type": "valuation",
      "confidence": 0.2,
      "value": 144.0,
      "timestamp": 15.373134328358166,
      "evidence_count": 2
    },
    "5331d844-f81d-4e8d-adbf-d89171abb80d": {
      "edge_id": "5331d844-f81d-4e8d-adbf-d89171abb80d",
      "source_node": "BSE_ASSET",
      "target_node": "S20",
      "belief_type": "strategy",
      "confidence": 0.1,
      "value": "unknown",
      "timestamp": 10.298507462686555,
      "evidence_count": 0
    },
    "f4a215c2-f00e-453a-8924-a7de44b93cd3": {
      "edge_id": "f4a215c2-f00e-453a-8924-a7de44b93cd3",
      "source_node": "BSE_ASSET",
      "target_node": "S20",
      "belief_type": "valuation",
      "confidence": 0.2,
      "value": 144.39999999999998,
      "timestamp": 15.373134328358166,
      "evidence_count": 2
    },
    "b6c2c14f-66db-456d-898b-529c33bb0874": {
      "edge_id": "b6c2c14f-66db-456d-898b-529c33bb0874",
      "source_node": "BSE_ASSET",
      "target_node": "P14",
      "belief_type": "strategy",
      "confidence": 0.1,
      "value": "unknown",
      "timestamp": 15.373134328358166,
      "evidence_count": 0
    },
    "63fd4add-4079-4c0c-a09c-5239a466f79d": {
      "edge_id": "63fd4add-4079-4c0c-a09c-5239a466f79d",
      "source_node": "BSE_ASSET",
      "target_node": "P14",
      "belief_type": "valuation",
      "confidence": 0.1,
      "value": 124,
      "timestamp": 15.373134328358166,
      "evidence_count": 1
    },
    "fb2aa404-e129-4810-ae27-0661ccefa21d": {
      "edge_id": "fb2aa404-e129-4810-ae27-0661ccefa21d",
      "source_node": "BSE_ASSET",
      "target_node": "P09",
      "belief_type": "strategy",
      "confidence": 0.1,
      "value": "unknown",
      "timestamp": 15.373134328358166,
      "evidence_count": 0
    },
    "ba621ce8-5501-480f-ae00-985ab1e2e317": {
      "edge_id": "ba621ce8-5501-480f-ae00-985ab1e2e317",
      "source_node": "BSE_ASSET",
      "target_node": "P09",
      "belief_type": "valuation",
      "confidence": 0.1,
      "value": 124,
      "timestamp": 15.373134328358166,
      "evidence_count": 1
    },
    "3d310fc7-4eab-4c1a-a456-b8ff23ae5a0c": {
      "edge_id": "3d310fc7-4eab-4c1a-a456-b8ff23ae5a0c",
      "source_node": "BSE_ASSET",
      "target_node": "B06",
      "belief_type": "strategy",
      "confidence": 0.1,
      "value": "unknown",
      "timestamp": 15.373134328358166,
      "evidence_count": 0
    },
    "0914ed3c-dd74-4209-b9f2-34146d817a57": {
      "edge_id": "0914ed3c-dd74-4209-b9f2-34146d817a57",
      "source_node": "BSE_ASSET",
      "target_node": "B06",
      "belief_type": "valuation",
      "confidence": 0.2,
      "value": 112.0,
      "timestamp": 20.447761194029777,
      "evidence_count": 2
    },
    "f8a08b2a-fbd7-4b08-8612-e713b277a69b": {
      "edge_id": "f8a08b2a-fbd7-4b08-8612-e713b277a69b",
      "source_node": "BSE_ASSET",
      "target_node": "B20",
      "belief_type": "strategy",
      "confidence": 0.1,
      "value": "unknown",
      "timestamp": 15.373134328358166,
      "evidence_count": 0
    },
    "fcd9532a-3c9d-426b-96ca-635a217c3e7a": {
      "edge_id": "fcd9532a-3c9d-426b-96ca-635a217c3e7a",
      "source_node": "BSE_ASSET",
      "target_node": "B20",
      "belief_type": "valuation",
      "confidence": 0.1,
      "value": 100,
      "timestamp": 15.373134328358166,
      "evidence_count": 1
    },
    "aae7b4a5-8f2e-413e-84cc-3d338362fa81": {
      "edge_id": "aae7b4a5-8f2e-413e-84cc-3d338362fa81",
      "source_node": "BSE_ASSET",
      "target_node": "B10",
      "belief_type": "strategy",
      "confidence": 0.1,
      "value": "unknown",
      "timestamp": 15.373134328358166,
      "evidence_count": 0
    },
    "118b75e5-c6bd-407f-912a-f1d655254252": {
      "edge_id": "118b75e5-c6bd-407f-912a-f1d655254252",
      "source_node": "BSE_ASSET",
      "target_node": "B10",
      "belief_type": "valuation",
      "confidence": 0.2,
      "value": 103.69999999999999,
      "timestamp": 20.447761194029777,
      "evidence_count": 2
    },
    "120eed99-77a2-4be1-a14a-f64123058fe7": {
      "edge_id": "120eed99-77a2-4be1-a14a-f64123058fe7",
      "source_node": "BSE_ASSET",
      "target_node": "S04",
      "belief_type": "strategy",
      "confidence": 0.1,
      "value": "unknown",
      "timestamp": 15.373134328358166,
      "evidence_count": 0
    },
    "ac06f8fd-0853-409d-aa3c-47d6c6611948": {
      "edge_id": "ac06f8fd-0853-409d-aa3c-47d6c6611948",
      "source_node": "BSE_ASSET",
      "target_node": "S04",
      "belief_type": "valuation",
      "confidence": 0.1,
      "value": 129,
      "timestamp": 15.373134328358166,
      "evidence_count": 1
    },
    "6cc6d820-a32e-4441-93b5-a6d98b03ba80": {
      "edge_id": "6cc6d820-a32e-4441-93b5-a6d98b03ba80",
      "source_node": "BSE_ASSET",
      "target_node": "P12",
      "belief_type": "strategy",
      "confidence": 0.1,
      "value": "unknown",
      "timestamp": 15.373134328358166,
      "evidence_count": 0
    },
    "0fdbafcf-dff6-46b7-8df1-f86047fc1018": {
      "edge_id": "0fdbafcf-dff6-46b7-8df1-f86047fc1018",
      "source_node": "BSE_ASSET",
      "target_node": "P12",
      "belief_type": "valuation",
      "confidence": 0.2,
      "value": 130.0,
      "timestamp": 20.447761194029777,
      "evidence_count": 2
    },
    "3742ee78-c311-4ea0-9dff-c612134af1ca": {
      "edge_id": "3742ee78-c311-4ea0-9dff-c612134af1ca",
      "source_node": "BSE_ASSET",
      "target_node": "P18",
      "belief_type": "strategy",
      "confidence": 0.1,
      "value": "unknown",
      "timestamp": 15.373134328358166,
      "evidence_count": 0
    },
    "90e4a7b8-cf2b-437a-8b99-fe00457f7808": {
      "edge_id": "90e4a7b8-cf2b-437a-8b99-fe00457f7808",
      "source_node": "BSE_ASSET",
      "target_node": "P18",
      "belief_type": "valuation",
      "confidence": 0.2,
      "value": 130.0,
      "timestamp": 20.447761194029777,
      "evidence_count": 2
    },
    "c6ec6044-0173-4306-90cf-03b4202f7164": {
      "edge_id": "c6ec6044-0173-4306-90cf-03b4202f7164",
      "source_node": "BSE_ASSET",
      "target_node": "P16",
      "belief_type": "strategy",
      "confidence": 0.1,
      "value": "unknown",
      "timestamp": 15.373134328358166,
      "evidence_count": 0
    },
    "d1f0bc63-54e1-4de4-bc33-19c175f2664d": {
      "edge_id": "d1f0bc63-54e1-4de4-bc33-19c175f2664d",
      "source_node": "BSE_ASSET",
      "target_node": "P16",
      "belief_type": "valuation",
      "confidence": 0.1,
      "value": 124,
      "timestamp": 20.447761194029777,
      "evidence_count": 1
    },
    "cab19619-6634-4e4b-8ecb-14247040b9f2": {
      "edge_id": "cab19619-6634-4e4b-8ecb-14247040b9f2",
      "source_node": "BSE_ASSET",
      "target_node": "P19",
      "belief_type": "strategy",
      "confidence": 0.1,
      "value": "unknown",
      "timestamp": 20.447761194029777,
      "evidence_count": 0
    },
    "739fe5f8-06c5-4b43-bee2-3b3dbae76142": {
      "edge_id": "739fe5f8-06c5-4b43-bee2-3b3dbae76142",
      "source_node": "BSE_ASSET",
      "target_node": "P19",
      "belief_type": "valuation",
      "confidence": 0.1,
      "value": 124,
      "timestamp": 20.447761194029777,
      "evidence_count": 1
    },
    "c1d16a53-77a8-477a-ae32-499f8b5acbff": {
      "edge_id": "c1d16a53-77a8-477a-ae32-499f8b5acbff",
      "source_node": "BSE_ASSET",
      "target_node": "B15",
      "belief_type": "strategy",
      "confidence": 0.1,
      "value": "unknown",
      "timestamp": 20.447761194029777,
      "evidence_count": 0
    },
    "7cd0ffa8-c1fc-48bb-a6cf-4a27cc7ea5c5": {
      "edge_id": "7cd0ffa8-c1fc-48bb-a6cf-4a27cc7ea5c5",
      "source_node": "BSE_ASSET",
      "target_node": "B15",
      "belief_type": "valuation",
      "confidence": 0.1,
      "value": 120,
      "timestamp": 20.447761194029777,
      "evidence_count": 1
    },
    "e95a4082-70eb-4ab2-80f8-233de6b543bd": {
      "edge_id": "e95a4082-70eb-4ab2-80f8-233de6b543bd",
      "source_node": "BSE_ASSET",
      "target_node": "B21",
      "belief_type": "strategy",
      "confidence": 0.1,
      "value": "unknown",
      "timestamp": 20.447761194029777,
      "evidence_count": 0
    },
    "fcae9db1-a7bc-4c52-afa2-19d84a39daff": {
      "edge_id": "fcae9db1-a7bc-4c52-afa2-19d84a39daff",
      "source_node": "BSE_ASSET",
      "target_node": "B21",
      "belief_type": "valuation",
      "confidence": 0.1,
      "value": 115,
      "timestamp": 20.447761194029777,
      "evidence_count": 1
    },
    "49b4fbcf-8e51-4b90-bf40-81fde8ba1cda": {
      "edge_id": "49b4fbcf-8e51-4b90-bf40-81fde8ba1cda",
      "source_node": "BSE_ASSET",
      "target_node": "B08",
      "belief_type": "strategy",
      "confidence": 0.1,
      "value": "unknown",
      "timestamp": 20.447761194029777,
      "evidence_count": 0
    },
    "0c716a04-4b1c-4bdb-9868-5f6b891979a5": {
      "edge_id": "0c716a04-4b1c-4bdb-9868-5f6b891979a5",
      "source_node": "BSE_ASSET",
      "target_node": "B08",
      "belief_type": "valuation",
      "confidence": 0.1,
      "value": 113,
      "timestamp": 20.447761194029777,
      "evidence_count": 1
    },
    "3b853478-90f1-45bd-89b4-b8014fc9b38a": {
      "edge_id": "3b853478-90f1-45bd-89b4-b8014fc9b38a",
      "source_node": "BSE_ASSET",
      "target_node": "B14",
      "belief_type": "strategy",
      "confidence": 0.1,
      "value": "unknown",
      "timestamp": 20.447761194029777,
      "evidence_count": 0
    },
    "25718e69-d222-4b52-a216-64f75f01850f": {
      "edge_id": "25718e69-d222-4b52-a216-64f75f01850f",
      "source_node": "BSE_ASSET",
      "target_node": "B14",
      "belief_type": "valuation",
      "confidence": 0.1,
      "value": 107,
      "timestamp": 20.447761194029777,
      "evidence_count": 1
    },
    "6513dc7b-ee4f-4325-8332-c4e26770a89b": {
      "edge_id": "6513dc7b-ee4f-4325-8332-c4e26770a89b",
      "source_node": "BSE_ASSET",
      "target_node": "B18",
      "belief_type": "strategy",
      "confidence": 0.1,
      "value": "unknown",
      "timestamp": 20.447761194029777,
      "evidence_count": 0
    },
    "2408bbf7-5047-4f3e-aff0-a2e4681864e4": {
      "edge_id": "2408bbf7-5047-4f3e-aff0-a2e4681864e4",
      "source_node": "BSE_ASSET",
      "target_node": "B18",
      "belief_type": "valuation",
      "confidence": 0.1,
      "value": 100,
      "timestamp": 20.447761194029777,
      "evidence_count": 1
    },
    "c6289dec-863c-475d-b1cd-3f2c6a024316": {
      "edge_id": "c6289dec-863c-475d-b1cd-3f2c6a024316",
      "source_node": "BSE_ASSET",
      "target_node": "S15",
      "belief_type": "strategy",
      "confidence": 0.1,
      "value": "unknown",
      "timestamp": 20.447761194029777,
      "evidence_count": 0
    },
    "111b1098-b979-4cb2-80dc-31f3db073ae7": {
      "edge_id": "111b1098-b979-4cb2-80dc-31f3db073ae7",
      "source_node": "BSE_ASSET",
      "target_node": "S15",
      "belief_type": "valuation",
      "confidence": 0.1,
      "value": 127,
      "timestamp": 20.447761194029777,
      "evidence_count": 1
    },
    "174c87fb-b4a3-4970-8afc-27d3acbeeffd": {
      "edge_id": "174c87fb-b4a3-4970-8afc-27d3acbeeffd",
      "source_node": "BSE_ASSET",
      "target_node": "P15",
      "belief_type": "strategy",
      "confidence": 0.1,
      "value": "unknown",
      "timestamp": 20.447761194029777,
      "evidence_count": 0
    },
    "447c607e-69e3-4392-80ca-ecef61d33682": {
      "edge_id": "447c607e-69e3-4392-80ca-ecef61d33682",
      "source_node": "BSE_ASSET",
      "target_node": "P15",
      "belief_type": "valuation",
      "confidence": 0.1,
      "value": 128,
      "timestamp": 20.447761194029777,
      "evidence_count": 1
    },
    "7f246894-2053-424d-83f1-3ae63fc3de79": {
      "edge_id": "7f246894-2053-424d-83f1-3ae63fc3de79",
      "source_node": "BSE_ASSET",
      "target_node": "P00",
      "belief_type": "strategy",
      "confidence": 0.1,
      "value": "unknown",
      "timestamp": 20.447761194029777,
      "evidence_count": 0
    },
    "6f32d99d-be50-455c-9227-d5b484e6321d": {
      "edge_id": "6f32d99d-be50-455c-9227-d5b484e6321d",
      "source_node": "BSE_ASSET",
      "target_node": "P00",
      "belief_type": "valuation",
      "confidence": 0.1,
      "value": 129,
      "timestamp": 20.447761194029777,
      "evidence_count": 1
    }
  },
  "event_history": [
    {
      "event_id": "bid_B07_10.298507462686555",
      "event_type": "bid",
      "timestamp": 10.298507462686555,
      "agent_id": "B07",
      "price": 98,
      "quantity": 1,
      "counterparty_id": null,
      "order_id": null
    },
    {
      "event_id": "bid_B09_10.298507462686555",
      "event_type": "bid",
      "timestamp": 10.298507462686555,
      "agent_id": "B09",
      "price": 82,
      "quantity": 1,
      "counterparty_id": null,
      "order_id": null
    },
    {
      "event_id": "bid_B04_10.298507462686555",
      "event_type": "bid",
      "timestamp": 10.298507462686555,
      "agent_id": "B04",
      "price": 82,
      "quantity": 1,
      "counterparty_id": null,
      "order_id": null
    },
    {
      "event_id": "ask_S03_10.298507462686555",
      "event_type": "ask",
      "timestamp": 10.298507462686555,
      "agent_id": "S03",
      "price": 130,
      "quantity": 1,
      "counterparty_id": null,
      "order_id": null
    },
    {
      "event_id": "ask_S02_10.298507462686555",
      "event_type": "ask",
      "timestamp": 10.298507462686555,
      "agent_id": "S02",
      "price": 132,
      "quantity": 1,
      "counterparty_id": null,
      "order_id": null
    },
    {
      "event_id": "ask_S12_10.298507462686555",
      "event_type": "ask",
      "timestamp": 10.298507462686555,
      "agent_id": "S12",
      "price": 144,
      "quantity": 1,
      "counterparty_id": null,
      "order_id": null
    },
    {
      "event_id": "ask_S20_10.298507462686555",
      "event_type": "ask",
      "timestamp": 10.298507462686555,
      "agent_id": "S20",
      "price": 148,
      "quantity": 1,
      "counterparty_id": null,
      "order_id": null
    },
    {
      "event_id": "ask_S07_10.298507462686555",
      "event_type": "ask",
      "timestamp": 10.298507462686555,
      "agent_id": "S07",
      "price": 197,
      "quantity": 1,
      "counterparty_id": null,
      "order_id": null
    },
    {
      "event_id": "bid_P20_15.373134328358166",
      "event_type": "bid",
      "timestamp": 15.373134328358166,
      "agent_id": "P20",
      "price": 124,
      "quantity": 1,
      "counterparty_id": null,
      "order_id": null
    },
    {
      "event_id": "bid_P14_15.373134328358166",
      "event_type": "bid",
      "timestamp": 15.373134328358166,
      "agent_id": "P14",
      "price": 124,
      "quantity": 1,
      "counterparty_id": null,
      "order_id": null
    },
    {
      "event_id": "bid_P09_15.373134328358166",
      "event_type": "bid",
      "timestamp": 15.373134328358166,
      "agent_id": "P09",
      "price": 124,
      "quantity": 1,
      "counterparty_id": null,
      "order_id": null
    },
    {
      "event_id": "bid_P07_15.373134328358166",
      "event_type": "bid",
      "timestamp": 15.373134328358166,
      "agent_id": "P07",
      "price": 120,
      "quantity": 1,
      "counterparty_id": null,
      "order_id": null
    },
    {
      "event_id": "bid_B06_15.373134328358166",
      "event_type": "bid",
      "timestamp": 15.373134328358166,
      "agent_id": "B06",
      "price": 112,
      "quantity": 1,
      "counterparty_id": null,
      "order_id": null
    },
    {
      "event_id": "bid_B13_15.373134328358166",
      "event_type": "bid",
      "timestamp": 15.373134328358166,
      "agent_id": "B13",
      "price": 100,
      "quantity": 1,
      "counterparty_id": null,
      "order_id": null
    },
    {
      "event_id": "bid_B20_15.373134328358166",
      "event_type": "bid",
      "timestamp": 15.373134328358166,
      "agent_id": "B20",
      "price": 100,
      "quantity": 1,
      "counterparty_id": null,
      "order_id": null
    },
    {
      "event_id": "bid_B07_15.373134328358166",
      "event_type": "bid",
      "timestamp": 15.373134328358166,
      "agent_id": "B07",
      "price": 98,
      "quantity": 1,
      "counterparty_id": null,
      "order_id": null
    },
    {
      "event_id": "bid_B10_15.373134328358166",
      "event_type": "bid",
      "timestamp": 15.373134328358166,
      "agent_id": "B10",
      "price": 98,
      "quantity": 1,
      "counterparty_id": null,
      "order_id": null
    },
    {
      "event_id": "bid_B05_15.373134328358166",
      "event_type": "bid",
      "timestamp": 15.373134328358166,
      "agent_id": "B05",
      "price": 93,
      "quantity": 1,
      "counterparty_id": null,
      "order_id": null
    },
    {
      "event_id": "bid_B04_15.373134328358166",
      "event_type": "bid",
      "timestamp": 15.373134328358166,
      "agent_id": "B04",
      "price": 82,
      "quantity": 1,
      "counterparty_id": null,
      "order_id": null
    },
    {
      "event_id": "bid_B02_15.373134328358166",
      "event_type": "bid",
      "timestamp": 15.373134328358166,
      "agent_id": "B02",
      "price": 36,
      "quantity": 1,
      "counterparty_id": null,
      "order_id": null
    },
    {
      "event_id": "ask_S02_15.373134328358166",
      "event_type": "ask",
      "timestamp": 15.373134328358166,
      "agent_id": "S02",
      "price": 129,
      "quantity": 1,
      "counterparty_id": null,
      "order_id": null
    },
    {
      "event_id": "ask_S04_15.373134328358166",
      "event_type": "ask",
      "timestamp": 15.373134328358166,
      "agent_id": "S04",
      "price": 129,
      "quantity": 1,
      "counterparty_id": null,
      "order_id": null
    },
    {
      "event_id": "ask_P02_15.373134328358166",
      "event_type": "ask",
      "timestamp": 15.373134328358166,
      "agent_id": "P02",
      "price": 129,
      "quantity": 1,
      "counterparty_id": null,
      "order_id": null
    },
    {
      "event_id": "ask_P12_15.373134328358166",
      "event_type": "ask",
      "timestamp": 15.373134328358166,
      "agent_id": "P12",
      "price": 130,
      "quantity": 1,
      "counterparty_id": null,
      "order_id": null
    },
    {
      "event_id": "ask_P08_15.373134328358166",
      "event_type": "ask",
      "timestamp": 15.373134328358166,
      "agent_id": "P08",
      "price": 130,
      "quantity": 1,
      "counterparty_id": null,
      "order_id": null
    },
    {
      "event_id": "ask_P18_15.373134328358166",
      "event_type": "ask",
      "timestamp": 15.373134328358166,
      "agent_id": "P18",
      "price": 130,
      "quantity": 1,
      "counterparty_id": null,
      "order_id": null
    },
    {
      "event_id": "ask_S20_15.373134328358166",
      "event_type": "ask",
      "timestamp": 15.373134328358166,
      "agent_id": "S20",
      "price": 136,
      "quantity": 1,
      "counterparty_id": null,
      "order_id": null
    },
    {
      "event_id": "ask_S12_15.373134328358166",
      "event_type": "ask",
      "timestamp": 15.373134328358166,
      "agent_id": "S12",
      "price": 144,
      "quantity": 1,
      "counterparty_id": null,
      "order_id": null
    },
    {
      "event_id": "ask_S07_15.373134328358166",
      "event_type": "ask",
      "timestamp": 15.373134328358166,
      "agent_id": "S07",
      "price": 498,
      "quantity": 1,
      "counterparty_id": null,
      "order_id": null
    },
    {
      "event_id": "bid_P16_20.447761194029777",
      "event_type": "bid",
      "timestamp": 20.447761194029777,
      "agent_id": "P16",
      "price": 124,
      "quantity": 1,
      "counterparty_id": null,
      "order_id": null
    },
    {
      "event_id": "bid_P19_20.447761194029777",
      "event_type": "bid",
      "timestamp": 20.447761194029777,
      "agent_id": "P19",
      "price": 124,
      "quantity": 1,
      "counterparty_id": null,
      "order_id": null
    },
    {
      "event_id": "bid_P07_20.447761194029777",
      "event_type": "bid",
      "timestamp": 20.447761194029777,
      "agent_id": "P07",
      "price": 120,
      "quantity": 1,
      "counterparty_id": null,
      "order_id": null
    },
    {
      "event_id": "bid_B15_20.447761194029777",
      "event_type": "bid",
      "timestamp": 20.447761194029777,
      "agent_id": "B15",
      "price": 120,
      "quantity": 1,
      "counterparty_id": null,
      "order_id": null
    },
    {
      "event_id": "bid_B10_20.447761194029777",
      "event_type": "bid",
      "timestamp": 20.447761194029777,
      "agent_id": "B10",
      "price": 117,
      "quantity": 1,
      "counterparty_id": null,
      "order_id": null
    },
    {
      "event_id": "bid_B21_20.447761194029777",
      "event_type": "bid",
      "timestamp": 20.447761194029777,
      "agent_id": "B21",
      "price": 115,
      "quantity": 1,
      "counterparty_id": null,
      "order_id": null
    },
    {
      "event_id": "bid_B08_20.447761194029777",
      "event_type": "bid",
      "timestamp": 20.447761194029777,
      "agent_id": "B08",
      "price": 113,
      "quantity": 1,
      "counterparty_id": null,
      "order_id": null
    },
    {
      "event_id": "bid_B06_20.447761194029777",
      "event_type": "bid",
      "timestamp": 20.447761194029777,
      "agent_id": "B06",
      "price": 112,
      "quantity": 1,
      "counterparty_id": null,
      "order_id": null
    },
    {
      "event_id": "bid_B13_20.447761194029777",
      "event_type": "bid",
      "timestamp": 20.447761194029777,
      "agent_id": "B13",
      "price": 110,
      "quantity": 1,
      "counterparty_id": null,
      "order_id": null
    },
    {
      "event_id": "bid_B02_20.447761194029777",
      "event_type": "bid",
      "timestamp": 20.447761194029777,
      "agent_id": "B02",
      "price": 108,
      "quantity": 1,
      "counterparty_id": null,
      "order_id": null
    },
    {
      "event_id": "bid_B14_20.447761194029777",
      "event_type": "bid",
      "timestamp": 20.447761194029777,
      "agent_id": "B14",
      "price": 107,
      "quantity": 1,
      "counterparty_id": null,
      "order_id": null
    },
    {
      "event_id": "bid_B18_20.447761194029777",
      "event_type": "bid",
      "timestamp": 20.447761194029777,
      "agent_id": "B18",
      "price": 100,
      "quantity": 1,
      "counterparty_id": null,
      "order_id": null
    },
    {
      "event_id": "bid_B05_20.447761194029777",
      "event_type": "bid",
      "timestamp": 20.447761194029777,
      "agent_id": "B05",
      "price": 93,
      "quantity": 1,
      "counterparty_id": null,
      "order_id": null
    },
    {
      "event_id": "ask_S15_20.447761194029777",
      "event_type": "ask",
      "timestamp": 20.447761194029777,
      "agent_id": "S15",
      "price": 127,
      "quantity": 1,
      "counterparty_id": null,
      "order_id": null
    },
    {
      "event_id": "ask_P01_20.447761194029777",
      "event_type": "ask",
      "timestamp": 20.447761194029777,
      "agent_id": "P01",
      "price": 127,
      "quantity": 1,
      "counterparty_id": null,
      "order_id": null
    },
    {
      "event_id": "ask_P15_20.447761194029777",
      "event_type": "ask",
      "timestamp": 20.447761194029777,
      "agent_id": "P15",
      "price": 128,
      "quantity": 1,
      "counterparty_id": null,
      "order_id": null
    },
    {
      "event_id": "ask_P02_20.447761194029777",
      "event_type": "ask",
      "timestamp": 20.447761194029777,
      "agent_id": "P02",
      "price": 129,
      "quantity": 1,
      "counterparty_id": null,
      "order_id": null
    },
    {
      "event_id": "ask_P00_20.447761194029777",
      "event_type": "ask",
      "timestamp": 20.447761194029777,
      "agent_id": "P00",
      "price": 129,
      "quantity": 1,
      "counterparty_id": null,
      "order_id": null
    },
    {
      "event_id": "ask_P12_20.447761194029777",
      "event_type": "ask",
      "timestamp": 20.447761194029777,
      "agent_id": "P12",
      "price": 130,
      "quantity": 1,
      "counterparty_id": null,
      "order_id": null
    },
    {
      "event_id": "ask_P08_20.447761194029777",
      "event_type": "ask",
      "timestamp": 20.447761194029777,
      "agent_id": "P08",
      "price": 130,
      "quantity": 1,
      "counterparty_id": null,
      "order_id": null
    },
    {
      "event_id": "ask_P18_20.447761194029777",
      "event_type": "ask",
      "timestamp": 20.447761194029777,
      "agent_id": "P18",
      "price": 130,
      "quantity": 1,
      "counterparty_id": null,
      "order_id": null
    }
  ]
}
2025-10-10 18:20:56 | HM_NL_NOCOT_P20 | ================================================================================
2025-10-10 18:20:56 | HM_NL_NOCOT_P20 | [AGENTS-TRACKED] Currently tracking 38 agents: ['P20', 'P17', 'P02', 'P01', 'P08', 'P07', 'B11', 'B19', 'S06', 'S02', 'S07', 'B13', 'B05', 'B02', 'B07', 'B09', 'B04', 'S03', 'S12', 'S20', 'P14', 'P09', 'B06', 'B20', 'B10', 'S04', 'P12', 'P18', 'P16', 'P19', 'B15', 'B21', 'B08', 'B14', 'B18', 'S15', 'P15', 'P00']
2025-10-10 18:25:01 | HM_NL_NOCOT_P20 | TRADE: BOUGHT at $124.00 | Balance: $500.00 | Next job: Sell
2025-10-10 18:29:46 | HM_NL_NOCOT_P20 | [BELIEF-THROTTLE] P13: Running belief graph update at time 25.5
2025-10-10 18:29:46 | HM_NL_NOCOT_P20 | [UPDATE-SUMMARY] Processed 23 market events at time 25.5
2025-10-10 18:29:46 | HM_NL_NOCOT_P20 | === BELIEF GRAPH STATE AT TIME 25.5 ===
2025-10-10 18:29:46 | HM_NL_NOCOT_P20 | {
  "graph_id": "f5b42db1-423d-4188-b050-2c98ca6efd4a",
  "asset_id": "BSE_ASSET",
  "current_time": 25.522388059701388,
  "nodes": {
    "BSE_ASSET": {
      "asset_id": "BSE_ASSET",
      "node_type": "asset",
      "current_best_bid": null,
      "current_best_ask": null,
      "last_trade_price": null,
      "volume_traded": 0,
      "price_volatility": 0.0,
      "spread_width": null,
      "market_depth_bid": 0,
      "market_depth_ask": 0
    },
    "P20": {
      "agent_id": "P20",
      "node_type": "agent",
      "last_bid_price": 124,
      "last_ask_price": null,
      "last_trade_price": null,
      "total_trades": 0,
      "total_volume": 0,
      "strategy_type": "Hypothetical-Minds",
      "inferred_valuation": 124.0,
      "valuation_confidence": 0.2,
      "aggressiveness_score": 0.6,
      "last_activity": 15.373134328358166
    },
    "P17": {
      "agent_id": "P17",
      "node_type": "agent",
      "last_bid_price": 130,
      "last_ask_price": null,
      "last_trade_price": null,
      "total_trades": 0,
      "total_volume": 0,
      "strategy_type": null,
      "inferred_valuation": 130,
      "valuation_confidence": 0.1,
      "aggressiveness_score": 0.0,
      "last_activity": 5.074626865671641
    },
    "P02": {
      "agent_id": "P02",
      "node_type": "agent",
      "last_bid_price": 128,
      "last_ask_price": 129,
      "last_trade_price": null,
      "total_trades": 0,
      "total_volume": 0,
      "strategy_type": null,
      "inferred_valuation": 128.65699999999998,
      "valuation_confidence": 0.4,
      "aggressiveness_score": 0.0,
      "last_activity": 25.522388059701388
    },
    "P01": {
      "agent_id": "P01",
      "node_type": "agent",
      "last_bid_price": 128,
      "last_ask_price": 127,
      "last_trade_price": null,
      "total_trades": 0,
      "total_volume": 0,
      "strategy_type": null,
      "inferred_valuation": 127.48999999999998,
      "valuation_confidence": 0.30000000000000004,
      "aggressiveness_score": 0.0,
      "last_activity": 25.522388059701388
    },
    "P08": {
      "agent_id": "P08",
      "node_type": "agent",
      "last_bid_price": 127,
      "last_ask_price": 130,
      "last_trade_price": null,
      "total_trades": 0,
      "total_volume": 0,
      "strategy_type": null,
      "inferred_valuation": 128.97099999999998,
      "valuation_confidence": 0.4,
      "aggressiveness_score": 0.0,
      "last_activity": 25.522388059701388
    },
    "P07": {
      "agent_id": "P07",
      "node_type": "agent",
      "last_bid_price": 120,
      "last_ask_price": null,
      "last_trade_price": null,
      "total_trades": 0,
      "total_volume": 0,
      "strategy_type": null,
      "inferred_valuation": 120.0,
      "valuation_confidence": 0.5,
      "aggressiveness_score": 0.0,
      "last_activity": 25.522388059701388
    },
    "B11": {
      "agent_id": "B11",
      "node_type": "agent",
      "last_bid_price": 111,
      "last_ask_price": null,
      "last_trade_price": null,
      "total_trades": 0,
      "total_volume": 0,
      "strategy_type": null,
      "inferred_valuation": 110.99999999999999,
      "valuation_confidence": 0.2,
      "aggressiveness_score": 0.0,
      "last_activity": 10.298507462686555
    },
    "B19": {
      "agent_id": "B19",
      "node_type": "agent",
      "last_bid_price": 124,
      "last_ask_price": null,
      "last_trade_price": null,
      "total_trades": 0,
      "total_volume": 0,
      "strategy_type": null,
      "inferred_valuation": 114.19999999999999,
      "valuation_confidence": 0.2,
      "aggressiveness_score": 0.0,
      "last_activity": 10.298507462686555
    },
    "S06": {
      "agent_id": "S06",
      "node_type": "agent",
      "last_bid_price": null,
      "last_ask_price": 132,
      "last_trade_price": null,
      "total_trades": 0,
      "total_volume": 0,
      "strategy_type": null,
      "inferred_valuation": 132,
      "valuation_confidence": 0.1,
      "aggressiveness_score": 0.0,
      "last_activity": 5.074626865671641
    },
    "S02": {
      "agent_id": "S02",
      "node_type": "agent",
      "last_bid_price": null,
      "last_ask_price": 129,
      "last_trade_price": null,
      "total_trades": 0,
      "total_volume": 0,
      "strategy_type": null,
      "inferred_valuation": 131.58999999999997,
      "valuation_confidence": 0.30000000000000004,
      "aggressiveness_score": 0.0,
      "last_activity": 15.373134328358166
    },
    "S07": {
      "agent_id": "S07",
      "node_type": "agent",
      "last_bid_price": null,
      "last_ask_price": 498,
      "last_trade_price": null,
      "total_trades": 0,
      "total_volume": 0,
      "strategy_type": null,
      "inferred_valuation": 397.05999999999995,
      "valuation_confidence": 0.30000000000000004,
      "aggressiveness_score": 0.0,
      "last_activity": 15.373134328358166
    },
    "B13": {
      "agent_id": "B13",
      "node_type": "agent",
      "last_bid_price": 110,
      "last_ask_price": null,
      "last_trade_price": null,
      "total_trades": 0,
      "total_volume": 0,
      "strategy_type": null,
      "inferred_valuation": 105.1,
      "valuation_confidence": 0.4,
      "aggressiveness_score": 0.0,
      "last_activity": 25.522388059701388
    },
    "B05": {
      "agent_id": "B05",
      "node_type": "agent",
      "last_bid_price": 93,
      "last_ask_price": null,
      "last_trade_price": null,
      "total_trades": 0,
      "total_volume": 0,
      "strategy_type": null,
      "inferred_valuation": 95.94,
      "valuation_confidence": 0.30000000000000004,
      "aggressiveness_score": 0.0,
      "last_activity": 20.447761194029777
    },
    "B02": {
      "agent_id": "B02",
      "node_type": "agent",
      "last_bid_price": 108,
      "last_ask_price": null,
      "last_trade_price": null,
      "total_trades": 0,
      "total_volume": 0,
      "strategy_type": null,
      "inferred_valuation": 94.329,
      "valuation_confidence": 0.4,
      "aggressiveness_score": 0.0,
      "last_activity": 25.522388059701388
    },
    "B07": {
      "agent_id": "B07",
      "node_type": "agent",
      "last_bid_price": 98,
      "last_ask_price": null,
      "last_trade_price": null,
      "total_trades": 0,
      "total_volume": 0,
      "strategy_type": null,
      "inferred_valuation": 98.0,
      "valuation_confidence": 0.2,
      "aggressiveness_score": 0.0,
      "last_activity": 15.373134328358166
    },
    "B09": {
      "agent_id": "B09",
      "node_type": "agent",
      "last_bid_price": 121,
      "last_ask_price": null,
      "last_trade_price": null,
      "total_trades": 0,
      "total_volume": 0,
      "strategy_type": null,
      "inferred_valuation": 93.69999999999999,
      "valuation_confidence": 0.2,
      "aggressiveness_score": 0.0,
      "last_activity": 25.522388059701388
    },
    "B04": {
      "agent_id": "B04",
      "node_type": "agent",
      "last_bid_price": 82,
      "last_ask_price": null,
      "last_trade_price": null,
      "total_trades": 0,
      "total_volume": 0,
      "strategy_type": null,
      "inferred_valuation": 82.0,
      "valuation_confidence": 0.2,
      "aggressiveness_score": 0.0,
      "last_activity": 15.373134328358166
    },
    "S03": {
      "agent_id": "S03",
      "node_type": "agent",
      "last_bid_price": null,
      "last_ask_price": 130,
      "last_trade_price": null,
      "total_trades": 0,
      "total_volume": 0,
      "strategy_type": null,
      "inferred_valuation": 130,
      "valuation_confidence": 0.1,
      "aggressiveness_score": 0.0,
      "last_activity": 10.298507462686555
    },
    "S12": {
      "agent_id": "S12",
      "node_type": "agent",
      "last_bid_price": null,
      "last_ask_price": 144,
      "last_trade_price": null,
      "total_trades": 0,
      "total_volume": 0,
      "strategy_type": null,
      "inferred_valuation": 144.0,
      "valuation_confidence": 0.2,
      "aggressiveness_score": 0.0,
      "last_activity": 15.373134328358166
    },
    "S20": {
      "agent_id": "S20",
      "node_type": "agent",
      "last_bid_price": null,
      "last_ask_price": 136,
      "last_trade_price": null,
      "total_trades": 0,
      "total_volume": 0,
      "strategy_type": null,
      "inferred_valuation": 144.39999999999998,
      "valuation_confidence": 0.2,
      "aggressiveness_score": 0.0,
      "last_activity": 15.373134328358166
    },
    "P14": {
      "agent_id": "P14",
      "node_type": "agent",
      "last_bid_price": 124,
      "last_ask_price": 127,
      "last_trade_price": null,
      "total_trades": 0,
      "total_volume": 0,
      "strategy_type": null,
      "inferred_valuation": 124.9,
      "valuation_confidence": 0.2,
      "aggressiveness_score": 0.0,
      "last_activity": 25.522388059701388
    },
    "P09": {
      "agent_id": "P09",
      "node_type": "agent",
      "last_bid_price": 124,
      "last_ask_price": null,
      "last_trade_price": null,
      "total_trades": 0,
      "total_volume": 0,
      "strategy_type": null,
      "inferred_valuation": 124,
      "valuation_confidence": 0.1,
      "aggressiveness_score": 0.0,
      "last_activity": 15.373134328358166
    },
    "B06": {
      "agent_id": "B06",
      "node_type": "agent",
      "last_bid_price": 112,
      "last_ask_price": null,
      "last_trade_price": null,
      "total_trades": 0,
      "total_volume": 0,
      "strategy_type": null,
      "inferred_valuation": 112.0,
      "valuation_confidence": 0.2,
      "aggressiveness_score": 0.0,
      "last_activity": 20.447761194029777
    },
    "B20": {
      "agent_id": "B20",
      "node_type": "agent",
      "last_bid_price": 100,
      "last_ask_price": null,
      "last_trade_price": null,
      "total_trades": 0,
      "total_volume": 0,
      "strategy_type": null,
      "inferred_valuation": 100,
      "valuation_confidence": 0.1,
      "aggressiveness_score": 0.0,
      "last_activity": 15.373134328358166
    },
    "B10": {
      "agent_id": "B10",
      "node_type": "agent",
      "last_bid_price": 117,
      "last_ask_price": null,
      "last_trade_price": null,
      "total_trades": 0,
      "total_volume": 0,
      "strategy_type": null,
      "inferred_valuation": 107.69,
      "valuation_confidence": 0.30000000000000004,
      "aggressiveness_score": 0.0,
      "last_activity": 25.522388059701388
    },
    "S04": {
      "agent_id": "S04",
      "node_type": "agent",
      "last_bid_price": null,
      "last_ask_price": 132,
      "last_trade_price": null,
      "total_trades": 0,
      "total_volume": 0,
      "strategy_type": null,
      "inferred_valuation": 129.9,
      "valuation_confidence": 0.2,
      "aggressiveness_score": 0.0,
      "last_activity": 25.522388059701388
    },
    "P12": {
      "agent_id": "P12",
      "node_type": "agent",
      "last_bid_price": null,
      "last_ask_price": 130,
      "last_trade_price": null,
      "total_trades": 0,
      "total_volume": 0,
      "strategy_type": null,
      "inferred_valuation": 130.0,
      "valuation_confidence": 0.30000000000000004,
      "aggressiveness_score": 0.0,
      "last_activity": 25.522388059701388
    },
    "P18": {
      "agent_id": "P18",
      "node_type": "agent",
      "last_bid_price": null,
      "last_ask_price": 130,
      "last_trade_price": null,
      "total_trades": 0,
      "total_volume": 0,
      "strategy_type": null,
      "inferred_valuation": 130.0,
      "valuation_confidence": 0.30000000000000004,
      "aggressiveness_score": 0.0,
      "last_activity": 25.522388059701388
    },
    "P16": {
      "agent_id": "P16",
      "node_type": "agent",
      "last_bid_price": 124,
      "last_ask_price": null,
      "last_trade_price": null,
      "total_trades": 0,
      "total_volume": 0,
      "strategy_type": null,
      "inferred_valuation": 124,
      "valuation_confidence": 0.1,
      "aggressiveness_score": 0.0,
      "last_activity": 20.447761194029777
    },
    "P19": {
      "agent_id": "P19",
      "node_type": "agent",
      "last_bid_price": 124,
      "last_ask_price": null,
      "last_trade_price": null,
      "total_trades": 0,
      "total_volume": 0,
      "strategy_type": null,
      "inferred_valuation": 124,
      "valuation_confidence": 0.1,
      "aggressiveness_score": 0.0,
      "last_activity": 20.447761194029777
    },
    "B15": {
      "agent_id": "B15",
      "node_type": "agent",
      "last_bid_price": 120,
      "last_ask_price": null,
      "last_trade_price": null,
      "total_trades": 0,
      "total_volume": 0,
      "strategy_type": null,
      "inferred_valuation": 120,
      "valuation_confidence": 0.1,
      "aggressiveness_score": 0.0,
      "last_activity": 20.447761194029777
    },
    "B21": {
      "agent_id": "B21",
      "node_type": "agent",
      "last_bid_price": 115,
      "last_ask_price": null,
      "last_trade_price": null,
      "total_trades": 0,
      "total_volume": 0,
      "strategy_type": null,
      "inferred_valuation": 115,
      "valuation_confidence": 0.1,
      "aggressiveness_score": 0.0,
      "last_activity": 20.447761194029777
    },
    "B08": {
      "agent_id": "B08",
      "node_type": "agent",
      "last_bid_price": 113,
      "last_ask_price": null,
      "last_trade_price": null,
      "total_trades": 0,
      "total_volume": 0,
      "strategy_type": null,
      "inferred_valuation": 113.0,
      "valuation_confidence": 0.2,
      "aggressiveness_score": 0.0,
      "last_activity": 25.522388059701388
    },
    "B14": {
      "agent_id": "B14",
      "node_type": "agent",
      "last_bid_price": 120,
      "last_ask_price": null,
      "last_trade_price": null,
      "total_trades": 0,
      "total_volume": 0,
      "strategy_type": null,
      "inferred_valuation": 110.89999999999999,
      "valuation_confidence": 0.2,
      "aggressiveness_score": 0.0,
      "last_activity": 25.522388059701388
    },
    "B18": {
      "agent_id": "B18",
      "node_type": "agent",
      "last_bid_price": 100,
      "last_ask_price": null,
      "last_trade_price": null,
      "total_trades": 0,
      "total_volume": 0,
      "strategy_type": null,
      "inferred_valuation": 100,
      "valuation_confidence": 0.1,
      "aggressiveness_score": 0.0,
      "last_activity": 20.447761194029777
    },
    "S15": {
      "agent_id": "S15",
      "node_type": "agent",
      "last_bid_price": null,
      "last_ask_price": 127,
      "last_trade_price": null,
      "total_trades": 0,
      "total_volume": 0,
      "strategy_type": null,
      "inferred_valuation": 127,
      "valuation_confidence": 0.1,
      "aggressiveness_score": 0.0,
      "last_activity": 20.447761194029777
    },
    "P15": {
      "agent_id": "P15",
      "node_type": "agent",
      "last_bid_price": null,
      "last_ask_price": 127,
      "last_trade_price": null,
      "total_trades": 0,
      "total_volume": 0,
      "strategy_type": null,
      "inferred_valuation": 127.69999999999999,
      "valuation_confidence": 0.2,
      "aggressiveness_score": 0.0,
      "last_activity": 25.522388059701388
    },
    "P00": {
      "agent_id": "P00",
      "node_type": "agent",
      "last_bid_price": null,
      "last_ask_price": 129,
      "last_trade_price": null,
      "total_trades": 0,
      "total_volume": 0,
      "strategy_type": null,
      "inferred_valuation": 129,
      "valuation_confidence": 0.1,
      "aggressiveness_score": 0.0,
      "last_activity": 20.447761194029777
    },
    "P06": {
      "agent_id": "P06",
      "node_type": "agent",
      "last_bid_price": 124,
      "last_ask_price": null,
      "last_trade_price": null,
      "total_trades": 0,
      "total_volume": 0,
      "strategy_type": null,
      "inferred_valuation": 124,
      "valuation_confidence": 0.1,
      "aggressiveness_score": 0.0,
      "last_activity": 25.522388059701388
    },
    "P10": {
      "agent_id": "P10",
      "node_type": "agent",
      "last_bid_price": 124,
      "last_ask_price": null,
      "last_trade_price": null,
      "total_trades": 0,
      "total_volume": 0,
      "strategy_type": null,
      "inferred_valuation": 124,
      "valuation_confidence": 0.1,
      "aggressiveness_score": 0.0,
      "last_activity": 25.522388059701388
    },
    "B01": {
      "agent_id": "B01",
      "node_type": "agent",
      "last_bid_price": 91,
      "last_ask_price": null,
      "last_trade_price": null,
      "total_trades": 0,
      "total_volume": 0,
      "strategy_type": null,
      "inferred_valuation": 91,
      "valuation_confidence": 0.1,
      "aggressiveness_score": 0.0,
      "last_activity": 25.522388059701388
    },
    "S14": {
      "agent_id": "S14",
      "node_type": "agent",
      "last_bid_price": null,
      "last_ask_price": 133,
      "last_trade_price": null,
      "total_trades": 0,
      "total_volume": 0,
      "strategy_type": null,
      "inferred_valuation": 133,
      "valuation_confidence": 0.1,
      "aggressiveness_score": 0.0,
      "last_activity": 25.522388059701388
    },
    "S00": {
      "agent_id": "S00",
      "node_type": "agent",
      "last_bid_price": null,
      "last_ask_price": 143,
      "last_trade_price": null,
      "total_trades": 0,
      "total_volume": 0,
      "strategy_type": null,
      "inferred_valuation": 143,
      "valuation_confidence": 0.1,
      "aggressiveness_score": 0.0,
      "last_activity": 25.522388059701388
    },
    "S22": {
      "agent_id": "S22",
      "node_type": "agent",
      "last_bid_price": null,
      "last_ask_price": 152,
      "last_trade_price": null,
      "total_trades": 0,
      "total_volume": 0,
      "strategy_type": null,
      "inferred_valuation": 152,
      "valuation_confidence": 0.1,
      "aggressiveness_score": 0.0,
      "last_activity": 25.522388059701388
    },
    "S19": {
      "agent_id": "S19",
      "node_type": "agent",
      "last_bid_price": null,
      "last_ask_price": 172,
      "last_trade_price": null,
      "total_trades": 0,
      "total_volume": 0,
      "strategy_type": null,
      "inferred_valuation": 172,
      "valuation_confidence": 0.1,
      "aggressiveness_score": 0.0,
      "last_activity": 25.522388059701388
    },
    "S13": {
      "agent_id": "S13",
      "node_type": "agent",
      "last_bid_price": null,
      "last_ask_price": 175,
      "last_trade_price": null,
      "total_trades": 0,
      "total_volume": 0,
      "strategy_type": null,
      "inferred_valuation": 175,
      "valuation_confidence": 0.1,
      "aggressiveness_score": 0.0,
      "last_activity": 25.522388059701388
    }
  },
  "edges": {
    "b918a6af-7c13-43a2-a0b3-cea8deee488b": {
      "edge_id": "b918a6af-7c13-43a2-a0b3-cea8deee488b",
      "source_node": "BSE_ASSET",
      "target_node": "P20",
      "belief_type": "strategy",
      "confidence": 0.1,
      "value": "unknown",
      "timestamp": 0.0,
      "evidence_count": 0
    },
    "303c14ba-b068-4a89-8a60-defc4b1e19de": {
      "edge_id": "303c14ba-b068-4a89-8a60-defc4b1e19de",
      "source_node": "BSE_ASSET",
      "target_node": "P20",
      "belief_type": "valuation",
      "confidence": 0.2,
      "value": 124.0,
      "timestamp": 15.373134328358166,
      "evidence_count": 2
    },
    "46f2d92a-3c74-4b1a-b173-2b2212adf83c": {
      "edge_id": "46f2d92a-3c74-4b1a-b173-2b2212adf83c",
      "source_node": "BSE_ASSET",
      "target_node": "P17",
      "belief_type": "strategy",
      "confidence": 0.1,
      "value": "unknown",
      "timestamp": 0.0,
      "evidence_count": 0
    },
    "f921b8b4-4eba-4e50-93e0-e95822fb9ef8": {
      "edge_id": "f921b8b4-4eba-4e50-93e0-e95822fb9ef8",
      "source_node": "BSE_ASSET",
      "target_node": "P17",
      "belief_type": "valuation",
      "confidence": 0.1,
      "value": 130,
      "timestamp": 5.074626865671641,
      "evidence_count": 1
    },
    "b96a29db-e77d-44ee-8059-3397e9c5601e": {
      "edge_id": "b96a29db-e77d-44ee-8059-3397e9c5601e",
      "source_node": "BSE_ASSET",
      "target_node": "P02",
      "belief_type": "strategy",
      "confidence": 0.1,
      "value": "unknown",
      "timestamp": 5.074626865671641,
      "evidence_count": 0
    },
    "59cd6533-d095-47a0-a999-2d2a45b4fb3c": {
      "edge_id": "59cd6533-d095-47a0-a999-2d2a45b4fb3c",
      "source_node": "BSE_ASSET",
      "target_node": "P02",
      "belief_type": "valuation",
      "confidence": 0.4,
      "value": 128.65699999999998,
      "timestamp": 25.522388059701388,
      "evidence_count": 4
    },
    "9f7f9b90-cb25-420d-8903-ef32e5fd69d6": {
      "edge_id": "9f7f9b90-cb25-420d-8903-ef32e5fd69d6",
      "source_node": "BSE_ASSET",
      "target_node": "P01",
      "belief_type": "strategy",
      "confidence": 0.1,
      "value": "unknown",
      "timestamp": 5.074626865671641,
      "evidence_count": 0
    },
    "eab81edb-d297-421f-b249-fd3ef80e2056": {
      "edge_id": "eab81edb-d297-421f-b249-fd3ef80e2056",
      "source_node": "BSE_ASSET",
      "target_node": "P01",
      "belief_type": "valuation",
      "confidence": 0.30000000000000004,
      "value": 127.48999999999998,
      "timestamp": 25.522388059701388,
      "evidence_count": 3
    },
    "48144e52-4aa2-47b1-a45a-932ef7c670d4": {
      "edge_id": "48144e52-4aa2-47b1-a45a-932ef7c670d4",
      "source_node": "BSE_ASSET",
      "target_node": "P08",
      "belief_type": "strategy",
      "confidence": 0.1,
      "value": "unknown",
      "timestamp": 5.074626865671641,
      "evidence_count": 0
    },
    "993c8f2d-38a3-4daa-be1c-796f51e579a4": {
      "edge_id": "993c8f2d-38a3-4daa-be1c-796f51e579a4",
      "source_node": "BSE_ASSET",
      "target_node": "P08",
      "belief_type": "valuation",
      "confidence": 0.4,
      "value": 128.97099999999998,
      "timestamp": 25.522388059701388,
      "evidence_count": 4
    },
    "9a254ad7-5b31-4def-878a-768207fd8d17": {
      "edge_id": "9a254ad7-5b31-4def-878a-768207fd8d17",
      "source_node": "BSE_ASSET",
      "target_node": "P07",
      "belief_type": "strategy",
      "confidence": 0.1,
      "value": "unknown",
      "timestamp": 5.074626865671641,
      "evidence_count": 0
    },
    "070ffe6b-b5a2-4ab5-8c3b-7e6c2fe0c1bf": {
      "edge_id": "070ffe6b-b5a2-4ab5-8c3b-7e6c2fe0c1bf",
      "source_node": "BSE_ASSET",
      "target_node": "P07",
      "belief_type": "valuation",
      "confidence": 0.5,
      "value": 120.0,
      "timestamp": 25.522388059701388,
      "evidence_count": 5
    },
    "c9a4a238-3611-4051-80f9-047485bf5906": {
      "edge_id": "c9a4a238-3611-4051-80f9-047485bf5906",
      "source_node": "BSE_ASSET",
      "target_node": "B11",
      "belief_type": "strategy",
      "confidence": 0.1,
      "value": "unknown",
      "timestamp": 5.074626865671641,
      "evidence_count": 0
    },
    "40d99442-6fa1-4596-a57a-d06966692092": {
      "edge_id": "40d99442-6fa1-4596-a57a-d06966692092",
      "source_node": "BSE_ASSET",
      "target_node": "B11",
      "belief_type": "valuation",
      "confidence": 0.2,
      "value": 110.99999999999999,
      "timestamp": 10.298507462686555,
      "evidence_count": 2
    },
    "a5a810b7-3d35-4726-b1da-89f79e7b4d4f": {
      "edge_id": "a5a810b7-3d35-4726-b1da-89f79e7b4d4f",
      "source_node": "BSE_ASSET",
      "target_node": "B19",
      "belief_type": "strategy",
      "confidence": 0.1,
      "value": "unknown",
      "timestamp": 5.074626865671641,
      "evidence_count": 0
    },
    "1c4936cf-9e99-4138-9717-ee8bb61b39f4": {
      "edge_id": "1c4936cf-9e99-4138-9717-ee8bb61b39f4",
      "source_node": "BSE_ASSET",
      "target_node": "B19",
      "belief_type": "valuation",
      "confidence": 0.2,
      "value": 114.19999999999999,
      "timestamp": 10.298507462686555,
      "evidence_count": 2
    },
    "111dd868-7338-442c-9b81-1532ff51c8fd": {
      "edge_id": "111dd868-7338-442c-9b81-1532ff51c8fd",
      "source_node": "BSE_ASSET",
      "target_node": "S06",
      "belief_type": "strategy",
      "confidence": 0.1,
      "value": "unknown",
      "timestamp": 5.074626865671641,
      "evidence_count": 0
    },
    "1b4d8095-dfca-49f7-8ff8-0996301ed50f": {
      "edge_id": "1b4d8095-dfca-49f7-8ff8-0996301ed50f",
      "source_node": "BSE_ASSET",
      "target_node": "S06",
      "belief_type": "valuation",
      "confidence": 0.1,
      "value": 132,
      "timestamp": 5.074626865671641,
      "evidence_count": 1
    },
    "aedb378f-17c0-49bd-96ac-f83cc0ae17e1": {
      "edge_id": "aedb378f-17c0-49bd-96ac-f83cc0ae17e1",
      "source_node": "BSE_ASSET",
      "target_node": "S02",
      "belief_type": "strategy",
      "confidence": 0.1,
      "value": "unknown",
      "timestamp": 5.074626865671641,
      "evidence_count": 0
    },
    "b06a34c8-6454-40b0-b3ea-6a45a67a5a7d": {
      "edge_id": "b06a34c8-6454-40b0-b3ea-6a45a67a5a7d",
      "source_node": "BSE_ASSET",
      "target_node": "S02",
      "belief_type": "valuation",
      "confidence": 0.30000000000000004,
      "value": 131.58999999999997,
      "timestamp": 15.373134328358166,
      "evidence_count": 3
    },
    "860336a7-13e7-4eb4-8099-a24fd7ff849d": {
      "edge_id": "860336a7-13e7-4eb4-8099-a24fd7ff849d",
      "source_node": "BSE_ASSET",
      "target_node": "S07",
      "belief_type": "strategy",
      "confidence": 0.1,
      "value": "unknown",
      "timestamp": 5.074626865671641,
      "evidence_count": 0
    },
    "5bd5f62f-27e4-44f1-9ff3-ad5b0bffdfbc": {
      "edge_id": "5bd5f62f-27e4-44f1-9ff3-ad5b0bffdfbc",
      "source_node": "BSE_ASSET",
      "target_node": "S07",
      "belief_type": "valuation",
      "confidence": 0.30000000000000004,
      "value": 397.05999999999995,
      "timestamp": 15.373134328358166,
      "evidence_count": 3
    },
    "b6650c08-92aa-408f-951a-090faffd130e": {
      "edge_id": "b6650c08-92aa-408f-951a-090faffd130e",
      "source_node": "BSE_ASSET",
      "target_node": "B13",
      "belief_type": "strategy",
      "confidence": 0.1,
      "value": "unknown",
      "timestamp": 10.298507462686555,
      "evidence_count": 0
    },
    "f182a643-786d-4e7e-8b72-9295ae756819": {
      "edge_id": "f182a643-786d-4e7e-8b72-9295ae756819",
      "source_node": "BSE_ASSET",
      "target_node": "B13",
      "belief_type": "valuation",
      "confidence": 0.4,
      "value": 105.1,
      "timestamp": 25.522388059701388,
      "evidence_count": 4
    },
    "2b3cfacd-73e2-42d5-8445-b5e46f034de5": {
      "edge_id": "2b3cfacd-73e2-42d5-8445-b5e46f034de5",
      "source_node": "BSE_ASSET",
      "target_node": "B05",
      "belief_type": "strategy",
      "confidence": 0.1,
      "value": "unknown",
      "timestamp": 10.298507462686555,
      "evidence_count": 0
    },
    "01314030-2d43-405b-a322-81451ba48b77": {
      "edge_id": "01314030-2d43-405b-a322-81451ba48b77",
      "source_node": "BSE_ASSET",
      "target_node": "B05",
      "belief_type": "valuation",
      "confidence": 0.30000000000000004,
      "value": 95.94,
      "timestamp": 20.447761194029777,
      "evidence_count": 3
    },
    "fbe65bcc-99df-49f5-8bed-4680165e67ec": {
      "edge_id": "fbe65bcc-99df-49f5-8bed-4680165e67ec",
      "source_node": "BSE_ASSET",
      "target_node": "B02",
      "belief_type": "strategy",
      "confidence": 0.1,
      "value": "unknown",
      "timestamp": 10.298507462686555,
      "evidence_count": 0
    },
    "f318a6d7-cdd0-4792-87a5-6633df05bfec": {
      "edge_id": "f318a6d7-cdd0-4792-87a5-6633df05bfec",
      "source_node": "BSE_ASSET",
      "target_node": "B02",
      "belief_type": "valuation",
      "confidence": 0.4,
      "value": 94.329,
      "timestamp": 25.522388059701388,
      "evidence_count": 4
    },
    "328af8bb-e593-4c0e-9ff4-0b9d9c856453": {
      "edge_id": "328af8bb-e593-4c0e-9ff4-0b9d9c856453",
      "source_node": "BSE_ASSET",
      "target_node": "B07",
      "belief_type": "strategy",
      "confidence": 0.1,
      "value": "unknown",
      "timestamp": 10.298507462686555,
      "evidence_count": 0
    },
    "82549037-f3b6-40d1-9699-0005dc638208": {
      "edge_id": "82549037-f3b6-40d1-9699-0005dc638208",
      "source_node": "BSE_ASSET",
      "target_node": "B07",
      "belief_type": "valuation",
      "confidence": 0.2,
      "value": 98.0,
      "timestamp": 15.373134328358166,
      "evidence_count": 2
    },
    "59669e35-f847-4182-a127-2230e86c1473": {
      "edge_id": "59669e35-f847-4182-a127-2230e86c1473",
      "source_node": "BSE_ASSET",
      "target_node": "B09",
      "belief_type": "strategy",
      "confidence": 0.1,
      "value": "unknown",
      "timestamp": 10.298507462686555,
      "evidence_count": 0
    },
    "1ad6ed5b-f5d1-484b-b59a-a94d26d36d6c": {
      "edge_id": "1ad6ed5b-f5d1-484b-b59a-a94d26d36d6c",
      "source_node": "BSE_ASSET",
      "target_node": "B09",
      "belief_type": "valuation",
      "confidence": 0.2,
      "value": 93.69999999999999,
      "timestamp": 25.522388059701388,
      "evidence_count": 2
    },
    "1380fdb1-1818-4cc1-aefe-08fb2a1cd9d9": {
      "edge_id": "1380fdb1-1818-4cc1-aefe-08fb2a1cd9d9",
      "source_node": "BSE_ASSET",
      "target_node": "B04",
      "belief_type": "strategy",
      "confidence": 0.1,
      "value": "unknown",
      "timestamp": 10.298507462686555,
      "evidence_count": 0
    },
    "f088f467-e360-4990-b080-66f0126aec87": {
      "edge_id": "f088f467-e360-4990-b080-66f0126aec87",
      "source_node": "BSE_ASSET",
      "target_node": "B04",
      "belief_type": "valuation",
      "confidence": 0.2,
      "value": 82.0,
      "timestamp": 15.373134328358166,
      "evidence_count": 2
    },
    "39222bf0-e7bb-4aca-b338-0f8b00b02c45": {
      "edge_id": "39222bf0-e7bb-4aca-b338-0f8b00b02c45",
      "source_node": "BSE_ASSET",
      "target_node": "S03",
      "belief_type": "strategy",
      "confidence": 0.1,
      "value": "unknown",
      "timestamp": 10.298507462686555,
      "evidence_count": 0
    },
    "ec233337-c791-48f0-b38c-4a7dddee92ab": {
      "edge_id": "ec233337-c791-48f0-b38c-4a7dddee92ab",
      "source_node": "BSE_ASSET",
      "target_node": "S03",
      "belief_type": "valuation",
      "confidence": 0.1,
      "value": 130,
      "timestamp": 10.298507462686555,
      "evidence_count": 1
    },
    "baaebb3d-6b21-49dc-b44c-2e3fa4fd9068": {
      "edge_id": "baaebb3d-6b21-49dc-b44c-2e3fa4fd9068",
      "source_node": "BSE_ASSET",
      "target_node": "S12",
      "belief_type": "strategy",
      "confidence": 0.1,
      "value": "unknown",
      "timestamp": 10.298507462686555,
      "evidence_count": 0
    },
    "c282c6c6-9f1e-4cda-9761-ca4c4e9966d9": {
      "edge_id": "c282c6c6-9f1e-4cda-9761-ca4c4e9966d9",
      "source_node": "BSE_ASSET",
      "target_node": "S12",
      "belief_type": "valuation",
      "confidence": 0.2,
      "value": 144.0,
      "timestamp": 15.373134328358166,
      "evidence_count": 2
    },
    "5331d844-f81d-4e8d-adbf-d89171abb80d": {
      "edge_id": "5331d844-f81d-4e8d-adbf-d89171abb80d",
      "source_node": "BSE_ASSET",
      "target_node": "S20",
      "belief_type": "strategy",
      "confidence": 0.1,
      "value": "unknown",
      "timestamp": 10.298507462686555,
      "evidence_count": 0
    },
    "f4a215c2-f00e-453a-8924-a7de44b93cd3": {
      "edge_id": "f4a215c2-f00e-453a-8924-a7de44b93cd3",
      "source_node": "BSE_ASSET",
      "target_node": "S20",
      "belief_type": "valuation",
      "confidence": 0.2,
      "value": 144.39999999999998,
      "timestamp": 15.373134328358166,
      "evidence_count": 2
    },
    "b6c2c14f-66db-456d-898b-529c33bb0874": {
      "edge_id": "b6c2c14f-66db-456d-898b-529c33bb0874",
      "source_node": "BSE_ASSET",
      "target_node": "P14",
      "belief_type": "strategy",
      "confidence": 0.1,
      "value": "unknown",
      "timestamp": 15.373134328358166,
      "evidence_count": 0
    },
    "63fd4add-4079-4c0c-a09c-5239a466f79d": {
      "edge_id": "63fd4add-4079-4c0c-a09c-5239a466f79d",
      "source_node": "BSE_ASSET",
      "target_node": "P14",
      "belief_type": "valuation",
      "confidence": 0.2,
      "value": 124.9,
      "timestamp": 25.522388059701388,
      "evidence_count": 2
    },
    "fb2aa404-e129-4810-ae27-0661ccefa21d": {
      "edge_id": "fb2aa404-e129-4810-ae27-0661ccefa21d",
      "source_node": "BSE_ASSET",
      "target_node": "P09",
      "belief_type": "strategy",
      "confidence": 0.1,
      "value": "unknown",
      "timestamp": 15.373134328358166,
      "evidence_count": 0
    },
    "ba621ce8-5501-480f-ae00-985ab1e2e317": {
      "edge_id": "ba621ce8-5501-480f-ae00-985ab1e2e317",
      "source_node": "BSE_ASSET",
      "target_node": "P09",
      "belief_type": "valuation",
      "confidence": 0.1,
      "value": 124,
      "timestamp": 15.373134328358166,
      "evidence_count": 1
    },
    "3d310fc7-4eab-4c1a-a456-b8ff23ae5a0c": {
      "edge_id": "3d310fc7-4eab-4c1a-a456-b8ff23ae5a0c",
      "source_node": "BSE_ASSET",
      "target_node": "B06",
      "belief_type": "strategy",
      "confidence": 0.1,
      "value": "unknown",
      "timestamp": 15.373134328358166,
      "evidence_count": 0
    },
    "0914ed3c-dd74-4209-b9f2-34146d817a57": {
      "edge_id": "0914ed3c-dd74-4209-b9f2-34146d817a57",
      "source_node": "BSE_ASSET",
      "target_node": "B06",
      "belief_type": "valuation",
      "confidence": 0.2,
      "value": 112.0,
      "timestamp": 20.447761194029777,
      "evidence_count": 2
    },
    "f8a08b2a-fbd7-4b08-8612-e713b277a69b": {
      "edge_id": "f8a08b2a-fbd7-4b08-8612-e713b277a69b",
      "source_node": "BSE_ASSET",
      "target_node": "B20",
      "belief_type": "strategy",
      "confidence": 0.1,
      "value": "unknown",
      "timestamp": 15.373134328358166,
      "evidence_count": 0
    },
    "fcd9532a-3c9d-426b-96ca-635a217c3e7a": {
      "edge_id": "fcd9532a-3c9d-426b-96ca-635a217c3e7a",
      "source_node": "BSE_ASSET",
      "target_node": "B20",
      "belief_type": "valuation",
      "confidence": 0.1,
      "value": 100,
      "timestamp": 15.373134328358166,
      "evidence_count": 1
    },
    "aae7b4a5-8f2e-413e-84cc-3d338362fa81": {
      "edge_id": "aae7b4a5-8f2e-413e-84cc-3d338362fa81",
      "source_node": "BSE_ASSET",
      "target_node": "B10",
      "belief_type": "strategy",
      "confidence": 0.1,
      "value": "unknown",
      "timestamp": 15.373134328358166,
      "evidence_count": 0
    },
    "118b75e5-c6bd-407f-912a-f1d655254252": {
      "edge_id": "118b75e5-c6bd-407f-912a-f1d655254252",
      "source_node": "BSE_ASSET",
      "target_node": "B10",
      "belief_type": "valuation",
      "confidence": 0.30000000000000004,
      "value": 107.69,
      "timestamp": 25.522388059701388,
      "evidence_count": 3
    },
    "120eed99-77a2-4be1-a14a-f64123058fe7": {
      "edge_id": "120eed99-77a2-4be1-a14a-f64123058fe7",
      "source_node": "BSE_ASSET",
      "target_node": "S04",
      "belief_type": "strategy",
      "confidence": 0.1,
      "value": "unknown",
      "timestamp": 15.373134328358166,
      "evidence_count": 0
    },
    "ac06f8fd-0853-409d-aa3c-47d6c6611948": {
      "edge_id": "ac06f8fd-0853-409d-aa3c-47d6c6611948",
      "source_node": "BSE_ASSET",
      "target_node": "S04",
      "belief_type": "valuation",
      "confidence": 0.2,
      "value": 129.9,
      "timestamp": 25.522388059701388,
      "evidence_count": 2
    },
    "6cc6d820-a32e-4441-93b5-a6d98b03ba80": {
      "edge_id": "6cc6d820-a32e-4441-93b5-a6d98b03ba80",
      "source_node": "BSE_ASSET",
      "target_node": "P12",
      "belief_type": "strategy",
      "confidence": 0.1,
      "value": "unknown",
      "timestamp": 15.373134328358166,
      "evidence_count": 0
    },
    "0fdbafcf-dff6-46b7-8df1-f86047fc1018": {
      "edge_id": "0fdbafcf-dff6-46b7-8df1-f86047fc1018",
      "source_node": "BSE_ASSET",
      "target_node": "P12",
      "belief_type": "valuation",
      "confidence": 0.30000000000000004,
      "value": 130.0,
      "timestamp": 25.522388059701388,
      "evidence_count": 3
    },
    "3742ee78-c311-4ea0-9dff-c612134af1ca": {
      "edge_id": "3742ee78-c311-4ea0-9dff-c612134af1ca",
      "source_node": "BSE_ASSET",
      "target_node": "P18",
      "belief_type": "strategy",
      "confidence": 0.1,
      "value": "unknown",
      "timestamp": 15.373134328358166,
      "evidence_count": 0
    },
    "90e4a7b8-cf2b-437a-8b99-fe00457f7808": {
      "edge_id": "90e4a7b8-cf2b-437a-8b99-fe00457f7808",
      "source_node": "BSE_ASSET",
      "target_node": "P18",
      "belief_type": "valuation",
      "confidence": 0.30000000000000004,
      "value": 130.0,
      "timestamp": 25.522388059701388,
      "evidence_count": 3
    },
    "c6ec6044-0173-4306-90cf-03b4202f7164": {
      "edge_id": "c6ec6044-0173-4306-90cf-03b4202f7164",
      "source_node": "BSE_ASSET",
      "target_node": "P16",
      "belief_type": "strategy",
      "confidence": 0.1,
      "value": "unknown",
      "timestamp": 15.373134328358166,
      "evidence_count": 0
    },
    "d1f0bc63-54e1-4de4-bc33-19c175f2664d": {
      "edge_id": "d1f0bc63-54e1-4de4-bc33-19c175f2664d",
      "source_node": "BSE_ASSET",
      "target_node": "P16",
      "belief_type": "valuation",
      "confidence": 0.1,
      "value": 124,
      "timestamp": 20.447761194029777,
      "evidence_count": 1
    },
    "cab19619-6634-4e4b-8ecb-14247040b9f2": {
      "edge_id": "cab19619-6634-4e4b-8ecb-14247040b9f2",
      "source_node": "BSE_ASSET",
      "target_node": "P19",
      "belief_type": "strategy",
      "confidence": 0.1,
      "value": "unknown",
      "timestamp": 20.447761194029777,
      "evidence_count": 0
    },
    "739fe5f8-06c5-4b43-bee2-3b3dbae76142": {
      "edge_id": "739fe5f8-06c5-4b43-bee2-3b3dbae76142",
      "source_node": "BSE_ASSET",
      "target_node": "P19",
      "belief_type": "valuation",
      "confidence": 0.1,
      "value": 124,
      "timestamp": 20.447761194029777,
      "evidence_count": 1
    },
    "c1d16a53-77a8-477a-ae32-499f8b5acbff": {
      "edge_id": "c1d16a53-77a8-477a-ae32-499f8b5acbff",
      "source_node": "BSE_ASSET",
      "target_node": "B15",
      "belief_type": "strategy",
      "confidence": 0.1,
      "value": "unknown",
      "timestamp": 20.447761194029777,
      "evidence_count": 0
    },
    "7cd0ffa8-c1fc-48bb-a6cf-4a27cc7ea5c5": {
      "edge_id": "7cd0ffa8-c1fc-48bb-a6cf-4a27cc7ea5c5",
      "source_node": "BSE_ASSET",
      "target_node": "B15",
      "belief_type": "valuation",
      "confidence": 0.1,
      "value": 120,
      "timestamp": 20.447761194029777,
      "evidence_count": 1
    },
    "e95a4082-70eb-4ab2-80f8-233de6b543bd": {
      "edge_id": "e95a4082-70eb-4ab2-80f8-233de6b543bd",
      "source_node": "BSE_ASSET",
      "target_node": "B21",
      "belief_type": "strategy",
      "confidence": 0.1,
      "value": "unknown",
      "timestamp": 20.447761194029777,
      "evidence_count": 0
    },
    "fcae9db1-a7bc-4c52-afa2-19d84a39daff": {
      "edge_id": "fcae9db1-a7bc-4c52-afa2-19d84a39daff",
      "source_node": "BSE_ASSET",
      "target_node": "B21",
      "belief_type": "valuation",
      "confidence": 0.1,
      "value": 115,
      "timestamp": 20.447761194029777,
      "evidence_count": 1
    },
    "49b4fbcf-8e51-4b90-bf40-81fde8ba1cda": {
      "edge_id": "49b4fbcf-8e51-4b90-bf40-81fde8ba1cda",
      "source_node": "BSE_ASSET",
      "target_node": "B08",
      "belief_type": "strategy",
      "confidence": 0.1,
      "value": "unknown",
      "timestamp": 20.447761194029777,
      "evidence_count": 0
    },
    "0c716a04-4b1c-4bdb-9868-5f6b891979a5": {
      "edge_id": "0c716a04-4b1c-4bdb-9868-5f6b891979a5",
      "source_node": "BSE_ASSET",
      "target_node": "B08",
      "belief_type": "valuation",
      "confidence": 0.2,
      "value": 113.0,
      "timestamp": 25.522388059701388,
      "evidence_count": 2
    },
    "3b853478-90f1-45bd-89b4-b8014fc9b38a": {
      "edge_id": "3b853478-90f1-45bd-89b4-b8014fc9b38a",
      "source_node": "BSE_ASSET",
      "target_node": "B14",
      "belief_type": "strategy",
      "confidence": 0.1,
      "value": "unknown",
      "timestamp": 20.447761194029777,
      "evidence_count": 0
    },
    "25718e69-d222-4b52-a216-64f75f01850f": {
      "edge_id": "25718e69-d222-4b52-a216-64f75f01850f",
      "source_node": "BSE_ASSET",
      "target_node": "B14",
      "belief_type": "valuation",
      "confidence": 0.2,
      "value": 110.89999999999999,
      "timestamp": 25.522388059701388,
      "evidence_count": 2
    },
    "6513dc7b-ee4f-4325-8332-c4e26770a89b": {
      "edge_id": "6513dc7b-ee4f-4325-8332-c4e26770a89b",
      "source_node": "BSE_ASSET",
      "target_node": "B18",
      "belief_type": "strategy",
      "confidence": 0.1,
      "value": "unknown",
      "timestamp": 20.447761194029777,
      "evidence_count": 0
    },
    "2408bbf7-5047-4f3e-aff0-a2e4681864e4": {
      "edge_id": "2408bbf7-5047-4f3e-aff0-a2e4681864e4",
      "source_node": "BSE_ASSET",
      "target_node": "B18",
      "belief_type": "valuation",
      "confidence": 0.1,
      "value": 100,
      "timestamp": 20.447761194029777,
      "evidence_count": 1
    },
    "c6289dec-863c-475d-b1cd-3f2c6a024316": {
      "edge_id": "c6289dec-863c-475d-b1cd-3f2c6a024316",
      "source_node": "BSE_ASSET",
      "target_node": "S15",
      "belief_type": "strategy",
      "confidence": 0.1,
      "value": "unknown",
      "timestamp": 20.447761194029777,
      "evidence_count": 0
    },
    "111b1098-b979-4cb2-80dc-31f3db073ae7": {
      "edge_id": "111b1098-b979-4cb2-80dc-31f3db073ae7",
      "source_node": "BSE_ASSET",
      "target_node": "S15",
      "belief_type": "valuation",
      "confidence": 0.1,
      "value": 127,
      "timestamp": 20.447761194029777,
      "evidence_count": 1
    },
    "174c87fb-b4a3-4970-8afc-27d3acbeeffd": {
      "edge_id": "174c87fb-b4a3-4970-8afc-27d3acbeeffd",
      "source_node": "BSE_ASSET",
      "target_node": "P15",
      "belief_type": "strategy",
      "confidence": 0.1,
      "value": "unknown",
      "timestamp": 20.447761194029777,
      "evidence_count": 0
    },
    "447c607e-69e3-4392-80ca-ecef61d33682": {
      "edge_id": "447c607e-69e3-4392-80ca-ecef61d33682",
      "source_node": "BSE_ASSET",
      "target_node": "P15",
      "belief_type": "valuation",
      "confidence": 0.2,
      "value": 127.69999999999999,
      "timestamp": 25.522388059701388,
      "evidence_count": 2
    },
    "7f246894-2053-424d-83f1-3ae63fc3de79": {
      "edge_id": "7f246894-2053-424d-83f1-3ae63fc3de79",
      "source_node": "BSE_ASSET",
      "target_node": "P00",
      "belief_type": "strategy",
      "confidence": 0.1,
      "value": "unknown",
      "timestamp": 20.447761194029777,
      "evidence_count": 0
    },
    "6f32d99d-be50-455c-9227-d5b484e6321d": {
      "edge_id": "6f32d99d-be50-455c-9227-d5b484e6321d",
      "source_node": "BSE_ASSET",
      "target_node": "P00",
      "belief_type": "valuation",
      "confidence": 0.1,
      "value": 129,
      "timestamp": 20.447761194029777,
      "evidence_count": 1
    },
    "3a9046ac-f5d4-4a64-8ee5-225889f9c0fd": {
      "edge_id": "3a9046ac-f5d4-4a64-8ee5-225889f9c0fd",
      "source_node": "BSE_ASSET",
      "target_node": "P06",
      "belief_type": "strategy",
      "confidence": 0.1,
      "value": "unknown",
      "timestamp": 20.447761194029777,
      "evidence_count": 0
    },
    "04c2e8cd-e6b1-4104-8302-7138b88ec748": {
      "edge_id": "04c2e8cd-e6b1-4104-8302-7138b88ec748",
      "source_node": "BSE_ASSET",
      "target_node": "P06",
      "belief_type": "valuation",
      "confidence": 0.1,
      "value": 124,
      "timestamp": 25.522388059701388,
      "evidence_count": 1
    },
    "8e27fda1-e109-4c3b-88d1-a5dbd7028765": {
      "edge_id": "8e27fda1-e109-4c3b-88d1-a5dbd7028765",
      "source_node": "BSE_ASSET",
      "target_node": "P10",
      "belief_type": "strategy",
      "confidence": 0.1,
      "value": "unknown",
      "timestamp": 25.522388059701388,
      "evidence_count": 0
    },
    "def93c89-094c-4d48-bddf-1e7c819bf8a5": {
      "edge_id": "def93c89-094c-4d48-bddf-1e7c819bf8a5",
      "source_node": "BSE_ASSET",
      "target_node": "P10",
      "belief_type": "valuation",
      "confidence": 0.1,
      "value": 124,
      "timestamp": 25.522388059701388,
      "evidence_count": 1
    },
    "9570a762-fed5-4faa-b194-fe16b90ecb54": {
      "edge_id": "9570a762-fed5-4faa-b194-fe16b90ecb54",
      "source_node": "BSE_ASSET",
      "target_node": "B01",
      "belief_type": "strategy",
      "confidence": 0.1,
      "value": "unknown",
      "timestamp": 25.522388059701388,
      "evidence_count": 0
    },
    "2d068769-3182-4fc3-904e-5a37fea4da82": {
      "edge_id": "2d068769-3182-4fc3-904e-5a37fea4da82",
      "source_node": "BSE_ASSET",
      "target_node": "B01",
      "belief_type": "valuation",
      "confidence": 0.1,
      "value": 91,
      "timestamp": 25.522388059701388,
      "evidence_count": 1
    },
    "ca9723b6-0838-487e-a1ae-230f8cfd57c1": {
      "edge_id": "ca9723b6-0838-487e-a1ae-230f8cfd57c1",
      "source_node": "BSE_ASSET",
      "target_node": "S14",
      "belief_type": "strategy",
      "confidence": 0.1,
      "value": "unknown",
      "timestamp": 25.522388059701388,
      "evidence_count": 0
    },
    "6f90d1c6-b3ed-43dd-aa57-002d9485a525": {
      "edge_id": "6f90d1c6-b3ed-43dd-aa57-002d9485a525",
      "source_node": "BSE_ASSET",
      "target_node": "S14",
      "belief_type": "valuation",
      "confidence": 0.1,
      "value": 133,
      "timestamp": 25.522388059701388,
      "evidence_count": 1
    },
    "c68ae023-1f6e-41dd-b58b-dab5083fc266": {
      "edge_id": "c68ae023-1f6e-41dd-b58b-dab5083fc266",
      "source_node": "BSE_ASSET",
      "target_node": "S00",
      "belief_type": "strategy",
      "confidence": 0.1,
      "value": "unknown",
      "timestamp": 25.522388059701388,
      "evidence_count": 0
    },
    "95a669cc-2fc7-4569-8acd-1dfbb8f6708c": {
      "edge_id": "95a669cc-2fc7-4569-8acd-1dfbb8f6708c",
      "source_node": "BSE_ASSET",
      "target_node": "S00",
      "belief_type": "valuation",
      "confidence": 0.1,
      "value": 143,
      "timestamp": 25.522388059701388,
      "evidence_count": 1
    },
    "1fe42316-442b-45e2-9ffe-96a392debb48": {
      "edge_id": "1fe42316-442b-45e2-9ffe-96a392debb48",
      "source_node": "BSE_ASSET",
      "target_node": "S22",
      "belief_type": "strategy",
      "confidence": 0.1,
      "value": "unknown",
      "timestamp": 25.522388059701388,
      "evidence_count": 0
    },
    "4f815877-37ab-456d-a133-cac5a18acb32": {
      "edge_id": "4f815877-37ab-456d-a133-cac5a18acb32",
      "source_node": "BSE_ASSET",
      "target_node": "S22",
      "belief_type": "valuation",
      "confidence": 0.1,
      "value": 152,
      "timestamp": 25.522388059701388,
      "evidence_count": 1
    },
    "7c739886-b414-47d6-bd4b-c3748fb13982": {
      "edge_id": "7c739886-b414-47d6-bd4b-c3748fb13982",
      "source_node": "BSE_ASSET",
      "target_node": "S19",
      "belief_type": "strategy",
      "confidence": 0.1,
      "value": "unknown",
      "timestamp": 25.522388059701388,
      "evidence_count": 0
    },
    "c4c34e9d-0371-43d3-ab77-d97cde596cdd": {
      "edge_id": "c4c34e9d-0371-43d3-ab77-d97cde596cdd",
      "source_node": "BSE_ASSET",
      "target_node": "S19",
      "belief_type": "valuation",
      "confidence": 0.1,
      "value": 172,
      "timestamp": 25.522388059701388,
      "evidence_count": 1
    },
    "d6b5c5af-1c5e-4663-9194-deb2f3576a43": {
      "edge_id": "d6b5c5af-1c5e-4663-9194-deb2f3576a43",
      "source_node": "BSE_ASSET",
      "target_node": "S13",
      "belief_type": "strategy",
      "confidence": 0.1,
      "value": "unknown",
      "timestamp": 25.522388059701388,
      "evidence_count": 0
    },
    "da38c7dc-6ada-4881-847a-fe73df58054d": {
      "edge_id": "da38c7dc-6ada-4881-847a-fe73df58054d",
      "source_node": "BSE_ASSET",
      "target_node": "S13",
      "belief_type": "valuation",
      "confidence": 0.1,
      "value": 175,
      "timestamp": 25.522388059701388,
      "evidence_count": 1
    }
  },
  "event_history": [
    {
      "event_id": "ask_P12_15.373134328358166",
      "event_type": "ask",
      "timestamp": 15.373134328358166,
      "agent_id": "P12",
      "price": 130,
      "quantity": 1,
      "counterparty_id": null,
      "order_id": null
    },
    {
      "event_id": "ask_P08_15.373134328358166",
      "event_type": "ask",
      "timestamp": 15.373134328358166,
      "agent_id": "P08",
      "price": 130,
      "quantity": 1,
      "counterparty_id": null,
      "order_id": null
    },
    {
      "event_id": "ask_P18_15.373134328358166",
      "event_type": "ask",
      "timestamp": 15.373134328358166,
      "agent_id": "P18",
      "price": 130,
      "quantity": 1,
      "counterparty_id": null,
      "order_id": null
    },
    {
      "event_id": "ask_S20_15.373134328358166",
      "event_type": "ask",
      "timestamp": 15.373134328358166,
      "agent_id": "S20",
      "price": 136,
      "quantity": 1,
      "counterparty_id": null,
      "order_id": null
    },
    {
      "event_id": "ask_S12_15.373134328358166",
      "event_type": "ask",
      "timestamp": 15.373134328358166,
      "agent_id": "S12",
      "price": 144,
      "quantity": 1,
      "counterparty_id": null,
      "order_id": null
    },
    {
      "event_id": "ask_S07_15.373134328358166",
      "event_type": "ask",
      "timestamp": 15.373134328358166,
      "agent_id": "S07",
      "price": 498,
      "quantity": 1,
      "counterparty_id": null,
      "order_id": null
    },
    {
      "event_id": "bid_P16_20.447761194029777",
      "event_type": "bid",
      "timestamp": 20.447761194029777,
      "agent_id": "P16",
      "price": 124,
      "quantity": 1,
      "counterparty_id": null,
      "order_id": null
    },
    {
      "event_id": "bid_P19_20.447761194029777",
      "event_type": "bid",
      "timestamp": 20.447761194029777,
      "agent_id": "P19",
      "price": 124,
      "quantity": 1,
      "counterparty_id": null,
      "order_id": null
    },
    {
      "event_id": "bid_P07_20.447761194029777",
      "event_type": "bid",
      "timestamp": 20.447761194029777,
      "agent_id": "P07",
      "price": 120,
      "quantity": 1,
      "counterparty_id": null,
      "order_id": null
    },
    {
      "event_id": "bid_B15_20.447761194029777",
      "event_type": "bid",
      "timestamp": 20.447761194029777,
      "agent_id": "B15",
      "price": 120,
      "quantity": 1,
      "counterparty_id": null,
      "order_id": null
    },
    {
      "event_id": "bid_B10_20.447761194029777",
      "event_type": "bid",
      "timestamp": 20.447761194029777,
      "agent_id": "B10",
      "price": 117,
      "quantity": 1,
      "counterparty_id": null,
      "order_id": null
    },
    {
      "event_id": "bid_B21_20.447761194029777",
      "event_type": "bid",
      "timestamp": 20.447761194029777,
      "agent_id": "B21",
      "price": 115,
      "quantity": 1,
      "counterparty_id": null,
      "order_id": null
    },
    {
      "event_id": "bid_B08_20.447761194029777",
      "event_type": "bid",
      "timestamp": 20.447761194029777,
      "agent_id": "B08",
      "price": 113,
      "quantity": 1,
      "counterparty_id": null,
      "order_id": null
    },
    {
      "event_id": "bid_B06_20.447761194029777",
      "event_type": "bid",
      "timestamp": 20.447761194029777,
      "agent_id": "B06",
      "price": 112,
      "quantity": 1,
      "counterparty_id": null,
      "order_id": null
    },
    {
      "event_id": "bid_B13_20.447761194029777",
      "event_type": "bid",
      "timestamp": 20.447761194029777,
      "agent_id": "B13",
      "price": 110,
      "quantity": 1,
      "counterparty_id": null,
      "order_id": null
    },
    {
      "event_id": "bid_B02_20.447761194029777",
      "event_type": "bid",
      "timestamp": 20.447761194029777,
      "agent_id": "B02",
      "price": 108,
      "quantity": 1,
      "counterparty_id": null,
      "order_id": null
    },
    {
      "event_id": "bid_B14_20.447761194029777",
      "event_type": "bid",
      "timestamp": 20.447761194029777,
      "agent_id": "B14",
      "price": 107,
      "quantity": 1,
      "counterparty_id": null,
      "order_id": null
    },
    {
      "event_id": "bid_B18_20.447761194029777",
      "event_type": "bid",
      "timestamp": 20.447761194029777,
      "agent_id": "B18",
      "price": 100,
      "quantity": 1,
      "counterparty_id": null,
      "order_id": null
    },
    {
      "event_id": "bid_B05_20.447761194029777",
      "event_type": "bid",
      "timestamp": 20.447761194029777,
      "agent_id": "B05",
      "price": 93,
      "quantity": 1,
      "counterparty_id": null,
      "order_id": null
    },
    {
      "event_id": "ask_S15_20.447761194029777",
      "event_type": "ask",
      "timestamp": 20.447761194029777,
      "agent_id": "S15",
      "price": 127,
      "quantity": 1,
      "counterparty_id": null,
      "order_id": null
    },
    {
      "event_id": "ask_P01_20.447761194029777",
      "event_type": "ask",
      "timestamp": 20.447761194029777,
      "agent_id": "P01",
      "price": 127,
      "quantity": 1,
      "counterparty_id": null,
      "order_id": null
    },
    {
      "event_id": "ask_P15_20.447761194029777",
      "event_type": "ask",
      "timestamp": 20.447761194029777,
      "agent_id": "P15",
      "price": 128,
      "quantity": 1,
      "counterparty_id": null,
      "order_id": null
    },
    {
      "event_id": "ask_P02_20.447761194029777",
      "event_type": "ask",
      "timestamp": 20.447761194029777,
      "agent_id": "P02",
      "price": 129,
      "quantity": 1,
      "counterparty_id": null,
      "order_id": null
    },
    {
      "event_id": "ask_P00_20.447761194029777",
      "event_type": "ask",
      "timestamp": 20.447761194029777,
      "agent_id": "P00",
      "price": 129,
      "quantity": 1,
      "counterparty_id": null,
      "order_id": null
    },
    {
      "event_id": "ask_P12_20.447761194029777",
      "event_type": "ask",
      "timestamp": 20.447761194029777,
      "agent_id": "P12",
      "price": 130,
      "quantity": 1,
      "counterparty_id": null,
      "order_id": null
    },
    {
      "event_id": "ask_P08_20.447761194029777",
      "event_type": "ask",
      "timestamp": 20.447761194029777,
      "agent_id": "P08",
      "price": 130,
      "quantity": 1,
      "counterparty_id": null,
      "order_id": null
    },
    {
      "event_id": "ask_P18_20.447761194029777",
      "event_type": "ask",
      "timestamp": 20.447761194029777,
      "agent_id": "P18",
      "price": 130,
      "quantity": 1,
      "counterparty_id": null,
      "order_id": null
    },
    {
      "event_id": "bid_P06_25.522388059701388",
      "event_type": "bid",
      "timestamp": 25.522388059701388,
      "agent_id": "P06",
      "price": 124,
      "quantity": 1,
      "counterparty_id": null,
      "order_id": null
    },
    {
      "event_id": "bid_P10_25.522388059701388",
      "event_type": "bid",
      "timestamp": 25.522388059701388,
      "agent_id": "P10",
      "price": 124,
      "quantity": 1,
      "counterparty_id": null,
      "order_id": null
    },
    {
      "event_id": "bid_B09_25.522388059701388",
      "event_type": "bid",
      "timestamp": 25.522388059701388,
      "agent_id": "B09",
      "price": 121,
      "quantity": 1,
      "counterparty_id": null,
      "order_id": null
    },
    {
      "event_id": "bid_P07_25.522388059701388",
      "event_type": "bid",
      "timestamp": 25.522388059701388,
      "agent_id": "P07",
      "price": 120,
      "quantity": 1,
      "counterparty_id": null,
      "order_id": null
    },
    {
      "event_id": "bid_B14_25.522388059701388",
      "event_type": "bid",
      "timestamp": 25.522388059701388,
      "agent_id": "B14",
      "price": 120,
      "quantity": 1,
      "counterparty_id": null,
      "order_id": null
    },
    {
      "event_id": "bid_B10_25.522388059701388",
      "event_type": "bid",
      "timestamp": 25.522388059701388,
      "agent_id": "B10",
      "price": 117,
      "quantity": 1,
      "counterparty_id": null,
      "order_id": null
    },
    {
      "event_id": "bid_B08_25.522388059701388",
      "event_type": "bid",
      "timestamp": 25.522388059701388,
      "agent_id": "B08",
      "price": 113,
      "quantity": 1,
      "counterparty_id": null,
      "order_id": null
    },
    {
      "event_id": "bid_B13_25.522388059701388",
      "event_type": "bid",
      "timestamp": 25.522388059701388,
      "agent_id": "B13",
      "price": 110,
      "quantity": 1,
      "counterparty_id": null,
      "order_id": null
    },
    {
      "event_id": "bid_B02_25.522388059701388",
      "event_type": "bid",
      "timestamp": 25.522388059701388,
      "agent_id": "B02",
      "price": 108,
      "quantity": 1,
      "counterparty_id": null,
      "order_id": null
    },
    {
      "event_id": "bid_B01_25.522388059701388",
      "event_type": "bid",
      "timestamp": 25.522388059701388,
      "agent_id": "B01",
      "price": 91,
      "quantity": 1,
      "counterparty_id": null,
      "order_id": null
    },
    {
      "event_id": "ask_P15_25.522388059701388",
      "event_type": "ask",
      "timestamp": 25.522388059701388,
      "agent_id": "P15",
      "price": 127,
      "quantity": 1,
      "counterparty_id": null,
      "order_id": null
    },
    {
      "event_id": "ask_P01_25.522388059701388",
      "event_type": "ask",
      "timestamp": 25.522388059701388,
      "agent_id": "P01",
      "price": 127,
      "quantity": 1,
      "counterparty_id": null,
      "order_id": null
    },
    {
      "event_id": "ask_P14_25.522388059701388",
      "event_type": "ask",
      "timestamp": 25.522388059701388,
      "agent_id": "P14",
      "price": 127,
      "quantity": 1,
      "counterparty_id": null,
      "order_id": null
    },
    {
      "event_id": "ask_P02_25.522388059701388",
      "event_type": "ask",
      "timestamp": 25.522388059701388,
      "agent_id": "P02",
      "price": 129,
      "quantity": 1,
      "counterparty_id": null,
      "order_id": null
    },
    {
      "event_id": "ask_P12_25.522388059701388",
      "event_type": "ask",
      "timestamp": 25.522388059701388,
      "agent_id": "P12",
      "price": 130,
      "quantity": 1,
      "counterparty_id": null,
      "order_id": null
    },
    {
      "event_id": "ask_P08_25.522388059701388",
      "event_type": "ask",
      "timestamp": 25.522388059701388,
      "agent_id": "P08",
      "price": 130,
      "quantity": 1,
      "counterparty_id": null,
      "order_id": null
    },
    {
      "event_id": "ask_P18_25.522388059701388",
      "event_type": "ask",
      "timestamp": 25.522388059701388,
      "agent_id": "P18",
      "price": 130,
      "quantity": 1,
      "counterparty_id": null,
      "order_id": null
    },
    {
      "event_id": "ask_S04_25.522388059701388",
      "event_type": "ask",
      "timestamp": 25.522388059701388,
      "agent_id": "S04",
      "price": 132,
      "quantity": 1,
      "counterparty_id": null,
      "order_id": null
    },
    {
      "event_id": "ask_S14_25.522388059701388",
      "event_type": "ask",
      "timestamp": 25.522388059701388,
      "agent_id": "S14",
      "price": 133,
      "quantity": 1,
      "counterparty_id": null,
      "order_id": null
    },
    {
      "event_id": "ask_S00_25.522388059701388",
      "event_type": "ask",
      "timestamp": 25.522388059701388,
      "agent_id": "S00",
      "price": 143,
      "quantity": 1,
      "counterparty_id": null,
      "order_id": null
    },
    {
      "event_id": "ask_S22_25.522388059701388",
      "event_type": "ask",
      "timestamp": 25.522388059701388,
      "agent_id": "S22",
      "price": 152,
      "quantity": 1,
      "counterparty_id": null,
      "order_id": null
    },
    {
      "event_id": "ask_S19_25.522388059701388",
      "event_type": "ask",
      "timestamp": 25.522388059701388,
      "agent_id": "S19",
      "price": 172,
      "quantity": 1,
      "counterparty_id": null,
      "order_id": null
    },
    {
      "event_id": "ask_S13_25.522388059701388",
      "event_type": "ask",
      "timestamp": 25.522388059701388,
      "agent_id": "S13",
      "price": 175,
      "quantity": 1,
      "counterparty_id": null,
      "order_id": null
    }
  ]
}
2025-10-10 18:29:46 | HM_NL_NOCOT_P20 | ================================================================================
2025-10-10 18:29:46 | HM_NL_NOCOT_P20 | [AGENTS-TRACKED] Currently tracking 46 agents: ['P20', 'P17', 'P02', 'P01', 'P08', 'P07', 'B11', 'B19', 'S06', 'S02', 'S07', 'B13', 'B05', 'B02', 'B07', 'B09', 'B04', 'S03', 'S12', 'S20', 'P14', 'P09', 'B06', 'B20', 'B10', 'S04', 'P12', 'P18', 'P16', 'P19', 'B15', 'B21', 'B08', 'B14', 'B18', 'S15', 'P15', 'P00', 'P06', 'P10', 'B01', 'S14', 'S00', 'S22', 'S19', 'S13']
2025-10-10 18:33:58 | HM_NL_NOCOT_P20 | [GETORDER] Called at time 26.9, job=Sell, balance=$500
2025-10-10 18:33:58 | HM_NL_NOCOT_P20 | === LLM PROMPT AT TIME 26.865671641790932 ===
2025-10-10 18:33:58 | HM_NL_NOCOT_P20 | ================================================================================
2025-10-10 18:33:58 | HM_NL_NOCOT_P20 | 
You are a proprietary trader looking to SELL a unit.

MARKET DATA:
Time: 26.9
Best Bid: 124
Best Ask: 126
Spread: 2
Recent prices: [124, 124, 127, 124, 124]
Average recent price: $124.6

MY CURRENT STATE:
Balance: $500
Current job: Sell
Inventory: 1 units
Last purchase price: $124
Number of completed trades: 1



MARKET EDUCATION:
- Price ranges typically between $1-$500 in this market
- The market operates as a continuous double auction with a limit order book
- Orders are matched when bid prices meet or exceed ask prices
- You can place BID orders (to buy) or ASK orders (to sell)

HOW ORDER BOOKS WORK:
- To BUY: Place a BID order at your desired price
  - If sellers exist at/below your bid price → immediate execution
  - If no sellers at your price → your bid waits on the order book
  - Higher bids are more likely to execute quickly

- To SELL: Place an ASK order at your desired price
  - If buyers exist at/above your ask price → immediate execution
  - If no buyers at your price → your ask waits on the order book
  - Lower asks are more likely to execute quickly

TRADING PRINCIPLES:
- "Buy low, sell high" means buying below recent average prices when possible
- Risk management: avoid spending your entire balance on one trade
- Learn from history: if recent trades lost money, consider what went wrong
- Liquidity: sometimes waiting for better prices is smarter than forcing trades
- Analyze other traders' activity patterns and draw your own conclusions



BELIEF GRAPH INSIGHTS (Natural Language):
The belief graph represents your understanding of market dynamics and other agents' strategies.

Current market beliefs:
My trading attributes: {'aggressiveness': 0.6, 'learning_rate': 0.6, 'hypothesis_threshold': 0.3, 'exploration_rate': 0.5, 'adaptability': 0.7, 'strategic_depth': 0.8}

Tracking 46 agents
  - Agent P20
  - Agent P17
  - Agent P02
  - Agent P01
  - Agent P08
  - Agent P07
  - Agent B11
  - Agent B19
  - Agent S06
  - Agent S02
  - Agent S07
  - Agent B13
  - Agent B05
  - Agent B02
  - Agent B07
  - Agent B09
  - Agent B04
  - Agent S03
  - Agent S12
  - Agent S20
  - Agent P14
  - Agent P09
  - Agent B06
  - Agent B20
  - Agent B10
  - Agent S04
  - Agent P12
  - Agent P18
  - Agent P16
  - Agent P19
  - Agent B15
  - Agent B21
  - Agent B08
  - Agent B14
  - Agent B18
  - Agent S15
  - Agent P15
  - Agent P00
  - Agent P06
  - Agent P10
  - Agent B01
  - Agent S14
  - Agent S00
  - Agent S22
  - Agent S19
  - Agent S13

This narrative describes:
- How aggressive or passive other traders are behaving
- What strategies you believe they are following
- Overall market sentiment and direction
- Your assessment of current market risks
- How confident you are in your understanding of each agent

Use these insights to inform your trading decisions.


GRAPH QUALITY: BASIC
You have limited information about market participants.
Belief graph data is based on observations and may contain uncertainties.


CURRENT SITUATION: You are holding 1 unit that you bought for $124. You need to SELL it.

PROFIT/LOSS ANALYSIS:
- You bought at: $124
- Break-even price: $124
- To profit: sell above $124

YOUR GOAL: Make a profitable trade. Sell for more than you paid.



Respond with ONLY:
"SELL [exact_price]" - to place an ask at that price
"WAIT" - to wait for better conditions


Respond ONLY with your decision. No explanation needed.


2025-10-10 18:33:58 | HM_NL_NOCOT_P20 | ================================================================================
2025-10-10 18:33:58 | HM_NL_NOCOT_P20 | === RAW LLM RESPONSE ===
2025-10-10 18:33:58 | HM_NL_NOCOT_P20 | SELL 125
2025-10-10 18:33:58 | HM_NL_NOCOT_P20 | ================================================================================
2025-10-10 18:33:58 | HM_NL_NOCOT_P20 | === PARSED DECISION ===
2025-10-10 18:33:58 | HM_NL_NOCOT_P20 | Action: SELL
2025-10-10 18:33:58 | HM_NL_NOCOT_P20 | Price: 125
2025-10-10 18:33:58 | HM_NL_NOCOT_P20 | Reasoning: SELL 125
2025-10-10 18:33:58 | HM_NL_NOCOT_P20 | Current Job: Sell
2025-10-10 18:33:58 | HM_NL_NOCOT_P20 | Balance: $500.00
2025-10-10 18:33:58 | HM_NL_NOCOT_P20 | Inventory: 1
2025-10-10 18:33:58 | HM_NL_NOCOT_P20 | TRADE: SOLD at $125.00 | Profit: $1.00 | Total Profit: $1.00 | Balance: $501.00
2025-10-10 18:39:09 | HM_NL_NOCOT_P20 | [BELIEF-THROTTLE] P13: Running belief graph update at time 30.6
2025-10-10 18:39:09 | HM_NL_NOCOT_P20 | [UPDATE-SUMMARY] Processed 23 market events at time 30.6
2025-10-10 18:39:09 | HM_NL_NOCOT_P20 | === BELIEF GRAPH STATE AT TIME 30.6 ===
2025-10-10 18:39:09 | HM_NL_NOCOT_P20 | {
  "graph_id": "f5b42db1-423d-4188-b050-2c98ca6efd4a",
  "asset_id": "BSE_ASSET",
  "current_time": 30.597014925373,
  "nodes": {
    "BSE_ASSET": {
      "asset_id": "BSE_ASSET",
      "node_type": "asset",
      "current_best_bid": null,
      "current_best_ask": null,
      "last_trade_price": null,
      "volume_traded": 0,
      "price_volatility": 0.0,
      "spread_width": null,
      "market_depth_bid": 0,
      "market_depth_ask": 0
    },
    "P20": {
      "agent_id": "P20",
      "node_type": "agent",
      "last_bid_price": 124,
      "last_ask_price": null,
      "last_trade_price": null,
      "total_trades": 0,
      "total_volume": 0,
      "strategy_type": "Hypothetical-Minds",
      "inferred_valuation": 124.0,
      "valuation_confidence": 0.2,
      "aggressiveness_score": 0.6,
      "last_activity": 15.373134328358166
    },
    "P17": {
      "agent_id": "P17",
      "node_type": "agent",
      "last_bid_price": 130,
      "last_ask_price": null,
      "last_trade_price": null,
      "total_trades": 0,
      "total_volume": 0,
      "strategy_type": null,
      "inferred_valuation": 130,
      "valuation_confidence": 0.1,
      "aggressiveness_score": 0.0,
      "last_activity": 5.074626865671641
    },
    "P02": {
      "agent_id": "P02",
      "node_type": "agent",
      "last_bid_price": 128,
      "last_ask_price": 129,
      "last_trade_price": null,
      "total_trades": 0,
      "total_volume": 0,
      "strategy_type": null,
      "inferred_valuation": 128.7599,
      "valuation_confidence": 0.5,
      "aggressiveness_score": 0.0,
      "last_activity": 30.597014925373
    },
    "P01": {
      "agent_id": "P01",
      "node_type": "agent",
      "last_bid_price": 128,
      "last_ask_price": 127,
      "last_trade_price": null,
      "total_trades": 0,
      "total_volume": 0,
      "strategy_type": null,
      "inferred_valuation": 127.34299999999999,
      "valuation_confidence": 0.4,
      "aggressiveness_score": 0.0,
      "last_activity": 30.597014925373
    },
    "P08": {
      "agent_id": "P08",
      "node_type": "agent",
      "last_bid_price": 127,
      "last_ask_price": 130,
      "last_trade_price": null,
      "total_trades": 0,
      "total_volume": 0,
      "strategy_type": null,
      "inferred_valuation": 129.2797,
      "valuation_confidence": 0.5,
      "aggressiveness_score": 0.0,
      "last_activity": 30.597014925373
    },
    "P07": {
      "agent_id": "P07",
      "node_type": "agent",
      "last_bid_price": 120,
      "last_ask_price": null,
      "last_trade_price": null,
      "total_trades": 0,
      "total_volume": 0,
      "strategy_type": null,
      "inferred_valuation": 120.0,
      "valuation_confidence": 0.6,
      "aggressiveness_score": 0.0,
      "last_activity": 30.597014925373
    },
    "B11": {
      "agent_id": "B11",
      "node_type": "agent",
      "last_bid_price": 111,
      "last_ask_price": null,
      "last_trade_price": null,
      "total_trades": 0,
      "total_volume": 0,
      "strategy_type": null,
      "inferred_valuation": 110.99999999999999,
      "valuation_confidence": 0.2,
      "aggressiveness_score": 0.0,
      "last_activity": 10.298507462686555
    },
    "B19": {
      "agent_id": "B19",
      "node_type": "agent",
      "last_bid_price": 124,
      "last_ask_price": null,
      "last_trade_price": null,
      "total_trades": 0,
      "total_volume": 0,
      "strategy_type": null,
      "inferred_valuation": 114.19999999999999,
      "valuation_confidence": 0.2,
      "aggressiveness_score": 0.0,
      "last_activity": 10.298507462686555
    },
    "S06": {
      "agent_id": "S06",
      "node_type": "agent",
      "last_bid_price": null,
      "last_ask_price": 132,
      "last_trade_price": null,
      "total_trades": 0,
      "total_volume": 0,
      "strategy_type": null,
      "inferred_valuation": 132,
      "valuation_confidence": 0.1,
      "aggressiveness_score": 0.0,
      "last_activity": 5.074626865671641
    },
    "S02": {
      "agent_id": "S02",
      "node_type": "agent",
      "last_bid_price": null,
      "last_ask_price": 129,
      "last_trade_price": null,
      "total_trades": 0,
      "total_volume": 0,
      "strategy_type": null,
      "inferred_valuation": 131.58999999999997,
      "valuation_confidence": 0.30000000000000004,
      "aggressiveness_score": 0.0,
      "last_activity": 15.373134328358166
    },
    "S07": {
      "agent_id": "S07",
      "node_type": "agent",
      "last_bid_price": null,
      "last_ask_price": 498,
      "last_trade_price": null,
      "total_trades": 0,
      "total_volume": 0,
      "strategy_type": null,
      "inferred_valuation": 397.05999999999995,
      "valuation_confidence": 0.30000000000000004,
      "aggressiveness_score": 0.0,
      "last_activity": 15.373134328358166
    },
    "B13": {
      "agent_id": "B13",
      "node_type": "agent",
      "last_bid_price": 110,
      "last_ask_price": null,
      "last_trade_price": null,
      "total_trades": 0,
      "total_volume": 0,
      "strategy_type": null,
      "inferred_valuation": 105.1,
      "valuation_confidence": 0.4,
      "aggressiveness_score": 0.0,
      "last_activity": 25.522388059701388
    },
    "B05": {
      "agent_id": "B05",
      "node_type": "agent",
      "last_bid_price": 93,
      "last_ask_price": null,
      "last_trade_price": null,
      "total_trades": 0,
      "total_volume": 0,
      "strategy_type": null,
      "inferred_valuation": 95.94,
      "valuation_confidence": 0.30000000000000004,
      "aggressiveness_score": 0.0,
      "last_activity": 20.447761194029777
    },
    "B02": {
      "agent_id": "B02",
      "node_type": "agent",
      "last_bid_price": 108,
      "last_ask_price": null,
      "last_trade_price": null,
      "total_trades": 0,
      "total_volume": 0,
      "strategy_type": null,
      "inferred_valuation": 94.329,
      "valuation_confidence": 0.4,
      "aggressiveness_score": 0.0,
      "last_activity": 25.522388059701388
    },
    "B07": {
      "agent_id": "B07",
      "node_type": "agent",
      "last_bid_price": 98,
      "last_ask_price": null,
      "last_trade_price": null,
      "total_trades": 0,
      "total_volume": 0,
      "strategy_type": null,
      "inferred_valuation": 98.0,
      "valuation_confidence": 0.2,
      "aggressiveness_score": 0.0,
      "last_activity": 15.373134328358166
    },
    "B09": {
      "agent_id": "B09",
      "node_type": "agent",
      "last_bid_price": 121,
      "last_ask_price": null,
      "last_trade_price": null,
      "total_trades": 0,
      "total_volume": 0,
      "strategy_type": null,
      "inferred_valuation": 101.88999999999999,
      "valuation_confidence": 0.30000000000000004,
      "aggressiveness_score": 0.0,
      "last_activity": 30.597014925373
    },
    "B04": {
      "agent_id": "B04",
      "node_type": "agent",
      "last_bid_price": 82,
      "last_ask_price": null,
      "last_trade_price": null,
      "total_trades": 0,
      "total_volume": 0,
      "strategy_type": null,
      "inferred_valuation": 82.0,
      "valuation_confidence": 0.2,
      "aggressiveness_score": 0.0,
      "last_activity": 15.373134328358166
    },
    "S03": {
      "agent_id": "S03",
      "node_type": "agent",
      "last_bid_price": null,
      "last_ask_price": 130,
      "last_trade_price": null,
      "total_trades": 0,
      "total_volume": 0,
      "strategy_type": null,
      "inferred_valuation": 130,
      "valuation_confidence": 0.1,
      "aggressiveness_score": 0.0,
      "last_activity": 10.298507462686555
    },
    "S12": {
      "agent_id": "S12",
      "node_type": "agent",
      "last_bid_price": null,
      "last_ask_price": 144,
      "last_trade_price": null,
      "total_trades": 0,
      "total_volume": 0,
      "strategy_type": null,
      "inferred_valuation": 144.0,
      "valuation_confidence": 0.2,
      "aggressiveness_score": 0.0,
      "last_activity": 15.373134328358166
    },
    "S20": {
      "agent_id": "S20",
      "node_type": "agent",
      "last_bid_price": null,
      "last_ask_price": 180,
      "last_trade_price": null,
      "total_trades": 0,
      "total_volume": 0,
      "strategy_type": null,
      "inferred_valuation": 155.07999999999998,
      "valuation_confidence": 0.30000000000000004,
      "aggressiveness_score": 0.0,
      "last_activity": 30.597014925373
    },
    "P14": {
      "agent_id": "P14",
      "node_type": "agent",
      "last_bid_price": 124,
      "last_ask_price": 127,
      "last_trade_price": null,
      "total_trades": 0,
      "total_volume": 0,
      "strategy_type": null,
      "inferred_valuation": 125.53,
      "valuation_confidence": 0.30000000000000004,
      "aggressiveness_score": 0.0,
      "last_activity": 30.597014925373
    },
    "P09": {
      "agent_id": "P09",
      "node_type": "agent",
      "last_bid_price": 124,
      "last_ask_price": null,
      "last_trade_price": null,
      "total_trades": 0,
      "total_volume": 0,
      "strategy_type": null,
      "inferred_valuation": 124,
      "valuation_confidence": 0.1,
      "aggressiveness_score": 0.0,
      "last_activity": 15.373134328358166
    },
    "B06": {
      "agent_id": "B06",
      "node_type": "agent",
      "last_bid_price": 112,
      "last_ask_price": null,
      "last_trade_price": null,
      "total_trades": 0,
      "total_volume": 0,
      "strategy_type": null,
      "inferred_valuation": 112.0,
      "valuation_confidence": 0.2,
      "aggressiveness_score": 0.0,
      "last_activity": 20.447761194029777
    },
    "B20": {
      "agent_id": "B20",
      "node_type": "agent",
      "last_bid_price": 100,
      "last_ask_price": null,
      "last_trade_price": null,
      "total_trades": 0,
      "total_volume": 0,
      "strategy_type": null,
      "inferred_valuation": 100,
      "valuation_confidence": 0.1,
      "aggressiveness_score": 0.0,
      "last_activity": 15.373134328358166
    },
    "B10": {
      "agent_id": "B10",
      "node_type": "agent",
      "last_bid_price": 117,
      "last_ask_price": null,
      "last_trade_price": null,
      "total_trades": 0,
      "total_volume": 0,
      "strategy_type": null,
      "inferred_valuation": 107.69,
      "valuation_confidence": 0.30000000000000004,
      "aggressiveness_score": 0.0,
      "last_activity": 25.522388059701388
    },
    "S04": {
      "agent_id": "S04",
      "node_type": "agent",
      "last_bid_price": null,
      "last_ask_price": 132,
      "last_trade_price": null,
      "total_trades": 0,
      "total_volume": 0,
      "strategy_type": null,
      "inferred_valuation": 130.53,
      "valuation_confidence": 0.30000000000000004,
      "aggressiveness_score": 0.0,
      "last_activity": 30.597014925373
    },
    "P12": {
      "agent_id": "P12",
      "node_type": "agent",
      "last_bid_price": null,
      "last_ask_price": 130,
      "last_trade_price": null,
      "total_trades": 0,
      "total_volume": 0,
      "strategy_type": null,
      "inferred_valuation": 130.0,
      "valuation_confidence": 0.4,
      "aggressiveness_score": 0.0,
      "last_activity": 30.597014925373
    },
    "P18": {
      "agent_id": "P18",
      "node_type": "agent",
      "last_bid_price": null,
      "last_ask_price": 130,
      "last_trade_price": null,
      "total_trades": 0,
      "total_volume": 0,
      "strategy_type": null,
      "inferred_valuation": 130.0,
      "valuation_confidence": 0.4,
      "aggressiveness_score": 0.0,
      "last_activity": 30.597014925373
    },
    "P16": {
      "agent_id": "P16",
      "node_type": "agent",
      "last_bid_price": 124,
      "last_ask_price": null,
      "last_trade_price": null,
      "total_trades": 0,
      "total_volume": 0,
      "strategy_type": null,
      "inferred_valuation": 124,
      "valuation_confidence": 0.1,
      "aggressiveness_score": 0.0,
      "last_activity": 20.447761194029777
    },
    "P19": {
      "agent_id": "P19",
      "node_type": "agent",
      "last_bid_price": 124,
      "last_ask_price": null,
      "last_trade_price": null,
      "total_trades": 0,
      "total_volume": 0,
      "strategy_type": null,
      "inferred_valuation": 124,
      "valuation_confidence": 0.1,
      "aggressiveness_score": 0.0,
      "last_activity": 20.447761194029777
    },
    "B15": {
      "agent_id": "B15",
      "node_type": "agent",
      "last_bid_price": 120,
      "last_ask_price": null,
      "last_trade_price": null,
      "total_trades": 0,
      "total_volume": 0,
      "strategy_type": null,
      "inferred_valuation": 120,
      "valuation_confidence": 0.1,
      "aggressiveness_score": 0.0,
      "last_activity": 20.447761194029777
    },
    "B21": {
      "agent_id": "B21",
      "node_type": "agent",
      "last_bid_price": 120,
      "last_ask_price": null,
      "last_trade_price": null,
      "total_trades": 0,
      "total_volume": 0,
      "strategy_type": null,
      "inferred_valuation": 116.5,
      "valuation_confidence": 0.2,
      "aggressiveness_score": 0.0,
      "last_activity": 30.597014925373
    },
    "B08": {
      "agent_id": "B08",
      "node_type": "agent",
      "last_bid_price": 113,
      "last_ask_price": null,
      "last_trade_price": null,
      "total_trades": 0,
      "total_volume": 0,
      "strategy_type": null,
      "inferred_valuation": 113.0,
      "valuation_confidence": 0.2,
      "aggressiveness_score": 0.0,
      "last_activity": 25.522388059701388
    },
    "B14": {
      "agent_id": "B14",
      "node_type": "agent",
      "last_bid_price": 120,
      "last_ask_price": null,
      "last_trade_price": null,
      "total_trades": 0,
      "total_volume": 0,
      "strategy_type": null,
      "inferred_valuation": 113.63,
      "valuation_confidence": 0.30000000000000004,
      "aggressiveness_score": 0.0,
      "last_activity": 30.597014925373
    },
    "B18": {
      "agent_id": "B18",
      "node_type": "agent",
      "last_bid_price": 100,
      "last_ask_price": null,
      "last_trade_price": null,
      "total_trades": 0,
      "total_volume": 0,
      "strategy_type": null,
      "inferred_valuation": 100,
      "valuation_confidence": 0.1,
      "aggressiveness_score": 0.0,
      "last_activity": 20.447761194029777
    },
    "S15": {
      "agent_id": "S15",
      "node_type": "agent",
      "last_bid_price": null,
      "last_ask_price": 127,
      "last_trade_price": null,
      "total_trades": 0,
      "total_volume": 0,
      "strategy_type": null,
      "inferred_valuation": 127,
      "valuation_confidence": 0.1,
      "aggressiveness_score": 0.0,
      "last_activity": 20.447761194029777
    },
    "P15": {
      "agent_id": "P15",
      "node_type": "agent",
      "last_bid_price": null,
      "last_ask_price": 127,
      "last_trade_price": null,
      "total_trades": 0,
      "total_volume": 0,
      "strategy_type": null,
      "inferred_valuation": 127.48999999999998,
      "valuation_confidence": 0.30000000000000004,
      "aggressiveness_score": 0.0,
      "last_activity": 30.597014925373
    },
    "P00": {
      "agent_id": "P00",
      "node_type": "agent",
      "last_bid_price": null,
      "last_ask_price": 129,
      "last_trade_price": null,
      "total_trades": 0,
      "total_volume": 0,
      "strategy_type": null,
      "inferred_valuation": 129,
      "valuation_confidence": 0.1,
      "aggressiveness_score": 0.0,
      "last_activity": 20.447761194029777
    },
    "P06": {
      "agent_id": "P06",
      "node_type": "agent",
      "last_bid_price": 124,
      "last_ask_price": null,
      "last_trade_price": null,
      "total_trades": 0,
      "total_volume": 0,
      "strategy_type": null,
      "inferred_valuation": 124,
      "valuation_confidence": 0.1,
      "aggressiveness_score": 0.0,
      "last_activity": 25.522388059701388
    },
    "P10": {
      "agent_id": "P10",
      "node_type": "agent",
      "last_bid_price": 124,
      "last_ask_price": null,
      "last_trade_price": null,
      "total_trades": 0,
      "total_volume": 0,
      "strategy_type": null,
      "inferred_valuation": 124,
      "valuation_confidence": 0.1,
      "aggressiveness_score": 0.0,
      "last_activity": 25.522388059701388
    },
    "B01": {
      "agent_id": "B01",
      "node_type": "agent",
      "last_bid_price": 91,
      "last_ask_price": null,
      "last_trade_price": null,
      "total_trades": 0,
      "total_volume": 0,
      "strategy_type": null,
      "inferred_valuation": 91,
      "valuation_confidence": 0.1,
      "aggressiveness_score": 0.0,
      "last_activity": 25.522388059701388
    },
    "S14": {
      "agent_id": "S14",
      "node_type": "agent",
      "last_bid_price": null,
      "last_ask_price": 133,
      "last_trade_price": null,
      "total_trades": 0,
      "total_volume": 0,
      "strategy_type": null,
      "inferred_valuation": 133.0,
      "valuation_confidence": 0.2,
      "aggressiveness_score": 0.0,
      "last_activity": 30.597014925373
    },
    "S00": {
      "agent_id": "S00",
      "node_type": "agent",
      "last_bid_price": null,
      "last_ask_price": 143,
      "last_trade_price": null,
      "total_trades": 0,
      "total_volume": 0,
      "strategy_type": null,
      "inferred_valuation": 143.0,
      "valuation_confidence": 0.2,
      "aggressiveness_score": 0.0,
      "last_activity": 30.597014925373
    },
    "S22": {
      "agent_id": "S22",
      "node_type": "agent",
      "last_bid_price": null,
      "last_ask_price": 146,
      "last_trade_price": null,
      "total_trades": 0,
      "total_volume": 0,
      "strategy_type": null,
      "inferred_valuation": 150.2,
      "valuation_confidence": 0.2,
      "aggressiveness_score": 0.0,
      "last_activity": 30.597014925373
    },
    "S19": {
      "agent_id": "S19",
      "node_type": "agent",
      "last_bid_price": null,
      "last_ask_price": 172,
      "last_trade_price": null,
      "total_trades": 0,
      "total_volume": 0,
      "strategy_type": null,
      "inferred_valuation": 172.0,
      "valuation_confidence": 0.2,
      "aggressiveness_score": 0.0,
      "last_activity": 30.597014925373
    },
    "S13": {
      "agent_id": "S13",
      "node_type": "agent",
      "last_bid_price": null,
      "last_ask_price": 130,
      "last_trade_price": null,
      "total_trades": 0,
      "total_volume": 0,
      "strategy_type": null,
      "inferred_valuation": 161.5,
      "valuation_confidence": 0.2,
      "aggressiveness_score": 0.0,
      "last_activity": 30.597014925373
    },
    "P04": {
      "agent_id": "P04",
      "node_type": "agent",
      "last_bid_price": 124,
      "last_ask_price": null,
      "last_trade_price": null,
      "total_trades": 0,
      "total_volume": 0,
      "strategy_type": null,
      "inferred_valuation": 124,
      "valuation_confidence": 0.1,
      "aggressiveness_score": 0.0,
      "last_activity": 30.597014925373
    },
    "B22": {
      "agent_id": "B22",
      "node_type": "agent",
      "last_bid_price": 112,
      "last_ask_price": null,
      "last_trade_price": null,
      "total_trades": 0,
      "total_volume": 0,
      "strategy_type": null,
      "inferred_valuation": 112,
      "valuation_confidence": 0.1,
      "aggressiveness_score": 0.0,
      "last_activity": 30.597014925373
    },
    "B03": {
      "agent_id": "B03",
      "node_type": "agent",
      "last_bid_price": 103,
      "last_ask_price": null,
      "last_trade_price": null,
      "total_trades": 0,
      "total_volume": 0,
      "strategy_type": null,
      "inferred_valuation": 103,
      "valuation_confidence": 0.1,
      "aggressiveness_score": 0.0,
      "last_activity": 30.597014925373
    },
    "S17": {
      "agent_id": "S17",
      "node_type": "agent",
      "last_bid_price": null,
      "last_ask_price": 127,
      "last_trade_price": null,
      "total_trades": 0,
      "total_volume": 0,
      "strategy_type": null,
      "inferred_valuation": 127,
      "valuation_confidence": 0.1,
      "aggressiveness_score": 0.0,
      "last_activity": 30.597014925373
    },
    "S05": {
      "agent_id": "S05",
      "node_type": "agent",
      "last_bid_price": null,
      "last_ask_price": 138,
      "last_trade_price": null,
      "total_trades": 0,
      "total_volume": 0,
      "strategy_type": null,
      "inferred_valuation": 138,
      "valuation_confidence": 0.1,
      "aggressiveness_score": 0.0,
      "last_activity": 30.597014925373
    }
  },
  "edges": {
    "b918a6af-7c13-43a2-a0b3-cea8deee488b": {
      "edge_id": "b918a6af-7c13-43a2-a0b3-cea8deee488b",
      "source_node": "BSE_ASSET",
      "target_node": "P20",
      "belief_type": "strategy",
      "confidence": 0.1,
      "value": "unknown",
      "timestamp": 0.0,
      "evidence_count": 0
    },
    "303c14ba-b068-4a89-8a60-defc4b1e19de": {
      "edge_id": "303c14ba-b068-4a89-8a60-defc4b1e19de",
      "source_node": "BSE_ASSET",
      "target_node": "P20",
      "belief_type": "valuation",
      "confidence": 0.2,
      "value": 124.0,
      "timestamp": 15.373134328358166,
      "evidence_count": 2
    },
    "46f2d92a-3c74-4b1a-b173-2b2212adf83c": {
      "edge_id": "46f2d92a-3c74-4b1a-b173-2b2212adf83c",
      "source_node": "BSE_ASSET",
      "target_node": "P17",
      "belief_type": "strategy",
      "confidence": 0.1,
      "value": "unknown",
      "timestamp": 0.0,
      "evidence_count": 0
    },
    "f921b8b4-4eba-4e50-93e0-e95822fb9ef8": {
      "edge_id": "f921b8b4-4eba-4e50-93e0-e95822fb9ef8",
      "source_node": "BSE_ASSET",
      "target_node": "P17",
      "belief_type": "valuation",
      "confidence": 0.1,
      "value": 130,
      "timestamp": 5.074626865671641,
      "evidence_count": 1
    },
    "b96a29db-e77d-44ee-8059-3397e9c5601e": {
      "edge_id": "b96a29db-e77d-44ee-8059-3397e9c5601e",
      "source_node": "BSE_ASSET",
      "target_node": "P02",
      "belief_type": "strategy",
      "confidence": 0.1,
      "value": "unknown",
      "timestamp": 5.074626865671641,
      "evidence_count": 0
    },
    "59cd6533-d095-47a0-a999-2d2a45b4fb3c": {
      "edge_id": "59cd6533-d095-47a0-a999-2d2a45b4fb3c",
      "source_node": "BSE_ASSET",
      "target_node": "P02",
      "belief_type": "valuation",
      "confidence": 0.5,
      "value": 128.7599,
      "timestamp": 30.597014925373,
      "evidence_count": 5
    },
    "9f7f9b90-cb25-420d-8903-ef32e5fd69d6": {
      "edge_id": "9f7f9b90-cb25-420d-8903-ef32e5fd69d6",
      "source_node": "BSE_ASSET",
      "target_node": "P01",
      "belief_type": "strategy",
      "confidence": 0.1,
      "value": "unknown",
      "timestamp": 5.074626865671641,
      "evidence_count": 0
    },
    "eab81edb-d297-421f-b249-fd3ef80e2056": {
      "edge_id": "eab81edb-d297-421f-b249-fd3ef80e2056",
      "source_node": "BSE_ASSET",
      "target_node": "P01",
      "belief_type": "valuation",
      "confidence": 0.4,
      "value": 127.34299999999999,
      "timestamp": 30.597014925373,
      "evidence_count": 4
    },
    "48144e52-4aa2-47b1-a45a-932ef7c670d4": {
      "edge_id": "48144e52-4aa2-47b1-a45a-932ef7c670d4",
      "source_node": "BSE_ASSET",
      "target_node": "P08",
      "belief_type": "strategy",
      "confidence": 0.1,
      "value": "unknown",
      "timestamp": 5.074626865671641,
      "evidence_count": 0
    },
    "993c8f2d-38a3-4daa-be1c-796f51e579a4": {
      "edge_id": "993c8f2d-38a3-4daa-be1c-796f51e579a4",
      "source_node": "BSE_ASSET",
      "target_node": "P08",
      "belief_type": "valuation",
      "confidence": 0.5,
      "value": 129.2797,
      "timestamp": 30.597014925373,
      "evidence_count": 5
    },
    "9a254ad7-5b31-4def-878a-768207fd8d17": {
      "edge_id": "9a254ad7-5b31-4def-878a-768207fd8d17",
      "source_node": "BSE_ASSET",
      "target_node": "P07",
      "belief_type": "strategy",
      "confidence": 0.1,
      "value": "unknown",
      "timestamp": 5.074626865671641,
      "evidence_count": 0
    },
    "070ffe6b-b5a2-4ab5-8c3b-7e6c2fe0c1bf": {
      "edge_id": "070ffe6b-b5a2-4ab5-8c3b-7e6c2fe0c1bf",
      "source_node": "BSE_ASSET",
      "target_node": "P07",
      "belief_type": "valuation",
      "confidence": 0.6,
      "value": 120.0,
      "timestamp": 30.597014925373,
      "evidence_count": 6
    },
    "c9a4a238-3611-4051-80f9-047485bf5906": {
      "edge_id": "c9a4a238-3611-4051-80f9-047485bf5906",
      "source_node": "BSE_ASSET",
      "target_node": "B11",
      "belief_type": "strategy",
      "confidence": 0.1,
      "value": "unknown",
      "timestamp": 5.074626865671641,
      "evidence_count": 0
    },
    "40d99442-6fa1-4596-a57a-d06966692092": {
      "edge_id": "40d99442-6fa1-4596-a57a-d06966692092",
      "source_node": "BSE_ASSET",
      "target_node": "B11",
      "belief_type": "valuation",
      "confidence": 0.2,
      "value": 110.99999999999999,
      "timestamp": 10.298507462686555,
      "evidence_count": 2
    },
    "a5a810b7-3d35-4726-b1da-89f79e7b4d4f": {
      "edge_id": "a5a810b7-3d35-4726-b1da-89f79e7b4d4f",
      "source_node": "BSE_ASSET",
      "target_node": "B19",
      "belief_type": "strategy",
      "confidence": 0.1,
      "value": "unknown",
      "timestamp": 5.074626865671641,
      "evidence_count": 0
    },
    "1c4936cf-9e99-4138-9717-ee8bb61b39f4": {
      "edge_id": "1c4936cf-9e99-4138-9717-ee8bb61b39f4",
      "source_node": "BSE_ASSET",
      "target_node": "B19",
      "belief_type": "valuation",
      "confidence": 0.2,
      "value": 114.19999999999999,
      "timestamp": 10.298507462686555,
      "evidence_count": 2
    },
    "111dd868-7338-442c-9b81-1532ff51c8fd": {
      "edge_id": "111dd868-7338-442c-9b81-1532ff51c8fd",
      "source_node": "BSE_ASSET",
      "target_node": "S06",
      "belief_type": "strategy",
      "confidence": 0.1,
      "value": "unknown",
      "timestamp": 5.074626865671641,
      "evidence_count": 0
    },
    "1b4d8095-dfca-49f7-8ff8-0996301ed50f": {
      "edge_id": "1b4d8095-dfca-49f7-8ff8-0996301ed50f",
      "source_node": "BSE_ASSET",
      "target_node": "S06",
      "belief_type": "valuation",
      "confidence": 0.1,
      "value": 132,
      "timestamp": 5.074626865671641,
      "evidence_count": 1
    },
    "aedb378f-17c0-49bd-96ac-f83cc0ae17e1": {
      "edge_id": "aedb378f-17c0-49bd-96ac-f83cc0ae17e1",
      "source_node": "BSE_ASSET",
      "target_node": "S02",
      "belief_type": "strategy",
      "confidence": 0.1,
      "value": "unknown",
      "timestamp": 5.074626865671641,
      "evidence_count": 0
    },
    "b06a34c8-6454-40b0-b3ea-6a45a67a5a7d": {
      "edge_id": "b06a34c8-6454-40b0-b3ea-6a45a67a5a7d",
      "source_node": "BSE_ASSET",
      "target_node": "S02",
      "belief_type": "valuation",
      "confidence": 0.30000000000000004,
      "value": 131.58999999999997,
      "timestamp": 15.373134328358166,
      "evidence_count": 3
    },
    "860336a7-13e7-4eb4-8099-a24fd7ff849d": {
      "edge_id": "860336a7-13e7-4eb4-8099-a24fd7ff849d",
      "source_node": "BSE_ASSET",
      "target_node": "S07",
      "belief_type": "strategy",
      "confidence": 0.1,
      "value": "unknown",
      "timestamp": 5.074626865671641,
      "evidence_count": 0
    },
    "5bd5f62f-27e4-44f1-9ff3-ad5b0bffdfbc": {
      "edge_id": "5bd5f62f-27e4-44f1-9ff3-ad5b0bffdfbc",
      "source_node": "BSE_ASSET",
      "target_node": "S07",
      "belief_type": "valuation",
      "confidence": 0.30000000000000004,
      "value": 397.05999999999995,
      "timestamp": 15.373134328358166,
      "evidence_count": 3
    },
    "b6650c08-92aa-408f-951a-090faffd130e": {
      "edge_id": "b6650c08-92aa-408f-951a-090faffd130e",
      "source_node": "BSE_ASSET",
      "target_node": "B13",
      "belief_type": "strategy",
      "confidence": 0.1,
      "value": "unknown",
      "timestamp": 10.298507462686555,
      "evidence_count": 0
    },
    "f182a643-786d-4e7e-8b72-9295ae756819": {
      "edge_id": "f182a643-786d-4e7e-8b72-9295ae756819",
      "source_node": "BSE_ASSET",
      "target_node": "B13",
      "belief_type": "valuation",
      "confidence": 0.4,
      "value": 105.1,
      "timestamp": 25.522388059701388,
      "evidence_count": 4
    },
    "2b3cfacd-73e2-42d5-8445-b5e46f034de5": {
      "edge_id": "2b3cfacd-73e2-42d5-8445-b5e46f034de5",
      "source_node": "BSE_ASSET",
      "target_node": "B05",
      "belief_type": "strategy",
      "confidence": 0.1,
      "value": "unknown",
      "timestamp": 10.298507462686555,
      "evidence_count": 0
    },
    "01314030-2d43-405b-a322-81451ba48b77": {
      "edge_id": "01314030-2d43-405b-a322-81451ba48b77",
      "source_node": "BSE_ASSET",
      "target_node": "B05",
      "belief_type": "valuation",
      "confidence": 0.30000000000000004,
      "value": 95.94,
      "timestamp": 20.447761194029777,
      "evidence_count": 3
    },
    "fbe65bcc-99df-49f5-8bed-4680165e67ec": {
      "edge_id": "fbe65bcc-99df-49f5-8bed-4680165e67ec",
      "source_node": "BSE_ASSET",
      "target_node": "B02",
      "belief_type": "strategy",
      "confidence": 0.1,
      "value": "unknown",
      "timestamp": 10.298507462686555,
      "evidence_count": 0
    },
    "f318a6d7-cdd0-4792-87a5-6633df05bfec": {
      "edge_id": "f318a6d7-cdd0-4792-87a5-6633df05bfec",
      "source_node": "BSE_ASSET",
      "target_node": "B02",
      "belief_type": "valuation",
      "confidence": 0.4,
      "value": 94.329,
      "timestamp": 25.522388059701388,
      "evidence_count": 4
    },
    "328af8bb-e593-4c0e-9ff4-0b9d9c856453": {
      "edge_id": "328af8bb-e593-4c0e-9ff4-0b9d9c856453",
      "source_node": "BSE_ASSET",
      "target_node": "B07",
      "belief_type": "strategy",
      "confidence": 0.1,
      "value": "unknown",
      "timestamp": 10.298507462686555,
      "evidence_count": 0
    },
    "82549037-f3b6-40d1-9699-0005dc638208": {
      "edge_id": "82549037-f3b6-40d1-9699-0005dc638208",
      "source_node": "BSE_ASSET",
      "target_node": "B07",
      "belief_type": "valuation",
      "confidence": 0.2,
      "value": 98.0,
      "timestamp": 15.373134328358166,
      "evidence_count": 2
    },
    "59669e35-f847-4182-a127-2230e86c1473": {
      "edge_id": "59669e35-f847-4182-a127-2230e86c1473",
      "source_node": "BSE_ASSET",
      "target_node": "B09",
      "belief_type": "strategy",
      "confidence": 0.1,
      "value": "unknown",
      "timestamp": 10.298507462686555,
      "evidence_count": 0
    },
    "1ad6ed5b-f5d1-484b-b59a-a94d26d36d6c": {
      "edge_id": "1ad6ed5b-f5d1-484b-b59a-a94d26d36d6c",
      "source_node": "BSE_ASSET",
      "target_node": "B09",
      "belief_type": "valuation",
      "confidence": 0.30000000000000004,
      "value": 101.88999999999999,
      "timestamp": 30.597014925373,
      "evidence_count": 3
    },
    "1380fdb1-1818-4cc1-aefe-08fb2a1cd9d9": {
      "edge_id": "1380fdb1-1818-4cc1-aefe-08fb2a1cd9d9",
      "source_node": "BSE_ASSET",
      "target_node": "B04",
      "belief_type": "strategy",
      "confidence": 0.1,
      "value": "unknown",
      "timestamp": 10.298507462686555,
      "evidence_count": 0
    },
    "f088f467-e360-4990-b080-66f0126aec87": {
      "edge_id": "f088f467-e360-4990-b080-66f0126aec87",
      "source_node": "BSE_ASSET",
      "target_node": "B04",
      "belief_type": "valuation",
      "confidence": 0.2,
      "value": 82.0,
      "timestamp": 15.373134328358166,
      "evidence_count": 2
    },
    "39222bf0-e7bb-4aca-b338-0f8b00b02c45": {
      "edge_id": "39222bf0-e7bb-4aca-b338-0f8b00b02c45",
      "source_node": "BSE_ASSET",
      "target_node": "S03",
      "belief_type": "strategy",
      "confidence": 0.1,
      "value": "unknown",
      "timestamp": 10.298507462686555,
      "evidence_count": 0
    },
    "ec233337-c791-48f0-b38c-4a7dddee92ab": {
      "edge_id": "ec233337-c791-48f0-b38c-4a7dddee92ab",
      "source_node": "BSE_ASSET",
      "target_node": "S03",
      "belief_type": "valuation",
      "confidence": 0.1,
      "value": 130,
      "timestamp": 10.298507462686555,
      "evidence_count": 1
    },
    "baaebb3d-6b21-49dc-b44c-2e3fa4fd9068": {
      "edge_id": "baaebb3d-6b21-49dc-b44c-2e3fa4fd9068",
      "source_node": "BSE_ASSET",
      "target_node": "S12",
      "belief_type": "strategy",
      "confidence": 0.1,
      "value": "unknown",
      "timestamp": 10.298507462686555,
      "evidence_count": 0
    },
    "c282c6c6-9f1e-4cda-9761-ca4c4e9966d9": {
      "edge_id": "c282c6c6-9f1e-4cda-9761-ca4c4e9966d9",
      "source_node": "BSE_ASSET",
      "target_node": "S12",
      "belief_type": "valuation",
      "confidence": 0.2,
      "value": 144.0,
      "timestamp": 15.373134328358166,
      "evidence_count": 2
    },
    "5331d844-f81d-4e8d-adbf-d89171abb80d": {
      "edge_id": "5331d844-f81d-4e8d-adbf-d89171abb80d",
      "source_node": "BSE_ASSET",
      "target_node": "S20",
      "belief_type": "strategy",
      "confidence": 0.1,
      "value": "unknown",
      "timestamp": 10.298507462686555,
      "evidence_count": 0
    },
    "f4a215c2-f00e-453a-8924-a7de44b93cd3": {
      "edge_id": "f4a215c2-f00e-453a-8924-a7de44b93cd3",
      "source_node": "BSE_ASSET",
      "target_node": "S20",
      "belief_type": "valuation",
      "confidence": 0.30000000000000004,
      "value": 155.07999999999998,
      "timestamp": 30.597014925373,
      "evidence_count": 3
    },
    "b6c2c14f-66db-456d-898b-529c33bb0874": {
      "edge_id": "b6c2c14f-66db-456d-898b-529c33bb0874",
      "source_node": "BSE_ASSET",
      "target_node": "P14",
      "belief_type": "strategy",
      "confidence": 0.1,
      "value": "unknown",
      "timestamp": 15.373134328358166,
      "evidence_count": 0
    },
    "63fd4add-4079-4c0c-a09c-5239a466f79d": {
      "edge_id": "63fd4add-4079-4c0c-a09c-5239a466f79d",
      "source_node": "BSE_ASSET",
      "target_node": "P14",
      "belief_type": "valuation",
      "confidence": 0.30000000000000004,
      "value": 125.53,
      "timestamp": 30.597014925373,
      "evidence_count": 3
    },
    "fb2aa404-e129-4810-ae27-0661ccefa21d": {
      "edge_id": "fb2aa404-e129-4810-ae27-0661ccefa21d",
      "source_node": "BSE_ASSET",
      "target_node": "P09",
      "belief_type": "strategy",
      "confidence": 0.1,
      "value": "unknown",
      "timestamp": 15.373134328358166,
      "evidence_count": 0
    },
    "ba621ce8-5501-480f-ae00-985ab1e2e317": {
      "edge_id": "ba621ce8-5501-480f-ae00-985ab1e2e317",
      "source_node": "BSE_ASSET",
      "target_node": "P09",
      "belief_type": "valuation",
      "confidence": 0.1,
      "value": 124,
      "timestamp": 15.373134328358166,
      "evidence_count": 1
    },
    "3d310fc7-4eab-4c1a-a456-b8ff23ae5a0c": {
      "edge_id": "3d310fc7-4eab-4c1a-a456-b8ff23ae5a0c",
      "source_node": "BSE_ASSET",
      "target_node": "B06",
      "belief_type": "strategy",
      "confidence": 0.1,
      "value": "unknown",
      "timestamp": 15.373134328358166,
      "evidence_count": 0
    },
    "0914ed3c-dd74-4209-b9f2-34146d817a57": {
      "edge_id": "0914ed3c-dd74-4209-b9f2-34146d817a57",
      "source_node": "BSE_ASSET",
      "target_node": "B06",
      "belief_type": "valuation",
      "confidence": 0.2,
      "value": 112.0,
      "timestamp": 20.447761194029777,
      "evidence_count": 2
    },
    "f8a08b2a-fbd7-4b08-8612-e713b277a69b": {
      "edge_id": "f8a08b2a-fbd7-4b08-8612-e713b277a69b",
      "source_node": "BSE_ASSET",
      "target_node": "B20",
      "belief_type": "strategy",
      "confidence": 0.1,
      "value": "unknown",
      "timestamp": 15.373134328358166,
      "evidence_count": 0
    },
    "fcd9532a-3c9d-426b-96ca-635a217c3e7a": {
      "edge_id": "fcd9532a-3c9d-426b-96ca-635a217c3e7a",
      "source_node": "BSE_ASSET",
      "target_node": "B20",
      "belief_type": "valuation",
      "confidence": 0.1,
      "value": 100,
      "timestamp": 15.373134328358166,
      "evidence_count": 1
    },
    "aae7b4a5-8f2e-413e-84cc-3d338362fa81": {
      "edge_id": "aae7b4a5-8f2e-413e-84cc-3d338362fa81",
      "source_node": "BSE_ASSET",
      "target_node": "B10",
      "belief_type": "strategy",
      "confidence": 0.1,
      "value": "unknown",
      "timestamp": 15.373134328358166,
      "evidence_count": 0
    },
    "118b75e5-c6bd-407f-912a-f1d655254252": {
      "edge_id": "118b75e5-c6bd-407f-912a-f1d655254252",
      "source_node": "BSE_ASSET",
      "target_node": "B10",
      "belief_type": "valuation",
      "confidence": 0.30000000000000004,
      "value": 107.69,
      "timestamp": 25.522388059701388,
      "evidence_count": 3
    },
    "120eed99-77a2-4be1-a14a-f64123058fe7": {
      "edge_id": "120eed99-77a2-4be1-a14a-f64123058fe7",
      "source_node": "BSE_ASSET",
      "target_node": "S04",
      "belief_type": "strategy",
      "confidence": 0.1,
      "value": "unknown",
      "timestamp": 15.373134328358166,
      "evidence_count": 0
    },
    "ac06f8fd-0853-409d-aa3c-47d6c6611948": {
      "edge_id": "ac06f8fd-0853-409d-aa3c-47d6c6611948",
      "source_node": "BSE_ASSET",
      "target_node": "S04",
      "belief_type": "valuation",
      "confidence": 0.30000000000000004,
      "value": 130.53,
      "timestamp": 30.597014925373,
      "evidence_count": 3
    },
    "6cc6d820-a32e-4441-93b5-a6d98b03ba80": {
      "edge_id": "6cc6d820-a32e-4441-93b5-a6d98b03ba80",
      "source_node": "BSE_ASSET",
      "target_node": "P12",
      "belief_type": "strategy",
      "confidence": 0.1,
      "value": "unknown",
      "timestamp": 15.373134328358166,
      "evidence_count": 0
    },
    "0fdbafcf-dff6-46b7-8df1-f86047fc1018": {
      "edge_id": "0fdbafcf-dff6-46b7-8df1-f86047fc1018",
      "source_node": "BSE_ASSET",
      "target_node": "P12",
      "belief_type": "valuation",
      "confidence": 0.4,
      "value": 130.0,
      "timestamp": 30.597014925373,
      "evidence_count": 4
    },
    "3742ee78-c311-4ea0-9dff-c612134af1ca": {
      "edge_id": "3742ee78-c311-4ea0-9dff-c612134af1ca",
      "source_node": "BSE_ASSET",
      "target_node": "P18",
      "belief_type": "strategy",
      "confidence": 0.1,
      "value": "unknown",
      "timestamp": 15.373134328358166,
      "evidence_count": 0
    },
    "90e4a7b8-cf2b-437a-8b99-fe00457f7808": {
      "edge_id": "90e4a7b8-cf2b-437a-8b99-fe00457f7808",
      "source_node": "BSE_ASSET",
      "target_node": "P18",
      "belief_type": "valuation",
      "confidence": 0.4,
      "value": 130.0,
      "timestamp": 30.597014925373,
      "evidence_count": 4
    },
    "c6ec6044-0173-4306-90cf-03b4202f7164": {
      "edge_id": "c6ec6044-0173-4306-90cf-03b4202f7164",
      "source_node": "BSE_ASSET",
      "target_node": "P16",
      "belief_type": "strategy",
      "confidence": 0.1,
      "value": "unknown",
      "timestamp": 15.373134328358166,
      "evidence_count": 0
    },
    "d1f0bc63-54e1-4de4-bc33-19c175f2664d": {
      "edge_id": "d1f0bc63-54e1-4de4-bc33-19c175f2664d",
      "source_node": "BSE_ASSET",
      "target_node": "P16",
      "belief_type": "valuation",
      "confidence": 0.1,
      "value": 124,
      "timestamp": 20.447761194029777,
      "evidence_count": 1
    },
    "cab19619-6634-4e4b-8ecb-14247040b9f2": {
      "edge_id": "cab19619-6634-4e4b-8ecb-14247040b9f2",
      "source_node": "BSE_ASSET",
      "target_node": "P19",
      "belief_type": "strategy",
      "confidence": 0.1,
      "value": "unknown",
      "timestamp": 20.447761194029777,
      "evidence_count": 0
    },
    "739fe5f8-06c5-4b43-bee2-3b3dbae76142": {
      "edge_id": "739fe5f8-06c5-4b43-bee2-3b3dbae76142",
      "source_node": "BSE_ASSET",
      "target_node": "P19",
      "belief_type": "valuation",
      "confidence": 0.1,
      "value": 124,
      "timestamp": 20.447761194029777,
      "evidence_count": 1
    },
    "c1d16a53-77a8-477a-ae32-499f8b5acbff": {
      "edge_id": "c1d16a53-77a8-477a-ae32-499f8b5acbff",
      "source_node": "BSE_ASSET",
      "target_node": "B15",
      "belief_type": "strategy",
      "confidence": 0.1,
      "value": "unknown",
      "timestamp": 20.447761194029777,
      "evidence_count": 0
    },
    "7cd0ffa8-c1fc-48bb-a6cf-4a27cc7ea5c5": {
      "edge_id": "7cd0ffa8-c1fc-48bb-a6cf-4a27cc7ea5c5",
      "source_node": "BSE_ASSET",
      "target_node": "B15",
      "belief_type": "valuation",
      "confidence": 0.1,
      "value": 120,
      "timestamp": 20.447761194029777,
      "evidence_count": 1
    },
    "e95a4082-70eb-4ab2-80f8-233de6b543bd": {
      "edge_id": "e95a4082-70eb-4ab2-80f8-233de6b543bd",
      "source_node": "BSE_ASSET",
      "target_node": "B21",
      "belief_type": "strategy",
      "confidence": 0.1,
      "value": "unknown",
      "timestamp": 20.447761194029777,
      "evidence_count": 0
    },
    "fcae9db1-a7bc-4c52-afa2-19d84a39daff": {
      "edge_id": "fcae9db1-a7bc-4c52-afa2-19d84a39daff",
      "source_node": "BSE_ASSET",
      "target_node": "B21",
      "belief_type": "valuation",
      "confidence": 0.2,
      "value": 116.5,
      "timestamp": 30.597014925373,
      "evidence_count": 2
    },
    "49b4fbcf-8e51-4b90-bf40-81fde8ba1cda": {
      "edge_id": "49b4fbcf-8e51-4b90-bf40-81fde8ba1cda",
      "source_node": "BSE_ASSET",
      "target_node": "B08",
      "belief_type": "strategy",
      "confidence": 0.1,
      "value": "unknown",
      "timestamp": 20.447761194029777,
      "evidence_count": 0
    },
    "0c716a04-4b1c-4bdb-9868-5f6b891979a5": {
      "edge_id": "0c716a04-4b1c-4bdb-9868-5f6b891979a5",
      "source_node": "BSE_ASSET",
      "target_node": "B08",
      "belief_type": "valuation",
      "confidence": 0.2,
      "value": 113.0,
      "timestamp": 25.522388059701388,
      "evidence_count": 2
    },
    "3b853478-90f1-45bd-89b4-b8014fc9b38a": {
      "edge_id": "3b853478-90f1-45bd-89b4-b8014fc9b38a",
      "source_node": "BSE_ASSET",
      "target_node": "B14",
      "belief_type": "strategy",
      "confidence": 0.1,
      "value": "unknown",
      "timestamp": 20.447761194029777,
      "evidence_count": 0
    },
    "25718e69-d222-4b52-a216-64f75f01850f": {
      "edge_id": "25718e69-d222-4b52-a216-64f75f01850f",
      "source_node": "BSE_ASSET",
      "target_node": "B14",
      "belief_type": "valuation",
      "confidence": 0.30000000000000004,
      "value": 113.63,
      "timestamp": 30.597014925373,
      "evidence_count": 3
    },
    "6513dc7b-ee4f-4325-8332-c4e26770a89b": {
      "edge_id": "6513dc7b-ee4f-4325-8332-c4e26770a89b",
      "source_node": "BSE_ASSET",
      "target_node": "B18",
      "belief_type": "strategy",
      "confidence": 0.1,
      "value": "unknown",
      "timestamp": 20.447761194029777,
      "evidence_count": 0
    },
    "2408bbf7-5047-4f3e-aff0-a2e4681864e4": {
      "edge_id": "2408bbf7-5047-4f3e-aff0-a2e4681864e4",
      "source_node": "BSE_ASSET",
      "target_node": "B18",
      "belief_type": "valuation",
      "confidence": 0.1,
      "value": 100,
      "timestamp": 20.447761194029777,
      "evidence_count": 1
    },
    "c6289dec-863c-475d-b1cd-3f2c6a024316": {
      "edge_id": "c6289dec-863c-475d-b1cd-3f2c6a024316",
      "source_node": "BSE_ASSET",
      "target_node": "S15",
      "belief_type": "strategy",
      "confidence": 0.1,
      "value": "unknown",
      "timestamp": 20.447761194029777,
      "evidence_count": 0
    },
    "111b1098-b979-4cb2-80dc-31f3db073ae7": {
      "edge_id": "111b1098-b979-4cb2-80dc-31f3db073ae7",
      "source_node": "BSE_ASSET",
      "target_node": "S15",
      "belief_type": "valuation",
      "confidence": 0.1,
      "value": 127,
      "timestamp": 20.447761194029777,
      "evidence_count": 1
    },
    "174c87fb-b4a3-4970-8afc-27d3acbeeffd": {
      "edge_id": "174c87fb-b4a3-4970-8afc-27d3acbeeffd",
      "source_node": "BSE_ASSET",
      "target_node": "P15",
      "belief_type": "strategy",
      "confidence": 0.1,
      "value": "unknown",
      "timestamp": 20.447761194029777,
      "evidence_count": 0
    },
    "447c607e-69e3-4392-80ca-ecef61d33682": {
      "edge_id": "447c607e-69e3-4392-80ca-ecef61d33682",
      "source_node": "BSE_ASSET",
      "target_node": "P15",
      "belief_type": "valuation",
      "confidence": 0.30000000000000004,
      "value": 127.48999999999998,
      "timestamp": 30.597014925373,
      "evidence_count": 3
    },
    "7f246894-2053-424d-83f1-3ae63fc3de79": {
      "edge_id": "7f246894-2053-424d-83f1-3ae63fc3de79",
      "source_node": "BSE_ASSET",
      "target_node": "P00",
      "belief_type": "strategy",
      "confidence": 0.1,
      "value": "unknown",
      "timestamp": 20.447761194029777,
      "evidence_count": 0
    },
    "6f32d99d-be50-455c-9227-d5b484e6321d": {
      "edge_id": "6f32d99d-be50-455c-9227-d5b484e6321d",
      "source_node": "BSE_ASSET",
      "target_node": "P00",
      "belief_type": "valuation",
      "confidence": 0.1,
      "value": 129,
      "timestamp": 20.447761194029777,
      "evidence_count": 1
    },
    "3a9046ac-f5d4-4a64-8ee5-225889f9c0fd": {
      "edge_id": "3a9046ac-f5d4-4a64-8ee5-225889f9c0fd",
      "source_node": "BSE_ASSET",
      "target_node": "P06",
      "belief_type": "strategy",
      "confidence": 0.1,
      "value": "unknown",
      "timestamp": 20.447761194029777,
      "evidence_count": 0
    },
    "04c2e8cd-e6b1-4104-8302-7138b88ec748": {
      "edge_id": "04c2e8cd-e6b1-4104-8302-7138b88ec748",
      "source_node": "BSE_ASSET",
      "target_node": "P06",
      "belief_type": "valuation",
      "confidence": 0.1,
      "value": 124,
      "timestamp": 25.522388059701388,
      "evidence_count": 1
    },
    "8e27fda1-e109-4c3b-88d1-a5dbd7028765": {
      "edge_id": "8e27fda1-e109-4c3b-88d1-a5dbd7028765",
      "source_node": "BSE_ASSET",
      "target_node": "P10",
      "belief_type": "strategy",
      "confidence": 0.1,
      "value": "unknown",
      "timestamp": 25.522388059701388,
      "evidence_count": 0
    },
    "def93c89-094c-4d48-bddf-1e7c819bf8a5": {
      "edge_id": "def93c89-094c-4d48-bddf-1e7c819bf8a5",
      "source_node": "BSE_ASSET",
      "target_node": "P10",
      "belief_type": "valuation",
      "confidence": 0.1,
      "value": 124,
      "timestamp": 25.522388059701388,
      "evidence_count": 1
    },
    "9570a762-fed5-4faa-b194-fe16b90ecb54": {
      "edge_id": "9570a762-fed5-4faa-b194-fe16b90ecb54",
      "source_node": "BSE_ASSET",
      "target_node": "B01",
      "belief_type": "strategy",
      "confidence": 0.1,
      "value": "unknown",
      "timestamp": 25.522388059701388,
      "evidence_count": 0
    },
    "2d068769-3182-4fc3-904e-5a37fea4da82": {
      "edge_id": "2d068769-3182-4fc3-904e-5a37fea4da82",
      "source_node": "BSE_ASSET",
      "target_node": "B01",
      "belief_type": "valuation",
      "confidence": 0.1,
      "value": 91,
      "timestamp": 25.522388059701388,
      "evidence_count": 1
    },
    "ca9723b6-0838-487e-a1ae-230f8cfd57c1": {
      "edge_id": "ca9723b6-0838-487e-a1ae-230f8cfd57c1",
      "source_node": "BSE_ASSET",
      "target_node": "S14",
      "belief_type": "strategy",
      "confidence": 0.1,
      "value": "unknown",
      "timestamp": 25.522388059701388,
      "evidence_count": 0
    },
    "6f90d1c6-b3ed-43dd-aa57-002d9485a525": {
      "edge_id": "6f90d1c6-b3ed-43dd-aa57-002d9485a525",
      "source_node": "BSE_ASSET",
      "target_node": "S14",
      "belief_type": "valuation",
      "confidence": 0.2,
      "value": 133.0,
      "timestamp": 30.597014925373,
      "evidence_count": 2
    },
    "c68ae023-1f6e-41dd-b58b-dab5083fc266": {
      "edge_id": "c68ae023-1f6e-41dd-b58b-dab5083fc266",
      "source_node": "BSE_ASSET",
      "target_node": "S00",
      "belief_type": "strategy",
      "confidence": 0.1,
      "value": "unknown",
      "timestamp": 25.522388059701388,
      "evidence_count": 0
    },
    "95a669cc-2fc7-4569-8acd-1dfbb8f6708c": {
      "edge_id": "95a669cc-2fc7-4569-8acd-1dfbb8f6708c",
      "source_node": "BSE_ASSET",
      "target_node": "S00",
      "belief_type": "valuation",
      "confidence": 0.2,
      "value": 143.0,
      "timestamp": 30.597014925373,
      "evidence_count": 2
    },
    "1fe42316-442b-45e2-9ffe-96a392debb48": {
      "edge_id": "1fe42316-442b-45e2-9ffe-96a392debb48",
      "source_node": "BSE_ASSET",
      "target_node": "S22",
      "belief_type": "strategy",
      "confidence": 0.1,
      "value": "unknown",
      "timestamp": 25.522388059701388,
      "evidence_count": 0
    },
    "4f815877-37ab-456d-a133-cac5a18acb32": {
      "edge_id": "4f815877-37ab-456d-a133-cac5a18acb32",
      "source_node": "BSE_ASSET",
      "target_node": "S22",
      "belief_type": "valuation",
      "confidence": 0.2,
      "value": 150.2,
      "timestamp": 30.597014925373,
      "evidence_count": 2
    },
    "7c739886-b414-47d6-bd4b-c3748fb13982": {
      "edge_id": "7c739886-b414-47d6-bd4b-c3748fb13982",
      "source_node": "BSE_ASSET",
      "target_node": "S19",
      "belief_type": "strategy",
      "confidence": 0.1,
      "value": "unknown",
      "timestamp": 25.522388059701388,
      "evidence_count": 0
    },
    "c4c34e9d-0371-43d3-ab77-d97cde596cdd": {
      "edge_id": "c4c34e9d-0371-43d3-ab77-d97cde596cdd",
      "source_node": "BSE_ASSET",
      "target_node": "S19",
      "belief_type": "valuation",
      "confidence": 0.2,
      "value": 172.0,
      "timestamp": 30.597014925373,
      "evidence_count": 2
    },
    "d6b5c5af-1c5e-4663-9194-deb2f3576a43": {
      "edge_id": "d6b5c5af-1c5e-4663-9194-deb2f3576a43",
      "source_node": "BSE_ASSET",
      "target_node": "S13",
      "belief_type": "strategy",
      "confidence": 0.1,
      "value": "unknown",
      "timestamp": 25.522388059701388,
      "evidence_count": 0
    },
    "da38c7dc-6ada-4881-847a-fe73df58054d": {
      "edge_id": "da38c7dc-6ada-4881-847a-fe73df58054d",
      "source_node": "BSE_ASSET",
      "target_node": "S13",
      "belief_type": "valuation",
      "confidence": 0.2,
      "value": 161.5,
      "timestamp": 30.597014925373,
      "evidence_count": 2
    },
    "b832abae-b994-4e8a-8213-718d2dcbfe90": {
      "edge_id": "b832abae-b994-4e8a-8213-718d2dcbfe90",
      "source_node": "BSE_ASSET",
      "target_node": "P04",
      "belief_type": "strategy",
      "confidence": 0.1,
      "value": "unknown",
      "timestamp": 25.522388059701388,
      "evidence_count": 0
    },
    "8c2d2059-fe79-402c-b97d-843f55984b0f": {
      "edge_id": "8c2d2059-fe79-402c-b97d-843f55984b0f",
      "source_node": "BSE_ASSET",
      "target_node": "P04",
      "belief_type": "valuation",
      "confidence": 0.1,
      "value": 124,
      "timestamp": 30.597014925373,
      "evidence_count": 1
    },
    "6bb5dc87-fbca-4cc9-9a7c-83f5090cf1e6": {
      "edge_id": "6bb5dc87-fbca-4cc9-9a7c-83f5090cf1e6",
      "source_node": "BSE_ASSET",
      "target_node": "B22",
      "belief_type": "strategy",
      "confidence": 0.1,
      "value": "unknown",
      "timestamp": 30.597014925373,
      "evidence_count": 0
    },
    "e2822250-5904-40ba-8388-f423beb6b015": {
      "edge_id": "e2822250-5904-40ba-8388-f423beb6b015",
      "source_node": "BSE_ASSET",
      "target_node": "B22",
      "belief_type": "valuation",
      "confidence": 0.1,
      "value": 112,
      "timestamp": 30.597014925373,
      "evidence_count": 1
    },
    "dba18b02-a435-4fa1-bc8b-a83f4a6ad799": {
      "edge_id": "dba18b02-a435-4fa1-bc8b-a83f4a6ad799",
      "source_node": "BSE_ASSET",
      "target_node": "B03",
      "belief_type": "strategy",
      "confidence": 0.1,
      "value": "unknown",
      "timestamp": 30.597014925373,
      "evidence_count": 0
    },
    "6f37e94d-f33d-456a-9bac-cb692b4a8985": {
      "edge_id": "6f37e94d-f33d-456a-9bac-cb692b4a8985",
      "source_node": "BSE_ASSET",
      "target_node": "B03",
      "belief_type": "valuation",
      "confidence": 0.1,
      "value": 103,
      "timestamp": 30.597014925373,
      "evidence_count": 1
    },
    "66696c53-0af5-40e4-8bfe-b0818ef9e0f9": {
      "edge_id": "66696c53-0af5-40e4-8bfe-b0818ef9e0f9",
      "source_node": "BSE_ASSET",
      "target_node": "S17",
      "belief_type": "strategy",
      "confidence": 0.1,
      "value": "unknown",
      "timestamp": 30.597014925373,
      "evidence_count": 0
    },
    "3ba77e1e-526f-434d-a8a8-35657c425e46": {
      "edge_id": "3ba77e1e-526f-434d-a8a8-35657c425e46",
      "source_node": "BSE_ASSET",
      "target_node": "S17",
      "belief_type": "valuation",
      "confidence": 0.1,
      "value": 127,
      "timestamp": 30.597014925373,
      "evidence_count": 1
    },
    "f2d91957-c296-40d7-bb14-915391677c5e": {
      "edge_id": "f2d91957-c296-40d7-bb14-915391677c5e",
      "source_node": "BSE_ASSET",
      "target_node": "S05",
      "belief_type": "strategy",
      "confidence": 0.1,
      "value": "unknown",
      "timestamp": 30.597014925373,
      "evidence_count": 0
    },
    "00aef6de-b612-4631-99a2-b0757555deeb": {
      "edge_id": "00aef6de-b612-4631-99a2-b0757555deeb",
      "source_node": "BSE_ASSET",
      "target_node": "S05",
      "belief_type": "valuation",
      "confidence": 0.1,
      "value": 138,
      "timestamp": 30.597014925373,
      "evidence_count": 1
    }
  },
  "event_history": [
    {
      "event_id": "ask_P00_20.447761194029777",
      "event_type": "ask",
      "timestamp": 20.447761194029777,
      "agent_id": "P00",
      "price": 129,
      "quantity": 1,
      "counterparty_id": null,
      "order_id": null
    },
    {
      "event_id": "ask_P12_20.447761194029777",
      "event_type": "ask",
      "timestamp": 20.447761194029777,
      "agent_id": "P12",
      "price": 130,
      "quantity": 1,
      "counterparty_id": null,
      "order_id": null
    },
    {
      "event_id": "ask_P08_20.447761194029777",
      "event_type": "ask",
      "timestamp": 20.447761194029777,
      "agent_id": "P08",
      "price": 130,
      "quantity": 1,
      "counterparty_id": null,
      "order_id": null
    },
    {
      "event_id": "ask_P18_20.447761194029777",
      "event_type": "ask",
      "timestamp": 20.447761194029777,
      "agent_id": "P18",
      "price": 130,
      "quantity": 1,
      "counterparty_id": null,
      "order_id": null
    },
    {
      "event_id": "bid_P06_25.522388059701388",
      "event_type": "bid",
      "timestamp": 25.522388059701388,
      "agent_id": "P06",
      "price": 124,
      "quantity": 1,
      "counterparty_id": null,
      "order_id": null
    },
    {
      "event_id": "bid_P10_25.522388059701388",
      "event_type": "bid",
      "timestamp": 25.522388059701388,
      "agent_id": "P10",
      "price": 124,
      "quantity": 1,
      "counterparty_id": null,
      "order_id": null
    },
    {
      "event_id": "bid_B09_25.522388059701388",
      "event_type": "bid",
      "timestamp": 25.522388059701388,
      "agent_id": "B09",
      "price": 121,
      "quantity": 1,
      "counterparty_id": null,
      "order_id": null
    },
    {
      "event_id": "bid_P07_25.522388059701388",
      "event_type": "bid",
      "timestamp": 25.522388059701388,
      "agent_id": "P07",
      "price": 120,
      "quantity": 1,
      "counterparty_id": null,
      "order_id": null
    },
    {
      "event_id": "bid_B14_25.522388059701388",
      "event_type": "bid",
      "timestamp": 25.522388059701388,
      "agent_id": "B14",
      "price": 120,
      "quantity": 1,
      "counterparty_id": null,
      "order_id": null
    },
    {
      "event_id": "bid_B10_25.522388059701388",
      "event_type": "bid",
      "timestamp": 25.522388059701388,
      "agent_id": "B10",
      "price": 117,
      "quantity": 1,
      "counterparty_id": null,
      "order_id": null
    },
    {
      "event_id": "bid_B08_25.522388059701388",
      "event_type": "bid",
      "timestamp": 25.522388059701388,
      "agent_id": "B08",
      "price": 113,
      "quantity": 1,
      "counterparty_id": null,
      "order_id": null
    },
    {
      "event_id": "bid_B13_25.522388059701388",
      "event_type": "bid",
      "timestamp": 25.522388059701388,
      "agent_id": "B13",
      "price": 110,
      "quantity": 1,
      "counterparty_id": null,
      "order_id": null
    },
    {
      "event_id": "bid_B02_25.522388059701388",
      "event_type": "bid",
      "timestamp": 25.522388059701388,
      "agent_id": "B02",
      "price": 108,
      "quantity": 1,
      "counterparty_id": null,
      "order_id": null
    },
    {
      "event_id": "bid_B01_25.522388059701388",
      "event_type": "bid",
      "timestamp": 25.522388059701388,
      "agent_id": "B01",
      "price": 91,
      "quantity": 1,
      "counterparty_id": null,
      "order_id": null
    },
    {
      "event_id": "ask_P15_25.522388059701388",
      "event_type": "ask",
      "timestamp": 25.522388059701388,
      "agent_id": "P15",
      "price": 127,
      "quantity": 1,
      "counterparty_id": null,
      "order_id": null
    },
    {
      "event_id": "ask_P01_25.522388059701388",
      "event_type": "ask",
      "timestamp": 25.522388059701388,
      "agent_id": "P01",
      "price": 127,
      "quantity": 1,
      "counterparty_id": null,
      "order_id": null
    },
    {
      "event_id": "ask_P14_25.522388059701388",
      "event_type": "ask",
      "timestamp": 25.522388059701388,
      "agent_id": "P14",
      "price": 127,
      "quantity": 1,
      "counterparty_id": null,
      "order_id": null
    },
    {
      "event_id": "ask_P02_25.522388059701388",
      "event_type": "ask",
      "timestamp": 25.522388059701388,
      "agent_id": "P02",
      "price": 129,
      "quantity": 1,
      "counterparty_id": null,
      "order_id": null
    },
    {
      "event_id": "ask_P12_25.522388059701388",
      "event_type": "ask",
      "timestamp": 25.522388059701388,
      "agent_id": "P12",
      "price": 130,
      "quantity": 1,
      "counterparty_id": null,
      "order_id": null
    },
    {
      "event_id": "ask_P08_25.522388059701388",
      "event_type": "ask",
      "timestamp": 25.522388059701388,
      "agent_id": "P08",
      "price": 130,
      "quantity": 1,
      "counterparty_id": null,
      "order_id": null
    },
    {
      "event_id": "ask_P18_25.522388059701388",
      "event_type": "ask",
      "timestamp": 25.522388059701388,
      "agent_id": "P18",
      "price": 130,
      "quantity": 1,
      "counterparty_id": null,
      "order_id": null
    },
    {
      "event_id": "ask_S04_25.522388059701388",
      "event_type": "ask",
      "timestamp": 25.522388059701388,
      "agent_id": "S04",
      "price": 132,
      "quantity": 1,
      "counterparty_id": null,
      "order_id": null
    },
    {
      "event_id": "ask_S14_25.522388059701388",
      "event_type": "ask",
      "timestamp": 25.522388059701388,
      "agent_id": "S14",
      "price": 133,
      "quantity": 1,
      "counterparty_id": null,
      "order_id": null
    },
    {
      "event_id": "ask_S00_25.522388059701388",
      "event_type": "ask",
      "timestamp": 25.522388059701388,
      "agent_id": "S00",
      "price": 143,
      "quantity": 1,
      "counterparty_id": null,
      "order_id": null
    },
    {
      "event_id": "ask_S22_25.522388059701388",
      "event_type": "ask",
      "timestamp": 25.522388059701388,
      "agent_id": "S22",
      "price": 152,
      "quantity": 1,
      "counterparty_id": null,
      "order_id": null
    },
    {
      "event_id": "ask_S19_25.522388059701388",
      "event_type": "ask",
      "timestamp": 25.522388059701388,
      "agent_id": "S19",
      "price": 172,
      "quantity": 1,
      "counterparty_id": null,
      "order_id": null
    },
    {
      "event_id": "ask_S13_25.522388059701388",
      "event_type": "ask",
      "timestamp": 25.522388059701388,
      "agent_id": "S13",
      "price": 175,
      "quantity": 1,
      "counterparty_id": null,
      "order_id": null
    },
    {
      "event_id": "bid_P04_30.597014925373",
      "event_type": "bid",
      "timestamp": 30.597014925373,
      "agent_id": "P04",
      "price": 124,
      "quantity": 1,
      "counterparty_id": null,
      "order_id": null
    },
    {
      "event_id": "bid_B09_30.597014925373",
      "event_type": "bid",
      "timestamp": 30.597014925373,
      "agent_id": "B09",
      "price": 121,
      "quantity": 1,
      "counterparty_id": null,
      "order_id": null
    },
    {
      "event_id": "bid_P07_30.597014925373",
      "event_type": "bid",
      "timestamp": 30.597014925373,
      "agent_id": "P07",
      "price": 120,
      "quantity": 1,
      "counterparty_id": null,
      "order_id": null
    },
    {
      "event_id": "bid_B14_30.597014925373",
      "event_type": "bid",
      "timestamp": 30.597014925373,
      "agent_id": "B14",
      "price": 120,
      "quantity": 1,
      "counterparty_id": null,
      "order_id": null
    },
    {
      "event_id": "bid_B21_30.597014925373",
      "event_type": "bid",
      "timestamp": 30.597014925373,
      "agent_id": "B21",
      "price": 120,
      "quantity": 1,
      "counterparty_id": null,
      "order_id": null
    },
    {
      "event_id": "bid_B22_30.597014925373",
      "event_type": "bid",
      "timestamp": 30.597014925373,
      "agent_id": "B22",
      "price": 112,
      "quantity": 1,
      "counterparty_id": null,
      "order_id": null
    },
    {
      "event_id": "bid_B03_30.597014925373",
      "event_type": "bid",
      "timestamp": 30.597014925373,
      "agent_id": "B03",
      "price": 103,
      "quantity": 1,
      "counterparty_id": null,
      "order_id": null
    },
    {
      "event_id": "ask_P15_30.597014925373",
      "event_type": "ask",
      "timestamp": 30.597014925373,
      "agent_id": "P15",
      "price": 127,
      "quantity": 1,
      "counterparty_id": null,
      "order_id": null
    },
    {
      "event_id": "ask_P01_30.597014925373",
      "event_type": "ask",
      "timestamp": 30.597014925373,
      "agent_id": "P01",
      "price": 127,
      "quantity": 1,
      "counterparty_id": null,
      "order_id": null
    },
    {
      "event_id": "ask_P14_30.597014925373",
      "event_type": "ask",
      "timestamp": 30.597014925373,
      "agent_id": "P14",
      "price": 127,
      "quantity": 1,
      "counterparty_id": null,
      "order_id": null
    },
    {
      "event_id": "ask_S17_30.597014925373",
      "event_type": "ask",
      "timestamp": 30.597014925373,
      "agent_id": "S17",
      "price": 127,
      "quantity": 1,
      "counterparty_id": null,
      "order_id": null
    },
    {
      "event_id": "ask_P02_30.597014925373",
      "event_type": "ask",
      "timestamp": 30.597014925373,
      "agent_id": "P02",
      "price": 129,
      "quantity": 1,
      "counterparty_id": null,
      "order_id": null
    },
    {
      "event_id": "ask_P12_30.597014925373",
      "event_type": "ask",
      "timestamp": 30.597014925373,
      "agent_id": "P12",
      "price": 130,
      "quantity": 1,
      "counterparty_id": null,
      "order_id": null
    },
    {
      "event_id": "ask_P08_30.597014925373",
      "event_type": "ask",
      "timestamp": 30.597014925373,
      "agent_id": "P08",
      "price": 130,
      "quantity": 1,
      "counterparty_id": null,
      "order_id": null
    },
    {
      "event_id": "ask_P18_30.597014925373",
      "event_type": "ask",
      "timestamp": 30.597014925373,
      "agent_id": "P18",
      "price": 130,
      "quantity": 1,
      "counterparty_id": null,
      "order_id": null
    },
    {
      "event_id": "ask_S13_30.597014925373",
      "event_type": "ask",
      "timestamp": 30.597014925373,
      "agent_id": "S13",
      "price": 130,
      "quantity": 1,
      "counterparty_id": null,
      "order_id": null
    },
    {
      "event_id": "ask_S04_30.597014925373",
      "event_type": "ask",
      "timestamp": 30.597014925373,
      "agent_id": "S04",
      "price": 132,
      "quantity": 1,
      "counterparty_id": null,
      "order_id": null
    },
    {
      "event_id": "ask_S14_30.597014925373",
      "event_type": "ask",
      "timestamp": 30.597014925373,
      "agent_id": "S14",
      "price": 133,
      "quantity": 1,
      "counterparty_id": null,
      "order_id": null
    },
    {
      "event_id": "ask_S05_30.597014925373",
      "event_type": "ask",
      "timestamp": 30.597014925373,
      "agent_id": "S05",
      "price": 138,
      "quantity": 1,
      "counterparty_id": null,
      "order_id": null
    },
    {
      "event_id": "ask_S00_30.597014925373",
      "event_type": "ask",
      "timestamp": 30.597014925373,
      "agent_id": "S00",
      "price": 143,
      "quantity": 1,
      "counterparty_id": null,
      "order_id": null
    },
    {
      "event_id": "ask_S22_30.597014925373",
      "event_type": "ask",
      "timestamp": 30.597014925373,
      "agent_id": "S22",
      "price": 146,
      "quantity": 1,
      "counterparty_id": null,
      "order_id": null
    },
    {
      "event_id": "ask_S19_30.597014925373",
      "event_type": "ask",
      "timestamp": 30.597014925373,
      "agent_id": "S19",
      "price": 172,
      "quantity": 1,
      "counterparty_id": null,
      "order_id": null
    },
    {
      "event_id": "ask_S20_30.597014925373",
      "event_type": "ask",
      "timestamp": 30.597014925373,
      "agent_id": "S20",
      "price": 180,
      "quantity": 1,
      "counterparty_id": null,
      "order_id": null
    }
  ]
}
2025-10-10 18:39:09 | HM_NL_NOCOT_P20 | ================================================================================
2025-10-10 18:39:09 | HM_NL_NOCOT_P20 | [AGENTS-TRACKED] Currently tracking 51 agents: ['P20', 'P17', 'P02', 'P01', 'P08', 'P07', 'B11', 'B19', 'S06', 'S02', 'S07', 'B13', 'B05', 'B02', 'B07', 'B09', 'B04', 'S03', 'S12', 'S20', 'P14', 'P09', 'B06', 'B20', 'B10', 'S04', 'P12', 'P18', 'P16', 'P19', 'B15', 'B21', 'B08', 'B14', 'B18', 'S15', 'P15', 'P00', 'P06', 'P10', 'B01', 'S14', 'S00', 'S22', 'S19', 'S13', 'P04', 'B22', 'B03', 'S17', 'S05']
2025-10-10 18:43:37 | HM_NL_NOCOT_P20 | [GETORDER] Called at time 33.9, job=Buy, balance=$501
2025-10-10 18:43:37 | HM_NL_NOCOT_P20 | === LLM PROMPT AT TIME 33.880597014925264 ===
2025-10-10 18:43:37 | HM_NL_NOCOT_P20 | ================================================================================
2025-10-10 18:43:37 | HM_NL_NOCOT_P20 | 
You are a proprietary trader looking to BUY a unit.

MARKET DATA:
Time: 33.9
Best Bid: 120
Best Ask: 127
Spread: 7
Recent prices: [127, 127, 127, 124, 126]
Average recent price: $126.2

MY CURRENT STATE:
Balance: $501
Current job: Buy
Inventory: 0 units
Last purchase price: $124
Number of completed trades: 2



MARKET EDUCATION:
- Price ranges typically between $1-$500 in this market
- The market operates as a continuous double auction with a limit order book
- Orders are matched when bid prices meet or exceed ask prices
- You can place BID orders (to buy) or ASK orders (to sell)

HOW ORDER BOOKS WORK:
- To BUY: Place a BID order at your desired price
  - If sellers exist at/below your bid price → immediate execution
  - If no sellers at your price → your bid waits on the order book
  - Higher bids are more likely to execute quickly

- To SELL: Place an ASK order at your desired price
  - If buyers exist at/above your ask price → immediate execution
  - If no buyers at your price → your ask waits on the order book
  - Lower asks are more likely to execute quickly

TRADING PRINCIPLES:
- "Buy low, sell high" means buying below recent average prices when possible
- Risk management: avoid spending your entire balance on one trade
- Learn from history: if recent trades lost money, consider what went wrong
- Liquidity: sometimes waiting for better prices is smarter than forcing trades
- Analyze other traders' activity patterns and draw your own conclusions



BELIEF GRAPH INSIGHTS (Natural Language):
The belief graph represents your understanding of market dynamics and other agents' strategies.

Current market beliefs:
My trading attributes: {'aggressiveness': 0.6, 'learning_rate': 0.6, 'hypothesis_threshold': 0.3, 'exploration_rate': 0.5, 'adaptability': 0.7, 'strategic_depth': 0.8}

Tracking 51 agents
  - Agent P20
  - Agent P17
  - Agent P02
  - Agent P01
  - Agent P08
  - Agent P07
  - Agent B11
  - Agent B19
  - Agent S06
  - Agent S02
  - Agent S07
  - Agent B13
  - Agent B05
  - Agent B02
  - Agent B07
  - Agent B09
  - Agent B04
  - Agent S03
  - Agent S12
  - Agent S20
  - Agent P14
  - Agent P09
  - Agent B06
  - Agent B20
  - Agent B10
  - Agent S04
  - Agent P12
  - Agent P18
  - Agent P16
  - Agent P19
  - Agent B15
  - Agent B21
  - Agent B08
  - Agent B14
  - Agent B18
  - Agent S15
  - Agent P15
  - Agent P00
  - Agent P06
  - Agent P10
  - Agent B01
  - Agent S14
  - Agent S00
  - Agent S22
  - Agent S19
  - Agent S13
  - Agent P04
  - Agent B22
  - Agent B03
  - Agent S17
  - Agent S05

This narrative describes:
- How aggressive or passive other traders are behaving
- What strategies you believe they are following
- Overall market sentiment and direction
- Your assessment of current market risks
- How confident you are in your understanding of each agent

Use these insights to inform your trading decisions.


GRAPH QUALITY: BASIC
You have limited information about market participants.
Belief graph data is based on observations and may contain uncertainties.


CURRENT SITUATION: You currently have NO INVENTORY and are looking to BUY a unit.

YOUR GOAL: Make a profitable trade. End with MORE money than you started with.



Respond with ONLY:
"BUY [exact_price]" - to place a bid at that price
"WAIT" - to wait for better conditions


Respond ONLY with your decision. No explanation needed.


2025-10-10 18:43:37 | HM_NL_NOCOT_P20 | ================================================================================
2025-10-10 18:43:37 | HM_NL_NOCOT_P20 | === RAW LLM RESPONSE ===
2025-10-10 18:43:37 | HM_NL_NOCOT_P20 | BUY 120
2025-10-10 18:43:37 | HM_NL_NOCOT_P20 | ================================================================================
2025-10-10 18:43:37 | HM_NL_NOCOT_P20 | === PARSED DECISION ===
2025-10-10 18:43:37 | HM_NL_NOCOT_P20 | Action: BUY
2025-10-10 18:43:37 | HM_NL_NOCOT_P20 | Price: 120
2025-10-10 18:43:37 | HM_NL_NOCOT_P20 | Reasoning: BUY 120
2025-10-10 18:43:37 | HM_NL_NOCOT_P20 | Current Job: Buy
2025-10-10 18:43:37 | HM_NL_NOCOT_P20 | Balance: $501.00
2025-10-10 18:43:37 | HM_NL_NOCOT_P20 | Inventory: 0
2025-10-10 18:47:23 | HM_NL_NOCOT_P20 | [BELIEF-THROTTLE] P13: Running belief graph update at time 35.8
2025-10-10 18:47:23 | HM_NL_NOCOT_P20 | [UPDATE-SUMMARY] Processed 15 market events at time 35.8
2025-10-10 18:47:23 | HM_NL_NOCOT_P20 | === BELIEF GRAPH STATE AT TIME 35.8 ===
2025-10-10 18:47:23 | HM_NL_NOCOT_P20 | {
  "graph_id": "f5b42db1-423d-4188-b050-2c98ca6efd4a",
  "asset_id": "BSE_ASSET",
  "current_time": 35.820895522387985,
  "nodes": {
    "BSE_ASSET": {
      "asset_id": "BSE_ASSET",
      "node_type": "asset",
      "current_best_bid": null,
      "current_best_ask": null,
      "last_trade_price": null,
      "volume_traded": 0,
      "price_volatility": 0.0,
      "spread_width": null,
      "market_depth_bid": 0,
      "market_depth_ask": 0
    },
    "P20": {
      "agent_id": "P20",
      "node_type": "agent",
      "last_bid_price": 124,
      "last_ask_price": null,
      "last_trade_price": null,
      "total_trades": 0,
      "total_volume": 0,
      "strategy_type": "Hypothetical-Minds",
      "inferred_valuation": 124.0,
      "valuation_confidence": 0.2,
      "aggressiveness_score": 0.6,
      "last_activity": 15.373134328358166
    },
    "P17": {
      "agent_id": "P17",
      "node_type": "agent",
      "last_bid_price": 130,
      "last_ask_price": null,
      "last_trade_price": null,
      "total_trades": 0,
      "total_volume": 0,
      "strategy_type": null,
      "inferred_valuation": 130,
      "valuation_confidence": 0.1,
      "aggressiveness_score": 0.0,
      "last_activity": 5.074626865671641
    },
    "P02": {
      "agent_id": "P02",
      "node_type": "agent",
      "last_bid_price": 128,
      "last_ask_price": 129,
      "last_trade_price": null,
      "total_trades": 0,
      "total_volume": 0,
      "strategy_type": null,
      "inferred_valuation": 128.83192999999997,
      "valuation_confidence": 0.6,
      "aggressiveness_score": 0.0,
      "last_activity": 35.820895522387985
    },
    "P01": {
      "agent_id": "P01",
      "node_type": "agent",
      "last_bid_price": 128,
      "last_ask_price": 127,
      "last_trade_price": null,
      "total_trades": 0,
      "total_volume": 0,
      "strategy_type": null,
      "inferred_valuation": 127.34299999999999,
      "valuation_confidence": 0.4,
      "aggressiveness_score": 0.0,
      "last_activity": 30.597014925373
    },
    "P08": {
      "agent_id": "P08",
      "node_type": "agent",
      "last_bid_price": 127,
      "last_ask_price": 130,
      "last_trade_price": null,
      "total_trades": 0,
      "total_volume": 0,
      "strategy_type": null,
      "inferred_valuation": 129.49579,
      "valuation_confidence": 0.6,
      "aggressiveness_score": 0.0,
      "last_activity": 35.820895522387985
    },
    "P07": {
      "agent_id": "P07",
      "node_type": "agent",
      "last_bid_price": 120,
      "last_ask_price": null,
      "last_trade_price": null,
      "total_trades": 0,
      "total_volume": 0,
      "strategy_type": null,
      "inferred_valuation": 120.0,
      "valuation_confidence": 0.7,
      "aggressiveness_score": 0.0,
      "last_activity": 35.820895522387985
    },
    "B11": {
      "agent_id": "B11",
      "node_type": "agent",
      "last_bid_price": 111,
      "last_ask_price": null,
      "last_trade_price": null,
      "total_trades": 0,
      "total_volume": 0,
      "strategy_type": null,
      "inferred_valuation": 110.99999999999999,
      "valuation_confidence": 0.2,
      "aggressiveness_score": 0.0,
      "last_activity": 10.298507462686555
    },
    "B19": {
      "agent_id": "B19",
      "node_type": "agent",
      "last_bid_price": 124,
      "last_ask_price": null,
      "last_trade_price": null,
      "total_trades": 0,
      "total_volume": 0,
      "strategy_type": null,
      "inferred_valuation": 114.19999999999999,
      "valuation_confidence": 0.2,
      "aggressiveness_score": 0.0,
      "last_activity": 10.298507462686555
    },
    "S06": {
      "agent_id": "S06",
      "node_type": "agent",
      "last_bid_price": null,
      "last_ask_price": 147,
      "last_trade_price": null,
      "total_trades": 0,
      "total_volume": 0,
      "strategy_type": null,
      "inferred_valuation": 136.5,
      "valuation_confidence": 0.2,
      "aggressiveness_score": 0.0,
      "last_activity": 35.820895522387985
    },
    "S02": {
      "agent_id": "S02",
      "node_type": "agent",
      "last_bid_price": null,
      "last_ask_price": 129,
      "last_trade_price": null,
      "total_trades": 0,
      "total_volume": 0,
      "strategy_type": null,
      "inferred_valuation": 131.58999999999997,
      "valuation_confidence": 0.30000000000000004,
      "aggressiveness_score": 0.0,
      "last_activity": 15.373134328358166
    },
    "S07": {
      "agent_id": "S07",
      "node_type": "agent",
      "last_bid_price": null,
      "last_ask_price": 210,
      "last_trade_price": null,
      "total_trades": 0,
      "total_volume": 0,
      "strategy_type": null,
      "inferred_valuation": 340.94199999999995,
      "valuation_confidence": 0.4,
      "aggressiveness_score": 0.0,
      "last_activity": 35.820895522387985
    },
    "B13": {
      "agent_id": "B13",
      "node_type": "agent",
      "last_bid_price": 110,
      "last_ask_price": null,
      "last_trade_price": null,
      "total_trades": 0,
      "total_volume": 0,
      "strategy_type": null,
      "inferred_valuation": 105.1,
      "valuation_confidence": 0.4,
      "aggressiveness_score": 0.0,
      "last_activity": 25.522388059701388
    },
    "B05": {
      "agent_id": "B05",
      "node_type": "agent",
      "last_bid_price": 93,
      "last_ask_price": null,
      "last_trade_price": null,
      "total_trades": 0,
      "total_volume": 0,
      "strategy_type": null,
      "inferred_valuation": 95.94,
      "valuation_confidence": 0.30000000000000004,
      "aggressiveness_score": 0.0,
      "last_activity": 20.447761194029777
    },
    "B02": {
      "agent_id": "B02",
      "node_type": "agent",
      "last_bid_price": 108,
      "last_ask_price": null,
      "last_trade_price": null,
      "total_trades": 0,
      "total_volume": 0,
      "strategy_type": null,
      "inferred_valuation": 94.329,
      "valuation_confidence": 0.4,
      "aggressiveness_score": 0.0,
      "last_activity": 25.522388059701388
    },
    "B07": {
      "agent_id": "B07",
      "node_type": "agent",
      "last_bid_price": 98,
      "last_ask_price": null,
      "last_trade_price": null,
      "total_trades": 0,
      "total_volume": 0,
      "strategy_type": null,
      "inferred_valuation": 98.0,
      "valuation_confidence": 0.2,
      "aggressiveness_score": 0.0,
      "last_activity": 15.373134328358166
    },
    "B09": {
      "agent_id": "B09",
      "node_type": "agent",
      "last_bid_price": 121,
      "last_ask_price": null,
      "last_trade_price": null,
      "total_trades": 0,
      "total_volume": 0,
      "strategy_type": null,
      "inferred_valuation": 101.88999999999999,
      "valuation_confidence": 0.30000000000000004,
      "aggressiveness_score": 0.0,
      "last_activity": 30.597014925373
    },
    "B04": {
      "agent_id": "B04",
      "node_type": "agent",
      "last_bid_price": 82,
      "last_ask_price": null,
      "last_trade_price": null,
      "total_trades": 0,
      "total_volume": 0,
      "strategy_type": null,
      "inferred_valuation": 82.0,
      "valuation_confidence": 0.2,
      "aggressiveness_score": 0.0,
      "last_activity": 15.373134328358166
    },
    "S03": {
      "agent_id": "S03",
      "node_type": "agent",
      "last_bid_price": null,
      "last_ask_price": 130,
      "last_trade_price": null,
      "total_trades": 0,
      "total_volume": 0,
      "strategy_type": null,
      "inferred_valuation": 130,
      "valuation_confidence": 0.1,
      "aggressiveness_score": 0.0,
      "last_activity": 10.298507462686555
    },
    "S12": {
      "agent_id": "S12",
      "node_type": "agent",
      "last_bid_price": null,
      "last_ask_price": 144,
      "last_trade_price": null,
      "total_trades": 0,
      "total_volume": 0,
      "strategy_type": null,
      "inferred_valuation": 144.0,
      "valuation_confidence": 0.2,
      "aggressiveness_score": 0.0,
      "last_activity": 15.373134328358166
    },
    "S20": {
      "agent_id": "S20",
      "node_type": "agent",
      "last_bid_price": null,
      "last_ask_price": 180,
      "last_trade_price": null,
      "total_trades": 0,
      "total_volume": 0,
      "strategy_type": null,
      "inferred_valuation": 155.07999999999998,
      "valuation_confidence": 0.30000000000000004,
      "aggressiveness_score": 0.0,
      "last_activity": 30.597014925373
    },
    "P14": {
      "agent_id": "P14",
      "node_type": "agent",
      "last_bid_price": 124,
      "last_ask_price": 127,
      "last_trade_price": null,
      "total_trades": 0,
      "total_volume": 0,
      "strategy_type": null,
      "inferred_valuation": 125.53,
      "valuation_confidence": 0.30000000000000004,
      "aggressiveness_score": 0.0,
      "last_activity": 30.597014925373
    },
    "P09": {
      "agent_id": "P09",
      "node_type": "agent",
      "last_bid_price": 124,
      "last_ask_price": null,
      "last_trade_price": null,
      "total_trades": 0,
      "total_volume": 0,
      "strategy_type": null,
      "inferred_valuation": 124,
      "valuation_confidence": 0.1,
      "aggressiveness_score": 0.0,
      "last_activity": 15.373134328358166
    },
    "B06": {
      "agent_id": "B06",
      "node_type": "agent",
      "last_bid_price": 112,
      "last_ask_price": null,
      "last_trade_price": null,
      "total_trades": 0,
      "total_volume": 0,
      "strategy_type": null,
      "inferred_valuation": 112.0,
      "valuation_confidence": 0.2,
      "aggressiveness_score": 0.0,
      "last_activity": 20.447761194029777
    },
    "B20": {
      "agent_id": "B20",
      "node_type": "agent",
      "last_bid_price": 100,
      "last_ask_price": null,
      "last_trade_price": null,
      "total_trades": 0,
      "total_volume": 0,
      "strategy_type": null,
      "inferred_valuation": 100,
      "valuation_confidence": 0.1,
      "aggressiveness_score": 0.0,
      "last_activity": 15.373134328358166
    },
    "B10": {
      "agent_id": "B10",
      "node_type": "agent",
      "last_bid_price": 117,
      "last_ask_price": null,
      "last_trade_price": null,
      "total_trades": 0,
      "total_volume": 0,
      "strategy_type": null,
      "inferred_valuation": 107.69,
      "valuation_confidence": 0.30000000000000004,
      "aggressiveness_score": 0.0,
      "last_activity": 25.522388059701388
    },
    "S04": {
      "agent_id": "S04",
      "node_type": "agent",
      "last_bid_price": null,
      "last_ask_price": 153,
      "last_trade_price": null,
      "total_trades": 0,
      "total_volume": 0,
      "strategy_type": null,
      "inferred_valuation": 137.271,
      "valuation_confidence": 0.4,
      "aggressiveness_score": 0.0,
      "last_activity": 35.820895522387985
    },
    "P12": {
      "agent_id": "P12",
      "node_type": "agent",
      "last_bid_price": null,
      "last_ask_price": 130,
      "last_trade_price": null,
      "total_trades": 0,
      "total_volume": 0,
      "strategy_type": null,
      "inferred_valuation": 130.0,
      "valuation_confidence": 0.4,
      "aggressiveness_score": 0.0,
      "last_activity": 30.597014925373
    },
    "P18": {
      "agent_id": "P18",
      "node_type": "agent",
      "last_bid_price": null,
      "last_ask_price": 130,
      "last_trade_price": null,
      "total_trades": 0,
      "total_volume": 0,
      "strategy_type": null,
      "inferred_valuation": 130.0,
      "valuation_confidence": 0.5,
      "aggressiveness_score": 0.0,
      "last_activity": 35.820895522387985
    },
    "P16": {
      "agent_id": "P16",
      "node_type": "agent",
      "last_bid_price": 124,
      "last_ask_price": null,
      "last_trade_price": null,
      "total_trades": 0,
      "total_volume": 0,
      "strategy_type": null,
      "inferred_valuation": 124,
      "valuation_confidence": 0.1,
      "aggressiveness_score": 0.0,
      "last_activity": 20.447761194029777
    },
    "P19": {
      "agent_id": "P19",
      "node_type": "agent",
      "last_bid_price": 124,
      "last_ask_price": 127,
      "last_trade_price": null,
      "total_trades": 0,
      "total_volume": 0,
      "strategy_type": null,
      "inferred_valuation": 124.9,
      "valuation_confidence": 0.2,
      "aggressiveness_score": 0.0,
      "last_activity": 35.820895522387985
    },
    "B15": {
      "agent_id": "B15",
      "node_type": "agent",
      "last_bid_price": 120,
      "last_ask_price": null,
      "last_trade_price": null,
      "total_trades": 0,
      "total_volume": 0,
      "strategy_type": null,
      "inferred_valuation": 120,
      "valuation_confidence": 0.1,
      "aggressiveness_score": 0.0,
      "last_activity": 20.447761194029777
    },
    "B21": {
      "agent_id": "B21",
      "node_type": "agent",
      "last_bid_price": 120,
      "last_ask_price": null,
      "last_trade_price": null,
      "total_trades": 0,
      "total_volume": 0,
      "strategy_type": null,
      "inferred_valuation": 116.5,
      "valuation_confidence": 0.2,
      "aggressiveness_score": 0.0,
      "last_activity": 30.597014925373
    },
    "B08": {
      "agent_id": "B08",
      "node_type": "agent",
      "last_bid_price": 113,
      "last_ask_price": null,
      "last_trade_price": null,
      "total_trades": 0,
      "total_volume": 0,
      "strategy_type": null,
      "inferred_valuation": 113.0,
      "valuation_confidence": 0.2,
      "aggressiveness_score": 0.0,
      "last_activity": 25.522388059701388
    },
    "B14": {
      "agent_id": "B14",
      "node_type": "agent",
      "last_bid_price": 120,
      "last_ask_price": null,
      "last_trade_price": null,
      "total_trades": 0,
      "total_volume": 0,
      "strategy_type": null,
      "inferred_valuation": 113.63,
      "valuation_confidence": 0.30000000000000004,
      "aggressiveness_score": 0.0,
      "last_activity": 30.597014925373
    },
    "B18": {
      "agent_id": "B18",
      "node_type": "agent",
      "last_bid_price": 104,
      "last_ask_price": null,
      "last_trade_price": null,
      "total_trades": 0,
      "total_volume": 0,
      "strategy_type": null,
      "inferred_valuation": 101.2,
      "valuation_confidence": 0.2,
      "aggressiveness_score": 0.0,
      "last_activity": 35.820895522387985
    },
    "S15": {
      "agent_id": "S15",
      "node_type": "agent",
      "last_bid_price": null,
      "last_ask_price": 127,
      "last_trade_price": null,
      "total_trades": 0,
      "total_volume": 0,
      "strategy_type": null,
      "inferred_valuation": 127,
      "valuation_confidence": 0.1,
      "aggressiveness_score": 0.0,
      "last_activity": 20.447761194029777
    },
    "P15": {
      "agent_id": "P15",
      "node_type": "agent",
      "last_bid_price": null,
      "last_ask_price": 127,
      "last_trade_price": null,
      "total_trades": 0,
      "total_volume": 0,
      "strategy_type": null,
      "inferred_valuation": 127.48999999999998,
      "valuation_confidence": 0.30000000000000004,
      "aggressiveness_score": 0.0,
      "last_activity": 30.597014925373
    },
    "P00": {
      "agent_id": "P00",
      "node_type": "agent",
      "last_bid_price": null,
      "last_ask_price": 129,
      "last_trade_price": null,
      "total_trades": 0,
      "total_volume": 0,
      "strategy_type": null,
      "inferred_valuation": 129,
      "valuation_confidence": 0.1,
      "aggressiveness_score": 0.0,
      "last_activity": 20.447761194029777
    },
    "P06": {
      "agent_id": "P06",
      "node_type": "agent",
      "last_bid_price": 124,
      "last_ask_price": 127,
      "last_trade_price": null,
      "total_trades": 0,
      "total_volume": 0,
      "strategy_type": null,
      "inferred_valuation": 124.9,
      "valuation_confidence": 0.2,
      "aggressiveness_score": 0.0,
      "last_activity": 35.820895522387985
    },
    "P10": {
      "agent_id": "P10",
      "node_type": "agent",
      "last_bid_price": 124,
      "last_ask_price": null,
      "last_trade_price": null,
      "total_trades": 0,
      "total_volume": 0,
      "strategy_type": null,
      "inferred_valuation": 124,
      "valuation_confidence": 0.1,
      "aggressiveness_score": 0.0,
      "last_activity": 25.522388059701388
    },
    "B01": {
      "agent_id": "B01",
      "node_type": "agent",
      "last_bid_price": 91,
      "last_ask_price": null,
      "last_trade_price": null,
      "total_trades": 0,
      "total_volume": 0,
      "strategy_type": null,
      "inferred_valuation": 91,
      "valuation_confidence": 0.1,
      "aggressiveness_score": 0.0,
      "last_activity": 25.522388059701388
    },
    "S14": {
      "agent_id": "S14",
      "node_type": "agent",
      "last_bid_price": null,
      "last_ask_price": 133,
      "last_trade_price": null,
      "total_trades": 0,
      "total_volume": 0,
      "strategy_type": null,
      "inferred_valuation": 133.0,
      "valuation_confidence": 0.30000000000000004,
      "aggressiveness_score": 0.0,
      "last_activity": 35.820895522387985
    },
    "S00": {
      "agent_id": "S00",
      "node_type": "agent",
      "last_bid_price": null,
      "last_ask_price": 129,
      "last_trade_price": null,
      "total_trades": 0,
      "total_volume": 0,
      "strategy_type": null,
      "inferred_valuation": 138.79999999999998,
      "valuation_confidence": 0.30000000000000004,
      "aggressiveness_score": 0.0,
      "last_activity": 35.820895522387985
    },
    "S22": {
      "agent_id": "S22",
      "node_type": "agent",
      "last_bid_price": null,
      "last_ask_price": 146,
      "last_trade_price": null,
      "total_trades": 0,
      "total_volume": 0,
      "strategy_type": null,
      "inferred_valuation": 150.2,
      "valuation_confidence": 0.2,
      "aggressiveness_score": 0.0,
      "last_activity": 30.597014925373
    },
    "S19": {
      "agent_id": "S19",
      "node_type": "agent",
      "last_bid_price": null,
      "last_ask_price": 172,
      "last_trade_price": null,
      "total_trades": 0,
      "total_volume": 0,
      "strategy_type": null,
      "inferred_valuation": 172.0,
      "valuation_confidence": 0.2,
      "aggressiveness_score": 0.0,
      "last_activity": 30.597014925373
    },
    "S13": {
      "agent_id": "S13",
      "node_type": "agent",
      "last_bid_price": null,
      "last_ask_price": 130,
      "last_trade_price": null,
      "total_trades": 0,
      "total_volume": 0,
      "strategy_type": null,
      "inferred_valuation": 152.05,
      "valuation_confidence": 0.30000000000000004,
      "aggressiveness_score": 0.0,
      "last_activity": 35.820895522387985
    },
    "P04": {
      "agent_id": "P04",
      "node_type": "agent",
      "last_bid_price": 124,
      "last_ask_price": null,
      "last_trade_price": null,
      "total_trades": 0,
      "total_volume": 0,
      "strategy_type": null,
      "inferred_valuation": 124,
      "valuation_confidence": 0.1,
      "aggressiveness_score": 0.0,
      "last_activity": 30.597014925373
    },
    "B22": {
      "agent_id": "B22",
      "node_type": "agent",
      "last_bid_price": 112,
      "last_ask_price": null,
      "last_trade_price": null,
      "total_trades": 0,
      "total_volume": 0,
      "strategy_type": null,
      "inferred_valuation": 112,
      "valuation_confidence": 0.1,
      "aggressiveness_score": 0.0,
      "last_activity": 30.597014925373
    },
    "B03": {
      "agent_id": "B03",
      "node_type": "agent",
      "last_bid_price": 103,
      "last_ask_price": null,
      "last_trade_price": null,
      "total_trades": 0,
      "total_volume": 0,
      "strategy_type": null,
      "inferred_valuation": 103.0,
      "valuation_confidence": 0.2,
      "aggressiveness_score": 0.0,
      "last_activity": 35.820895522387985
    },
    "S17": {
      "agent_id": "S17",
      "node_type": "agent",
      "last_bid_price": null,
      "last_ask_price": 127,
      "last_trade_price": null,
      "total_trades": 0,
      "total_volume": 0,
      "strategy_type": null,
      "inferred_valuation": 127,
      "valuation_confidence": 0.1,
      "aggressiveness_score": 0.0,
      "last_activity": 30.597014925373
    },
    "S05": {
      "agent_id": "S05",
      "node_type": "agent",
      "last_bid_price": null,
      "last_ask_price": 134,
      "last_trade_price": null,
      "total_trades": 0,
      "total_volume": 0,
      "strategy_type": null,
      "inferred_valuation": 136.79999999999998,
      "valuation_confidence": 0.2,
      "aggressiveness_score": 0.0,
      "last_activity": 35.820895522387985
    }
  },
  "edges": {
    "b918a6af-7c13-43a2-a0b3-cea8deee488b": {
      "edge_id": "b918a6af-7c13-43a2-a0b3-cea8deee488b",
      "source_node": "BSE_ASSET",
      "target_node": "P20",
      "belief_type": "strategy",
      "confidence": 0.1,
      "value": "unknown",
      "timestamp": 0.0,
      "evidence_count": 0
    },
    "303c14ba-b068-4a89-8a60-defc4b1e19de": {
      "edge_id": "303c14ba-b068-4a89-8a60-defc4b1e19de",
      "source_node": "BSE_ASSET",
      "target_node": "P20",
      "belief_type": "valuation",
      "confidence": 0.2,
      "value": 124.0,
      "timestamp": 15.373134328358166,
      "evidence_count": 2
    },
    "46f2d92a-3c74-4b1a-b173-2b2212adf83c": {
      "edge_id": "46f2d92a-3c74-4b1a-b173-2b2212adf83c",
      "source_node": "BSE_ASSET",
      "target_node": "P17",
      "belief_type": "strategy",
      "confidence": 0.1,
      "value": "unknown",
      "timestamp": 0.0,
      "evidence_count": 0
    },
    "f921b8b4-4eba-4e50-93e0-e95822fb9ef8": {
      "edge_id": "f921b8b4-4eba-4e50-93e0-e95822fb9ef8",
      "source_node": "BSE_ASSET",
      "target_node": "P17",
      "belief_type": "valuation",
      "confidence": 0.1,
      "value": 130,
      "timestamp": 5.074626865671641,
      "evidence_count": 1
    },
    "b96a29db-e77d-44ee-8059-3397e9c5601e": {
      "edge_id": "b96a29db-e77d-44ee-8059-3397e9c5601e",
      "source_node": "BSE_ASSET",
      "target_node": "P02",
      "belief_type": "strategy",
      "confidence": 0.1,
      "value": "unknown",
      "timestamp": 5.074626865671641,
      "evidence_count": 0
    },
    "59cd6533-d095-47a0-a999-2d2a45b4fb3c": {
      "edge_id": "59cd6533-d095-47a0-a999-2d2a45b4fb3c",
      "source_node": "BSE_ASSET",
      "target_node": "P02",
      "belief_type": "valuation",
      "confidence": 0.6,
      "value": 128.83192999999997,
      "timestamp": 35.820895522387985,
      "evidence_count": 6
    },
    "9f7f9b90-cb25-420d-8903-ef32e5fd69d6": {
      "edge_id": "9f7f9b90-cb25-420d-8903-ef32e5fd69d6",
      "source_node": "BSE_ASSET",
      "target_node": "P01",
      "belief_type": "strategy",
      "confidence": 0.1,
      "value": "unknown",
      "timestamp": 5.074626865671641,
      "evidence_count": 0
    },
    "eab81edb-d297-421f-b249-fd3ef80e2056": {
      "edge_id": "eab81edb-d297-421f-b249-fd3ef80e2056",
      "source_node": "BSE_ASSET",
      "target_node": "P01",
      "belief_type": "valuation",
      "confidence": 0.4,
      "value": 127.34299999999999,
      "timestamp": 30.597014925373,
      "evidence_count": 4
    },
    "48144e52-4aa2-47b1-a45a-932ef7c670d4": {
      "edge_id": "48144e52-4aa2-47b1-a45a-932ef7c670d4",
      "source_node": "BSE_ASSET",
      "target_node": "P08",
      "belief_type": "strategy",
      "confidence": 0.1,
      "value": "unknown",
      "timestamp": 5.074626865671641,
      "evidence_count": 0
    },
    "993c8f2d-38a3-4daa-be1c-796f51e579a4": {
      "edge_id": "993c8f2d-38a3-4daa-be1c-796f51e579a4",
      "source_node": "BSE_ASSET",
      "target_node": "P08",
      "belief_type": "valuation",
      "confidence": 0.6,
      "value": 129.49579,
      "timestamp": 35.820895522387985,
      "evidence_count": 6
    },
    "9a254ad7-5b31-4def-878a-768207fd8d17": {
      "edge_id": "9a254ad7-5b31-4def-878a-768207fd8d17",
      "source_node": "BSE_ASSET",
      "target_node": "P07",
      "belief_type": "strategy",
      "confidence": 0.1,
      "value": "unknown",
      "timestamp": 5.074626865671641,
      "evidence_count": 0
    },
    "070ffe6b-b5a2-4ab5-8c3b-7e6c2fe0c1bf": {
      "edge_id": "070ffe6b-b5a2-4ab5-8c3b-7e6c2fe0c1bf",
      "source_node": "BSE_ASSET",
      "target_node": "P07",
      "belief_type": "valuation",
      "confidence": 0.7,
      "value": 120.0,
      "timestamp": 35.820895522387985,
      "evidence_count": 7
    },
    "c9a4a238-3611-4051-80f9-047485bf5906": {
      "edge_id": "c9a4a238-3611-4051-80f9-047485bf5906",
      "source_node": "BSE_ASSET",
      "target_node": "B11",
      "belief_type": "strategy",
      "confidence": 0.1,
      "value": "unknown",
      "timestamp": 5.074626865671641,
      "evidence_count": 0
    },
    "40d99442-6fa1-4596-a57a-d06966692092": {
      "edge_id": "40d99442-6fa1-4596-a57a-d06966692092",
      "source_node": "BSE_ASSET",
      "target_node": "B11",
      "belief_type": "valuation",
      "confidence": 0.2,
      "value": 110.99999999999999,
      "timestamp": 10.298507462686555,
      "evidence_count": 2
    },
    "a5a810b7-3d35-4726-b1da-89f79e7b4d4f": {
      "edge_id": "a5a810b7-3d35-4726-b1da-89f79e7b4d4f",
      "source_node": "BSE_ASSET",
      "target_node": "B19",
      "belief_type": "strategy",
      "confidence": 0.1,
      "value": "unknown",
      "timestamp": 5.074626865671641,
      "evidence_count": 0
    },
    "1c4936cf-9e99-4138-9717-ee8bb61b39f4": {
      "edge_id": "1c4936cf-9e99-4138-9717-ee8bb61b39f4",
      "source_node": "BSE_ASSET",
      "target_node": "B19",
      "belief_type": "valuation",
      "confidence": 0.2,
      "value": 114.19999999999999,
      "timestamp": 10.298507462686555,
      "evidence_count": 2
    },
    "111dd868-7338-442c-9b81-1532ff51c8fd": {
      "edge_id": "111dd868-7338-442c-9b81-1532ff51c8fd",
      "source_node": "BSE_ASSET",
      "target_node": "S06",
      "belief_type": "strategy",
      "confidence": 0.1,
      "value": "unknown",
      "timestamp": 5.074626865671641,
      "evidence_count": 0
    },
    "1b4d8095-dfca-49f7-8ff8-0996301ed50f": {
      "edge_id": "1b4d8095-dfca-49f7-8ff8-0996301ed50f",
      "source_node": "BSE_ASSET",
      "target_node": "S06",
      "belief_type": "valuation",
      "confidence": 0.2,
      "value": 136.5,
      "timestamp": 35.820895522387985,
      "evidence_count": 2
    },
    "aedb378f-17c0-49bd-96ac-f83cc0ae17e1": {
      "edge_id": "aedb378f-17c0-49bd-96ac-f83cc0ae17e1",
      "source_node": "BSE_ASSET",
      "target_node": "S02",
      "belief_type": "strategy",
      "confidence": 0.1,
      "value": "unknown",
      "timestamp": 5.074626865671641,
      "evidence_count": 0
    },
    "b06a34c8-6454-40b0-b3ea-6a45a67a5a7d": {
      "edge_id": "b06a34c8-6454-40b0-b3ea-6a45a67a5a7d",
      "source_node": "BSE_ASSET",
      "target_node": "S02",
      "belief_type": "valuation",
      "confidence": 0.30000000000000004,
      "value": 131.58999999999997,
      "timestamp": 15.373134328358166,
      "evidence_count": 3
    },
    "860336a7-13e7-4eb4-8099-a24fd7ff849d": {
      "edge_id": "860336a7-13e7-4eb4-8099-a24fd7ff849d",
      "source_node": "BSE_ASSET",
      "target_node": "S07",
      "belief_type": "strategy",
      "confidence": 0.1,
      "value": "unknown",
      "timestamp": 5.074626865671641,
      "evidence_count": 0
    },
    "5bd5f62f-27e4-44f1-9ff3-ad5b0bffdfbc": {
      "edge_id": "5bd5f62f-27e4-44f1-9ff3-ad5b0bffdfbc",
      "source_node": "BSE_ASSET",
      "target_node": "S07",
      "belief_type": "valuation",
      "confidence": 0.4,
      "value": 340.94199999999995,
      "timestamp": 35.820895522387985,
      "evidence_count": 4
    },
    "b6650c08-92aa-408f-951a-090faffd130e": {
      "edge_id": "b6650c08-92aa-408f-951a-090faffd130e",
      "source_node": "BSE_ASSET",
      "target_node": "B13",
      "belief_type": "strategy",
      "confidence": 0.1,
      "value": "unknown",
      "timestamp": 10.298507462686555,
      "evidence_count": 0
    },
    "f182a643-786d-4e7e-8b72-9295ae756819": {
      "edge_id": "f182a643-786d-4e7e-8b72-9295ae756819",
      "source_node": "BSE_ASSET",
      "target_node": "B13",
      "belief_type": "valuation",
      "confidence": 0.4,
      "value": 105.1,
      "timestamp": 25.522388059701388,
      "evidence_count": 4
    },
    "2b3cfacd-73e2-42d5-8445-b5e46f034de5": {
      "edge_id": "2b3cfacd-73e2-42d5-8445-b5e46f034de5",
      "source_node": "BSE_ASSET",
      "target_node": "B05",
      "belief_type": "strategy",
      "confidence": 0.1,
      "value": "unknown",
      "timestamp": 10.298507462686555,
      "evidence_count": 0
    },
    "01314030-2d43-405b-a322-81451ba48b77": {
      "edge_id": "01314030-2d43-405b-a322-81451ba48b77",
      "source_node": "BSE_ASSET",
      "target_node": "B05",
      "belief_type": "valuation",
      "confidence": 0.30000000000000004,
      "value": 95.94,
      "timestamp": 20.447761194029777,
      "evidence_count": 3
    },
    "fbe65bcc-99df-49f5-8bed-4680165e67ec": {
      "edge_id": "fbe65bcc-99df-49f5-8bed-4680165e67ec",
      "source_node": "BSE_ASSET",
      "target_node": "B02",
      "belief_type": "strategy",
      "confidence": 0.1,
      "value": "unknown",
      "timestamp": 10.298507462686555,
      "evidence_count": 0
    },
    "f318a6d7-cdd0-4792-87a5-6633df05bfec": {
      "edge_id": "f318a6d7-cdd0-4792-87a5-6633df05bfec",
      "source_node": "BSE_ASSET",
      "target_node": "B02",
      "belief_type": "valuation",
      "confidence": 0.4,
      "value": 94.329,
      "timestamp": 25.522388059701388,
      "evidence_count": 4
    },
    "328af8bb-e593-4c0e-9ff4-0b9d9c856453": {
      "edge_id": "328af8bb-e593-4c0e-9ff4-0b9d9c856453",
      "source_node": "BSE_ASSET",
      "target_node": "B07",
      "belief_type": "strategy",
      "confidence": 0.1,
      "value": "unknown",
      "timestamp": 10.298507462686555,
      "evidence_count": 0
    },
    "82549037-f3b6-40d1-9699-0005dc638208": {
      "edge_id": "82549037-f3b6-40d1-9699-0005dc638208",
      "source_node": "BSE_ASSET",
      "target_node": "B07",
      "belief_type": "valuation",
      "confidence": 0.2,
      "value": 98.0,
      "timestamp": 15.373134328358166,
      "evidence_count": 2
    },
    "59669e35-f847-4182-a127-2230e86c1473": {
      "edge_id": "59669e35-f847-4182-a127-2230e86c1473",
      "source_node": "BSE_ASSET",
      "target_node": "B09",
      "belief_type": "strategy",
      "confidence": 0.1,
      "value": "unknown",
      "timestamp": 10.298507462686555,
      "evidence_count": 0
    },
    "1ad6ed5b-f5d1-484b-b59a-a94d26d36d6c": {
      "edge_id": "1ad6ed5b-f5d1-484b-b59a-a94d26d36d6c",
      "source_node": "BSE_ASSET",
      "target_node": "B09",
      "belief_type": "valuation",
      "confidence": 0.30000000000000004,
      "value": 101.88999999999999,
      "timestamp": 30.597014925373,
      "evidence_count": 3
    },
    "1380fdb1-1818-4cc1-aefe-08fb2a1cd9d9": {
      "edge_id": "1380fdb1-1818-4cc1-aefe-08fb2a1cd9d9",
      "source_node": "BSE_ASSET",
      "target_node": "B04",
      "belief_type": "strategy",
      "confidence": 0.1,
      "value": "unknown",
      "timestamp": 10.298507462686555,
      "evidence_count": 0
    },
    "f088f467-e360-4990-b080-66f0126aec87": {
      "edge_id": "f088f467-e360-4990-b080-66f0126aec87",
      "source_node": "BSE_ASSET",
      "target_node": "B04",
      "belief_type": "valuation",
      "confidence": 0.2,
      "value": 82.0,
      "timestamp": 15.373134328358166,
      "evidence_count": 2
    },
    "39222bf0-e7bb-4aca-b338-0f8b00b02c45": {
      "edge_id": "39222bf0-e7bb-4aca-b338-0f8b00b02c45",
      "source_node": "BSE_ASSET",
      "target_node": "S03",
      "belief_type": "strategy",
      "confidence": 0.1,
      "value": "unknown",
      "timestamp": 10.298507462686555,
      "evidence_count": 0
    },
    "ec233337-c791-48f0-b38c-4a7dddee92ab": {
      "edge_id": "ec233337-c791-48f0-b38c-4a7dddee92ab",
      "source_node": "BSE_ASSET",
      "target_node": "S03",
      "belief_type": "valuation",
      "confidence": 0.1,
      "value": 130,
      "timestamp": 10.298507462686555,
      "evidence_count": 1
    },
    "baaebb3d-6b21-49dc-b44c-2e3fa4fd9068": {
      "edge_id": "baaebb3d-6b21-49dc-b44c-2e3fa4fd9068",
      "source_node": "BSE_ASSET",
      "target_node": "S12",
      "belief_type": "strategy",
      "confidence": 0.1,
      "value": "unknown",
      "timestamp": 10.298507462686555,
      "evidence_count": 0
    },
    "c282c6c6-9f1e-4cda-9761-ca4c4e9966d9": {
      "edge_id": "c282c6c6-9f1e-4cda-9761-ca4c4e9966d9",
      "source_node": "BSE_ASSET",
      "target_node": "S12",
      "belief_type": "valuation",
      "confidence": 0.2,
      "value": 144.0,
      "timestamp": 15.373134328358166,
      "evidence_count": 2
    },
    "5331d844-f81d-4e8d-adbf-d89171abb80d": {
      "edge_id": "5331d844-f81d-4e8d-adbf-d89171abb80d",
      "source_node": "BSE_ASSET",
      "target_node": "S20",
      "belief_type": "strategy",
      "confidence": 0.1,
      "value": "unknown",
      "timestamp": 10.298507462686555,
      "evidence_count": 0
    },
    "f4a215c2-f00e-453a-8924-a7de44b93cd3": {
      "edge_id": "f4a215c2-f00e-453a-8924-a7de44b93cd3",
      "source_node": "BSE_ASSET",
      "target_node": "S20",
      "belief_type": "valuation",
      "confidence": 0.30000000000000004,
      "value": 155.07999999999998,
      "timestamp": 30.597014925373,
      "evidence_count": 3
    },
    "b6c2c14f-66db-456d-898b-529c33bb0874": {
      "edge_id": "b6c2c14f-66db-456d-898b-529c33bb0874",
      "source_node": "BSE_ASSET",
      "target_node": "P14",
      "belief_type": "strategy",
      "confidence": 0.1,
      "value": "unknown",
      "timestamp": 15.373134328358166,
      "evidence_count": 0
    },
    "63fd4add-4079-4c0c-a09c-5239a466f79d": {
      "edge_id": "63fd4add-4079-4c0c-a09c-5239a466f79d",
      "source_node": "BSE_ASSET",
      "target_node": "P14",
      "belief_type": "valuation",
      "confidence": 0.30000000000000004,
      "value": 125.53,
      "timestamp": 30.597014925373,
      "evidence_count": 3
    },
    "fb2aa404-e129-4810-ae27-0661ccefa21d": {
      "edge_id": "fb2aa404-e129-4810-ae27-0661ccefa21d",
      "source_node": "BSE_ASSET",
      "target_node": "P09",
      "belief_type": "strategy",
      "confidence": 0.1,
      "value": "unknown",
      "timestamp": 15.373134328358166,
      "evidence_count": 0
    },
    "ba621ce8-5501-480f-ae00-985ab1e2e317": {
      "edge_id": "ba621ce8-5501-480f-ae00-985ab1e2e317",
      "source_node": "BSE_ASSET",
      "target_node": "P09",
      "belief_type": "valuation",
      "confidence": 0.1,
      "value": 124,
      "timestamp": 15.373134328358166,
      "evidence_count": 1
    },
    "3d310fc7-4eab-4c1a-a456-b8ff23ae5a0c": {
      "edge_id": "3d310fc7-4eab-4c1a-a456-b8ff23ae5a0c",
      "source_node": "BSE_ASSET",
      "target_node": "B06",
      "belief_type": "strategy",
      "confidence": 0.1,
      "value": "unknown",
      "timestamp": 15.373134328358166,
      "evidence_count": 0
    },
    "0914ed3c-dd74-4209-b9f2-34146d817a57": {
      "edge_id": "0914ed3c-dd74-4209-b9f2-34146d817a57",
      "source_node": "BSE_ASSET",
      "target_node": "B06",
      "belief_type": "valuation",
      "confidence": 0.2,
      "value": 112.0,
      "timestamp": 20.447761194029777,
      "evidence_count": 2
    },
    "f8a08b2a-fbd7-4b08-8612-e713b277a69b": {
      "edge_id": "f8a08b2a-fbd7-4b08-8612-e713b277a69b",
      "source_node": "BSE_ASSET",
      "target_node": "B20",
      "belief_type": "strategy",
      "confidence": 0.1,
      "value": "unknown",
      "timestamp": 15.373134328358166,
      "evidence_count": 0
    },
    "fcd9532a-3c9d-426b-96ca-635a217c3e7a": {
      "edge_id": "fcd9532a-3c9d-426b-96ca-635a217c3e7a",
      "source_node": "BSE_ASSET",
      "target_node": "B20",
      "belief_type": "valuation",
      "confidence": 0.1,
      "value": 100,
      "timestamp": 15.373134328358166,
      "evidence_count": 1
    },
    "aae7b4a5-8f2e-413e-84cc-3d338362fa81": {
      "edge_id": "aae7b4a5-8f2e-413e-84cc-3d338362fa81",
      "source_node": "BSE_ASSET",
      "target_node": "B10",
      "belief_type": "strategy",
      "confidence": 0.1,
      "value": "unknown",
      "timestamp": 15.373134328358166,
      "evidence_count": 0
    },
    "118b75e5-c6bd-407f-912a-f1d655254252": {
      "edge_id": "118b75e5-c6bd-407f-912a-f1d655254252",
      "source_node": "BSE_ASSET",
      "target_node": "B10",
      "belief_type": "valuation",
      "confidence": 0.30000000000000004,
      "value": 107.69,
      "timestamp": 25.522388059701388,
      "evidence_count": 3
    },
    "120eed99-77a2-4be1-a14a-f64123058fe7": {
      "edge_id": "120eed99-77a2-4be1-a14a-f64123058fe7",
      "source_node": "BSE_ASSET",
      "target_node": "S04",
      "belief_type": "strategy",
      "confidence": 0.1,
      "value": "unknown",
      "timestamp": 15.373134328358166,
      "evidence_count": 0
    },
    "ac06f8fd-0853-409d-aa3c-47d6c6611948": {
      "edge_id": "ac06f8fd-0853-409d-aa3c-47d6c6611948",
      "source_node": "BSE_ASSET",
      "target_node": "S04",
      "belief_type": "valuation",
      "confidence": 0.4,
      "value": 137.271,
      "timestamp": 35.820895522387985,
      "evidence_count": 4
    },
    "6cc6d820-a32e-4441-93b5-a6d98b03ba80": {
      "edge_id": "6cc6d820-a32e-4441-93b5-a6d98b03ba80",
      "source_node": "BSE_ASSET",
      "target_node": "P12",
      "belief_type": "strategy",
      "confidence": 0.1,
      "value": "unknown",
      "timestamp": 15.373134328358166,
      "evidence_count": 0
    },
    "0fdbafcf-dff6-46b7-8df1-f86047fc1018": {
      "edge_id": "0fdbafcf-dff6-46b7-8df1-f86047fc1018",
      "source_node": "BSE_ASSET",
      "target_node": "P12",
      "belief_type": "valuation",
      "confidence": 0.4,
      "value": 130.0,
      "timestamp": 30.597014925373,
      "evidence_count": 4
    },
    "3742ee78-c311-4ea0-9dff-c612134af1ca": {
      "edge_id": "3742ee78-c311-4ea0-9dff-c612134af1ca",
      "source_node": "BSE_ASSET",
      "target_node": "P18",
      "belief_type": "strategy",
      "confidence": 0.1,
      "value": "unknown",
      "timestamp": 15.373134328358166,
      "evidence_count": 0
    },
    "90e4a7b8-cf2b-437a-8b99-fe00457f7808": {
      "edge_id": "90e4a7b8-cf2b-437a-8b99-fe00457f7808",
      "source_node": "BSE_ASSET",
      "target_node": "P18",
      "belief_type": "valuation",
      "confidence": 0.5,
      "value": 130.0,
      "timestamp": 35.820895522387985,
      "evidence_count": 5
    },
    "c6ec6044-0173-4306-90cf-03b4202f7164": {
      "edge_id": "c6ec6044-0173-4306-90cf-03b4202f7164",
      "source_node": "BSE_ASSET",
      "target_node": "P16",
      "belief_type": "strategy",
      "confidence": 0.1,
      "value": "unknown",
      "timestamp": 15.373134328358166,
      "evidence_count": 0
    },
    "d1f0bc63-54e1-4de4-bc33-19c175f2664d": {
      "edge_id": "d1f0bc63-54e1-4de4-bc33-19c175f2664d",
      "source_node": "BSE_ASSET",
      "target_node": "P16",
      "belief_type": "valuation",
      "confidence": 0.1,
      "value": 124,
      "timestamp": 20.447761194029777,
      "evidence_count": 1
    },
    "cab19619-6634-4e4b-8ecb-14247040b9f2": {
      "edge_id": "cab19619-6634-4e4b-8ecb-14247040b9f2",
      "source_node": "BSE_ASSET",
      "target_node": "P19",
      "belief_type": "strategy",
      "confidence": 0.1,
      "value": "unknown",
      "timestamp": 20.447761194029777,
      "evidence_count": 0
    },
    "739fe5f8-06c5-4b43-bee2-3b3dbae76142": {
      "edge_id": "739fe5f8-06c5-4b43-bee2-3b3dbae76142",
      "source_node": "BSE_ASSET",
      "target_node": "P19",
      "belief_type": "valuation",
      "confidence": 0.2,
      "value": 124.9,
      "timestamp": 35.820895522387985,
      "evidence_count": 2
    },
    "c1d16a53-77a8-477a-ae32-499f8b5acbff": {
      "edge_id": "c1d16a53-77a8-477a-ae32-499f8b5acbff",
      "source_node": "BSE_ASSET",
      "target_node": "B15",
      "belief_type": "strategy",
      "confidence": 0.1,
      "value": "unknown",
      "timestamp": 20.447761194029777,
      "evidence_count": 0
    },
    "7cd0ffa8-c1fc-48bb-a6cf-4a27cc7ea5c5": {
      "edge_id": "7cd0ffa8-c1fc-48bb-a6cf-4a27cc7ea5c5",
      "source_node": "BSE_ASSET",
      "target_node": "B15",
      "belief_type": "valuation",
      "confidence": 0.1,
      "value": 120,
      "timestamp": 20.447761194029777,
      "evidence_count": 1
    },
    "e95a4082-70eb-4ab2-80f8-233de6b543bd": {
      "edge_id": "e95a4082-70eb-4ab2-80f8-233de6b543bd",
      "source_node": "BSE_ASSET",
      "target_node": "B21",
      "belief_type": "strategy",
      "confidence": 0.1,
      "value": "unknown",
      "timestamp": 20.447761194029777,
      "evidence_count": 0
    },
    "fcae9db1-a7bc-4c52-afa2-19d84a39daff": {
      "edge_id": "fcae9db1-a7bc-4c52-afa2-19d84a39daff",
      "source_node": "BSE_ASSET",
      "target_node": "B21",
      "belief_type": "valuation",
      "confidence": 0.2,
      "value": 116.5,
      "timestamp": 30.597014925373,
      "evidence_count": 2
    },
    "49b4fbcf-8e51-4b90-bf40-81fde8ba1cda": {
      "edge_id": "49b4fbcf-8e51-4b90-bf40-81fde8ba1cda",
      "source_node": "BSE_ASSET",
      "target_node": "B08",
      "belief_type": "strategy",
      "confidence": 0.1,
      "value": "unknown",
      "timestamp": 20.447761194029777,
      "evidence_count": 0
    },
    "0c716a04-4b1c-4bdb-9868-5f6b891979a5": {
      "edge_id": "0c716a04-4b1c-4bdb-9868-5f6b891979a5",
      "source_node": "BSE_ASSET",
      "target_node": "B08",
      "belief_type": "valuation",
      "confidence": 0.2,
      "value": 113.0,
      "timestamp": 25.522388059701388,
      "evidence_count": 2
    },
    "3b853478-90f1-45bd-89b4-b8014fc9b38a": {
      "edge_id": "3b853478-90f1-45bd-89b4-b8014fc9b38a",
      "source_node": "BSE_ASSET",
      "target_node": "B14",
      "belief_type": "strategy",
      "confidence": 0.1,
      "value": "unknown",
      "timestamp": 20.447761194029777,
      "evidence_count": 0
    },
    "25718e69-d222-4b52-a216-64f75f01850f": {
      "edge_id": "25718e69-d222-4b52-a216-64f75f01850f",
      "source_node": "BSE_ASSET",
      "target_node": "B14",
      "belief_type": "valuation",
      "confidence": 0.30000000000000004,
      "value": 113.63,
      "timestamp": 30.597014925373,
      "evidence_count": 3
    },
    "6513dc7b-ee4f-4325-8332-c4e26770a89b": {
      "edge_id": "6513dc7b-ee4f-4325-8332-c4e26770a89b",
      "source_node": "BSE_ASSET",
      "target_node": "B18",
      "belief_type": "strategy",
      "confidence": 0.1,
      "value": "unknown",
      "timestamp": 20.447761194029777,
      "evidence_count": 0
    },
    "2408bbf7-5047-4f3e-aff0-a2e4681864e4": {
      "edge_id": "2408bbf7-5047-4f3e-aff0-a2e4681864e4",
      "source_node": "BSE_ASSET",
      "target_node": "B18",
      "belief_type": "valuation",
      "confidence": 0.2,
      "value": 101.2,
      "timestamp": 35.820895522387985,
      "evidence_count": 2
    },
    "c6289dec-863c-475d-b1cd-3f2c6a024316": {
      "edge_id": "c6289dec-863c-475d-b1cd-3f2c6a024316",
      "source_node": "BSE_ASSET",
      "target_node": "S15",
      "belief_type": "strategy",
      "confidence": 0.1,
      "value": "unknown",
      "timestamp": 20.447761194029777,
      "evidence_count": 0
    },
    "111b1098-b979-4cb2-80dc-31f3db073ae7": {
      "edge_id": "111b1098-b979-4cb2-80dc-31f3db073ae7",
      "source_node": "BSE_ASSET",
      "target_node": "S15",
      "belief_type": "valuation",
      "confidence": 0.1,
      "value": 127,
      "timestamp": 20.447761194029777,
      "evidence_count": 1
    },
    "174c87fb-b4a3-4970-8afc-27d3acbeeffd": {
      "edge_id": "174c87fb-b4a3-4970-8afc-27d3acbeeffd",
      "source_node": "BSE_ASSET",
      "target_node": "P15",
      "belief_type": "strategy",
      "confidence": 0.1,
      "value": "unknown",
      "timestamp": 20.447761194029777,
      "evidence_count": 0
    },
    "447c607e-69e3-4392-80ca-ecef61d33682": {
      "edge_id": "447c607e-69e3-4392-80ca-ecef61d33682",
      "source_node": "BSE_ASSET",
      "target_node": "P15",
      "belief_type": "valuation",
      "confidence": 0.30000000000000004,
      "value": 127.48999999999998,
      "timestamp": 30.597014925373,
      "evidence_count": 3
    },
    "7f246894-2053-424d-83f1-3ae63fc3de79": {
      "edge_id": "7f246894-2053-424d-83f1-3ae63fc3de79",
      "source_node": "BSE_ASSET",
      "target_node": "P00",
      "belief_type": "strategy",
      "confidence": 0.1,
      "value": "unknown",
      "timestamp": 20.447761194029777,
      "evidence_count": 0
    },
    "6f32d99d-be50-455c-9227-d5b484e6321d": {
      "edge_id": "6f32d99d-be50-455c-9227-d5b484e6321d",
      "source_node": "BSE_ASSET",
      "target_node": "P00",
      "belief_type": "valuation",
      "confidence": 0.1,
      "value": 129,
      "timestamp": 20.447761194029777,
      "evidence_count": 1
    },
    "3a9046ac-f5d4-4a64-8ee5-225889f9c0fd": {
      "edge_id": "3a9046ac-f5d4-4a64-8ee5-225889f9c0fd",
      "source_node": "BSE_ASSET",
      "target_node": "P06",
      "belief_type": "strategy",
      "confidence": 0.1,
      "value": "unknown",
      "timestamp": 20.447761194029777,
      "evidence_count": 0
    },
    "04c2e8cd-e6b1-4104-8302-7138b88ec748": {
      "edge_id": "04c2e8cd-e6b1-4104-8302-7138b88ec748",
      "source_node": "BSE_ASSET",
      "target_node": "P06",
      "belief_type": "valuation",
      "confidence": 0.2,
      "value": 124.9,
      "timestamp": 35.820895522387985,
      "evidence_count": 2
    },
    "8e27fda1-e109-4c3b-88d1-a5dbd7028765": {
      "edge_id": "8e27fda1-e109-4c3b-88d1-a5dbd7028765",
      "source_node": "BSE_ASSET",
      "target_node": "P10",
      "belief_type": "strategy",
      "confidence": 0.1,
      "value": "unknown",
      "timestamp": 25.522388059701388,
      "evidence_count": 0
    },
    "def93c89-094c-4d48-bddf-1e7c819bf8a5": {
      "edge_id": "def93c89-094c-4d48-bddf-1e7c819bf8a5",
      "source_node": "BSE_ASSET",
      "target_node": "P10",
      "belief_type": "valuation",
      "confidence": 0.1,
      "value": 124,
      "timestamp": 25.522388059701388,
      "evidence_count": 1
    },
    "9570a762-fed5-4faa-b194-fe16b90ecb54": {
      "edge_id": "9570a762-fed5-4faa-b194-fe16b90ecb54",
      "source_node": "BSE_ASSET",
      "target_node": "B01",
      "belief_type": "strategy",
      "confidence": 0.1,
      "value": "unknown",
      "timestamp": 25.522388059701388,
      "evidence_count": 0
    },
    "2d068769-3182-4fc3-904e-5a37fea4da82": {
      "edge_id": "2d068769-3182-4fc3-904e-5a37fea4da82",
      "source_node": "BSE_ASSET",
      "target_node": "B01",
      "belief_type": "valuation",
      "confidence": 0.1,
      "value": 91,
      "timestamp": 25.522388059701388,
      "evidence_count": 1
    },
    "ca9723b6-0838-487e-a1ae-230f8cfd57c1": {
      "edge_id": "ca9723b6-0838-487e-a1ae-230f8cfd57c1",
      "source_node": "BSE_ASSET",
      "target_node": "S14",
      "belief_type": "strategy",
      "confidence": 0.1,
      "value": "unknown",
      "timestamp": 25.522388059701388,
      "evidence_count": 0
    },
    "6f90d1c6-b3ed-43dd-aa57-002d9485a525": {
      "edge_id": "6f90d1c6-b3ed-43dd-aa57-002d9485a525",
      "source_node": "BSE_ASSET",
      "target_node": "S14",
      "belief_type": "valuation",
      "confidence": 0.30000000000000004,
      "value": 133.0,
      "timestamp": 35.820895522387985,
      "evidence_count": 3
    },
    "c68ae023-1f6e-41dd-b58b-dab5083fc266": {
      "edge_id": "c68ae023-1f6e-41dd-b58b-dab5083fc266",
      "source_node": "BSE_ASSET",
      "target_node": "S00",
      "belief_type": "strategy",
      "confidence": 0.1,
      "value": "unknown",
      "timestamp": 25.522388059701388,
      "evidence_count": 0
    },
    "95a669cc-2fc7-4569-8acd-1dfbb8f6708c": {
      "edge_id": "95a669cc-2fc7-4569-8acd-1dfbb8f6708c",
      "source_node": "BSE_ASSET",
      "target_node": "S00",
      "belief_type": "valuation",
      "confidence": 0.30000000000000004,
      "value": 138.79999999999998,
      "timestamp": 35.820895522387985,
      "evidence_count": 3
    },
    "1fe42316-442b-45e2-9ffe-96a392debb48": {
      "edge_id": "1fe42316-442b-45e2-9ffe-96a392debb48",
      "source_node": "BSE_ASSET",
      "target_node": "S22",
      "belief_type": "strategy",
      "confidence": 0.1,
      "value": "unknown",
      "timestamp": 25.522388059701388,
      "evidence_count": 0
    },
    "4f815877-37ab-456d-a133-cac5a18acb32": {
      "edge_id": "4f815877-37ab-456d-a133-cac5a18acb32",
      "source_node": "BSE_ASSET",
      "target_node": "S22",
      "belief_type": "valuation",
      "confidence": 0.2,
      "value": 150.2,
      "timestamp": 30.597014925373,
      "evidence_count": 2
    },
    "7c739886-b414-47d6-bd4b-c3748fb13982": {
      "edge_id": "7c739886-b414-47d6-bd4b-c3748fb13982",
      "source_node": "BSE_ASSET",
      "target_node": "S19",
      "belief_type": "strategy",
      "confidence": 0.1,
      "value": "unknown",
      "timestamp": 25.522388059701388,
      "evidence_count": 0
    },
    "c4c34e9d-0371-43d3-ab77-d97cde596cdd": {
      "edge_id": "c4c34e9d-0371-43d3-ab77-d97cde596cdd",
      "source_node": "BSE_ASSET",
      "target_node": "S19",
      "belief_type": "valuation",
      "confidence": 0.2,
      "value": 172.0,
      "timestamp": 30.597014925373,
      "evidence_count": 2
    },
    "d6b5c5af-1c5e-4663-9194-deb2f3576a43": {
      "edge_id": "d6b5c5af-1c5e-4663-9194-deb2f3576a43",
      "source_node": "BSE_ASSET",
      "target_node": "S13",
      "belief_type": "strategy",
      "confidence": 0.1,
      "value": "unknown",
      "timestamp": 25.522388059701388,
      "evidence_count": 0
    },
    "da38c7dc-6ada-4881-847a-fe73df58054d": {
      "edge_id": "da38c7dc-6ada-4881-847a-fe73df58054d",
      "source_node": "BSE_ASSET",
      "target_node": "S13",
      "belief_type": "valuation",
      "confidence": 0.30000000000000004,
      "value": 152.05,
      "timestamp": 35.820895522387985,
      "evidence_count": 3
    },
    "b832abae-b994-4e8a-8213-718d2dcbfe90": {
      "edge_id": "b832abae-b994-4e8a-8213-718d2dcbfe90",
      "source_node": "BSE_ASSET",
      "target_node": "P04",
      "belief_type": "strategy",
      "confidence": 0.1,
      "value": "unknown",
      "timestamp": 25.522388059701388,
      "evidence_count": 0
    },
    "8c2d2059-fe79-402c-b97d-843f55984b0f": {
      "edge_id": "8c2d2059-fe79-402c-b97d-843f55984b0f",
      "source_node": "BSE_ASSET",
      "target_node": "P04",
      "belief_type": "valuation",
      "confidence": 0.1,
      "value": 124,
      "timestamp": 30.597014925373,
      "evidence_count": 1
    },
    "6bb5dc87-fbca-4cc9-9a7c-83f5090cf1e6": {
      "edge_id": "6bb5dc87-fbca-4cc9-9a7c-83f5090cf1e6",
      "source_node": "BSE_ASSET",
      "target_node": "B22",
      "belief_type": "strategy",
      "confidence": 0.1,
      "value": "unknown",
      "timestamp": 30.597014925373,
      "evidence_count": 0
    },
    "e2822250-5904-40ba-8388-f423beb6b015": {
      "edge_id": "e2822250-5904-40ba-8388-f423beb6b015",
      "source_node": "BSE_ASSET",
      "target_node": "B22",
      "belief_type": "valuation",
      "confidence": 0.1,
      "value": 112,
      "timestamp": 30.597014925373,
      "evidence_count": 1
    },
    "dba18b02-a435-4fa1-bc8b-a83f4a6ad799": {
      "edge_id": "dba18b02-a435-4fa1-bc8b-a83f4a6ad799",
      "source_node": "BSE_ASSET",
      "target_node": "B03",
      "belief_type": "strategy",
      "confidence": 0.1,
      "value": "unknown",
      "timestamp": 30.597014925373,
      "evidence_count": 0
    },
    "6f37e94d-f33d-456a-9bac-cb692b4a8985": {
      "edge_id": "6f37e94d-f33d-456a-9bac-cb692b4a8985",
      "source_node": "BSE_ASSET",
      "target_node": "B03",
      "belief_type": "valuation",
      "confidence": 0.2,
      "value": 103.0,
      "timestamp": 35.820895522387985,
      "evidence_count": 2
    },
    "66696c53-0af5-40e4-8bfe-b0818ef9e0f9": {
      "edge_id": "66696c53-0af5-40e4-8bfe-b0818ef9e0f9",
      "source_node": "BSE_ASSET",
      "target_node": "S17",
      "belief_type": "strategy",
      "confidence": 0.1,
      "value": "unknown",
      "timestamp": 30.597014925373,
      "evidence_count": 0
    },
    "3ba77e1e-526f-434d-a8a8-35657c425e46": {
      "edge_id": "3ba77e1e-526f-434d-a8a8-35657c425e46",
      "source_node": "BSE_ASSET",
      "target_node": "S17",
      "belief_type": "valuation",
      "confidence": 0.1,
      "value": 127,
      "timestamp": 30.597014925373,
      "evidence_count": 1
    },
    "f2d91957-c296-40d7-bb14-915391677c5e": {
      "edge_id": "f2d91957-c296-40d7-bb14-915391677c5e",
      "source_node": "BSE_ASSET",
      "target_node": "S05",
      "belief_type": "strategy",
      "confidence": 0.1,
      "value": "unknown",
      "timestamp": 30.597014925373,
      "evidence_count": 0
    },
    "00aef6de-b612-4631-99a2-b0757555deeb": {
      "edge_id": "00aef6de-b612-4631-99a2-b0757555deeb",
      "source_node": "BSE_ASSET",
      "target_node": "S05",
      "belief_type": "valuation",
      "confidence": 0.2,
      "value": 136.79999999999998,
      "timestamp": 35.820895522387985,
      "evidence_count": 2
    }
  },
  "event_history": [
    {
      "event_id": "ask_P01_25.522388059701388",
      "event_type": "ask",
      "timestamp": 25.522388059701388,
      "agent_id": "P01",
      "price": 127,
      "quantity": 1,
      "counterparty_id": null,
      "order_id": null
    },
    {
      "event_id": "ask_P14_25.522388059701388",
      "event_type": "ask",
      "timestamp": 25.522388059701388,
      "agent_id": "P14",
      "price": 127,
      "quantity": 1,
      "counterparty_id": null,
      "order_id": null
    },
    {
      "event_id": "ask_P02_25.522388059701388",
      "event_type": "ask",
      "timestamp": 25.522388059701388,
      "agent_id": "P02",
      "price": 129,
      "quantity": 1,
      "counterparty_id": null,
      "order_id": null
    },
    {
      "event_id": "ask_P12_25.522388059701388",
      "event_type": "ask",
      "timestamp": 25.522388059701388,
      "agent_id": "P12",
      "price": 130,
      "quantity": 1,
      "counterparty_id": null,
      "order_id": null
    },
    {
      "event_id": "ask_P08_25.522388059701388",
      "event_type": "ask",
      "timestamp": 25.522388059701388,
      "agent_id": "P08",
      "price": 130,
      "quantity": 1,
      "counterparty_id": null,
      "order_id": null
    },
    {
      "event_id": "ask_P18_25.522388059701388",
      "event_type": "ask",
      "timestamp": 25.522388059701388,
      "agent_id": "P18",
      "price": 130,
      "quantity": 1,
      "counterparty_id": null,
      "order_id": null
    },
    {
      "event_id": "ask_S04_25.522388059701388",
      "event_type": "ask",
      "timestamp": 25.522388059701388,
      "agent_id": "S04",
      "price": 132,
      "quantity": 1,
      "counterparty_id": null,
      "order_id": null
    },
    {
      "event_id": "ask_S14_25.522388059701388",
      "event_type": "ask",
      "timestamp": 25.522388059701388,
      "agent_id": "S14",
      "price": 133,
      "quantity": 1,
      "counterparty_id": null,
      "order_id": null
    },
    {
      "event_id": "ask_S00_25.522388059701388",
      "event_type": "ask",
      "timestamp": 25.522388059701388,
      "agent_id": "S00",
      "price": 143,
      "quantity": 1,
      "counterparty_id": null,
      "order_id": null
    },
    {
      "event_id": "ask_S22_25.522388059701388",
      "event_type": "ask",
      "timestamp": 25.522388059701388,
      "agent_id": "S22",
      "price": 152,
      "quantity": 1,
      "counterparty_id": null,
      "order_id": null
    },
    {
      "event_id": "ask_S19_25.522388059701388",
      "event_type": "ask",
      "timestamp": 25.522388059701388,
      "agent_id": "S19",
      "price": 172,
      "quantity": 1,
      "counterparty_id": null,
      "order_id": null
    },
    {
      "event_id": "ask_S13_25.522388059701388",
      "event_type": "ask",
      "timestamp": 25.522388059701388,
      "agent_id": "S13",
      "price": 175,
      "quantity": 1,
      "counterparty_id": null,
      "order_id": null
    },
    {
      "event_id": "bid_P04_30.597014925373",
      "event_type": "bid",
      "timestamp": 30.597014925373,
      "agent_id": "P04",
      "price": 124,
      "quantity": 1,
      "counterparty_id": null,
      "order_id": null
    },
    {
      "event_id": "bid_B09_30.597014925373",
      "event_type": "bid",
      "timestamp": 30.597014925373,
      "agent_id": "B09",
      "price": 121,
      "quantity": 1,
      "counterparty_id": null,
      "order_id": null
    },
    {
      "event_id": "bid_P07_30.597014925373",
      "event_type": "bid",
      "timestamp": 30.597014925373,
      "agent_id": "P07",
      "price": 120,
      "quantity": 1,
      "counterparty_id": null,
      "order_id": null
    },
    {
      "event_id": "bid_B14_30.597014925373",
      "event_type": "bid",
      "timestamp": 30.597014925373,
      "agent_id": "B14",
      "price": 120,
      "quantity": 1,
      "counterparty_id": null,
      "order_id": null
    },
    {
      "event_id": "bid_B21_30.597014925373",
      "event_type": "bid",
      "timestamp": 30.597014925373,
      "agent_id": "B21",
      "price": 120,
      "quantity": 1,
      "counterparty_id": null,
      "order_id": null
    },
    {
      "event_id": "bid_B22_30.597014925373",
      "event_type": "bid",
      "timestamp": 30.597014925373,
      "agent_id": "B22",
      "price": 112,
      "quantity": 1,
      "counterparty_id": null,
      "order_id": null
    },
    {
      "event_id": "bid_B03_30.597014925373",
      "event_type": "bid",
      "timestamp": 30.597014925373,
      "agent_id": "B03",
      "price": 103,
      "quantity": 1,
      "counterparty_id": null,
      "order_id": null
    },
    {
      "event_id": "ask_P15_30.597014925373",
      "event_type": "ask",
      "timestamp": 30.597014925373,
      "agent_id": "P15",
      "price": 127,
      "quantity": 1,
      "counterparty_id": null,
      "order_id": null
    },
    {
      "event_id": "ask_P01_30.597014925373",
      "event_type": "ask",
      "timestamp": 30.597014925373,
      "agent_id": "P01",
      "price": 127,
      "quantity": 1,
      "counterparty_id": null,
      "order_id": null
    },
    {
      "event_id": "ask_P14_30.597014925373",
      "event_type": "ask",
      "timestamp": 30.597014925373,
      "agent_id": "P14",
      "price": 127,
      "quantity": 1,
      "counterparty_id": null,
      "order_id": null
    },
    {
      "event_id": "ask_S17_30.597014925373",
      "event_type": "ask",
      "timestamp": 30.597014925373,
      "agent_id": "S17",
      "price": 127,
      "quantity": 1,
      "counterparty_id": null,
      "order_id": null
    },
    {
      "event_id": "ask_P02_30.597014925373",
      "event_type": "ask",
      "timestamp": 30.597014925373,
      "agent_id": "P02",
      "price": 129,
      "quantity": 1,
      "counterparty_id": null,
      "order_id": null
    },
    {
      "event_id": "ask_P12_30.597014925373",
      "event_type": "ask",
      "timestamp": 30.597014925373,
      "agent_id": "P12",
      "price": 130,
      "quantity": 1,
      "counterparty_id": null,
      "order_id": null
    },
    {
      "event_id": "ask_P08_30.597014925373",
      "event_type": "ask",
      "timestamp": 30.597014925373,
      "agent_id": "P08",
      "price": 130,
      "quantity": 1,
      "counterparty_id": null,
      "order_id": null
    },
    {
      "event_id": "ask_P18_30.597014925373",
      "event_type": "ask",
      "timestamp": 30.597014925373,
      "agent_id": "P18",
      "price": 130,
      "quantity": 1,
      "counterparty_id": null,
      "order_id": null
    },
    {
      "event_id": "ask_S13_30.597014925373",
      "event_type": "ask",
      "timestamp": 30.597014925373,
      "agent_id": "S13",
      "price": 130,
      "quantity": 1,
      "counterparty_id": null,
      "order_id": null
    },
    {
      "event_id": "ask_S04_30.597014925373",
      "event_type": "ask",
      "timestamp": 30.597014925373,
      "agent_id": "S04",
      "price": 132,
      "quantity": 1,
      "counterparty_id": null,
      "order_id": null
    },
    {
      "event_id": "ask_S14_30.597014925373",
      "event_type": "ask",
      "timestamp": 30.597014925373,
      "agent_id": "S14",
      "price": 133,
      "quantity": 1,
      "counterparty_id": null,
      "order_id": null
    },
    {
      "event_id": "ask_S05_30.597014925373",
      "event_type": "ask",
      "timestamp": 30.597014925373,
      "agent_id": "S05",
      "price": 138,
      "quantity": 1,
      "counterparty_id": null,
      "order_id": null
    },
    {
      "event_id": "ask_S00_30.597014925373",
      "event_type": "ask",
      "timestamp": 30.597014925373,
      "agent_id": "S00",
      "price": 143,
      "quantity": 1,
      "counterparty_id": null,
      "order_id": null
    },
    {
      "event_id": "ask_S22_30.597014925373",
      "event_type": "ask",
      "timestamp": 30.597014925373,
      "agent_id": "S22",
      "price": 146,
      "quantity": 1,
      "counterparty_id": null,
      "order_id": null
    },
    {
      "event_id": "ask_S19_30.597014925373",
      "event_type": "ask",
      "timestamp": 30.597014925373,
      "agent_id": "S19",
      "price": 172,
      "quantity": 1,
      "counterparty_id": null,
      "order_id": null
    },
    {
      "event_id": "ask_S20_30.597014925373",
      "event_type": "ask",
      "timestamp": 30.597014925373,
      "agent_id": "S20",
      "price": 180,
      "quantity": 1,
      "counterparty_id": null,
      "order_id": null
    },
    {
      "event_id": "bid_P07_35.820895522387985",
      "event_type": "bid",
      "timestamp": 35.820895522387985,
      "agent_id": "P07",
      "price": 120,
      "quantity": 1,
      "counterparty_id": null,
      "order_id": null
    },
    {
      "event_id": "bid_B18_35.820895522387985",
      "event_type": "bid",
      "timestamp": 35.820895522387985,
      "agent_id": "B18",
      "price": 104,
      "quantity": 1,
      "counterparty_id": null,
      "order_id": null
    },
    {
      "event_id": "bid_B03_35.820895522387985",
      "event_type": "bid",
      "timestamp": 35.820895522387985,
      "agent_id": "B03",
      "price": 103,
      "quantity": 1,
      "counterparty_id": null,
      "order_id": null
    },
    {
      "event_id": "ask_P19_35.820895522387985",
      "event_type": "ask",
      "timestamp": 35.820895522387985,
      "agent_id": "P19",
      "price": 127,
      "quantity": 1,
      "counterparty_id": null,
      "order_id": null
    },
    {
      "event_id": "ask_P06_35.820895522387985",
      "event_type": "ask",
      "timestamp": 35.820895522387985,
      "agent_id": "P06",
      "price": 127,
      "quantity": 1,
      "counterparty_id": null,
      "order_id": null
    },
    {
      "event_id": "ask_P02_35.820895522387985",
      "event_type": "ask",
      "timestamp": 35.820895522387985,
      "agent_id": "P02",
      "price": 129,
      "quantity": 1,
      "counterparty_id": null,
      "order_id": null
    },
    {
      "event_id": "ask_S00_35.820895522387985",
      "event_type": "ask",
      "timestamp": 35.820895522387985,
      "agent_id": "S00",
      "price": 129,
      "quantity": 1,
      "counterparty_id": null,
      "order_id": null
    },
    {
      "event_id": "ask_P08_35.820895522387985",
      "event_type": "ask",
      "timestamp": 35.820895522387985,
      "agent_id": "P08",
      "price": 130,
      "quantity": 1,
      "counterparty_id": null,
      "order_id": null
    },
    {
      "event_id": "ask_P18_35.820895522387985",
      "event_type": "ask",
      "timestamp": 35.820895522387985,
      "agent_id": "P18",
      "price": 130,
      "quantity": 1,
      "counterparty_id": null,
      "order_id": null
    },
    {
      "event_id": "ask_S13_35.820895522387985",
      "event_type": "ask",
      "timestamp": 35.820895522387985,
      "agent_id": "S13",
      "price": 130,
      "quantity": 1,
      "counterparty_id": null,
      "order_id": null
    },
    {
      "event_id": "ask_S14_35.820895522387985",
      "event_type": "ask",
      "timestamp": 35.820895522387985,
      "agent_id": "S14",
      "price": 133,
      "quantity": 1,
      "counterparty_id": null,
      "order_id": null
    },
    {
      "event_id": "ask_S05_35.820895522387985",
      "event_type": "ask",
      "timestamp": 35.820895522387985,
      "agent_id": "S05",
      "price": 134,
      "quantity": 1,
      "counterparty_id": null,
      "order_id": null
    },
    {
      "event_id": "ask_S06_35.820895522387985",
      "event_type": "ask",
      "timestamp": 35.820895522387985,
      "agent_id": "S06",
      "price": 147,
      "quantity": 1,
      "counterparty_id": null,
      "order_id": null
    },
    {
      "event_id": "ask_S04_35.820895522387985",
      "event_type": "ask",
      "timestamp": 35.820895522387985,
      "agent_id": "S04",
      "price": 153,
      "quantity": 1,
      "counterparty_id": null,
      "order_id": null
    },
    {
      "event_id": "ask_S07_35.820895522387985",
      "event_type": "ask",
      "timestamp": 35.820895522387985,
      "agent_id": "S07",
      "price": 210,
      "quantity": 1,
      "counterparty_id": null,
      "order_id": null
    }
  ]
}
2025-10-10 18:47:23 | HM_NL_NOCOT_P20 | ================================================================================
2025-10-10 18:47:23 | HM_NL_NOCOT_P20 | [AGENTS-TRACKED] Currently tracking 51 agents: ['P20', 'P17', 'P02', 'P01', 'P08', 'P07', 'B11', 'B19', 'S06', 'S02', 'S07', 'B13', 'B05', 'B02', 'B07', 'B09', 'B04', 'S03', 'S12', 'S20', 'P14', 'P09', 'B06', 'B20', 'B10', 'S04', 'P12', 'P18', 'P16', 'P19', 'B15', 'B21', 'B08', 'B14', 'B18', 'S15', 'P15', 'P00', 'P06', 'P10', 'B01', 'S14', 'S00', 'S22', 'S19', 'S13', 'P04', 'B22', 'B03', 'S17', 'S05']
2025-10-10 18:54:52 | HM_NL_NOCOT_P20 | [BELIEF-THROTTLE] P13: Running belief graph update at time 40.9
2025-10-10 18:54:52 | HM_NL_NOCOT_P20 | [UPDATE-SUMMARY] Processed 19 market events at time 40.9
2025-10-10 18:54:52 | HM_NL_NOCOT_P20 | === BELIEF GRAPH STATE AT TIME 40.9 ===
2025-10-10 18:54:52 | HM_NL_NOCOT_P20 | {
  "graph_id": "f5b42db1-423d-4188-b050-2c98ca6efd4a",
  "asset_id": "BSE_ASSET",
  "current_time": 40.89552238805972,
  "nodes": {
    "BSE_ASSET": {
      "asset_id": "BSE_ASSET",
      "node_type": "asset",
      "current_best_bid": null,
      "current_best_ask": null,
      "last_trade_price": null,
      "volume_traded": 0,
      "price_volatility": 0.0,
      "spread_width": null,
      "market_depth_bid": 0,
      "market_depth_ask": 0
    },
    "P20": {
      "agent_id": "P20",
      "node_type": "agent",
      "last_bid_price": 124,
      "last_ask_price": null,
      "last_trade_price": null,
      "total_trades": 0,
      "total_volume": 0,
      "strategy_type": "Hypothetical-Minds",
      "inferred_valuation": 124.0,
      "valuation_confidence": 0.2,
      "aggressiveness_score": 0.6,
      "last_activity": 15.373134328358166
    },
    "P17": {
      "agent_id": "P17",
      "node_type": "agent",
      "last_bid_price": 130,
      "last_ask_price": 127,
      "last_trade_price": null,
      "total_trades": 0,
      "total_volume": 0,
      "strategy_type": null,
      "inferred_valuation": 129.1,
      "valuation_confidence": 0.2,
      "aggressiveness_score": 0.0,
      "last_activity": 40.89552238805972
    },
    "P02": {
      "agent_id": "P02",
      "node_type": "agent",
      "last_bid_price": 128,
      "last_ask_price": 129,
      "last_trade_price": null,
      "total_trades": 0,
      "total_volume": 0,
      "strategy_type": null,
      "inferred_valuation": 128.88235099999997,
      "valuation_confidence": 0.7,
      "aggressiveness_score": 0.0,
      "last_activity": 40.89552238805972
    },
    "P01": {
      "agent_id": "P01",
      "node_type": "agent",
      "last_bid_price": 128,
      "last_ask_price": 127,
      "last_trade_price": null,
      "total_trades": 0,
      "total_volume": 0,
      "strategy_type": null,
      "inferred_valuation": 127.34299999999999,
      "valuation_confidence": 0.4,
      "aggressiveness_score": 0.0,
      "last_activity": 30.597014925373
    },
    "P08": {
      "agent_id": "P08",
      "node_type": "agent",
      "last_bid_price": 127,
      "last_ask_price": 130,
      "last_trade_price": null,
      "total_trades": 0,
      "total_volume": 0,
      "strategy_type": null,
      "inferred_valuation": 129.647053,
      "valuation_confidence": 0.7,
      "aggressiveness_score": 0.0,
      "last_activity": 40.89552238805972
    },
    "P07": {
      "agent_id": "P07",
      "node_type": "agent",
      "last_bid_price": 120,
      "last_ask_price": null,
      "last_trade_price": null,
      "total_trades": 0,
      "total_volume": 0,
      "strategy_type": null,
      "inferred_valuation": 120.0,
      "valuation_confidence": 0.7999999999999999,
      "aggressiveness_score": 0.0,
      "last_activity": 40.89552238805972
    },
    "B11": {
      "agent_id": "B11",
      "node_type": "agent",
      "last_bid_price": 123,
      "last_ask_price": null,
      "last_trade_price": null,
      "total_trades": 0,
      "total_volume": 0,
      "strategy_type": null,
      "inferred_valuation": 114.6,
      "valuation_confidence": 0.30000000000000004,
      "aggressiveness_score": 0.0,
      "last_activity": 40.89552238805972
    },
    "B19": {
      "agent_id": "B19",
      "node_type": "agent",
      "last_bid_price": 124,
      "last_ask_price": null,
      "last_trade_price": null,
      "total_trades": 0,
      "total_volume": 0,
      "strategy_type": null,
      "inferred_valuation": 114.19999999999999,
      "valuation_confidence": 0.2,
      "aggressiveness_score": 0.0,
      "last_activity": 10.298507462686555
    },
    "S06": {
      "agent_id": "S06",
      "node_type": "agent",
      "last_bid_price": null,
      "last_ask_price": 147,
      "last_trade_price": null,
      "total_trades": 0,
      "total_volume": 0,
      "strategy_type": null,
      "inferred_valuation": 139.65,
      "valuation_confidence": 0.30000000000000004,
      "aggressiveness_score": 0.0,
      "last_activity": 40.89552238805972
    },
    "S02": {
      "agent_id": "S02",
      "node_type": "agent",
      "last_bid_price": null,
      "last_ask_price": 129,
      "last_trade_price": null,
      "total_trades": 0,
      "total_volume": 0,
      "strategy_type": null,
      "inferred_valuation": 131.58999999999997,
      "valuation_confidence": 0.30000000000000004,
      "aggressiveness_score": 0.0,
      "last_activity": 15.373134328358166
    },
    "S07": {
      "agent_id": "S07",
      "node_type": "agent",
      "last_bid_price": null,
      "last_ask_price": 210,
      "last_trade_price": null,
      "total_trades": 0,
      "total_volume": 0,
      "strategy_type": null,
      "inferred_valuation": 301.65939999999995,
      "valuation_confidence": 0.5,
      "aggressiveness_score": 0.0,
      "last_activity": 40.89552238805972
    },
    "B13": {
      "agent_id": "B13",
      "node_type": "agent",
      "last_bid_price": 110,
      "last_ask_price": null,
      "last_trade_price": null,
      "total_trades": 0,
      "total_volume": 0,
      "strategy_type": null,
      "inferred_valuation": 105.1,
      "valuation_confidence": 0.4,
      "aggressiveness_score": 0.0,
      "last_activity": 25.522388059701388
    },
    "B05": {
      "agent_id": "B05",
      "node_type": "agent",
      "last_bid_price": 93,
      "last_ask_price": null,
      "last_trade_price": null,
      "total_trades": 0,
      "total_volume": 0,
      "strategy_type": null,
      "inferred_valuation": 95.94,
      "valuation_confidence": 0.30000000000000004,
      "aggressiveness_score": 0.0,
      "last_activity": 20.447761194029777
    },
    "B02": {
      "agent_id": "B02",
      "node_type": "agent",
      "last_bid_price": 28,
      "last_ask_price": null,
      "last_trade_price": null,
      "total_trades": 0,
      "total_volume": 0,
      "strategy_type": null,
      "inferred_valuation": 74.4303,
      "valuation_confidence": 0.5,
      "aggressiveness_score": 0.0,
      "last_activity": 40.89552238805972
    },
    "B07": {
      "agent_id": "B07",
      "node_type": "agent",
      "last_bid_price": 98,
      "last_ask_price": null,
      "last_trade_price": null,
      "total_trades": 0,
      "total_volume": 0,
      "strategy_type": null,
      "inferred_valuation": 98.0,
      "valuation_confidence": 0.2,
      "aggressiveness_score": 0.0,
      "last_activity": 15.373134328358166
    },
    "B09": {
      "agent_id": "B09",
      "node_type": "agent",
      "last_bid_price": 121,
      "last_ask_price": null,
      "last_trade_price": null,
      "total_trades": 0,
      "total_volume": 0,
      "strategy_type": null,
      "inferred_valuation": 101.88999999999999,
      "valuation_confidence": 0.30000000000000004,
      "aggressiveness_score": 0.0,
      "last_activity": 30.597014925373
    },
    "B04": {
      "agent_id": "B04",
      "node_type": "agent",
      "last_bid_price": 82,
      "last_ask_price": null,
      "last_trade_price": null,
      "total_trades": 0,
      "total_volume": 0,
      "strategy_type": null,
      "inferred_valuation": 82.0,
      "valuation_confidence": 0.2,
      "aggressiveness_score": 0.0,
      "last_activity": 15.373134328358166
    },
    "S03": {
      "agent_id": "S03",
      "node_type": "agent",
      "last_bid_price": null,
      "last_ask_price": 130,
      "last_trade_price": null,
      "total_trades": 0,
      "total_volume": 0,
      "strategy_type": null,
      "inferred_valuation": 130,
      "valuation_confidence": 0.1,
      "aggressiveness_score": 0.0,
      "last_activity": 10.298507462686555
    },
    "S12": {
      "agent_id": "S12",
      "node_type": "agent",
      "last_bid_price": null,
      "last_ask_price": 156,
      "last_trade_price": null,
      "total_trades": 0,
      "total_volume": 0,
      "strategy_type": null,
      "inferred_valuation": 147.6,
      "valuation_confidence": 0.30000000000000004,
      "aggressiveness_score": 0.0,
      "last_activity": 40.89552238805972
    },
    "S20": {
      "agent_id": "S20",
      "node_type": "agent",
      "last_bid_price": null,
      "last_ask_price": 340,
      "last_trade_price": null,
      "total_trades": 0,
      "total_volume": 0,
      "strategy_type": null,
      "inferred_valuation": 210.55599999999998,
      "valuation_confidence": 0.4,
      "aggressiveness_score": 0.0,
      "last_activity": 40.89552238805972
    },
    "P14": {
      "agent_id": "P14",
      "node_type": "agent",
      "last_bid_price": 124,
      "last_ask_price": 127,
      "last_trade_price": null,
      "total_trades": 0,
      "total_volume": 0,
      "strategy_type": null,
      "inferred_valuation": 125.53,
      "valuation_confidence": 0.30000000000000004,
      "aggressiveness_score": 0.0,
      "last_activity": 30.597014925373
    },
    "P09": {
      "agent_id": "P09",
      "node_type": "agent",
      "last_bid_price": 124,
      "last_ask_price": null,
      "last_trade_price": null,
      "total_trades": 0,
      "total_volume": 0,
      "strategy_type": null,
      "inferred_valuation": 124,
      "valuation_confidence": 0.1,
      "aggressiveness_score": 0.0,
      "last_activity": 15.373134328358166
    },
    "B06": {
      "agent_id": "B06",
      "node_type": "agent",
      "last_bid_price": 112,
      "last_ask_price": null,
      "last_trade_price": null,
      "total_trades": 0,
      "total_volume": 0,
      "strategy_type": null,
      "inferred_valuation": 112.0,
      "valuation_confidence": 0.2,
      "aggressiveness_score": 0.0,
      "last_activity": 20.447761194029777
    },
    "B20": {
      "agent_id": "B20",
      "node_type": "agent",
      "last_bid_price": 100,
      "last_ask_price": null,
      "last_trade_price": null,
      "total_trades": 0,
      "total_volume": 0,
      "strategy_type": null,
      "inferred_valuation": 100,
      "valuation_confidence": 0.1,
      "aggressiveness_score": 0.0,
      "last_activity": 15.373134328358166
    },
    "B10": {
      "agent_id": "B10",
      "node_type": "agent",
      "last_bid_price": 117,
      "last_ask_price": null,
      "last_trade_price": null,
      "total_trades": 0,
      "total_volume": 0,
      "strategy_type": null,
      "inferred_valuation": 107.69,
      "valuation_confidence": 0.30000000000000004,
      "aggressiveness_score": 0.0,
      "last_activity": 25.522388059701388
    },
    "S04": {
      "agent_id": "S04",
      "node_type": "agent",
      "last_bid_price": null,
      "last_ask_price": 153,
      "last_trade_price": null,
      "total_trades": 0,
      "total_volume": 0,
      "strategy_type": null,
      "inferred_valuation": 141.98969999999997,
      "valuation_confidence": 0.5,
      "aggressiveness_score": 0.0,
      "last_activity": 40.89552238805972
    },
    "P12": {
      "agent_id": "P12",
      "node_type": "agent",
      "last_bid_price": null,
      "last_ask_price": 130,
      "last_trade_price": null,
      "total_trades": 0,
      "total_volume": 0,
      "strategy_type": null,
      "inferred_valuation": 130.0,
      "valuation_confidence": 0.4,
      "aggressiveness_score": 0.0,
      "last_activity": 30.597014925373
    },
    "P18": {
      "agent_id": "P18",
      "node_type": "agent",
      "last_bid_price": null,
      "last_ask_price": 130,
      "last_trade_price": null,
      "total_trades": 0,
      "total_volume": 0,
      "strategy_type": null,
      "inferred_valuation": 130.0,
      "valuation_confidence": 0.5,
      "aggressiveness_score": 0.0,
      "last_activity": 35.820895522387985
    },
    "P16": {
      "agent_id": "P16",
      "node_type": "agent",
      "last_bid_price": 124,
      "last_ask_price": null,
      "last_trade_price": null,
      "total_trades": 0,
      "total_volume": 0,
      "strategy_type": null,
      "inferred_valuation": 124,
      "valuation_confidence": 0.1,
      "aggressiveness_score": 0.0,
      "last_activity": 20.447761194029777
    },
    "P19": {
      "agent_id": "P19",
      "node_type": "agent",
      "last_bid_price": 124,
      "last_ask_price": 127,
      "last_trade_price": null,
      "total_trades": 0,
      "total_volume": 0,
      "strategy_type": null,
      "inferred_valuation": 124.9,
      "valuation_confidence": 0.2,
      "aggressiveness_score": 0.0,
      "last_activity": 35.820895522387985
    },
    "B15": {
      "agent_id": "B15",
      "node_type": "agent",
      "last_bid_price": 120,
      "last_ask_price": null,
      "last_trade_price": null,
      "total_trades": 0,
      "total_volume": 0,
      "strategy_type": null,
      "inferred_valuation": 120,
      "valuation_confidence": 0.1,
      "aggressiveness_score": 0.0,
      "last_activity": 20.447761194029777
    },
    "B21": {
      "agent_id": "B21",
      "node_type": "agent",
      "last_bid_price": 120,
      "last_ask_price": null,
      "last_trade_price": null,
      "total_trades": 0,
      "total_volume": 0,
      "strategy_type": null,
      "inferred_valuation": 116.5,
      "valuation_confidence": 0.2,
      "aggressiveness_score": 0.0,
      "last_activity": 30.597014925373
    },
    "B08": {
      "agent_id": "B08",
      "node_type": "agent",
      "last_bid_price": 113,
      "last_ask_price": null,
      "last_trade_price": null,
      "total_trades": 0,
      "total_volume": 0,
      "strategy_type": null,
      "inferred_valuation": 113.0,
      "valuation_confidence": 0.2,
      "aggressiveness_score": 0.0,
      "last_activity": 25.522388059701388
    },
    "B14": {
      "agent_id": "B14",
      "node_type": "agent",
      "last_bid_price": 120,
      "last_ask_price": null,
      "last_trade_price": null,
      "total_trades": 0,
      "total_volume": 0,
      "strategy_type": null,
      "inferred_valuation": 113.63,
      "valuation_confidence": 0.30000000000000004,
      "aggressiveness_score": 0.0,
      "last_activity": 30.597014925373
    },
    "B18": {
      "agent_id": "B18",
      "node_type": "agent",
      "last_bid_price": 104,
      "last_ask_price": null,
      "last_trade_price": null,
      "total_trades": 0,
      "total_volume": 0,
      "strategy_type": null,
      "inferred_valuation": 101.2,
      "valuation_confidence": 0.2,
      "aggressiveness_score": 0.0,
      "last_activity": 35.820895522387985
    },
    "S15": {
      "agent_id": "S15",
      "node_type": "agent",
      "last_bid_price": null,
      "last_ask_price": 127,
      "last_trade_price": null,
      "total_trades": 0,
      "total_volume": 0,
      "strategy_type": null,
      "inferred_valuation": 127,
      "valuation_confidence": 0.1,
      "aggressiveness_score": 0.0,
      "last_activity": 20.447761194029777
    },
    "P15": {
      "agent_id": "P15",
      "node_type": "agent",
      "last_bid_price": 126,
      "last_ask_price": 127,
      "last_trade_price": null,
      "total_trades": 0,
      "total_volume": 0,
      "strategy_type": null,
      "inferred_valuation": 127.04299999999998,
      "valuation_confidence": 0.4,
      "aggressiveness_score": 0.0,
      "last_activity": 40.89552238805972
    },
    "P00": {
      "agent_id": "P00",
      "node_type": "agent",
      "last_bid_price": 122,
      "last_ask_price": 129,
      "last_trade_price": null,
      "total_trades": 0,
      "total_volume": 0,
      "strategy_type": null,
      "inferred_valuation": 126.9,
      "valuation_confidence": 0.2,
      "aggressiveness_score": 0.0,
      "last_activity": 40.89552238805972
    },
    "P06": {
      "agent_id": "P06",
      "node_type": "agent",
      "last_bid_price": 124,
      "last_ask_price": 127,
      "last_trade_price": null,
      "total_trades": 0,
      "total_volume": 0,
      "strategy_type": null,
      "inferred_valuation": 124.9,
      "valuation_confidence": 0.2,
      "aggressiveness_score": 0.0,
      "last_activity": 35.820895522387985
    },
    "P10": {
      "agent_id": "P10",
      "node_type": "agent",
      "last_bid_price": 124,
      "last_ask_price": null,
      "last_trade_price": null,
      "total_trades": 0,
      "total_volume": 0,
      "strategy_type": null,
      "inferred_valuation": 124,
      "valuation_confidence": 0.1,
      "aggressiveness_score": 0.0,
      "last_activity": 25.522388059701388
    },
    "B01": {
      "agent_id": "B01",
      "node_type": "agent",
      "last_bid_price": 91,
      "last_ask_price": null,
      "last_trade_price": null,
      "total_trades": 0,
      "total_volume": 0,
      "strategy_type": null,
      "inferred_valuation": 91,
      "valuation_confidence": 0.1,
      "aggressiveness_score": 0.0,
      "last_activity": 25.522388059701388
    },
    "S14": {
      "agent_id": "S14",
      "node_type": "agent",
      "last_bid_price": null,
      "last_ask_price": 133,
      "last_trade_price": null,
      "total_trades": 0,
      "total_volume": 0,
      "strategy_type": null,
      "inferred_valuation": 133.0,
      "valuation_confidence": 0.30000000000000004,
      "aggressiveness_score": 0.0,
      "last_activity": 35.820895522387985
    },
    "S00": {
      "agent_id": "S00",
      "node_type": "agent",
      "last_bid_price": null,
      "last_ask_price": 129,
      "last_trade_price": null,
      "total_trades": 0,
      "total_volume": 0,
      "strategy_type": null,
      "inferred_valuation": 135.85999999999999,
      "valuation_confidence": 0.4,
      "aggressiveness_score": 0.0,
      "last_activity": 40.89552238805972
    },
    "S22": {
      "agent_id": "S22",
      "node_type": "agent",
      "last_bid_price": null,
      "last_ask_price": 140,
      "last_trade_price": null,
      "total_trades": 0,
      "total_volume": 0,
      "strategy_type": null,
      "inferred_valuation": 147.14,
      "valuation_confidence": 0.30000000000000004,
      "aggressiveness_score": 0.0,
      "last_activity": 40.89552238805972
    },
    "S19": {
      "agent_id": "S19",
      "node_type": "agent",
      "last_bid_price": null,
      "last_ask_price": 172,
      "last_trade_price": null,
      "total_trades": 0,
      "total_volume": 0,
      "strategy_type": null,
      "inferred_valuation": 172.0,
      "valuation_confidence": 0.2,
      "aggressiveness_score": 0.0,
      "last_activity": 30.597014925373
    },
    "S13": {
      "agent_id": "S13",
      "node_type": "agent",
      "last_bid_price": null,
      "last_ask_price": 154,
      "last_trade_price": null,
      "total_trades": 0,
      "total_volume": 0,
      "strategy_type": null,
      "inferred_valuation": 152.635,
      "valuation_confidence": 0.4,
      "aggressiveness_score": 0.0,
      "last_activity": 40.89552238805972
    },
    "P04": {
      "agent_id": "P04",
      "node_type": "agent",
      "last_bid_price": 124,
      "last_ask_price": null,
      "last_trade_price": null,
      "total_trades": 0,
      "total_volume": 0,
      "strategy_type": null,
      "inferred_valuation": 124,
      "valuation_confidence": 0.1,
      "aggressiveness_score": 0.0,
      "last_activity": 30.597014925373
    },
    "B22": {
      "agent_id": "B22",
      "node_type": "agent",
      "last_bid_price": 112,
      "last_ask_price": null,
      "last_trade_price": null,
      "total_trades": 0,
      "total_volume": 0,
      "strategy_type": null,
      "inferred_valuation": 112,
      "valuation_confidence": 0.1,
      "aggressiveness_score": 0.0,
      "last_activity": 30.597014925373
    },
    "B03": {
      "agent_id": "B03",
      "node_type": "agent",
      "last_bid_price": 103,
      "last_ask_price": null,
      "last_trade_price": null,
      "total_trades": 0,
      "total_volume": 0,
      "strategy_type": null,
      "inferred_valuation": 103.0,
      "valuation_confidence": 0.2,
      "aggressiveness_score": 0.0,
      "last_activity": 35.820895522387985
    },
    "S17": {
      "agent_id": "S17",
      "node_type": "agent",
      "last_bid_price": null,
      "last_ask_price": 154,
      "last_trade_price": null,
      "total_trades": 0,
      "total_volume": 0,
      "strategy_type": null,
      "inferred_valuation": 135.1,
      "valuation_confidence": 0.2,
      "aggressiveness_score": 0.0,
      "last_activity": 40.89552238805972
    },
    "S05": {
      "agent_id": "S05",
      "node_type": "agent",
      "last_bid_price": null,
      "last_ask_price": 134,
      "last_trade_price": null,
      "total_trades": 0,
      "total_volume": 0,
      "strategy_type": null,
      "inferred_valuation": 136.79999999999998,
      "valuation_confidence": 0.2,
      "aggressiveness_score": 0.0,
      "last_activity": 35.820895522387985
    },
    "S09": {
      "agent_id": "S09",
      "node_type": "agent",
      "last_bid_price": null,
      "last_ask_price": 139,
      "last_trade_price": null,
      "total_trades": 0,
      "total_volume": 0,
      "strategy_type": null,
      "inferred_valuation": 139,
      "valuation_confidence": 0.1,
      "aggressiveness_score": 0.0,
      "last_activity": 40.89552238805972
    },
    "S21": {
      "agent_id": "S21",
      "node_type": "agent",
      "last_bid_price": null,
      "last_ask_price": 154,
      "last_trade_price": null,
      "total_trades": 0,
      "total_volume": 0,
      "strategy_type": null,
      "inferred_valuation": 154,
      "valuation_confidence": 0.1,
      "aggressiveness_score": 0.0,
      "last_activity": 40.89552238805972
    }
  },
  "edges": {
    "b918a6af-7c13-43a2-a0b3-cea8deee488b": {
      "edge_id": "b918a6af-7c13-43a2-a0b3-cea8deee488b",
      "source_node": "BSE_ASSET",
      "target_node": "P20",
      "belief_type": "strategy",
      "confidence": 0.1,
      "value": "unknown",
      "timestamp": 0.0,
      "evidence_count": 0
    },
    "303c14ba-b068-4a89-8a60-defc4b1e19de": {
      "edge_id": "303c14ba-b068-4a89-8a60-defc4b1e19de",
      "source_node": "BSE_ASSET",
      "target_node": "P20",
      "belief_type": "valuation",
      "confidence": 0.2,
      "value": 124.0,
      "timestamp": 15.373134328358166,
      "evidence_count": 2
    },
    "46f2d92a-3c74-4b1a-b173-2b2212adf83c": {
      "edge_id": "46f2d92a-3c74-4b1a-b173-2b2212adf83c",
      "source_node": "BSE_ASSET",
      "target_node": "P17",
      "belief_type": "strategy",
      "confidence": 0.1,
      "value": "unknown",
      "timestamp": 0.0,
      "evidence_count": 0
    },
    "f921b8b4-4eba-4e50-93e0-e95822fb9ef8": {
      "edge_id": "f921b8b4-4eba-4e50-93e0-e95822fb9ef8",
      "source_node": "BSE_ASSET",
      "target_node": "P17",
      "belief_type": "valuation",
      "confidence": 0.2,
      "value": 129.1,
      "timestamp": 40.89552238805972,
      "evidence_count": 2
    },
    "b96a29db-e77d-44ee-8059-3397e9c5601e": {
      "edge_id": "b96a29db-e77d-44ee-8059-3397e9c5601e",
      "source_node": "BSE_ASSET",
      "target_node": "P02",
      "belief_type": "strategy",
      "confidence": 0.1,
      "value": "unknown",
      "timestamp": 5.074626865671641,
      "evidence_count": 0
    },
    "59cd6533-d095-47a0-a999-2d2a45b4fb3c": {
      "edge_id": "59cd6533-d095-47a0-a999-2d2a45b4fb3c",
      "source_node": "BSE_ASSET",
      "target_node": "P02",
      "belief_type": "valuation",
      "confidence": 0.7,
      "value": 128.88235099999997,
      "timestamp": 40.89552238805972,
      "evidence_count": 7
    },
    "9f7f9b90-cb25-420d-8903-ef32e5fd69d6": {
      "edge_id": "9f7f9b90-cb25-420d-8903-ef32e5fd69d6",
      "source_node": "BSE_ASSET",
      "target_node": "P01",
      "belief_type": "strategy",
      "confidence": 0.1,
      "value": "unknown",
      "timestamp": 5.074626865671641,
      "evidence_count": 0
    },
    "eab81edb-d297-421f-b249-fd3ef80e2056": {
      "edge_id": "eab81edb-d297-421f-b249-fd3ef80e2056",
      "source_node": "BSE_ASSET",
      "target_node": "P01",
      "belief_type": "valuation",
      "confidence": 0.4,
      "value": 127.34299999999999,
      "timestamp": 30.597014925373,
      "evidence_count": 4
    },
    "48144e52-4aa2-47b1-a45a-932ef7c670d4": {
      "edge_id": "48144e52-4aa2-47b1-a45a-932ef7c670d4",
      "source_node": "BSE_ASSET",
      "target_node": "P08",
      "belief_type": "strategy",
      "confidence": 0.1,
      "value": "unknown",
      "timestamp": 5.074626865671641,
      "evidence_count": 0
    },
    "993c8f2d-38a3-4daa-be1c-796f51e579a4": {
      "edge_id": "993c8f2d-38a3-4daa-be1c-796f51e579a4",
      "source_node": "BSE_ASSET",
      "target_node": "P08",
      "belief_type": "valuation",
      "confidence": 0.7,
      "value": 129.647053,
      "timestamp": 40.89552238805972,
      "evidence_count": 7
    },
    "9a254ad7-5b31-4def-878a-768207fd8d17": {
      "edge_id": "9a254ad7-5b31-4def-878a-768207fd8d17",
      "source_node": "BSE_ASSET",
      "target_node": "P07",
      "belief_type": "strategy",
      "confidence": 0.1,
      "value": "unknown",
      "timestamp": 5.074626865671641,
      "evidence_count": 0
    },
    "070ffe6b-b5a2-4ab5-8c3b-7e6c2fe0c1bf": {
      "edge_id": "070ffe6b-b5a2-4ab5-8c3b-7e6c2fe0c1bf",
      "source_node": "BSE_ASSET",
      "target_node": "P07",
      "belief_type": "valuation",
      "confidence": 0.7999999999999999,
      "value": 120.0,
      "timestamp": 40.89552238805972,
      "evidence_count": 8
    },
    "c9a4a238-3611-4051-80f9-047485bf5906": {
      "edge_id": "c9a4a238-3611-4051-80f9-047485bf5906",
      "source_node": "BSE_ASSET",
      "target_node": "B11",
      "belief_type": "strategy",
      "confidence": 0.1,
      "value": "unknown",
      "timestamp": 5.074626865671641,
      "evidence_count": 0
    },
    "40d99442-6fa1-4596-a57a-d06966692092": {
      "edge_id": "40d99442-6fa1-4596-a57a-d06966692092",
      "source_node": "BSE_ASSET",
      "target_node": "B11",
      "belief_type": "valuation",
      "confidence": 0.30000000000000004,
      "value": 114.6,
      "timestamp": 40.89552238805972,
      "evidence_count": 3
    },
    "a5a810b7-3d35-4726-b1da-89f79e7b4d4f": {
      "edge_id": "a5a810b7-3d35-4726-b1da-89f79e7b4d4f",
      "source_node": "BSE_ASSET",
      "target_node": "B19",
      "belief_type": "strategy",
      "confidence": 0.1,
      "value": "unknown",
      "timestamp": 5.074626865671641,
      "evidence_count": 0
    },
    "1c4936cf-9e99-4138-9717-ee8bb61b39f4": {
      "edge_id": "1c4936cf-9e99-4138-9717-ee8bb61b39f4",
      "source_node": "BSE_ASSET",
      "target_node": "B19",
      "belief_type": "valuation",
      "confidence": 0.2,
      "value": 114.19999999999999,
      "timestamp": 10.298507462686555,
      "evidence_count": 2
    },
    "111dd868-7338-442c-9b81-1532ff51c8fd": {
      "edge_id": "111dd868-7338-442c-9b81-1532ff51c8fd",
      "source_node": "BSE_ASSET",
      "target_node": "S06",
      "belief_type": "strategy",
      "confidence": 0.1,
      "value": "unknown",
      "timestamp": 5.074626865671641,
      "evidence_count": 0
    },
    "1b4d8095-dfca-49f7-8ff8-0996301ed50f": {
      "edge_id": "1b4d8095-dfca-49f7-8ff8-0996301ed50f",
      "source_node": "BSE_ASSET",
      "target_node": "S06",
      "belief_type": "valuation",
      "confidence": 0.30000000000000004,
      "value": 139.65,
      "timestamp": 40.89552238805972,
      "evidence_count": 3
    },
    "aedb378f-17c0-49bd-96ac-f83cc0ae17e1": {
      "edge_id": "aedb378f-17c0-49bd-96ac-f83cc0ae17e1",
      "source_node": "BSE_ASSET",
      "target_node": "S02",
      "belief_type": "strategy",
      "confidence": 0.1,
      "value": "unknown",
      "timestamp": 5.074626865671641,
      "evidence_count": 0
    },
    "b06a34c8-6454-40b0-b3ea-6a45a67a5a7d": {
      "edge_id": "b06a34c8-6454-40b0-b3ea-6a45a67a5a7d",
      "source_node": "BSE_ASSET",
      "target_node": "S02",
      "belief_type": "valuation",
      "confidence": 0.30000000000000004,
      "value": 131.58999999999997,
      "timestamp": 15.373134328358166,
      "evidence_count": 3
    },
    "860336a7-13e7-4eb4-8099-a24fd7ff849d": {
      "edge_id": "860336a7-13e7-4eb4-8099-a24fd7ff849d",
      "source_node": "BSE_ASSET",
      "target_node": "S07",
      "belief_type": "strategy",
      "confidence": 0.1,
      "value": "unknown",
      "timestamp": 5.074626865671641,
      "evidence_count": 0
    },
    "5bd5f62f-27e4-44f1-9ff3-ad5b0bffdfbc": {
      "edge_id": "5bd5f62f-27e4-44f1-9ff3-ad5b0bffdfbc",
      "source_node": "BSE_ASSET",
      "target_node": "S07",
      "belief_type": "valuation",
      "confidence": 0.5,
      "value": 301.65939999999995,
      "timestamp": 40.89552238805972,
      "evidence_count": 5
    },
    "b6650c08-92aa-408f-951a-090faffd130e": {
      "edge_id": "b6650c08-92aa-408f-951a-090faffd130e",
      "source_node": "BSE_ASSET",
      "target_node": "B13",
      "belief_type": "strategy",
      "confidence": 0.1,
      "value": "unknown",
      "timestamp": 10.298507462686555,
      "evidence_count": 0
    },
    "f182a643-786d-4e7e-8b72-9295ae756819": {
      "edge_id": "f182a643-786d-4e7e-8b72-9295ae756819",
      "source_node": "BSE_ASSET",
      "target_node": "B13",
      "belief_type": "valuation",
      "confidence": 0.4,
      "value": 105.1,
      "timestamp": 25.522388059701388,
      "evidence_count": 4
    },
    "2b3cfacd-73e2-42d5-8445-b5e46f034de5": {
      "edge_id": "2b3cfacd-73e2-42d5-8445-b5e46f034de5",
      "source_node": "BSE_ASSET",
      "target_node": "B05",
      "belief_type": "strategy",
      "confidence": 0.1,
      "value": "unknown",
      "timestamp": 10.298507462686555,
      "evidence_count": 0
    },
    "01314030-2d43-405b-a322-81451ba48b77": {
      "edge_id": "01314030-2d43-405b-a322-81451ba48b77",
      "source_node": "BSE_ASSET",
      "target_node": "B05",
      "belief_type": "valuation",
      "confidence": 0.30000000000000004,
      "value": 95.94,
      "timestamp": 20.447761194029777,
      "evidence_count": 3
    },
    "fbe65bcc-99df-49f5-8bed-4680165e67ec": {
      "edge_id": "fbe65bcc-99df-49f5-8bed-4680165e67ec",
      "source_node": "BSE_ASSET",
      "target_node": "B02",
      "belief_type": "strategy",
      "confidence": 0.1,
      "value": "unknown",
      "timestamp": 10.298507462686555,
      "evidence_count": 0
    },
    "f318a6d7-cdd0-4792-87a5-6633df05bfec": {
      "edge_id": "f318a6d7-cdd0-4792-87a5-6633df05bfec",
      "source_node": "BSE_ASSET",
      "target_node": "B02",
      "belief_type": "valuation",
      "confidence": 0.5,
      "value": 74.4303,
      "timestamp": 40.89552238805972,
      "evidence_count": 5
    },
    "328af8bb-e593-4c0e-9ff4-0b9d9c856453": {
      "edge_id": "328af8bb-e593-4c0e-9ff4-0b9d9c856453",
      "source_node": "BSE_ASSET",
      "target_node": "B07",
      "belief_type": "strategy",
      "confidence": 0.1,
      "value": "unknown",
      "timestamp": 10.298507462686555,
      "evidence_count": 0
    },
    "82549037-f3b6-40d1-9699-0005dc638208": {
      "edge_id": "82549037-f3b6-40d1-9699-0005dc638208",
      "source_node": "BSE_ASSET",
      "target_node": "B07",
      "belief_type": "valuation",
      "confidence": 0.2,
      "value": 98.0,
      "timestamp": 15.373134328358166,
      "evidence_count": 2
    },
    "59669e35-f847-4182-a127-2230e86c1473": {
      "edge_id": "59669e35-f847-4182-a127-2230e86c1473",
      "source_node": "BSE_ASSET",
      "target_node": "B09",
      "belief_type": "strategy",
      "confidence": 0.1,
      "value": "unknown",
      "timestamp": 10.298507462686555,
      "evidence_count": 0
    },
    "1ad6ed5b-f5d1-484b-b59a-a94d26d36d6c": {
      "edge_id": "1ad6ed5b-f5d1-484b-b59a-a94d26d36d6c",
      "source_node": "BSE_ASSET",
      "target_node": "B09",
      "belief_type": "valuation",
      "confidence": 0.30000000000000004,
      "value": 101.88999999999999,
      "timestamp": 30.597014925373,
      "evidence_count": 3
    },
    "1380fdb1-1818-4cc1-aefe-08fb2a1cd9d9": {
      "edge_id": "1380fdb1-1818-4cc1-aefe-08fb2a1cd9d9",
      "source_node": "BSE_ASSET",
      "target_node": "B04",
      "belief_type": "strategy",
      "confidence": 0.1,
      "value": "unknown",
      "timestamp": 10.298507462686555,
      "evidence_count": 0
    },
    "f088f467-e360-4990-b080-66f0126aec87": {
      "edge_id": "f088f467-e360-4990-b080-66f0126aec87",
      "source_node": "BSE_ASSET",
      "target_node": "B04",
      "belief_type": "valuation",
      "confidence": 0.2,
      "value": 82.0,
      "timestamp": 15.373134328358166,
      "evidence_count": 2
    },
    "39222bf0-e7bb-4aca-b338-0f8b00b02c45": {
      "edge_id": "39222bf0-e7bb-4aca-b338-0f8b00b02c45",
      "source_node": "BSE_ASSET",
      "target_node": "S03",
      "belief_type": "strategy",
      "confidence": 0.1,
      "value": "unknown",
      "timestamp": 10.298507462686555,
      "evidence_count": 0
    },
    "ec233337-c791-48f0-b38c-4a7dddee92ab": {
      "edge_id": "ec233337-c791-48f0-b38c-4a7dddee92ab",
      "source_node": "BSE_ASSET",
      "target_node": "S03",
      "belief_type": "valuation",
      "confidence": 0.1,
      "value": 130,
      "timestamp": 10.298507462686555,
      "evidence_count": 1
    },
    "baaebb3d-6b21-49dc-b44c-2e3fa4fd9068": {
      "edge_id": "baaebb3d-6b21-49dc-b44c-2e3fa4fd9068",
      "source_node": "BSE_ASSET",
      "target_node": "S12",
      "belief_type": "strategy",
      "confidence": 0.1,
      "value": "unknown",
      "timestamp": 10.298507462686555,
      "evidence_count": 0
    },
    "c282c6c6-9f1e-4cda-9761-ca4c4e9966d9": {
      "edge_id": "c282c6c6-9f1e-4cda-9761-ca4c4e9966d9",
      "source_node": "BSE_ASSET",
      "target_node": "S12",
      "belief_type": "valuation",
      "confidence": 0.30000000000000004,
      "value": 147.6,
      "timestamp": 40.89552238805972,
      "evidence_count": 3
    },
    "5331d844-f81d-4e8d-adbf-d89171abb80d": {
      "edge_id": "5331d844-f81d-4e8d-adbf-d89171abb80d",
      "source_node": "BSE_ASSET",
      "target_node": "S20",
      "belief_type": "strategy",
      "confidence": 0.1,
      "value": "unknown",
      "timestamp": 10.298507462686555,
      "evidence_count": 0
    },
    "f4a215c2-f00e-453a-8924-a7de44b93cd3": {
      "edge_id": "f4a215c2-f00e-453a-8924-a7de44b93cd3",
      "source_node": "BSE_ASSET",
      "target_node": "S20",
      "belief_type": "valuation",
      "confidence": 0.4,
      "value": 210.55599999999998,
      "timestamp": 40.89552238805972,
      "evidence_count": 4
    },
    "b6c2c14f-66db-456d-898b-529c33bb0874": {
      "edge_id": "b6c2c14f-66db-456d-898b-529c33bb0874",
      "source_node": "BSE_ASSET",
      "target_node": "P14",
      "belief_type": "strategy",
      "confidence": 0.1,
      "value": "unknown",
      "timestamp": 15.373134328358166,
      "evidence_count": 0
    },
    "63fd4add-4079-4c0c-a09c-5239a466f79d": {
      "edge_id": "63fd4add-4079-4c0c-a09c-5239a466f79d",
      "source_node": "BSE_ASSET",
      "target_node": "P14",
      "belief_type": "valuation",
      "confidence": 0.30000000000000004,
      "value": 125.53,
      "timestamp": 30.597014925373,
      "evidence_count": 3
    },
    "fb2aa404-e129-4810-ae27-0661ccefa21d": {
      "edge_id": "fb2aa404-e129-4810-ae27-0661ccefa21d",
      "source_node": "BSE_ASSET",
      "target_node": "P09",
      "belief_type": "strategy",
      "confidence": 0.1,
      "value": "unknown",
      "timestamp": 15.373134328358166,
      "evidence_count": 0
    },
    "ba621ce8-5501-480f-ae00-985ab1e2e317": {
      "edge_id": "ba621ce8-5501-480f-ae00-985ab1e2e317",
      "source_node": "BSE_ASSET",
      "target_node": "P09",
      "belief_type": "valuation",
      "confidence": 0.1,
      "value": 124,
      "timestamp": 15.373134328358166,
      "evidence_count": 1
    },
    "3d310fc7-4eab-4c1a-a456-b8ff23ae5a0c": {
      "edge_id": "3d310fc7-4eab-4c1a-a456-b8ff23ae5a0c",
      "source_node": "BSE_ASSET",
      "target_node": "B06",
      "belief_type": "strategy",
      "confidence": 0.1,
      "value": "unknown",
      "timestamp": 15.373134328358166,
      "evidence_count": 0
    },
    "0914ed3c-dd74-4209-b9f2-34146d817a57": {
      "edge_id": "0914ed3c-dd74-4209-b9f2-34146d817a57",
      "source_node": "BSE_ASSET",
      "target_node": "B06",
      "belief_type": "valuation",
      "confidence": 0.2,
      "value": 112.0,
      "timestamp": 20.447761194029777,
      "evidence_count": 2
    },
    "f8a08b2a-fbd7-4b08-8612-e713b277a69b": {
      "edge_id": "f8a08b2a-fbd7-4b08-8612-e713b277a69b",
      "source_node": "BSE_ASSET",
      "target_node": "B20",
      "belief_type": "strategy",
      "confidence": 0.1,
      "value": "unknown",
      "timestamp": 15.373134328358166,
      "evidence_count": 0
    },
    "fcd9532a-3c9d-426b-96ca-635a217c3e7a": {
      "edge_id": "fcd9532a-3c9d-426b-96ca-635a217c3e7a",
      "source_node": "BSE_ASSET",
      "target_node": "B20",
      "belief_type": "valuation",
      "confidence": 0.1,
      "value": 100,
      "timestamp": 15.373134328358166,
      "evidence_count": 1
    },
    "aae7b4a5-8f2e-413e-84cc-3d338362fa81": {
      "edge_id": "aae7b4a5-8f2e-413e-84cc-3d338362fa81",
      "source_node": "BSE_ASSET",
      "target_node": "B10",
      "belief_type": "strategy",
      "confidence": 0.1,
      "value": "unknown",
      "timestamp": 15.373134328358166,
      "evidence_count": 0
    },
    "118b75e5-c6bd-407f-912a-f1d655254252": {
      "edge_id": "118b75e5-c6bd-407f-912a-f1d655254252",
      "source_node": "BSE_ASSET",
      "target_node": "B10",
      "belief_type": "valuation",
      "confidence": 0.30000000000000004,
      "value": 107.69,
      "timestamp": 25.522388059701388,
      "evidence_count": 3
    },
    "120eed99-77a2-4be1-a14a-f64123058fe7": {
      "edge_id": "120eed99-77a2-4be1-a14a-f64123058fe7",
      "source_node": "BSE_ASSET",
      "target_node": "S04",
      "belief_type": "strategy",
      "confidence": 0.1,
      "value": "unknown",
      "timestamp": 15.373134328358166,
      "evidence_count": 0
    },
    "ac06f8fd-0853-409d-aa3c-47d6c6611948": {
      "edge_id": "ac06f8fd-0853-409d-aa3c-47d6c6611948",
      "source_node": "BSE_ASSET",
      "target_node": "S04",
      "belief_type": "valuation",
      "confidence": 0.5,
      "value": 141.98969999999997,
      "timestamp": 40.89552238805972,
      "evidence_count": 5
    },
    "6cc6d820-a32e-4441-93b5-a6d98b03ba80": {
      "edge_id": "6cc6d820-a32e-4441-93b5-a6d98b03ba80",
      "source_node": "BSE_ASSET",
      "target_node": "P12",
      "belief_type": "strategy",
      "confidence": 0.1,
      "value": "unknown",
      "timestamp": 15.373134328358166,
      "evidence_count": 0
    },
    "0fdbafcf-dff6-46b7-8df1-f86047fc1018": {
      "edge_id": "0fdbafcf-dff6-46b7-8df1-f86047fc1018",
      "source_node": "BSE_ASSET",
      "target_node": "P12",
      "belief_type": "valuation",
      "confidence": 0.4,
      "value": 130.0,
      "timestamp": 30.597014925373,
      "evidence_count": 4
    },
    "3742ee78-c311-4ea0-9dff-c612134af1ca": {
      "edge_id": "3742ee78-c311-4ea0-9dff-c612134af1ca",
      "source_node": "BSE_ASSET",
      "target_node": "P18",
      "belief_type": "strategy",
      "confidence": 0.1,
      "value": "unknown",
      "timestamp": 15.373134328358166,
      "evidence_count": 0
    },
    "90e4a7b8-cf2b-437a-8b99-fe00457f7808": {
      "edge_id": "90e4a7b8-cf2b-437a-8b99-fe00457f7808",
      "source_node": "BSE_ASSET",
      "target_node": "P18",
      "belief_type": "valuation",
      "confidence": 0.5,
      "value": 130.0,
      "timestamp": 35.820895522387985,
      "evidence_count": 5
    },
    "c6ec6044-0173-4306-90cf-03b4202f7164": {
      "edge_id": "c6ec6044-0173-4306-90cf-03b4202f7164",
      "source_node": "BSE_ASSET",
      "target_node": "P16",
      "belief_type": "strategy",
      "confidence": 0.1,
      "value": "unknown",
      "timestamp": 15.373134328358166,
      "evidence_count": 0
    },
    "d1f0bc63-54e1-4de4-bc33-19c175f2664d": {
      "edge_id": "d1f0bc63-54e1-4de4-bc33-19c175f2664d",
      "source_node": "BSE_ASSET",
      "target_node": "P16",
      "belief_type": "valuation",
      "confidence": 0.1,
      "value": 124,
      "timestamp": 20.447761194029777,
      "evidence_count": 1
    },
    "cab19619-6634-4e4b-8ecb-14247040b9f2": {
      "edge_id": "cab19619-6634-4e4b-8ecb-14247040b9f2",
      "source_node": "BSE_ASSET",
      "target_node": "P19",
      "belief_type": "strategy",
      "confidence": 0.1,
      "value": "unknown",
      "timestamp": 20.447761194029777,
      "evidence_count": 0
    },
    "739fe5f8-06c5-4b43-bee2-3b3dbae76142": {
      "edge_id": "739fe5f8-06c5-4b43-bee2-3b3dbae76142",
      "source_node": "BSE_ASSET",
      "target_node": "P19",
      "belief_type": "valuation",
      "confidence": 0.2,
      "value": 124.9,
      "timestamp": 35.820895522387985,
      "evidence_count": 2
    },
    "c1d16a53-77a8-477a-ae32-499f8b5acbff": {
      "edge_id": "c1d16a53-77a8-477a-ae32-499f8b5acbff",
      "source_node": "BSE_ASSET",
      "target_node": "B15",
      "belief_type": "strategy",
      "confidence": 0.1,
      "value": "unknown",
      "timestamp": 20.447761194029777,
      "evidence_count": 0
    },
    "7cd0ffa8-c1fc-48bb-a6cf-4a27cc7ea5c5": {
      "edge_id": "7cd0ffa8-c1fc-48bb-a6cf-4a27cc7ea5c5",
      "source_node": "BSE_ASSET",
      "target_node": "B15",
      "belief_type": "valuation",
      "confidence": 0.1,
      "value": 120,
      "timestamp": 20.447761194029777,
      "evidence_count": 1
    },
    "e95a4082-70eb-4ab2-80f8-233de6b543bd": {
      "edge_id": "e95a4082-70eb-4ab2-80f8-233de6b543bd",
      "source_node": "BSE_ASSET",
      "target_node": "B21",
      "belief_type": "strategy",
      "confidence": 0.1,
      "value": "unknown",
      "timestamp": 20.447761194029777,
      "evidence_count": 0
    },
    "fcae9db1-a7bc-4c52-afa2-19d84a39daff": {
      "edge_id": "fcae9db1-a7bc-4c52-afa2-19d84a39daff",
      "source_node": "BSE_ASSET",
      "target_node": "B21",
      "belief_type": "valuation",
      "confidence": 0.2,
      "value": 116.5,
      "timestamp": 30.597014925373,
      "evidence_count": 2
    },
    "49b4fbcf-8e51-4b90-bf40-81fde8ba1cda": {
      "edge_id": "49b4fbcf-8e51-4b90-bf40-81fde8ba1cda",
      "source_node": "BSE_ASSET",
      "target_node": "B08",
      "belief_type": "strategy",
      "confidence": 0.1,
      "value": "unknown",
      "timestamp": 20.447761194029777,
      "evidence_count": 0
    },
    "0c716a04-4b1c-4bdb-9868-5f6b891979a5": {
      "edge_id": "0c716a04-4b1c-4bdb-9868-5f6b891979a5",
      "source_node": "BSE_ASSET",
      "target_node": "B08",
      "belief_type": "valuation",
      "confidence": 0.2,
      "value": 113.0,
      "timestamp": 25.522388059701388,
      "evidence_count": 2
    },
    "3b853478-90f1-45bd-89b4-b8014fc9b38a": {
      "edge_id": "3b853478-90f1-45bd-89b4-b8014fc9b38a",
      "source_node": "BSE_ASSET",
      "target_node": "B14",
      "belief_type": "strategy",
      "confidence": 0.1,
      "value": "unknown",
      "timestamp": 20.447761194029777,
      "evidence_count": 0
    },
    "25718e69-d222-4b52-a216-64f75f01850f": {
      "edge_id": "25718e69-d222-4b52-a216-64f75f01850f",
      "source_node": "BSE_ASSET",
      "target_node": "B14",
      "belief_type": "valuation",
      "confidence": 0.30000000000000004,
      "value": 113.63,
      "timestamp": 30.597014925373,
      "evidence_count": 3
    },
    "6513dc7b-ee4f-4325-8332-c4e26770a89b": {
      "edge_id": "6513dc7b-ee4f-4325-8332-c4e26770a89b",
      "source_node": "BSE_ASSET",
      "target_node": "B18",
      "belief_type": "strategy",
      "confidence": 0.1,
      "value": "unknown",
      "timestamp": 20.447761194029777,
      "evidence_count": 0
    },
    "2408bbf7-5047-4f3e-aff0-a2e4681864e4": {
      "edge_id": "2408bbf7-5047-4f3e-aff0-a2e4681864e4",
      "source_node": "BSE_ASSET",
      "target_node": "B18",
      "belief_type": "valuation",
      "confidence": 0.2,
      "value": 101.2,
      "timestamp": 35.820895522387985,
      "evidence_count": 2
    },
    "c6289dec-863c-475d-b1cd-3f2c6a024316": {
      "edge_id": "c6289dec-863c-475d-b1cd-3f2c6a024316",
      "source_node": "BSE_ASSET",
      "target_node": "S15",
      "belief_type": "strategy",
      "confidence": 0.1,
      "value": "unknown",
      "timestamp": 20.447761194029777,
      "evidence_count": 0
    },
    "111b1098-b979-4cb2-80dc-31f3db073ae7": {
      "edge_id": "111b1098-b979-4cb2-80dc-31f3db073ae7",
      "source_node": "BSE_ASSET",
      "target_node": "S15",
      "belief_type": "valuation",
      "confidence": 0.1,
      "value": 127,
      "timestamp": 20.447761194029777,
      "evidence_count": 1
    },
    "174c87fb-b4a3-4970-8afc-27d3acbeeffd": {
      "edge_id": "174c87fb-b4a3-4970-8afc-27d3acbeeffd",
      "source_node": "BSE_ASSET",
      "target_node": "P15",
      "belief_type": "strategy",
      "confidence": 0.1,
      "value": "unknown",
      "timestamp": 20.447761194029777,
      "evidence_count": 0
    },
    "447c607e-69e3-4392-80ca-ecef61d33682": {
      "edge_id": "447c607e-69e3-4392-80ca-ecef61d33682",
      "source_node": "BSE_ASSET",
      "target_node": "P15",
      "belief_type": "valuation",
      "confidence": 0.4,
      "value": 127.04299999999998,
      "timestamp": 40.89552238805972,
      "evidence_count": 4
    },
    "7f246894-2053-424d-83f1-3ae63fc3de79": {
      "edge_id": "7f246894-2053-424d-83f1-3ae63fc3de79",
      "source_node": "BSE_ASSET",
      "target_node": "P00",
      "belief_type": "strategy",
      "confidence": 0.1,
      "value": "unknown",
      "timestamp": 20.447761194029777,
      "evidence_count": 0
    },
    "6f32d99d-be50-455c-9227-d5b484e6321d": {
      "edge_id": "6f32d99d-be50-455c-9227-d5b484e6321d",
      "source_node": "BSE_ASSET",
      "target_node": "P00",
      "belief_type": "valuation",
      "confidence": 0.2,
      "value": 126.9,
      "timestamp": 40.89552238805972,
      "evidence_count": 2
    },
    "3a9046ac-f5d4-4a64-8ee5-225889f9c0fd": {
      "edge_id": "3a9046ac-f5d4-4a64-8ee5-225889f9c0fd",
      "source_node": "BSE_ASSET",
      "target_node": "P06",
      "belief_type": "strategy",
      "confidence": 0.1,
      "value": "unknown",
      "timestamp": 20.447761194029777,
      "evidence_count": 0
    },
    "04c2e8cd-e6b1-4104-8302-7138b88ec748": {
      "edge_id": "04c2e8cd-e6b1-4104-8302-7138b88ec748",
      "source_node": "BSE_ASSET",
      "target_node": "P06",
      "belief_type": "valuation",
      "confidence": 0.2,
      "value": 124.9,
      "timestamp": 35.820895522387985,
      "evidence_count": 2
    },
    "8e27fda1-e109-4c3b-88d1-a5dbd7028765": {
      "edge_id": "8e27fda1-e109-4c3b-88d1-a5dbd7028765",
      "source_node": "BSE_ASSET",
      "target_node": "P10",
      "belief_type": "strategy",
      "confidence": 0.1,
      "value": "unknown",
      "timestamp": 25.522388059701388,
      "evidence_count": 0
    },
    "def93c89-094c-4d48-bddf-1e7c819bf8a5": {
      "edge_id": "def93c89-094c-4d48-bddf-1e7c819bf8a5",
      "source_node": "BSE_ASSET",
      "target_node": "P10",
      "belief_type": "valuation",
      "confidence": 0.1,
      "value": 124,
      "timestamp": 25.522388059701388,
      "evidence_count": 1
    },
    "9570a762-fed5-4faa-b194-fe16b90ecb54": {
      "edge_id": "9570a762-fed5-4faa-b194-fe16b90ecb54",
      "source_node": "BSE_ASSET",
      "target_node": "B01",
      "belief_type": "strategy",
      "confidence": 0.1,
      "value": "unknown",
      "timestamp": 25.522388059701388,
      "evidence_count": 0
    },
    "2d068769-3182-4fc3-904e-5a37fea4da82": {
      "edge_id": "2d068769-3182-4fc3-904e-5a37fea4da82",
      "source_node": "BSE_ASSET",
      "target_node": "B01",
      "belief_type": "valuation",
      "confidence": 0.1,
      "value": 91,
      "timestamp": 25.522388059701388,
      "evidence_count": 1
    },
    "ca9723b6-0838-487e-a1ae-230f8cfd57c1": {
      "edge_id": "ca9723b6-0838-487e-a1ae-230f8cfd57c1",
      "source_node": "BSE_ASSET",
      "target_node": "S14",
      "belief_type": "strategy",
      "confidence": 0.1,
      "value": "unknown",
      "timestamp": 25.522388059701388,
      "evidence_count": 0
    },
    "6f90d1c6-b3ed-43dd-aa57-002d9485a525": {
      "edge_id": "6f90d1c6-b3ed-43dd-aa57-002d9485a525",
      "source_node": "BSE_ASSET",
      "target_node": "S14",
      "belief_type": "valuation",
      "confidence": 0.30000000000000004,
      "value": 133.0,
      "timestamp": 35.820895522387985,
      "evidence_count": 3
    },
    "c68ae023-1f6e-41dd-b58b-dab5083fc266": {
      "edge_id": "c68ae023-1f6e-41dd-b58b-dab5083fc266",
      "source_node": "BSE_ASSET",
      "target_node": "S00",
      "belief_type": "strategy",
      "confidence": 0.1,
      "value": "unknown",
      "timestamp": 25.522388059701388,
      "evidence_count": 0
    },
    "95a669cc-2fc7-4569-8acd-1dfbb8f6708c": {
      "edge_id": "95a669cc-2fc7-4569-8acd-1dfbb8f6708c",
      "source_node": "BSE_ASSET",
      "target_node": "S00",
      "belief_type": "valuation",
      "confidence": 0.4,
      "value": 135.85999999999999,
      "timestamp": 40.89552238805972,
      "evidence_count": 4
    },
    "1fe42316-442b-45e2-9ffe-96a392debb48": {
      "edge_id": "1fe42316-442b-45e2-9ffe-96a392debb48",
      "source_node": "BSE_ASSET",
      "target_node": "S22",
      "belief_type": "strategy",
      "confidence": 0.1,
      "value": "unknown",
      "timestamp": 25.522388059701388,
      "evidence_count": 0
    },
    "4f815877-37ab-456d-a133-cac5a18acb32": {
      "edge_id": "4f815877-37ab-456d-a133-cac5a18acb32",
      "source_node": "BSE_ASSET",
      "target_node": "S22",
      "belief_type": "valuation",
      "confidence": 0.30000000000000004,
      "value": 147.14,
      "timestamp": 40.89552238805972,
      "evidence_count": 3
    },
    "7c739886-b414-47d6-bd4b-c3748fb13982": {
      "edge_id": "7c739886-b414-47d6-bd4b-c3748fb13982",
      "source_node": "BSE_ASSET",
      "target_node": "S19",
      "belief_type": "strategy",
      "confidence": 0.1,
      "value": "unknown",
      "timestamp": 25.522388059701388,
      "evidence_count": 0
    },
    "c4c34e9d-0371-43d3-ab77-d97cde596cdd": {
      "edge_id": "c4c34e9d-0371-43d3-ab77-d97cde596cdd",
      "source_node": "BSE_ASSET",
      "target_node": "S19",
      "belief_type": "valuation",
      "confidence": 0.2,
      "value": 172.0,
      "timestamp": 30.597014925373,
      "evidence_count": 2
    },
    "d6b5c5af-1c5e-4663-9194-deb2f3576a43": {
      "edge_id": "d6b5c5af-1c5e-4663-9194-deb2f3576a43",
      "source_node": "BSE_ASSET",
      "target_node": "S13",
      "belief_type": "strategy",
      "confidence": 0.1,
      "value": "unknown",
      "timestamp": 25.522388059701388,
      "evidence_count": 0
    },
    "da38c7dc-6ada-4881-847a-fe73df58054d": {
      "edge_id": "da38c7dc-6ada-4881-847a-fe73df58054d",
      "source_node": "BSE_ASSET",
      "target_node": "S13",
      "belief_type": "valuation",
      "confidence": 0.4,
      "value": 152.635,
      "timestamp": 40.89552238805972,
      "evidence_count": 4
    },
    "b832abae-b994-4e8a-8213-718d2dcbfe90": {
      "edge_id": "b832abae-b994-4e8a-8213-718d2dcbfe90",
      "source_node": "BSE_ASSET",
      "target_node": "P04",
      "belief_type": "strategy",
      "confidence": 0.1,
      "value": "unknown",
      "timestamp": 25.522388059701388,
      "evidence_count": 0
    },
    "8c2d2059-fe79-402c-b97d-843f55984b0f": {
      "edge_id": "8c2d2059-fe79-402c-b97d-843f55984b0f",
      "source_node": "BSE_ASSET",
      "target_node": "P04",
      "belief_type": "valuation",
      "confidence": 0.1,
      "value": 124,
      "timestamp": 30.597014925373,
      "evidence_count": 1
    },
    "6bb5dc87-fbca-4cc9-9a7c-83f5090cf1e6": {
      "edge_id": "6bb5dc87-fbca-4cc9-9a7c-83f5090cf1e6",
      "source_node": "BSE_ASSET",
      "target_node": "B22",
      "belief_type": "strategy",
      "confidence": 0.1,
      "value": "unknown",
      "timestamp": 30.597014925373,
      "evidence_count": 0
    },
    "e2822250-5904-40ba-8388-f423beb6b015": {
      "edge_id": "e2822250-5904-40ba-8388-f423beb6b015",
      "source_node": "BSE_ASSET",
      "target_node": "B22",
      "belief_type": "valuation",
      "confidence": 0.1,
      "value": 112,
      "timestamp": 30.597014925373,
      "evidence_count": 1
    },
    "dba18b02-a435-4fa1-bc8b-a83f4a6ad799": {
      "edge_id": "dba18b02-a435-4fa1-bc8b-a83f4a6ad799",
      "source_node": "BSE_ASSET",
      "target_node": "B03",
      "belief_type": "strategy",
      "confidence": 0.1,
      "value": "unknown",
      "timestamp": 30.597014925373,
      "evidence_count": 0
    },
    "6f37e94d-f33d-456a-9bac-cb692b4a8985": {
      "edge_id": "6f37e94d-f33d-456a-9bac-cb692b4a8985",
      "source_node": "BSE_ASSET",
      "target_node": "B03",
      "belief_type": "valuation",
      "confidence": 0.2,
      "value": 103.0,
      "timestamp": 35.820895522387985,
      "evidence_count": 2
    },
    "66696c53-0af5-40e4-8bfe-b0818ef9e0f9": {
      "edge_id": "66696c53-0af5-40e4-8bfe-b0818ef9e0f9",
      "source_node": "BSE_ASSET",
      "target_node": "S17",
      "belief_type": "strategy",
      "confidence": 0.1,
      "value": "unknown",
      "timestamp": 30.597014925373,
      "evidence_count": 0
    },
    "3ba77e1e-526f-434d-a8a8-35657c425e46": {
      "edge_id": "3ba77e1e-526f-434d-a8a8-35657c425e46",
      "source_node": "BSE_ASSET",
      "target_node": "S17",
      "belief_type": "valuation",
      "confidence": 0.2,
      "value": 135.1,
      "timestamp": 40.89552238805972,
      "evidence_count": 2
    },
    "f2d91957-c296-40d7-bb14-915391677c5e": {
      "edge_id": "f2d91957-c296-40d7-bb14-915391677c5e",
      "source_node": "BSE_ASSET",
      "target_node": "S05",
      "belief_type": "strategy",
      "confidence": 0.1,
      "value": "unknown",
      "timestamp": 30.597014925373,
      "evidence_count": 0
    },
    "00aef6de-b612-4631-99a2-b0757555deeb": {
      "edge_id": "00aef6de-b612-4631-99a2-b0757555deeb",
      "source_node": "BSE_ASSET",
      "target_node": "S05",
      "belief_type": "valuation",
      "confidence": 0.2,
      "value": 136.79999999999998,
      "timestamp": 35.820895522387985,
      "evidence_count": 2
    },
    "124602a7-a182-4c70-b83f-c5dab71faa4b": {
      "edge_id": "124602a7-a182-4c70-b83f-c5dab71faa4b",
      "source_node": "BSE_ASSET",
      "target_node": "S09",
      "belief_type": "strategy",
      "confidence": 0.1,
      "value": "unknown",
      "timestamp": 40.89552238805972,
      "evidence_count": 0
    },
    "01851fe7-c1dd-4a75-a2fe-1ca5b6ba03fe": {
      "edge_id": "01851fe7-c1dd-4a75-a2fe-1ca5b6ba03fe",
      "source_node": "BSE_ASSET",
      "target_node": "S09",
      "belief_type": "valuation",
      "confidence": 0.1,
      "value": 139,
      "timestamp": 40.89552238805972,
      "evidence_count": 1
    },
    "d8c3f06b-85a9-4c1c-b04c-cd67ecfc04db": {
      "edge_id": "d8c3f06b-85a9-4c1c-b04c-cd67ecfc04db",
      "source_node": "BSE_ASSET",
      "target_node": "S21",
      "belief_type": "strategy",
      "confidence": 0.1,
      "value": "unknown",
      "timestamp": 40.89552238805972,
      "evidence_count": 0
    },
    "6938d93b-8de4-4707-881e-b80d8aec850f": {
      "edge_id": "6938d93b-8de4-4707-881e-b80d8aec850f",
      "source_node": "BSE_ASSET",
      "target_node": "S21",
      "belief_type": "valuation",
      "confidence": 0.1,
      "value": 154,
      "timestamp": 40.89552238805972,
      "evidence_count": 1
    }
  },
  "event_history": [
    {
      "event_id": "ask_P15_30.597014925373",
      "event_type": "ask",
      "timestamp": 30.597014925373,
      "agent_id": "P15",
      "price": 127,
      "quantity": 1,
      "counterparty_id": null,
      "order_id": null
    },
    {
      "event_id": "ask_P01_30.597014925373",
      "event_type": "ask",
      "timestamp": 30.597014925373,
      "agent_id": "P01",
      "price": 127,
      "quantity": 1,
      "counterparty_id": null,
      "order_id": null
    },
    {
      "event_id": "ask_P14_30.597014925373",
      "event_type": "ask",
      "timestamp": 30.597014925373,
      "agent_id": "P14",
      "price": 127,
      "quantity": 1,
      "counterparty_id": null,
      "order_id": null
    },
    {
      "event_id": "ask_S17_30.597014925373",
      "event_type": "ask",
      "timestamp": 30.597014925373,
      "agent_id": "S17",
      "price": 127,
      "quantity": 1,
      "counterparty_id": null,
      "order_id": null
    },
    {
      "event_id": "ask_P02_30.597014925373",
      "event_type": "ask",
      "timestamp": 30.597014925373,
      "agent_id": "P02",
      "price": 129,
      "quantity": 1,
      "counterparty_id": null,
      "order_id": null
    },
    {
      "event_id": "ask_P12_30.597014925373",
      "event_type": "ask",
      "timestamp": 30.597014925373,
      "agent_id": "P12",
      "price": 130,
      "quantity": 1,
      "counterparty_id": null,
      "order_id": null
    },
    {
      "event_id": "ask_P08_30.597014925373",
      "event_type": "ask",
      "timestamp": 30.597014925373,
      "agent_id": "P08",
      "price": 130,
      "quantity": 1,
      "counterparty_id": null,
      "order_id": null
    },
    {
      "event_id": "ask_P18_30.597014925373",
      "event_type": "ask",
      "timestamp": 30.597014925373,
      "agent_id": "P18",
      "price": 130,
      "quantity": 1,
      "counterparty_id": null,
      "order_id": null
    },
    {
      "event_id": "ask_S13_30.597014925373",
      "event_type": "ask",
      "timestamp": 30.597014925373,
      "agent_id": "S13",
      "price": 130,
      "quantity": 1,
      "counterparty_id": null,
      "order_id": null
    },
    {
      "event_id": "ask_S04_30.597014925373",
      "event_type": "ask",
      "timestamp": 30.597014925373,
      "agent_id": "S04",
      "price": 132,
      "quantity": 1,
      "counterparty_id": null,
      "order_id": null
    },
    {
      "event_id": "ask_S14_30.597014925373",
      "event_type": "ask",
      "timestamp": 30.597014925373,
      "agent_id": "S14",
      "price": 133,
      "quantity": 1,
      "counterparty_id": null,
      "order_id": null
    },
    {
      "event_id": "ask_S05_30.597014925373",
      "event_type": "ask",
      "timestamp": 30.597014925373,
      "agent_id": "S05",
      "price": 138,
      "quantity": 1,
      "counterparty_id": null,
      "order_id": null
    },
    {
      "event_id": "ask_S00_30.597014925373",
      "event_type": "ask",
      "timestamp": 30.597014925373,
      "agent_id": "S00",
      "price": 143,
      "quantity": 1,
      "counterparty_id": null,
      "order_id": null
    },
    {
      "event_id": "ask_S22_30.597014925373",
      "event_type": "ask",
      "timestamp": 30.597014925373,
      "agent_id": "S22",
      "price": 146,
      "quantity": 1,
      "counterparty_id": null,
      "order_id": null
    },
    {
      "event_id": "ask_S19_30.597014925373",
      "event_type": "ask",
      "timestamp": 30.597014925373,
      "agent_id": "S19",
      "price": 172,
      "quantity": 1,
      "counterparty_id": null,
      "order_id": null
    },
    {
      "event_id": "ask_S20_30.597014925373",
      "event_type": "ask",
      "timestamp": 30.597014925373,
      "agent_id": "S20",
      "price": 180,
      "quantity": 1,
      "counterparty_id": null,
      "order_id": null
    },
    {
      "event_id": "bid_P07_35.820895522387985",
      "event_type": "bid",
      "timestamp": 35.820895522387985,
      "agent_id": "P07",
      "price": 120,
      "quantity": 1,
      "counterparty_id": null,
      "order_id": null
    },
    {
      "event_id": "bid_B18_35.820895522387985",
      "event_type": "bid",
      "timestamp": 35.820895522387985,
      "agent_id": "B18",
      "price": 104,
      "quantity": 1,
      "counterparty_id": null,
      "order_id": null
    },
    {
      "event_id": "bid_B03_35.820895522387985",
      "event_type": "bid",
      "timestamp": 35.820895522387985,
      "agent_id": "B03",
      "price": 103,
      "quantity": 1,
      "counterparty_id": null,
      "order_id": null
    },
    {
      "event_id": "ask_P19_35.820895522387985",
      "event_type": "ask",
      "timestamp": 35.820895522387985,
      "agent_id": "P19",
      "price": 127,
      "quantity": 1,
      "counterparty_id": null,
      "order_id": null
    },
    {
      "event_id": "ask_P06_35.820895522387985",
      "event_type": "ask",
      "timestamp": 35.820895522387985,
      "agent_id": "P06",
      "price": 127,
      "quantity": 1,
      "counterparty_id": null,
      "order_id": null
    },
    {
      "event_id": "ask_P02_35.820895522387985",
      "event_type": "ask",
      "timestamp": 35.820895522387985,
      "agent_id": "P02",
      "price": 129,
      "quantity": 1,
      "counterparty_id": null,
      "order_id": null
    },
    {
      "event_id": "ask_S00_35.820895522387985",
      "event_type": "ask",
      "timestamp": 35.820895522387985,
      "agent_id": "S00",
      "price": 129,
      "quantity": 1,
      "counterparty_id": null,
      "order_id": null
    },
    {
      "event_id": "ask_P08_35.820895522387985",
      "event_type": "ask",
      "timestamp": 35.820895522387985,
      "agent_id": "P08",
      "price": 130,
      "quantity": 1,
      "counterparty_id": null,
      "order_id": null
    },
    {
      "event_id": "ask_P18_35.820895522387985",
      "event_type": "ask",
      "timestamp": 35.820895522387985,
      "agent_id": "P18",
      "price": 130,
      "quantity": 1,
      "counterparty_id": null,
      "order_id": null
    },
    {
      "event_id": "ask_S13_35.820895522387985",
      "event_type": "ask",
      "timestamp": 35.820895522387985,
      "agent_id": "S13",
      "price": 130,
      "quantity": 1,
      "counterparty_id": null,
      "order_id": null
    },
    {
      "event_id": "ask_S14_35.820895522387985",
      "event_type": "ask",
      "timestamp": 35.820895522387985,
      "agent_id": "S14",
      "price": 133,
      "quantity": 1,
      "counterparty_id": null,
      "order_id": null
    },
    {
      "event_id": "ask_S05_35.820895522387985",
      "event_type": "ask",
      "timestamp": 35.820895522387985,
      "agent_id": "S05",
      "price": 134,
      "quantity": 1,
      "counterparty_id": null,
      "order_id": null
    },
    {
      "event_id": "ask_S06_35.820895522387985",
      "event_type": "ask",
      "timestamp": 35.820895522387985,
      "agent_id": "S06",
      "price": 147,
      "quantity": 1,
      "counterparty_id": null,
      "order_id": null
    },
    {
      "event_id": "ask_S04_35.820895522387985",
      "event_type": "ask",
      "timestamp": 35.820895522387985,
      "agent_id": "S04",
      "price": 153,
      "quantity": 1,
      "counterparty_id": null,
      "order_id": null
    },
    {
      "event_id": "ask_S07_35.820895522387985",
      "event_type": "ask",
      "timestamp": 35.820895522387985,
      "agent_id": "S07",
      "price": 210,
      "quantity": 1,
      "counterparty_id": null,
      "order_id": null
    },
    {
      "event_id": "bid_P15_40.89552238805972",
      "event_type": "bid",
      "timestamp": 40.89552238805972,
      "agent_id": "P15",
      "price": 126,
      "quantity": 1,
      "counterparty_id": null,
      "order_id": null
    },
    {
      "event_id": "bid_B11_40.89552238805972",
      "event_type": "bid",
      "timestamp": 40.89552238805972,
      "agent_id": "B11",
      "price": 123,
      "quantity": 1,
      "counterparty_id": null,
      "order_id": null
    },
    {
      "event_id": "bid_P00_40.89552238805972",
      "event_type": "bid",
      "timestamp": 40.89552238805972,
      "agent_id": "P00",
      "price": 122,
      "quantity": 1,
      "counterparty_id": null,
      "order_id": null
    },
    {
      "event_id": "bid_P07_40.89552238805972",
      "event_type": "bid",
      "timestamp": 40.89552238805972,
      "agent_id": "P07",
      "price": 120,
      "quantity": 1,
      "counterparty_id": null,
      "order_id": null
    },
    {
      "event_id": "bid_B02_40.89552238805972",
      "event_type": "bid",
      "timestamp": 40.89552238805972,
      "agent_id": "B02",
      "price": 28,
      "quantity": 1,
      "counterparty_id": null,
      "order_id": null
    },
    {
      "event_id": "ask_P17_40.89552238805972",
      "event_type": "ask",
      "timestamp": 40.89552238805972,
      "agent_id": "P17",
      "price": 127,
      "quantity": 1,
      "counterparty_id": null,
      "order_id": null
    },
    {
      "event_id": "ask_P02_40.89552238805972",
      "event_type": "ask",
      "timestamp": 40.89552238805972,
      "agent_id": "P02",
      "price": 129,
      "quantity": 1,
      "counterparty_id": null,
      "order_id": null
    },
    {
      "event_id": "ask_S00_40.89552238805972",
      "event_type": "ask",
      "timestamp": 40.89552238805972,
      "agent_id": "S00",
      "price": 129,
      "quantity": 1,
      "counterparty_id": null,
      "order_id": null
    },
    {
      "event_id": "ask_P08_40.89552238805972",
      "event_type": "ask",
      "timestamp": 40.89552238805972,
      "agent_id": "P08",
      "price": 130,
      "quantity": 1,
      "counterparty_id": null,
      "order_id": null
    },
    {
      "event_id": "ask_S09_40.89552238805972",
      "event_type": "ask",
      "timestamp": 40.89552238805972,
      "agent_id": "S09",
      "price": 139,
      "quantity": 1,
      "counterparty_id": null,
      "order_id": null
    },
    {
      "event_id": "ask_S22_40.89552238805972",
      "event_type": "ask",
      "timestamp": 40.89552238805972,
      "agent_id": "S22",
      "price": 140,
      "quantity": 1,
      "counterparty_id": null,
      "order_id": null
    },
    {
      "event_id": "ask_S06_40.89552238805972",
      "event_type": "ask",
      "timestamp": 40.89552238805972,
      "agent_id": "S06",
      "price": 147,
      "quantity": 1,
      "counterparty_id": null,
      "order_id": null
    },
    {
      "event_id": "ask_S04_40.89552238805972",
      "event_type": "ask",
      "timestamp": 40.89552238805972,
      "agent_id": "S04",
      "price": 153,
      "quantity": 1,
      "counterparty_id": null,
      "order_id": null
    },
    {
      "event_id": "ask_S17_40.89552238805972",
      "event_type": "ask",
      "timestamp": 40.89552238805972,
      "agent_id": "S17",
      "price": 154,
      "quantity": 1,
      "counterparty_id": null,
      "order_id": null
    },
    {
      "event_id": "ask_S21_40.89552238805972",
      "event_type": "ask",
      "timestamp": 40.89552238805972,
      "agent_id": "S21",
      "price": 154,
      "quantity": 1,
      "counterparty_id": null,
      "order_id": null
    },
    {
      "event_id": "ask_S13_40.89552238805972",
      "event_type": "ask",
      "timestamp": 40.89552238805972,
      "agent_id": "S13",
      "price": 154,
      "quantity": 1,
      "counterparty_id": null,
      "order_id": null
    },
    {
      "event_id": "ask_S12_40.89552238805972",
      "event_type": "ask",
      "timestamp": 40.89552238805972,
      "agent_id": "S12",
      "price": 156,
      "quantity": 1,
      "counterparty_id": null,
      "order_id": null
    },
    {
      "event_id": "ask_S07_40.89552238805972",
      "event_type": "ask",
      "timestamp": 40.89552238805972,
      "agent_id": "S07",
      "price": 210,
      "quantity": 1,
      "counterparty_id": null,
      "order_id": null
    },
    {
      "event_id": "ask_S20_40.89552238805972",
      "event_type": "ask",
      "timestamp": 40.89552238805972,
      "agent_id": "S20",
      "price": 340,
      "quantity": 1,
      "counterparty_id": null,
      "order_id": null
    }
  ]
}
2025-10-10 18:54:52 | HM_NL_NOCOT_P20 | ================================================================================
2025-10-10 18:54:52 | HM_NL_NOCOT_P20 | [AGENTS-TRACKED] Currently tracking 53 agents: ['P20', 'P17', 'P02', 'P01', 'P08', 'P07', 'B11', 'B19', 'S06', 'S02', 'S07', 'B13', 'B05', 'B02', 'B07', 'B09', 'B04', 'S03', 'S12', 'S20', 'P14', 'P09', 'B06', 'B20', 'B10', 'S04', 'P12', 'P18', 'P16', 'P19', 'B15', 'B21', 'B08', 'B14', 'B18', 'S15', 'P15', 'P00', 'P06', 'P10', 'B01', 'S14', 'S00', 'S22', 'S19', 'S13', 'P04', 'B22', 'B03', 'S17', 'S05', 'S09', 'S21']
2025-10-10 18:58:43 | HM_NL_NOCOT_P20 | [GETORDER] Called at time 45.5, job=Buy, balance=$501
2025-10-10 18:58:43 | HM_NL_NOCOT_P20 | === LLM PROMPT AT TIME 45.52238805970159 ===
2025-10-10 18:58:43 | HM_NL_NOCOT_P20 | ================================================================================
2025-10-10 18:58:43 | HM_NL_NOCOT_P20 | 
You are a proprietary trader looking to BUY a unit.

MARKET DATA:
Time: 45.5
Best Bid: 127
Best Ask: 154
Spread: 27
Recent prices: [127, 154, 154, 143, 130]
Average recent price: $141.6

MY CURRENT STATE:
Balance: $501
Current job: Buy
Inventory: 0 units
Last purchase price: $124
Number of completed trades: 2



MARKET EDUCATION:
- Price ranges typically between $1-$500 in this market
- The market operates as a continuous double auction with a limit order book
- Orders are matched when bid prices meet or exceed ask prices
- You can place BID orders (to buy) or ASK orders (to sell)

HOW ORDER BOOKS WORK:
- To BUY: Place a BID order at your desired price
  - If sellers exist at/below your bid price → immediate execution
  - If no sellers at your price → your bid waits on the order book
  - Higher bids are more likely to execute quickly

- To SELL: Place an ASK order at your desired price
  - If buyers exist at/above your ask price → immediate execution
  - If no buyers at your price → your ask waits on the order book
  - Lower asks are more likely to execute quickly

TRADING PRINCIPLES:
- "Buy low, sell high" means buying below recent average prices when possible
- Risk management: avoid spending your entire balance on one trade
- Learn from history: if recent trades lost money, consider what went wrong
- Liquidity: sometimes waiting for better prices is smarter than forcing trades
- Analyze other traders' activity patterns and draw your own conclusions



BELIEF GRAPH INSIGHTS (Natural Language):
The belief graph represents your understanding of market dynamics and other agents' strategies.

Current market beliefs:
My trading attributes: {'aggressiveness': 0.6, 'learning_rate': 0.6, 'hypothesis_threshold': 0.3, 'exploration_rate': 0.5, 'adaptability': 0.7, 'strategic_depth': 0.8}

Tracking 53 agents
  - Agent P20
  - Agent P17
  - Agent P02
  - Agent P01
  - Agent P08
  - Agent P07
  - Agent B11
  - Agent B19
  - Agent S06
  - Agent S02
  - Agent S07
  - Agent B13
  - Agent B05
  - Agent B02
  - Agent B07
  - Agent B09
  - Agent B04
  - Agent S03
  - Agent S12
  - Agent S20
  - Agent P14
  - Agent P09
  - Agent B06
  - Agent B20
  - Agent B10
  - Agent S04
  - Agent P12
  - Agent P18
  - Agent P16
  - Agent P19
  - Agent B15
  - Agent B21
  - Agent B08
  - Agent B14
  - Agent B18
  - Agent S15
  - Agent P15
  - Agent P00
  - Agent P06
  - Agent P10
  - Agent B01
  - Agent S14
  - Agent S00
  - Agent S22
  - Agent S19
  - Agent S13
  - Agent P04
  - Agent B22
  - Agent B03
  - Agent S17
  - Agent S05
  - Agent S09
  - Agent S21

This narrative describes:
- How aggressive or passive other traders are behaving
- What strategies you believe they are following
- Overall market sentiment and direction
- Your assessment of current market risks
- How confident you are in your understanding of each agent

Use these insights to inform your trading decisions.


GRAPH QUALITY: BASIC
You have limited information about market participants.
Belief graph data is based on observations and may contain uncertainties.


CURRENT SITUATION: You currently have NO INVENTORY and are looking to BUY a unit.

YOUR GOAL: Make a profitable trade. End with MORE money than you started with.



Respond with ONLY:
"BUY [exact_price]" - to place a bid at that price
"WAIT" - to wait for better conditions


Respond ONLY with your decision. No explanation needed.


2025-10-10 18:58:43 | HM_NL_NOCOT_P20 | ================================================================================
2025-10-10 18:58:43 | HM_NL_NOCOT_P20 | === RAW LLM RESPONSE ===
2025-10-10 18:58:43 | HM_NL_NOCOT_P20 | BUY 127
2025-10-10 18:58:43 | HM_NL_NOCOT_P20 | ================================================================================
2025-10-10 18:58:43 | HM_NL_NOCOT_P20 | === PARSED DECISION ===
2025-10-10 18:58:43 | HM_NL_NOCOT_P20 | Action: BUY
2025-10-10 18:58:43 | HM_NL_NOCOT_P20 | Price: 127
2025-10-10 18:58:43 | HM_NL_NOCOT_P20 | Reasoning: BUY 127
2025-10-10 18:58:43 | HM_NL_NOCOT_P20 | Current Job: Buy
2025-10-10 18:58:43 | HM_NL_NOCOT_P20 | Balance: $501.00
2025-10-10 18:58:43 | HM_NL_NOCOT_P20 | Inventory: 0
2025-10-10 19:01:47 | HM_NL_NOCOT_P20 | [BELIEF-THROTTLE] P13: Running belief graph update at time 46.0
2025-10-10 19:01:47 | HM_NL_NOCOT_P20 | [UPDATE-SUMMARY] Processed 13 market events at time 46.0
2025-10-10 19:01:47 | HM_NL_NOCOT_P20 | === BELIEF GRAPH STATE AT TIME 46.0 ===
2025-10-10 19:01:47 | HM_NL_NOCOT_P20 | {
  "graph_id": "f5b42db1-423d-4188-b050-2c98ca6efd4a",
  "asset_id": "BSE_ASSET",
  "current_time": 45.97014925373145,
  "nodes": {
    "BSE_ASSET": {
      "asset_id": "BSE_ASSET",
      "node_type": "asset",
      "current_best_bid": null,
      "current_best_ask": null,
      "last_trade_price": null,
      "volume_traded": 0,
      "price_volatility": 0.0,
      "spread_width": null,
      "market_depth_bid": 0,
      "market_depth_ask": 0
    },
    "P20": {
      "agent_id": "P20",
      "node_type": "agent",
      "last_bid_price": 124,
      "last_ask_price": null,
      "last_trade_price": null,
      "total_trades": 0,
      "total_volume": 0,
      "strategy_type": "Hypothetical-Minds",
      "inferred_valuation": 124.0,
      "valuation_confidence": 0.2,
      "aggressiveness_score": 0.6,
      "last_activity": 15.373134328358166
    },
    "P17": {
      "agent_id": "P17",
      "node_type": "agent",
      "last_bid_price": 130,
      "last_ask_price": 127,
      "last_trade_price": null,
      "total_trades": 0,
      "total_volume": 0,
      "strategy_type": null,
      "inferred_valuation": 129.1,
      "valuation_confidence": 0.2,
      "aggressiveness_score": 0.0,
      "last_activity": 40.89552238805972
    },
    "P02": {
      "agent_id": "P02",
      "node_type": "agent",
      "last_bid_price": 128,
      "last_ask_price": 129,
      "last_trade_price": null,
      "total_trades": 0,
      "total_volume": 0,
      "strategy_type": null,
      "inferred_valuation": 128.88235099999997,
      "valuation_confidence": 0.7,
      "aggressiveness_score": 0.0,
      "last_activity": 40.89552238805972
    },
    "P01": {
      "agent_id": "P01",
      "node_type": "agent",
      "last_bid_price": 127,
      "last_ask_price": 127,
      "last_trade_price": null,
      "total_trades": 0,
      "total_volume": 0,
      "strategy_type": null,
      "inferred_valuation": 127.24009999999998,
      "valuation_confidence": 0.5,
      "aggressiveness_score": 0.0,
      "last_activity": 45.97014925373145
    },
    "P08": {
      "agent_id": "P08",
      "node_type": "agent",
      "last_bid_price": 127,
      "last_ask_price": 130,
      "last_trade_price": null,
      "total_trades": 0,
      "total_volume": 0,
      "strategy_type": null,
      "inferred_valuation": 129.647053,
      "valuation_confidence": 0.7,
      "aggressiveness_score": 0.0,
      "last_activity": 40.89552238805972
    },
    "P07": {
      "agent_id": "P07",
      "node_type": "agent",
      "last_bid_price": 120,
      "last_ask_price": null,
      "last_trade_price": null,
      "total_trades": 0,
      "total_volume": 0,
      "strategy_type": null,
      "inferred_valuation": 120.0,
      "valuation_confidence": 0.8999999999999999,
      "aggressiveness_score": 0.0,
      "last_activity": 45.97014925373145
    },
    "B11": {
      "agent_id": "B11",
      "node_type": "agent",
      "last_bid_price": 123,
      "last_ask_price": null,
      "last_trade_price": null,
      "total_trades": 0,
      "total_volume": 0,
      "strategy_type": null,
      "inferred_valuation": 114.6,
      "valuation_confidence": 0.30000000000000004,
      "aggressiveness_score": 0.0,
      "last_activity": 40.89552238805972
    },
    "B19": {
      "agent_id": "B19",
      "node_type": "agent",
      "last_bid_price": 124,
      "last_ask_price": null,
      "last_trade_price": null,
      "total_trades": 0,
      "total_volume": 0,
      "strategy_type": null,
      "inferred_valuation": 114.19999999999999,
      "valuation_confidence": 0.2,
      "aggressiveness_score": 0.0,
      "last_activity": 10.298507462686555
    },
    "S06": {
      "agent_id": "S06",
      "node_type": "agent",
      "last_bid_price": null,
      "last_ask_price": 147,
      "last_trade_price": null,
      "total_trades": 0,
      "total_volume": 0,
      "strategy_type": null,
      "inferred_valuation": 139.65,
      "valuation_confidence": 0.30000000000000004,
      "aggressiveness_score": 0.0,
      "last_activity": 40.89552238805972
    },
    "S02": {
      "agent_id": "S02",
      "node_type": "agent",
      "last_bid_price": null,
      "last_ask_price": 129,
      "last_trade_price": null,
      "total_trades": 0,
      "total_volume": 0,
      "strategy_type": null,
      "inferred_valuation": 131.58999999999997,
      "valuation_confidence": 0.30000000000000004,
      "aggressiveness_score": 0.0,
      "last_activity": 15.373134328358166
    },
    "S07": {
      "agent_id": "S07",
      "node_type": "agent",
      "last_bid_price": null,
      "last_ask_price": 349,
      "last_trade_price": null,
      "total_trades": 0,
      "total_volume": 0,
      "strategy_type": null,
      "inferred_valuation": 315.86157999999995,
      "valuation_confidence": 0.6,
      "aggressiveness_score": 0.0,
      "last_activity": 45.97014925373145
    },
    "B13": {
      "agent_id": "B13",
      "node_type": "agent",
      "last_bid_price": 110,
      "last_ask_price": null,
      "last_trade_price": null,
      "total_trades": 0,
      "total_volume": 0,
      "strategy_type": null,
      "inferred_valuation": 105.1,
      "valuation_confidence": 0.4,
      "aggressiveness_score": 0.0,
      "last_activity": 25.522388059701388
    },
    "B05": {
      "agent_id": "B05",
      "node_type": "agent",
      "last_bid_price": 93,
      "last_ask_price": null,
      "last_trade_price": null,
      "total_trades": 0,
      "total_volume": 0,
      "strategy_type": null,
      "inferred_valuation": 95.94,
      "valuation_confidence": 0.30000000000000004,
      "aggressiveness_score": 0.0,
      "last_activity": 20.447761194029777
    },
    "B02": {
      "agent_id": "B02",
      "node_type": "agent",
      "last_bid_price": 28,
      "last_ask_price": null,
      "last_trade_price": null,
      "total_trades": 0,
      "total_volume": 0,
      "strategy_type": null,
      "inferred_valuation": 74.4303,
      "valuation_confidence": 0.5,
      "aggressiveness_score": 0.0,
      "last_activity": 40.89552238805972
    },
    "B07": {
      "agent_id": "B07",
      "node_type": "agent",
      "last_bid_price": 98,
      "last_ask_price": null,
      "last_trade_price": null,
      "total_trades": 0,
      "total_volume": 0,
      "strategy_type": null,
      "inferred_valuation": 98.0,
      "valuation_confidence": 0.2,
      "aggressiveness_score": 0.0,
      "last_activity": 15.373134328358166
    },
    "B09": {
      "agent_id": "B09",
      "node_type": "agent",
      "last_bid_price": 121,
      "last_ask_price": null,
      "last_trade_price": null,
      "total_trades": 0,
      "total_volume": 0,
      "strategy_type": null,
      "inferred_valuation": 101.88999999999999,
      "valuation_confidence": 0.30000000000000004,
      "aggressiveness_score": 0.0,
      "last_activity": 30.597014925373
    },
    "B04": {
      "agent_id": "B04",
      "node_type": "agent",
      "last_bid_price": 82,
      "last_ask_price": null,
      "last_trade_price": null,
      "total_trades": 0,
      "total_volume": 0,
      "strategy_type": null,
      "inferred_valuation": 82.0,
      "valuation_confidence": 0.2,
      "aggressiveness_score": 0.0,
      "last_activity": 15.373134328358166
    },
    "S03": {
      "agent_id": "S03",
      "node_type": "agent",
      "last_bid_price": null,
      "last_ask_price": 130,
      "last_trade_price": null,
      "total_trades": 0,
      "total_volume": 0,
      "strategy_type": null,
      "inferred_valuation": 130,
      "valuation_confidence": 0.1,
      "aggressiveness_score": 0.0,
      "last_activity": 10.298507462686555
    },
    "S12": {
      "agent_id": "S12",
      "node_type": "agent",
      "last_bid_price": null,
      "last_ask_price": 181,
      "last_trade_price": null,
      "total_trades": 0,
      "total_volume": 0,
      "strategy_type": null,
      "inferred_valuation": 157.62,
      "valuation_confidence": 0.4,
      "aggressiveness_score": 0.0,
      "last_activity": 45.97014925373145
    },
    "S20": {
      "agent_id": "S20",
      "node_type": "agent",
      "last_bid_price": null,
      "last_ask_price": 340,
      "last_trade_price": null,
      "total_trades": 0,
      "total_volume": 0,
      "strategy_type": null,
      "inferred_valuation": 210.55599999999998,
      "valuation_confidence": 0.4,
      "aggressiveness_score": 0.0,
      "last_activity": 40.89552238805972
    },
    "P14": {
      "agent_id": "P14",
      "node_type": "agent",
      "last_bid_price": 124,
      "last_ask_price": 127,
      "last_trade_price": null,
      "total_trades": 0,
      "total_volume": 0,
      "strategy_type": null,
      "inferred_valuation": 125.53,
      "valuation_confidence": 0.30000000000000004,
      "aggressiveness_score": 0.0,
      "last_activity": 30.597014925373
    },
    "P09": {
      "agent_id": "P09",
      "node_type": "agent",
      "last_bid_price": 124,
      "last_ask_price": 130,
      "last_trade_price": null,
      "total_trades": 0,
      "total_volume": 0,
      "strategy_type": null,
      "inferred_valuation": 125.8,
      "valuation_confidence": 0.2,
      "aggressiveness_score": 0.0,
      "last_activity": 45.97014925373145
    },
    "B06": {
      "agent_id": "B06",
      "node_type": "agent",
      "last_bid_price": 112,
      "last_ask_price": null,
      "last_trade_price": null,
      "total_trades": 0,
      "total_volume": 0,
      "strategy_type": null,
      "inferred_valuation": 112.0,
      "valuation_confidence": 0.2,
      "aggressiveness_score": 0.0,
      "last_activity": 20.447761194029777
    },
    "B20": {
      "agent_id": "B20",
      "node_type": "agent",
      "last_bid_price": 100,
      "last_ask_price": null,
      "last_trade_price": null,
      "total_trades": 0,
      "total_volume": 0,
      "strategy_type": null,
      "inferred_valuation": 100,
      "valuation_confidence": 0.1,
      "aggressiveness_score": 0.0,
      "last_activity": 15.373134328358166
    },
    "B10": {
      "agent_id": "B10",
      "node_type": "agent",
      "last_bid_price": 117,
      "last_ask_price": null,
      "last_trade_price": null,
      "total_trades": 0,
      "total_volume": 0,
      "strategy_type": null,
      "inferred_valuation": 107.69,
      "valuation_confidence": 0.30000000000000004,
      "aggressiveness_score": 0.0,
      "last_activity": 25.522388059701388
    },
    "S04": {
      "agent_id": "S04",
      "node_type": "agent",
      "last_bid_price": null,
      "last_ask_price": 153,
      "last_trade_price": null,
      "total_trades": 0,
      "total_volume": 0,
      "strategy_type": null,
      "inferred_valuation": 141.98969999999997,
      "valuation_confidence": 0.5,
      "aggressiveness_score": 0.0,
      "last_activity": 40.89552238805972
    },
    "P12": {
      "agent_id": "P12",
      "node_type": "agent",
      "last_bid_price": null,
      "last_ask_price": 130,
      "last_trade_price": null,
      "total_trades": 0,
      "total_volume": 0,
      "strategy_type": null,
      "inferred_valuation": 130.0,
      "valuation_confidence": 0.4,
      "aggressiveness_score": 0.0,
      "last_activity": 30.597014925373
    },
    "P18": {
      "agent_id": "P18",
      "node_type": "agent",
      "last_bid_price": null,
      "last_ask_price": 130,
      "last_trade_price": null,
      "total_trades": 0,
      "total_volume": 0,
      "strategy_type": null,
      "inferred_valuation": 130.0,
      "valuation_confidence": 0.5,
      "aggressiveness_score": 0.0,
      "last_activity": 35.820895522387985
    },
    "P16": {
      "agent_id": "P16",
      "node_type": "agent",
      "last_bid_price": 126,
      "last_ask_price": null,
      "last_trade_price": null,
      "total_trades": 0,
      "total_volume": 0,
      "strategy_type": null,
      "inferred_valuation": 124.6,
      "valuation_confidence": 0.2,
      "aggressiveness_score": 0.0,
      "last_activity": 45.97014925373145
    },
    "P19": {
      "agent_id": "P19",
      "node_type": "agent",
      "last_bid_price": 124,
      "last_ask_price": 127,
      "last_trade_price": null,
      "total_trades": 0,
      "total_volume": 0,
      "strategy_type": null,
      "inferred_valuation": 124.9,
      "valuation_confidence": 0.2,
      "aggressiveness_score": 0.0,
      "last_activity": 35.820895522387985
    },
    "B15": {
      "agent_id": "B15",
      "node_type": "agent",
      "last_bid_price": 120,
      "last_ask_price": null,
      "last_trade_price": null,
      "total_trades": 0,
      "total_volume": 0,
      "strategy_type": null,
      "inferred_valuation": 120,
      "valuation_confidence": 0.1,
      "aggressiveness_score": 0.0,
      "last_activity": 20.447761194029777
    },
    "B21": {
      "agent_id": "B21",
      "node_type": "agent",
      "last_bid_price": 120,
      "last_ask_price": null,
      "last_trade_price": null,
      "total_trades": 0,
      "total_volume": 0,
      "strategy_type": null,
      "inferred_valuation": 116.5,
      "valuation_confidence": 0.2,
      "aggressiveness_score": 0.0,
      "last_activity": 30.597014925373
    },
    "B08": {
      "agent_id": "B08",
      "node_type": "agent",
      "last_bid_price": 113,
      "last_ask_price": null,
      "last_trade_price": null,
      "total_trades": 0,
      "total_volume": 0,
      "strategy_type": null,
      "inferred_valuation": 113.0,
      "valuation_confidence": 0.2,
      "aggressiveness_score": 0.0,
      "last_activity": 25.522388059701388
    },
    "B14": {
      "agent_id": "B14",
      "node_type": "agent",
      "last_bid_price": 120,
      "last_ask_price": null,
      "last_trade_price": null,
      "total_trades": 0,
      "total_volume": 0,
      "strategy_type": null,
      "inferred_valuation": 113.63,
      "valuation_confidence": 0.30000000000000004,
      "aggressiveness_score": 0.0,
      "last_activity": 30.597014925373
    },
    "B18": {
      "agent_id": "B18",
      "node_type": "agent",
      "last_bid_price": 104,
      "last_ask_price": null,
      "last_trade_price": null,
      "total_trades": 0,
      "total_volume": 0,
      "strategy_type": null,
      "inferred_valuation": 101.2,
      "valuation_confidence": 0.2,
      "aggressiveness_score": 0.0,
      "last_activity": 35.820895522387985
    },
    "S15": {
      "agent_id": "S15",
      "node_type": "agent",
      "last_bid_price": null,
      "last_ask_price": 127,
      "last_trade_price": null,
      "total_trades": 0,
      "total_volume": 0,
      "strategy_type": null,
      "inferred_valuation": 127,
      "valuation_confidence": 0.1,
      "aggressiveness_score": 0.0,
      "last_activity": 20.447761194029777
    },
    "P15": {
      "agent_id": "P15",
      "node_type": "agent",
      "last_bid_price": 126,
      "last_ask_price": 127,
      "last_trade_price": null,
      "total_trades": 0,
      "total_volume": 0,
      "strategy_type": null,
      "inferred_valuation": 126.73009999999998,
      "valuation_confidence": 0.5,
      "aggressiveness_score": 0.0,
      "last_activity": 45.97014925373145
    },
    "P00": {
      "agent_id": "P00",
      "node_type": "agent",
      "last_bid_price": 122,
      "last_ask_price": 129,
      "last_trade_price": null,
      "total_trades": 0,
      "total_volume": 0,
      "strategy_type": null,
      "inferred_valuation": 125.43,
      "valuation_confidence": 0.30000000000000004,
      "aggressiveness_score": 0.0,
      "last_activity": 45.97014925373145
    },
    "P06": {
      "agent_id": "P06",
      "node_type": "agent",
      "last_bid_price": 124,
      "last_ask_price": 127,
      "last_trade_price": null,
      "total_trades": 0,
      "total_volume": 0,
      "strategy_type": null,
      "inferred_valuation": 124.9,
      "valuation_confidence": 0.2,
      "aggressiveness_score": 0.0,
      "last_activity": 35.820895522387985
    },
    "P10": {
      "agent_id": "P10",
      "node_type": "agent",
      "last_bid_price": 124,
      "last_ask_price": null,
      "last_trade_price": null,
      "total_trades": 0,
      "total_volume": 0,
      "strategy_type": null,
      "inferred_valuation": 124,
      "valuation_confidence": 0.1,
      "aggressiveness_score": 0.0,
      "last_activity": 25.522388059701388
    },
    "B01": {
      "agent_id": "B01",
      "node_type": "agent",
      "last_bid_price": 91,
      "last_ask_price": null,
      "last_trade_price": null,
      "total_trades": 0,
      "total_volume": 0,
      "strategy_type": null,
      "inferred_valuation": 91,
      "valuation_confidence": 0.1,
      "aggressiveness_score": 0.0,
      "last_activity": 25.522388059701388
    },
    "S14": {
      "agent_id": "S14",
      "node_type": "agent",
      "last_bid_price": null,
      "last_ask_price": 133,
      "last_trade_price": null,
      "total_trades": 0,
      "total_volume": 0,
      "strategy_type": null,
      "inferred_valuation": 133.0,
      "valuation_confidence": 0.30000000000000004,
      "aggressiveness_score": 0.0,
      "last_activity": 35.820895522387985
    },
    "S00": {
      "agent_id": "S00",
      "node_type": "agent",
      "last_bid_price": null,
      "last_ask_price": 129,
      "last_trade_price": null,
      "total_trades": 0,
      "total_volume": 0,
      "strategy_type": null,
      "inferred_valuation": 135.85999999999999,
      "valuation_confidence": 0.4,
      "aggressiveness_score": 0.0,
      "last_activity": 40.89552238805972
    },
    "S22": {
      "agent_id": "S22",
      "node_type": "agent",
      "last_bid_price": null,
      "last_ask_price": 140,
      "last_trade_price": null,
      "total_trades": 0,
      "total_volume": 0,
      "strategy_type": null,
      "inferred_valuation": 147.14,
      "valuation_confidence": 0.30000000000000004,
      "aggressiveness_score": 0.0,
      "last_activity": 40.89552238805972
    },
    "S19": {
      "agent_id": "S19",
      "node_type": "agent",
      "last_bid_price": null,
      "last_ask_price": 172,
      "last_trade_price": null,
      "total_trades": 0,
      "total_volume": 0,
      "strategy_type": null,
      "inferred_valuation": 172.0,
      "valuation_confidence": 0.2,
      "aggressiveness_score": 0.0,
      "last_activity": 30.597014925373
    },
    "S13": {
      "agent_id": "S13",
      "node_type": "agent",
      "last_bid_price": null,
      "last_ask_price": 154,
      "last_trade_price": null,
      "total_trades": 0,
      "total_volume": 0,
      "strategy_type": null,
      "inferred_valuation": 153.04449999999997,
      "valuation_confidence": 0.5,
      "aggressiveness_score": 0.0,
      "last_activity": 45.97014925373145
    },
    "P04": {
      "agent_id": "P04",
      "node_type": "agent",
      "last_bid_price": 124,
      "last_ask_price": 130,
      "last_trade_price": null,
      "total_trades": 0,
      "total_volume": 0,
      "strategy_type": null,
      "inferred_valuation": 125.8,
      "valuation_confidence": 0.2,
      "aggressiveness_score": 0.0,
      "last_activity": 45.97014925373145
    },
    "B22": {
      "agent_id": "B22",
      "node_type": "agent",
      "last_bid_price": 112,
      "last_ask_price": null,
      "last_trade_price": null,
      "total_trades": 0,
      "total_volume": 0,
      "strategy_type": null,
      "inferred_valuation": 112,
      "valuation_confidence": 0.1,
      "aggressiveness_score": 0.0,
      "last_activity": 30.597014925373
    },
    "B03": {
      "agent_id": "B03",
      "node_type": "agent",
      "last_bid_price": 103,
      "last_ask_price": null,
      "last_trade_price": null,
      "total_trades": 0,
      "total_volume": 0,
      "strategy_type": null,
      "inferred_valuation": 103.0,
      "valuation_confidence": 0.2,
      "aggressiveness_score": 0.0,
      "last_activity": 35.820895522387985
    },
    "S17": {
      "agent_id": "S17",
      "node_type": "agent",
      "last_bid_price": null,
      "last_ask_price": 154,
      "last_trade_price": null,
      "total_trades": 0,
      "total_volume": 0,
      "strategy_type": null,
      "inferred_valuation": 135.1,
      "valuation_confidence": 0.2,
      "aggressiveness_score": 0.0,
      "last_activity": 40.89552238805972
    },
    "S05": {
      "agent_id": "S05",
      "node_type": "agent",
      "last_bid_price": null,
      "last_ask_price": 196,
      "last_trade_price": null,
      "total_trades": 0,
      "total_volume": 0,
      "strategy_type": null,
      "inferred_valuation": 154.55999999999997,
      "valuation_confidence": 0.30000000000000004,
      "aggressiveness_score": 0.0,
      "last_activity": 45.97014925373145
    },
    "S09": {
      "agent_id": "S09",
      "node_type": "agent",
      "last_bid_price": null,
      "last_ask_price": 139,
      "last_trade_price": null,
      "total_trades": 0,
      "total_volume": 0,
      "strategy_type": null,
      "inferred_valuation": 139,
      "valuation_confidence": 0.1,
      "aggressiveness_score": 0.0,
      "last_activity": 40.89552238805972
    },
    "S21": {
      "agent_id": "S21",
      "node_type": "agent",
      "last_bid_price": null,
      "last_ask_price": 154,
      "last_trade_price": null,
      "total_trades": 0,
      "total_volume": 0,
      "strategy_type": null,
      "inferred_valuation": 154,
      "valuation_confidence": 0.1,
      "aggressiveness_score": 0.0,
      "last_activity": 40.89552238805972
    },
    "P05": {
      "agent_id": "P05",
      "node_type": "agent",
      "last_bid_price": 126,
      "last_ask_price": null,
      "last_trade_price": null,
      "total_trades": 0,
      "total_volume": 0,
      "strategy_type": null,
      "inferred_valuation": 126,
      "valuation_confidence": 0.1,
      "aggressiveness_score": 0.0,
      "last_activity": 45.97014925373145
    },
    "S08": {
      "agent_id": "S08",
      "node_type": "agent",
      "last_bid_price": null,
      "last_ask_price": 156,
      "last_trade_price": null,
      "total_trades": 0,
      "total_volume": 0,
      "strategy_type": null,
      "inferred_valuation": 156,
      "valuation_confidence": 0.1,
      "aggressiveness_score": 0.0,
      "last_activity": 45.97014925373145
    }
  },
  "edges": {
    "b918a6af-7c13-43a2-a0b3-cea8deee488b": {
      "edge_id": "b918a6af-7c13-43a2-a0b3-cea8deee488b",
      "source_node": "BSE_ASSET",
      "target_node": "P20",
      "belief_type": "strategy",
      "confidence": 0.1,
      "value": "unknown",
      "timestamp": 0.0,
      "evidence_count": 0
    },
    "303c14ba-b068-4a89-8a60-defc4b1e19de": {
      "edge_id": "303c14ba-b068-4a89-8a60-defc4b1e19de",
      "source_node": "BSE_ASSET",
      "target_node": "P20",
      "belief_type": "valuation",
      "confidence": 0.2,
      "value": 124.0,
      "timestamp": 15.373134328358166,
      "evidence_count": 2
    },
    "46f2d92a-3c74-4b1a-b173-2b2212adf83c": {
      "edge_id": "46f2d92a-3c74-4b1a-b173-2b2212adf83c",
      "source_node": "BSE_ASSET",
      "target_node": "P17",
      "belief_type": "strategy",
      "confidence": 0.1,
      "value": "unknown",
      "timestamp": 0.0,
      "evidence_count": 0
    },
    "f921b8b4-4eba-4e50-93e0-e95822fb9ef8": {
      "edge_id": "f921b8b4-4eba-4e50-93e0-e95822fb9ef8",
      "source_node": "BSE_ASSET",
      "target_node": "P17",
      "belief_type": "valuation",
      "confidence": 0.2,
      "value": 129.1,
      "timestamp": 40.89552238805972,
      "evidence_count": 2
    },
    "b96a29db-e77d-44ee-8059-3397e9c5601e": {
      "edge_id": "b96a29db-e77d-44ee-8059-3397e9c5601e",
      "source_node": "BSE_ASSET",
      "target_node": "P02",
      "belief_type": "strategy",
      "confidence": 0.1,
      "value": "unknown",
      "timestamp": 5.074626865671641,
      "evidence_count": 0
    },
    "59cd6533-d095-47a0-a999-2d2a45b4fb3c": {
      "edge_id": "59cd6533-d095-47a0-a999-2d2a45b4fb3c",
      "source_node": "BSE_ASSET",
      "target_node": "P02",
      "belief_type": "valuation",
      "confidence": 0.7,
      "value": 128.88235099999997,
      "timestamp": 40.89552238805972,
      "evidence_count": 7
    },
    "9f7f9b90-cb25-420d-8903-ef32e5fd69d6": {
      "edge_id": "9f7f9b90-cb25-420d-8903-ef32e5fd69d6",
      "source_node": "BSE_ASSET",
      "target_node": "P01",
      "belief_type": "strategy",
      "confidence": 0.1,
      "value": "unknown",
      "timestamp": 5.074626865671641,
      "evidence_count": 0
    },
    "eab81edb-d297-421f-b249-fd3ef80e2056": {
      "edge_id": "eab81edb-d297-421f-b249-fd3ef80e2056",
      "source_node": "BSE_ASSET",
      "target_node": "P01",
      "belief_type": "valuation",
      "confidence": 0.5,
      "value": 127.24009999999998,
      "timestamp": 45.97014925373145,
      "evidence_count": 5
    },
    "48144e52-4aa2-47b1-a45a-932ef7c670d4": {
      "edge_id": "48144e52-4aa2-47b1-a45a-932ef7c670d4",
      "source_node": "BSE_ASSET",
      "target_node": "P08",
      "belief_type": "strategy",
      "confidence": 0.1,
      "value": "unknown",
      "timestamp": 5.074626865671641,
      "evidence_count": 0
    },
    "993c8f2d-38a3-4daa-be1c-796f51e579a4": {
      "edge_id": "993c8f2d-38a3-4daa-be1c-796f51e579a4",
      "source_node": "BSE_ASSET",
      "target_node": "P08",
      "belief_type": "valuation",
      "confidence": 0.7,
      "value": 129.647053,
      "timestamp": 40.89552238805972,
      "evidence_count": 7
    },
    "9a254ad7-5b31-4def-878a-768207fd8d17": {
      "edge_id": "9a254ad7-5b31-4def-878a-768207fd8d17",
      "source_node": "BSE_ASSET",
      "target_node": "P07",
      "belief_type": "strategy",
      "confidence": 0.1,
      "value": "unknown",
      "timestamp": 5.074626865671641,
      "evidence_count": 0
    },
    "070ffe6b-b5a2-4ab5-8c3b-7e6c2fe0c1bf": {
      "edge_id": "070ffe6b-b5a2-4ab5-8c3b-7e6c2fe0c1bf",
      "source_node": "BSE_ASSET",
      "target_node": "P07",
      "belief_type": "valuation",
      "confidence": 0.8999999999999999,
      "value": 120.0,
      "timestamp": 45.97014925373145,
      "evidence_count": 9
    },
    "c9a4a238-3611-4051-80f9-047485bf5906": {
      "edge_id": "c9a4a238-3611-4051-80f9-047485bf5906",
      "source_node": "BSE_ASSET",
      "target_node": "B11",
      "belief_type": "strategy",
      "confidence": 0.1,
      "value": "unknown",
      "timestamp": 5.074626865671641,
      "evidence_count": 0
    },
    "40d99442-6fa1-4596-a57a-d06966692092": {
      "edge_id": "40d99442-6fa1-4596-a57a-d06966692092",
      "source_node": "BSE_ASSET",
      "target_node": "B11",
      "belief_type": "valuation",
      "confidence": 0.30000000000000004,
      "value": 114.6,
      "timestamp": 40.89552238805972,
      "evidence_count": 3
    },
    "a5a810b7-3d35-4726-b1da-89f79e7b4d4f": {
      "edge_id": "a5a810b7-3d35-4726-b1da-89f79e7b4d4f",
      "source_node": "BSE_ASSET",
      "target_node": "B19",
      "belief_type": "strategy",
      "confidence": 0.1,
      "value": "unknown",
      "timestamp": 5.074626865671641,
      "evidence_count": 0
    },
    "1c4936cf-9e99-4138-9717-ee8bb61b39f4": {
      "edge_id": "1c4936cf-9e99-4138-9717-ee8bb61b39f4",
      "source_node": "BSE_ASSET",
      "target_node": "B19",
      "belief_type": "valuation",
      "confidence": 0.2,
      "value": 114.19999999999999,
      "timestamp": 10.298507462686555,
      "evidence_count": 2
    },
    "111dd868-7338-442c-9b81-1532ff51c8fd": {
      "edge_id": "111dd868-7338-442c-9b81-1532ff51c8fd",
      "source_node": "BSE_ASSET",
      "target_node": "S06",
      "belief_type": "strategy",
      "confidence": 0.1,
      "value": "unknown",
      "timestamp": 5.074626865671641,
      "evidence_count": 0
    },
    "1b4d8095-dfca-49f7-8ff8-0996301ed50f": {
      "edge_id": "1b4d8095-dfca-49f7-8ff8-0996301ed50f",
      "source_node": "BSE_ASSET",
      "target_node": "S06",
      "belief_type": "valuation",
      "confidence": 0.30000000000000004,
      "value": 139.65,
      "timestamp": 40.89552238805972,
      "evidence_count": 3
    },
    "aedb378f-17c0-49bd-96ac-f83cc0ae17e1": {
      "edge_id": "aedb378f-17c0-49bd-96ac-f83cc0ae17e1",
      "source_node": "BSE_ASSET",
      "target_node": "S02",
      "belief_type": "strategy",
      "confidence": 0.1,
      "value": "unknown",
      "timestamp": 5.074626865671641,
      "evidence_count": 0
    },
    "b06a34c8-6454-40b0-b3ea-6a45a67a5a7d": {
      "edge_id": "b06a34c8-6454-40b0-b3ea-6a45a67a5a7d",
      "source_node": "BSE_ASSET",
      "target_node": "S02",
      "belief_type": "valuation",
      "confidence": 0.30000000000000004,
      "value": 131.58999999999997,
      "timestamp": 15.373134328358166,
      "evidence_count": 3
    },
    "860336a7-13e7-4eb4-8099-a24fd7ff849d": {
      "edge_id": "860336a7-13e7-4eb4-8099-a24fd7ff849d",
      "source_node": "BSE_ASSET",
      "target_node": "S07",
      "belief_type": "strategy",
      "confidence": 0.1,
      "value": "unknown",
      "timestamp": 5.074626865671641,
      "evidence_count": 0
    },
    "5bd5f62f-27e4-44f1-9ff3-ad5b0bffdfbc": {
      "edge_id": "5bd5f62f-27e4-44f1-9ff3-ad5b0bffdfbc",
      "source_node": "BSE_ASSET",
      "target_node": "S07",
      "belief_type": "valuation",
      "confidence": 0.6,
      "value": 315.86157999999995,
      "timestamp": 45.97014925373145,
      "evidence_count": 6
    },
    "b6650c08-92aa-408f-951a-090faffd130e": {
      "edge_id": "b6650c08-92aa-408f-951a-090faffd130e",
      "source_node": "BSE_ASSET",
      "target_node": "B13",
      "belief_type": "strategy",
      "confidence": 0.1,
      "value": "unknown",
      "timestamp": 10.298507462686555,
      "evidence_count": 0
    },
    "f182a643-786d-4e7e-8b72-9295ae756819": {
      "edge_id": "f182a643-786d-4e7e-8b72-9295ae756819",
      "source_node": "BSE_ASSET",
      "target_node": "B13",
      "belief_type": "valuation",
      "confidence": 0.4,
      "value": 105.1,
      "timestamp": 25.522388059701388,
      "evidence_count": 4
    },
    "2b3cfacd-73e2-42d5-8445-b5e46f034de5": {
      "edge_id": "2b3cfacd-73e2-42d5-8445-b5e46f034de5",
      "source_node": "BSE_ASSET",
      "target_node": "B05",
      "belief_type": "strategy",
      "confidence": 0.1,
      "value": "unknown",
      "timestamp": 10.298507462686555,
      "evidence_count": 0
    },
    "01314030-2d43-405b-a322-81451ba48b77": {
      "edge_id": "01314030-2d43-405b-a322-81451ba48b77",
      "source_node": "BSE_ASSET",
      "target_node": "B05",
      "belief_type": "valuation",
      "confidence": 0.30000000000000004,
      "value": 95.94,
      "timestamp": 20.447761194029777,
      "evidence_count": 3
    },
    "fbe65bcc-99df-49f5-8bed-4680165e67ec": {
      "edge_id": "fbe65bcc-99df-49f5-8bed-4680165e67ec",
      "source_node": "BSE_ASSET",
      "target_node": "B02",
      "belief_type": "strategy",
      "confidence": 0.1,
      "value": "unknown",
      "timestamp": 10.298507462686555,
      "evidence_count": 0
    },
    "f318a6d7-cdd0-4792-87a5-6633df05bfec": {
      "edge_id": "f318a6d7-cdd0-4792-87a5-6633df05bfec",
      "source_node": "BSE_ASSET",
      "target_node": "B02",
      "belief_type": "valuation",
      "confidence": 0.5,
      "value": 74.4303,
      "timestamp": 40.89552238805972,
      "evidence_count": 5
    },
    "328af8bb-e593-4c0e-9ff4-0b9d9c856453": {
      "edge_id": "328af8bb-e593-4c0e-9ff4-0b9d9c856453",
      "source_node": "BSE_ASSET",
      "target_node": "B07",
      "belief_type": "strategy",
      "confidence": 0.1,
      "value": "unknown",
      "timestamp": 10.298507462686555,
      "evidence_count": 0
    },
    "82549037-f3b6-40d1-9699-0005dc638208": {
      "edge_id": "82549037-f3b6-40d1-9699-0005dc638208",
      "source_node": "BSE_ASSET",
      "target_node": "B07",
      "belief_type": "valuation",
      "confidence": 0.2,
      "value": 98.0,
      "timestamp": 15.373134328358166,
      "evidence_count": 2
    },
    "59669e35-f847-4182-a127-2230e86c1473": {
      "edge_id": "59669e35-f847-4182-a127-2230e86c1473",
      "source_node": "BSE_ASSET",
      "target_node": "B09",
      "belief_type": "strategy",
      "confidence": 0.1,
      "value": "unknown",
      "timestamp": 10.298507462686555,
      "evidence_count": 0
    },
    "1ad6ed5b-f5d1-484b-b59a-a94d26d36d6c": {
      "edge_id": "1ad6ed5b-f5d1-484b-b59a-a94d26d36d6c",
      "source_node": "BSE_ASSET",
      "target_node": "B09",
      "belief_type": "valuation",
      "confidence": 0.30000000000000004,
      "value": 101.88999999999999,
      "timestamp": 30.597014925373,
      "evidence_count": 3
    },
    "1380fdb1-1818-4cc1-aefe-08fb2a1cd9d9": {
      "edge_id": "1380fdb1-1818-4cc1-aefe-08fb2a1cd9d9",
      "source_node": "BSE_ASSET",
      "target_node": "B04",
      "belief_type": "strategy",
      "confidence": 0.1,
      "value": "unknown",
      "timestamp": 10.298507462686555,
      "evidence_count": 0
    },
    "f088f467-e360-4990-b080-66f0126aec87": {
      "edge_id": "f088f467-e360-4990-b080-66f0126aec87",
      "source_node": "BSE_ASSET",
      "target_node": "B04",
      "belief_type": "valuation",
      "confidence": 0.2,
      "value": 82.0,
      "timestamp": 15.373134328358166,
      "evidence_count": 2
    },
    "39222bf0-e7bb-4aca-b338-0f8b00b02c45": {
      "edge_id": "39222bf0-e7bb-4aca-b338-0f8b00b02c45",
      "source_node": "BSE_ASSET",
      "target_node": "S03",
      "belief_type": "strategy",
      "confidence": 0.1,
      "value": "unknown",
      "timestamp": 10.298507462686555,
      "evidence_count": 0
    },
    "ec233337-c791-48f0-b38c-4a7dddee92ab": {
      "edge_id": "ec233337-c791-48f0-b38c-4a7dddee92ab",
      "source_node": "BSE_ASSET",
      "target_node": "S03",
      "belief_type": "valuation",
      "confidence": 0.1,
      "value": 130,
      "timestamp": 10.298507462686555,
      "evidence_count": 1
    },
    "baaebb3d-6b21-49dc-b44c-2e3fa4fd9068": {
      "edge_id": "baaebb3d-6b21-49dc-b44c-2e3fa4fd9068",
      "source_node": "BSE_ASSET",
      "target_node": "S12",
      "belief_type": "strategy",
      "confidence": 0.1,
      "value": "unknown",
      "timestamp": 10.298507462686555,
      "evidence_count": 0
    },
    "c282c6c6-9f1e-4cda-9761-ca4c4e9966d9": {
      "edge_id": "c282c6c6-9f1e-4cda-9761-ca4c4e9966d9",
      "source_node": "BSE_ASSET",
      "target_node": "S12",
      "belief_type": "valuation",
      "confidence": 0.4,
      "value": 157.62,
      "timestamp": 45.97014925373145,
      "evidence_count": 4
    },
    "5331d844-f81d-4e8d-adbf-d89171abb80d": {
      "edge_id": "5331d844-f81d-4e8d-adbf-d89171abb80d",
      "source_node": "BSE_ASSET",
      "target_node": "S20",
      "belief_type": "strategy",
      "confidence": 0.1,
      "value": "unknown",
      "timestamp": 10.298507462686555,
      "evidence_count": 0
    },
    "f4a215c2-f00e-453a-8924-a7de44b93cd3": {
      "edge_id": "f4a215c2-f00e-453a-8924-a7de44b93cd3",
      "source_node": "BSE_ASSET",
      "target_node": "S20",
      "belief_type": "valuation",
      "confidence": 0.4,
      "value": 210.55599999999998,
      "timestamp": 40.89552238805972,
      "evidence_count": 4
    },
    "b6c2c14f-66db-456d-898b-529c33bb0874": {
      "edge_id": "b6c2c14f-66db-456d-898b-529c33bb0874",
      "source_node": "BSE_ASSET",
      "target_node": "P14",
      "belief_type": "strategy",
      "confidence": 0.1,
      "value": "unknown",
      "timestamp": 15.373134328358166,
      "evidence_count": 0
    },
    "63fd4add-4079-4c0c-a09c-5239a466f79d": {
      "edge_id": "63fd4add-4079-4c0c-a09c-5239a466f79d",
      "source_node": "BSE_ASSET",
      "target_node": "P14",
      "belief_type": "valuation",
      "confidence": 0.30000000000000004,
      "value": 125.53,
      "timestamp": 30.597014925373,
      "evidence_count": 3
    },
    "fb2aa404-e129-4810-ae27-0661ccefa21d": {
      "edge_id": "fb2aa404-e129-4810-ae27-0661ccefa21d",
      "source_node": "BSE_ASSET",
      "target_node": "P09",
      "belief_type": "strategy",
      "confidence": 0.1,
      "value": "unknown",
      "timestamp": 15.373134328358166,
      "evidence_count": 0
    },
    "ba621ce8-5501-480f-ae00-985ab1e2e317": {
      "edge_id": "ba621ce8-5501-480f-ae00-985ab1e2e317",
      "source_node": "BSE_ASSET",
      "target_node": "P09",
      "belief_type": "valuation",
      "confidence": 0.2,
      "value": 125.8,
      "timestamp": 45.97014925373145,
      "evidence_count": 2
    },
    "3d310fc7-4eab-4c1a-a456-b8ff23ae5a0c": {
      "edge_id": "3d310fc7-4eab-4c1a-a456-b8ff23ae5a0c",
      "source_node": "BSE_ASSET",
      "target_node": "B06",
      "belief_type": "strategy",
      "confidence": 0.1,
      "value": "unknown",
      "timestamp": 15.373134328358166,
      "evidence_count": 0
    },
    "0914ed3c-dd74-4209-b9f2-34146d817a57": {
      "edge_id": "0914ed3c-dd74-4209-b9f2-34146d817a57",
      "source_node": "BSE_ASSET",
      "target_node": "B06",
      "belief_type": "valuation",
      "confidence": 0.2,
      "value": 112.0,
      "timestamp": 20.447761194029777,
      "evidence_count": 2
    },
    "f8a08b2a-fbd7-4b08-8612-e713b277a69b": {
      "edge_id": "f8a08b2a-fbd7-4b08-8612-e713b277a69b",
      "source_node": "BSE_ASSET",
      "target_node": "B20",
      "belief_type": "strategy",
      "confidence": 0.1,
      "value": "unknown",
      "timestamp": 15.373134328358166,
      "evidence_count": 0
    },
    "fcd9532a-3c9d-426b-96ca-635a217c3e7a": {
      "edge_id": "fcd9532a-3c9d-426b-96ca-635a217c3e7a",
      "source_node": "BSE_ASSET",
      "target_node": "B20",
      "belief_type": "valuation",
      "confidence": 0.1,
      "value": 100,
      "timestamp": 15.373134328358166,
      "evidence_count": 1
    },
    "aae7b4a5-8f2e-413e-84cc-3d338362fa81": {
      "edge_id": "aae7b4a5-8f2e-413e-84cc-3d338362fa81",
      "source_node": "BSE_ASSET",
      "target_node": "B10",
      "belief_type": "strategy",
      "confidence": 0.1,
      "value": "unknown",
      "timestamp": 15.373134328358166,
      "evidence_count": 0
    },
    "118b75e5-c6bd-407f-912a-f1d655254252": {
      "edge_id": "118b75e5-c6bd-407f-912a-f1d655254252",
      "source_node": "BSE_ASSET",
      "target_node": "B10",
      "belief_type": "valuation",
      "confidence": 0.30000000000000004,
      "value": 107.69,
      "timestamp": 25.522388059701388,
      "evidence_count": 3
    },
    "120eed99-77a2-4be1-a14a-f64123058fe7": {
      "edge_id": "120eed99-77a2-4be1-a14a-f64123058fe7",
      "source_node": "BSE_ASSET",
      "target_node": "S04",
      "belief_type": "strategy",
      "confidence": 0.1,
      "value": "unknown",
      "timestamp": 15.373134328358166,
      "evidence_count": 0
    },
    "ac06f8fd-0853-409d-aa3c-47d6c6611948": {
      "edge_id": "ac06f8fd-0853-409d-aa3c-47d6c6611948",
      "source_node": "BSE_ASSET",
      "target_node": "S04",
      "belief_type": "valuation",
      "confidence": 0.5,
      "value": 141.98969999999997,
      "timestamp": 40.89552238805972,
      "evidence_count": 5
    },
    "6cc6d820-a32e-4441-93b5-a6d98b03ba80": {
      "edge_id": "6cc6d820-a32e-4441-93b5-a6d98b03ba80",
      "source_node": "BSE_ASSET",
      "target_node": "P12",
      "belief_type": "strategy",
      "confidence": 0.1,
      "value": "unknown",
      "timestamp": 15.373134328358166,
      "evidence_count": 0
    },
    "0fdbafcf-dff6-46b7-8df1-f86047fc1018": {
      "edge_id": "0fdbafcf-dff6-46b7-8df1-f86047fc1018",
      "source_node": "BSE_ASSET",
      "target_node": "P12",
      "belief_type": "valuation",
      "confidence": 0.4,
      "value": 130.0,
      "timestamp": 30.597014925373,
      "evidence_count": 4
    },
    "3742ee78-c311-4ea0-9dff-c612134af1ca": {
      "edge_id": "3742ee78-c311-4ea0-9dff-c612134af1ca",
      "source_node": "BSE_ASSET",
      "target_node": "P18",
      "belief_type": "strategy",
      "confidence": 0.1,
      "value": "unknown",
      "timestamp": 15.373134328358166,
      "evidence_count": 0
    },
    "90e4a7b8-cf2b-437a-8b99-fe00457f7808": {
      "edge_id": "90e4a7b8-cf2b-437a-8b99-fe00457f7808",
      "source_node": "BSE_ASSET",
      "target_node": "P18",
      "belief_type": "valuation",
      "confidence": 0.5,
      "value": 130.0,
      "timestamp": 35.820895522387985,
      "evidence_count": 5
    },
    "c6ec6044-0173-4306-90cf-03b4202f7164": {
      "edge_id": "c6ec6044-0173-4306-90cf-03b4202f7164",
      "source_node": "BSE_ASSET",
      "target_node": "P16",
      "belief_type": "strategy",
      "confidence": 0.1,
      "value": "unknown",
      "timestamp": 15.373134328358166,
      "evidence_count": 0
    },
    "d1f0bc63-54e1-4de4-bc33-19c175f2664d": {
      "edge_id": "d1f0bc63-54e1-4de4-bc33-19c175f2664d",
      "source_node": "BSE_ASSET",
      "target_node": "P16",
      "belief_type": "valuation",
      "confidence": 0.2,
      "value": 124.6,
      "timestamp": 45.97014925373145,
      "evidence_count": 2
    },
    "cab19619-6634-4e4b-8ecb-14247040b9f2": {
      "edge_id": "cab19619-6634-4e4b-8ecb-14247040b9f2",
      "source_node": "BSE_ASSET",
      "target_node": "P19",
      "belief_type": "strategy",
      "confidence": 0.1,
      "value": "unknown",
      "timestamp": 20.447761194029777,
      "evidence_count": 0
    },
    "739fe5f8-06c5-4b43-bee2-3b3dbae76142": {
      "edge_id": "739fe5f8-06c5-4b43-bee2-3b3dbae76142",
      "source_node": "BSE_ASSET",
      "target_node": "P19",
      "belief_type": "valuation",
      "confidence": 0.2,
      "value": 124.9,
      "timestamp": 35.820895522387985,
      "evidence_count": 2
    },
    "c1d16a53-77a8-477a-ae32-499f8b5acbff": {
      "edge_id": "c1d16a53-77a8-477a-ae32-499f8b5acbff",
      "source_node": "BSE_ASSET",
      "target_node": "B15",
      "belief_type": "strategy",
      "confidence": 0.1,
      "value": "unknown",
      "timestamp": 20.447761194029777,
      "evidence_count": 0
    },
    "7cd0ffa8-c1fc-48bb-a6cf-4a27cc7ea5c5": {
      "edge_id": "7cd0ffa8-c1fc-48bb-a6cf-4a27cc7ea5c5",
      "source_node": "BSE_ASSET",
      "target_node": "B15",
      "belief_type": "valuation",
      "confidence": 0.1,
      "value": 120,
      "timestamp": 20.447761194029777,
      "evidence_count": 1
    },
    "e95a4082-70eb-4ab2-80f8-233de6b543bd": {
      "edge_id": "e95a4082-70eb-4ab2-80f8-233de6b543bd",
      "source_node": "BSE_ASSET",
      "target_node": "B21",
      "belief_type": "strategy",
      "confidence": 0.1,
      "value": "unknown",
      "timestamp": 20.447761194029777,
      "evidence_count": 0
    },
    "fcae9db1-a7bc-4c52-afa2-19d84a39daff": {
      "edge_id": "fcae9db1-a7bc-4c52-afa2-19d84a39daff",
      "source_node": "BSE_ASSET",
      "target_node": "B21",
      "belief_type": "valuation",
      "confidence": 0.2,
      "value": 116.5,
      "timestamp": 30.597014925373,
      "evidence_count": 2
    },
    "49b4fbcf-8e51-4b90-bf40-81fde8ba1cda": {
      "edge_id": "49b4fbcf-8e51-4b90-bf40-81fde8ba1cda",
      "source_node": "BSE_ASSET",
      "target_node": "B08",
      "belief_type": "strategy",
      "confidence": 0.1,
      "value": "unknown",
      "timestamp": 20.447761194029777,
      "evidence_count": 0
    },
    "0c716a04-4b1c-4bdb-9868-5f6b891979a5": {
      "edge_id": "0c716a04-4b1c-4bdb-9868-5f6b891979a5",
      "source_node": "BSE_ASSET",
      "target_node": "B08",
      "belief_type": "valuation",
      "confidence": 0.2,
      "value": 113.0,
      "timestamp": 25.522388059701388,
      "evidence_count": 2
    },
    "3b853478-90f1-45bd-89b4-b8014fc9b38a": {
      "edge_id": "3b853478-90f1-45bd-89b4-b8014fc9b38a",
      "source_node": "BSE_ASSET",
      "target_node": "B14",
      "belief_type": "strategy",
      "confidence": 0.1,
      "value": "unknown",
      "timestamp": 20.447761194029777,
      "evidence_count": 0
    },
    "25718e69-d222-4b52-a216-64f75f01850f": {
      "edge_id": "25718e69-d222-4b52-a216-64f75f01850f",
      "source_node": "BSE_ASSET",
      "target_node": "B14",
      "belief_type": "valuation",
      "confidence": 0.30000000000000004,
      "value": 113.63,
      "timestamp": 30.597014925373,
      "evidence_count": 3
    },
    "6513dc7b-ee4f-4325-8332-c4e26770a89b": {
      "edge_id": "6513dc7b-ee4f-4325-8332-c4e26770a89b",
      "source_node": "BSE_ASSET",
      "target_node": "B18",
      "belief_type": "strategy",
      "confidence": 0.1,
      "value": "unknown",
      "timestamp": 20.447761194029777,
      "evidence_count": 0
    },
    "2408bbf7-5047-4f3e-aff0-a2e4681864e4": {
      "edge_id": "2408bbf7-5047-4f3e-aff0-a2e4681864e4",
      "source_node": "BSE_ASSET",
      "target_node": "B18",
      "belief_type": "valuation",
      "confidence": 0.2,
      "value": 101.2,
      "timestamp": 35.820895522387985,
      "evidence_count": 2
    },
    "c6289dec-863c-475d-b1cd-3f2c6a024316": {
      "edge_id": "c6289dec-863c-475d-b1cd-3f2c6a024316",
      "source_node": "BSE_ASSET",
      "target_node": "S15",
      "belief_type": "strategy",
      "confidence": 0.1,
      "value": "unknown",
      "timestamp": 20.447761194029777,
      "evidence_count": 0
    },
    "111b1098-b979-4cb2-80dc-31f3db073ae7": {
      "edge_id": "111b1098-b979-4cb2-80dc-31f3db073ae7",
      "source_node": "BSE_ASSET",
      "target_node": "S15",
      "belief_type": "valuation",
      "confidence": 0.1,
      "value": 127,
      "timestamp": 20.447761194029777,
      "evidence_count": 1
    },
    "174c87fb-b4a3-4970-8afc-27d3acbeeffd": {
      "edge_id": "174c87fb-b4a3-4970-8afc-27d3acbeeffd",
      "source_node": "BSE_ASSET",
      "target_node": "P15",
      "belief_type": "strategy",
      "confidence": 0.1,
      "value": "unknown",
      "timestamp": 20.447761194029777,
      "evidence_count": 0
    },
    "447c607e-69e3-4392-80ca-ecef61d33682": {
      "edge_id": "447c607e-69e3-4392-80ca-ecef61d33682",
      "source_node": "BSE_ASSET",
      "target_node": "P15",
      "belief_type": "valuation",
      "confidence": 0.5,
      "value": 126.73009999999998,
      "timestamp": 45.97014925373145,
      "evidence_count": 5
    },
    "7f246894-2053-424d-83f1-3ae63fc3de79": {
      "edge_id": "7f246894-2053-424d-83f1-3ae63fc3de79",
      "source_node": "BSE_ASSET",
      "target_node": "P00",
      "belief_type": "strategy",
      "confidence": 0.1,
      "value": "unknown",
      "timestamp": 20.447761194029777,
      "evidence_count": 0
    },
    "6f32d99d-be50-455c-9227-d5b484e6321d": {
      "edge_id": "6f32d99d-be50-455c-9227-d5b484e6321d",
      "source_node": "BSE_ASSET",
      "target_node": "P00",
      "belief_type": "valuation",
      "confidence": 0.30000000000000004,
      "value": 125.43,
      "timestamp": 45.97014925373145,
      "evidence_count": 3
    },
    "3a9046ac-f5d4-4a64-8ee5-225889f9c0fd": {
      "edge_id": "3a9046ac-f5d4-4a64-8ee5-225889f9c0fd",
      "source_node": "BSE_ASSET",
      "target_node": "P06",
      "belief_type": "strategy",
      "confidence": 0.1,
      "value": "unknown",
      "timestamp": 20.447761194029777,
      "evidence_count": 0
    },
    "04c2e8cd-e6b1-4104-8302-7138b88ec748": {
      "edge_id": "04c2e8cd-e6b1-4104-8302-7138b88ec748",
      "source_node": "BSE_ASSET",
      "target_node": "P06",
      "belief_type": "valuation",
      "confidence": 0.2,
      "value": 124.9,
      "timestamp": 35.820895522387985,
      "evidence_count": 2
    },
    "8e27fda1-e109-4c3b-88d1-a5dbd7028765": {
      "edge_id": "8e27fda1-e109-4c3b-88d1-a5dbd7028765",
      "source_node": "BSE_ASSET",
      "target_node": "P10",
      "belief_type": "strategy",
      "confidence": 0.1,
      "value": "unknown",
      "timestamp": 25.522388059701388,
      "evidence_count": 0
    },
    "def93c89-094c-4d48-bddf-1e7c819bf8a5": {
      "edge_id": "def93c89-094c-4d48-bddf-1e7c819bf8a5",
      "source_node": "BSE_ASSET",
      "target_node": "P10",
      "belief_type": "valuation",
      "confidence": 0.1,
      "value": 124,
      "timestamp": 25.522388059701388,
      "evidence_count": 1
    },
    "9570a762-fed5-4faa-b194-fe16b90ecb54": {
      "edge_id": "9570a762-fed5-4faa-b194-fe16b90ecb54",
      "source_node": "BSE_ASSET",
      "target_node": "B01",
      "belief_type": "strategy",
      "confidence": 0.1,
      "value": "unknown",
      "timestamp": 25.522388059701388,
      "evidence_count": 0
    },
    "2d068769-3182-4fc3-904e-5a37fea4da82": {
      "edge_id": "2d068769-3182-4fc3-904e-5a37fea4da82",
      "source_node": "BSE_ASSET",
      "target_node": "B01",
      "belief_type": "valuation",
      "confidence": 0.1,
      "value": 91,
      "timestamp": 25.522388059701388,
      "evidence_count": 1
    },
    "ca9723b6-0838-487e-a1ae-230f8cfd57c1": {
      "edge_id": "ca9723b6-0838-487e-a1ae-230f8cfd57c1",
      "source_node": "BSE_ASSET",
      "target_node": "S14",
      "belief_type": "strategy",
      "confidence": 0.1,
      "value": "unknown",
      "timestamp": 25.522388059701388,
      "evidence_count": 0
    },
    "6f90d1c6-b3ed-43dd-aa57-002d9485a525": {
      "edge_id": "6f90d1c6-b3ed-43dd-aa57-002d9485a525",
      "source_node": "BSE_ASSET",
      "target_node": "S14",
      "belief_type": "valuation",
      "confidence": 0.30000000000000004,
      "value": 133.0,
      "timestamp": 35.820895522387985,
      "evidence_count": 3
    },
    "c68ae023-1f6e-41dd-b58b-dab5083fc266": {
      "edge_id": "c68ae023-1f6e-41dd-b58b-dab5083fc266",
      "source_node": "BSE_ASSET",
      "target_node": "S00",
      "belief_type": "strategy",
      "confidence": 0.1,
      "value": "unknown",
      "timestamp": 25.522388059701388,
      "evidence_count": 0
    },
    "95a669cc-2fc7-4569-8acd-1dfbb8f6708c": {
      "edge_id": "95a669cc-2fc7-4569-8acd-1dfbb8f6708c",
      "source_node": "BSE_ASSET",
      "target_node": "S00",
      "belief_type": "valuation",
      "confidence": 0.4,
      "value": 135.85999999999999,
      "timestamp": 40.89552238805972,
      "evidence_count": 4
    },
    "1fe42316-442b-45e2-9ffe-96a392debb48": {
      "edge_id": "1fe42316-442b-45e2-9ffe-96a392debb48",
      "source_node": "BSE_ASSET",
      "target_node": "S22",
      "belief_type": "strategy",
      "confidence": 0.1,
      "value": "unknown",
      "timestamp": 25.522388059701388,
      "evidence_count": 0
    },
    "4f815877-37ab-456d-a133-cac5a18acb32": {
      "edge_id": "4f815877-37ab-456d-a133-cac5a18acb32",
      "source_node": "BSE_ASSET",
      "target_node": "S22",
      "belief_type": "valuation",
      "confidence": 0.30000000000000004,
      "value": 147.14,
      "timestamp": 40.89552238805972,
      "evidence_count": 3
    },
    "7c739886-b414-47d6-bd4b-c3748fb13982": {
      "edge_id": "7c739886-b414-47d6-bd4b-c3748fb13982",
      "source_node": "BSE_ASSET",
      "target_node": "S19",
      "belief_type": "strategy",
      "confidence": 0.1,
      "value": "unknown",
      "timestamp": 25.522388059701388,
      "evidence_count": 0
    },
    "c4c34e9d-0371-43d3-ab77-d97cde596cdd": {
      "edge_id": "c4c34e9d-0371-43d3-ab77-d97cde596cdd",
      "source_node": "BSE_ASSET",
      "target_node": "S19",
      "belief_type": "valuation",
      "confidence": 0.2,
      "value": 172.0,
      "timestamp": 30.597014925373,
      "evidence_count": 2
    },
    "d6b5c5af-1c5e-4663-9194-deb2f3576a43": {
      "edge_id": "d6b5c5af-1c5e-4663-9194-deb2f3576a43",
      "source_node": "BSE_ASSET",
      "target_node": "S13",
      "belief_type": "strategy",
      "confidence": 0.1,
      "value": "unknown",
      "timestamp": 25.522388059701388,
      "evidence_count": 0
    },
    "da38c7dc-6ada-4881-847a-fe73df58054d": {
      "edge_id": "da38c7dc-6ada-4881-847a-fe73df58054d",
      "source_node": "BSE_ASSET",
      "target_node": "S13",
      "belief_type": "valuation",
      "confidence": 0.5,
      "value": 153.04449999999997,
      "timestamp": 45.97014925373145,
      "evidence_count": 5
    },
    "b832abae-b994-4e8a-8213-718d2dcbfe90": {
      "edge_id": "b832abae-b994-4e8a-8213-718d2dcbfe90",
      "source_node": "BSE_ASSET",
      "target_node": "P04",
      "belief_type": "strategy",
      "confidence": 0.1,
      "value": "unknown",
      "timestamp": 25.522388059701388,
      "evidence_count": 0
    },
    "8c2d2059-fe79-402c-b97d-843f55984b0f": {
      "edge_id": "8c2d2059-fe79-402c-b97d-843f55984b0f",
      "source_node": "BSE_ASSET",
      "target_node": "P04",
      "belief_type": "valuation",
      "confidence": 0.2,
      "value": 125.8,
      "timestamp": 45.97014925373145,
      "evidence_count": 2
    },
    "6bb5dc87-fbca-4cc9-9a7c-83f5090cf1e6": {
      "edge_id": "6bb5dc87-fbca-4cc9-9a7c-83f5090cf1e6",
      "source_node": "BSE_ASSET",
      "target_node": "B22",
      "belief_type": "strategy",
      "confidence": 0.1,
      "value": "unknown",
      "timestamp": 30.597014925373,
      "evidence_count": 0
    },
    "e2822250-5904-40ba-8388-f423beb6b015": {
      "edge_id": "e2822250-5904-40ba-8388-f423beb6b015",
      "source_node": "BSE_ASSET",
      "target_node": "B22",
      "belief_type": "valuation",
      "confidence": 0.1,
      "value": 112,
      "timestamp": 30.597014925373,
      "evidence_count": 1
    },
    "dba18b02-a435-4fa1-bc8b-a83f4a6ad799": {
      "edge_id": "dba18b02-a435-4fa1-bc8b-a83f4a6ad799",
      "source_node": "BSE_ASSET",
      "target_node": "B03",
      "belief_type": "strategy",
      "confidence": 0.1,
      "value": "unknown",
      "timestamp": 30.597014925373,
      "evidence_count": 0
    },
    "6f37e94d-f33d-456a-9bac-cb692b4a8985": {
      "edge_id": "6f37e94d-f33d-456a-9bac-cb692b4a8985",
      "source_node": "BSE_ASSET",
      "target_node": "B03",
      "belief_type": "valuation",
      "confidence": 0.2,
      "value": 103.0,
      "timestamp": 35.820895522387985,
      "evidence_count": 2
    },
    "66696c53-0af5-40e4-8bfe-b0818ef9e0f9": {
      "edge_id": "66696c53-0af5-40e4-8bfe-b0818ef9e0f9",
      "source_node": "BSE_ASSET",
      "target_node": "S17",
      "belief_type": "strategy",
      "confidence": 0.1,
      "value": "unknown",
      "timestamp": 30.597014925373,
      "evidence_count": 0
    },
    "3ba77e1e-526f-434d-a8a8-35657c425e46": {
      "edge_id": "3ba77e1e-526f-434d-a8a8-35657c425e46",
      "source_node": "BSE_ASSET",
      "target_node": "S17",
      "belief_type": "valuation",
      "confidence": 0.2,
      "value": 135.1,
      "timestamp": 40.89552238805972,
      "evidence_count": 2
    },
    "f2d91957-c296-40d7-bb14-915391677c5e": {
      "edge_id": "f2d91957-c296-40d7-bb14-915391677c5e",
      "source_node": "BSE_ASSET",
      "target_node": "S05",
      "belief_type": "strategy",
      "confidence": 0.1,
      "value": "unknown",
      "timestamp": 30.597014925373,
      "evidence_count": 0
    },
    "00aef6de-b612-4631-99a2-b0757555deeb": {
      "edge_id": "00aef6de-b612-4631-99a2-b0757555deeb",
      "source_node": "BSE_ASSET",
      "target_node": "S05",
      "belief_type": "valuation",
      "confidence": 0.30000000000000004,
      "value": 154.55999999999997,
      "timestamp": 45.97014925373145,
      "evidence_count": 3
    },
    "124602a7-a182-4c70-b83f-c5dab71faa4b": {
      "edge_id": "124602a7-a182-4c70-b83f-c5dab71faa4b",
      "source_node": "BSE_ASSET",
      "target_node": "S09",
      "belief_type": "strategy",
      "confidence": 0.1,
      "value": "unknown",
      "timestamp": 40.89552238805972,
      "evidence_count": 0
    },
    "01851fe7-c1dd-4a75-a2fe-1ca5b6ba03fe": {
      "edge_id": "01851fe7-c1dd-4a75-a2fe-1ca5b6ba03fe",
      "source_node": "BSE_ASSET",
      "target_node": "S09",
      "belief_type": "valuation",
      "confidence": 0.1,
      "value": 139,
      "timestamp": 40.89552238805972,
      "evidence_count": 1
    },
    "d8c3f06b-85a9-4c1c-b04c-cd67ecfc04db": {
      "edge_id": "d8c3f06b-85a9-4c1c-b04c-cd67ecfc04db",
      "source_node": "BSE_ASSET",
      "target_node": "S21",
      "belief_type": "strategy",
      "confidence": 0.1,
      "value": "unknown",
      "timestamp": 40.89552238805972,
      "evidence_count": 0
    },
    "6938d93b-8de4-4707-881e-b80d8aec850f": {
      "edge_id": "6938d93b-8de4-4707-881e-b80d8aec850f",
      "source_node": "BSE_ASSET",
      "target_node": "S21",
      "belief_type": "valuation",
      "confidence": 0.1,
      "value": 154,
      "timestamp": 40.89552238805972,
      "evidence_count": 1
    },
    "f7fcb899-c98a-44cc-bf36-63ce5d3128ae": {
      "edge_id": "f7fcb899-c98a-44cc-bf36-63ce5d3128ae",
      "source_node": "BSE_ASSET",
      "target_node": "P05",
      "belief_type": "strategy",
      "confidence": 0.1,
      "value": "unknown",
      "timestamp": 45.97014925373145,
      "evidence_count": 0
    },
    "718056d4-cab3-4ea6-bdd1-e0071982fa25": {
      "edge_id": "718056d4-cab3-4ea6-bdd1-e0071982fa25",
      "source_node": "BSE_ASSET",
      "target_node": "P05",
      "belief_type": "valuation",
      "confidence": 0.1,
      "value": 126,
      "timestamp": 45.97014925373145,
      "evidence_count": 1
    },
    "c1e787d1-8d44-43b2-af62-b41cfad50712": {
      "edge_id": "c1e787d1-8d44-43b2-af62-b41cfad50712",
      "source_node": "BSE_ASSET",
      "target_node": "S08",
      "belief_type": "strategy",
      "confidence": 0.1,
      "value": "unknown",
      "timestamp": 45.97014925373145,
      "evidence_count": 0
    },
    "ff3778c8-c8e3-4f70-83c5-797addbc8332": {
      "edge_id": "ff3778c8-c8e3-4f70-83c5-797addbc8332",
      "source_node": "BSE_ASSET",
      "target_node": "S08",
      "belief_type": "valuation",
      "confidence": 0.1,
      "value": 156,
      "timestamp": 45.97014925373145,
      "evidence_count": 1
    }
  },
  "event_history": [
    {
      "event_id": "ask_S22_30.597014925373",
      "event_type": "ask",
      "timestamp": 30.597014925373,
      "agent_id": "S22",
      "price": 146,
      "quantity": 1,
      "counterparty_id": null,
      "order_id": null
    },
    {
      "event_id": "ask_S19_30.597014925373",
      "event_type": "ask",
      "timestamp": 30.597014925373,
      "agent_id": "S19",
      "price": 172,
      "quantity": 1,
      "counterparty_id": null,
      "order_id": null
    },
    {
      "event_id": "ask_S20_30.597014925373",
      "event_type": "ask",
      "timestamp": 30.597014925373,
      "agent_id": "S20",
      "price": 180,
      "quantity": 1,
      "counterparty_id": null,
      "order_id": null
    },
    {
      "event_id": "bid_P07_35.820895522387985",
      "event_type": "bid",
      "timestamp": 35.820895522387985,
      "agent_id": "P07",
      "price": 120,
      "quantity": 1,
      "counterparty_id": null,
      "order_id": null
    },
    {
      "event_id": "bid_B18_35.820895522387985",
      "event_type": "bid",
      "timestamp": 35.820895522387985,
      "agent_id": "B18",
      "price": 104,
      "quantity": 1,
      "counterparty_id": null,
      "order_id": null
    },
    {
      "event_id": "bid_B03_35.820895522387985",
      "event_type": "bid",
      "timestamp": 35.820895522387985,
      "agent_id": "B03",
      "price": 103,
      "quantity": 1,
      "counterparty_id": null,
      "order_id": null
    },
    {
      "event_id": "ask_P19_35.820895522387985",
      "event_type": "ask",
      "timestamp": 35.820895522387985,
      "agent_id": "P19",
      "price": 127,
      "quantity": 1,
      "counterparty_id": null,
      "order_id": null
    },
    {
      "event_id": "ask_P06_35.820895522387985",
      "event_type": "ask",
      "timestamp": 35.820895522387985,
      "agent_id": "P06",
      "price": 127,
      "quantity": 1,
      "counterparty_id": null,
      "order_id": null
    },
    {
      "event_id": "ask_P02_35.820895522387985",
      "event_type": "ask",
      "timestamp": 35.820895522387985,
      "agent_id": "P02",
      "price": 129,
      "quantity": 1,
      "counterparty_id": null,
      "order_id": null
    },
    {
      "event_id": "ask_S00_35.820895522387985",
      "event_type": "ask",
      "timestamp": 35.820895522387985,
      "agent_id": "S00",
      "price": 129,
      "quantity": 1,
      "counterparty_id": null,
      "order_id": null
    },
    {
      "event_id": "ask_P08_35.820895522387985",
      "event_type": "ask",
      "timestamp": 35.820895522387985,
      "agent_id": "P08",
      "price": 130,
      "quantity": 1,
      "counterparty_id": null,
      "order_id": null
    },
    {
      "event_id": "ask_P18_35.820895522387985",
      "event_type": "ask",
      "timestamp": 35.820895522387985,
      "agent_id": "P18",
      "price": 130,
      "quantity": 1,
      "counterparty_id": null,
      "order_id": null
    },
    {
      "event_id": "ask_S13_35.820895522387985",
      "event_type": "ask",
      "timestamp": 35.820895522387985,
      "agent_id": "S13",
      "price": 130,
      "quantity": 1,
      "counterparty_id": null,
      "order_id": null
    },
    {
      "event_id": "ask_S14_35.820895522387985",
      "event_type": "ask",
      "timestamp": 35.820895522387985,
      "agent_id": "S14",
      "price": 133,
      "quantity": 1,
      "counterparty_id": null,
      "order_id": null
    },
    {
      "event_id": "ask_S05_35.820895522387985",
      "event_type": "ask",
      "timestamp": 35.820895522387985,
      "agent_id": "S05",
      "price": 134,
      "quantity": 1,
      "counterparty_id": null,
      "order_id": null
    },
    {
      "event_id": "ask_S06_35.820895522387985",
      "event_type": "ask",
      "timestamp": 35.820895522387985,
      "agent_id": "S06",
      "price": 147,
      "quantity": 1,
      "counterparty_id": null,
      "order_id": null
    },
    {
      "event_id": "ask_S04_35.820895522387985",
      "event_type": "ask",
      "timestamp": 35.820895522387985,
      "agent_id": "S04",
      "price": 153,
      "quantity": 1,
      "counterparty_id": null,
      "order_id": null
    },
    {
      "event_id": "ask_S07_35.820895522387985",
      "event_type": "ask",
      "timestamp": 35.820895522387985,
      "agent_id": "S07",
      "price": 210,
      "quantity": 1,
      "counterparty_id": null,
      "order_id": null
    },
    {
      "event_id": "bid_P15_40.89552238805972",
      "event_type": "bid",
      "timestamp": 40.89552238805972,
      "agent_id": "P15",
      "price": 126,
      "quantity": 1,
      "counterparty_id": null,
      "order_id": null
    },
    {
      "event_id": "bid_B11_40.89552238805972",
      "event_type": "bid",
      "timestamp": 40.89552238805972,
      "agent_id": "B11",
      "price": 123,
      "quantity": 1,
      "counterparty_id": null,
      "order_id": null
    },
    {
      "event_id": "bid_P00_40.89552238805972",
      "event_type": "bid",
      "timestamp": 40.89552238805972,
      "agent_id": "P00",
      "price": 122,
      "quantity": 1,
      "counterparty_id": null,
      "order_id": null
    },
    {
      "event_id": "bid_P07_40.89552238805972",
      "event_type": "bid",
      "timestamp": 40.89552238805972,
      "agent_id": "P07",
      "price": 120,
      "quantity": 1,
      "counterparty_id": null,
      "order_id": null
    },
    {
      "event_id": "bid_B02_40.89552238805972",
      "event_type": "bid",
      "timestamp": 40.89552238805972,
      "agent_id": "B02",
      "price": 28,
      "quantity": 1,
      "counterparty_id": null,
      "order_id": null
    },
    {
      "event_id": "ask_P17_40.89552238805972",
      "event_type": "ask",
      "timestamp": 40.89552238805972,
      "agent_id": "P17",
      "price": 127,
      "quantity": 1,
      "counterparty_id": null,
      "order_id": null
    },
    {
      "event_id": "ask_P02_40.89552238805972",
      "event_type": "ask",
      "timestamp": 40.89552238805972,
      "agent_id": "P02",
      "price": 129,
      "quantity": 1,
      "counterparty_id": null,
      "order_id": null
    },
    {
      "event_id": "ask_S00_40.89552238805972",
      "event_type": "ask",
      "timestamp": 40.89552238805972,
      "agent_id": "S00",
      "price": 129,
      "quantity": 1,
      "counterparty_id": null,
      "order_id": null
    },
    {
      "event_id": "ask_P08_40.89552238805972",
      "event_type": "ask",
      "timestamp": 40.89552238805972,
      "agent_id": "P08",
      "price": 130,
      "quantity": 1,
      "counterparty_id": null,
      "order_id": null
    },
    {
      "event_id": "ask_S09_40.89552238805972",
      "event_type": "ask",
      "timestamp": 40.89552238805972,
      "agent_id": "S09",
      "price": 139,
      "quantity": 1,
      "counterparty_id": null,
      "order_id": null
    },
    {
      "event_id": "ask_S22_40.89552238805972",
      "event_type": "ask",
      "timestamp": 40.89552238805972,
      "agent_id": "S22",
      "price": 140,
      "quantity": 1,
      "counterparty_id": null,
      "order_id": null
    },
    {
      "event_id": "ask_S06_40.89552238805972",
      "event_type": "ask",
      "timestamp": 40.89552238805972,
      "agent_id": "S06",
      "price": 147,
      "quantity": 1,
      "counterparty_id": null,
      "order_id": null
    },
    {
      "event_id": "ask_S04_40.89552238805972",
      "event_type": "ask",
      "timestamp": 40.89552238805972,
      "agent_id": "S04",
      "price": 153,
      "quantity": 1,
      "counterparty_id": null,
      "order_id": null
    },
    {
      "event_id": "ask_S17_40.89552238805972",
      "event_type": "ask",
      "timestamp": 40.89552238805972,
      "agent_id": "S17",
      "price": 154,
      "quantity": 1,
      "counterparty_id": null,
      "order_id": null
    },
    {
      "event_id": "ask_S21_40.89552238805972",
      "event_type": "ask",
      "timestamp": 40.89552238805972,
      "agent_id": "S21",
      "price": 154,
      "quantity": 1,
      "counterparty_id": null,
      "order_id": null
    },
    {
      "event_id": "ask_S13_40.89552238805972",
      "event_type": "ask",
      "timestamp": 40.89552238805972,
      "agent_id": "S13",
      "price": 154,
      "quantity": 1,
      "counterparty_id": null,
      "order_id": null
    },
    {
      "event_id": "ask_S12_40.89552238805972",
      "event_type": "ask",
      "timestamp": 40.89552238805972,
      "agent_id": "S12",
      "price": 156,
      "quantity": 1,
      "counterparty_id": null,
      "order_id": null
    },
    {
      "event_id": "ask_S07_40.89552238805972",
      "event_type": "ask",
      "timestamp": 40.89552238805972,
      "agent_id": "S07",
      "price": 210,
      "quantity": 1,
      "counterparty_id": null,
      "order_id": null
    },
    {
      "event_id": "ask_S20_40.89552238805972",
      "event_type": "ask",
      "timestamp": 40.89552238805972,
      "agent_id": "S20",
      "price": 340,
      "quantity": 1,
      "counterparty_id": null,
      "order_id": null
    },
    {
      "event_id": "bid_P01_45.97014925373145",
      "event_type": "bid",
      "timestamp": 45.97014925373145,
      "agent_id": "P01",
      "price": 127,
      "quantity": 1,
      "counterparty_id": null,
      "order_id": null
    },
    {
      "event_id": "bid_P15_45.97014925373145",
      "event_type": "bid",
      "timestamp": 45.97014925373145,
      "agent_id": "P15",
      "price": 126,
      "quantity": 1,
      "counterparty_id": null,
      "order_id": null
    },
    {
      "event_id": "bid_P05_45.97014925373145",
      "event_type": "bid",
      "timestamp": 45.97014925373145,
      "agent_id": "P05",
      "price": 126,
      "quantity": 1,
      "counterparty_id": null,
      "order_id": null
    },
    {
      "event_id": "bid_P16_45.97014925373145",
      "event_type": "bid",
      "timestamp": 45.97014925373145,
      "agent_id": "P16",
      "price": 126,
      "quantity": 1,
      "counterparty_id": null,
      "order_id": null
    },
    {
      "event_id": "bid_P00_45.97014925373145",
      "event_type": "bid",
      "timestamp": 45.97014925373145,
      "agent_id": "P00",
      "price": 122,
      "quantity": 1,
      "counterparty_id": null,
      "order_id": null
    },
    {
      "event_id": "bid_P07_45.97014925373145",
      "event_type": "bid",
      "timestamp": 45.97014925373145,
      "agent_id": "P07",
      "price": 120,
      "quantity": 1,
      "counterparty_id": null,
      "order_id": null
    },
    {
      "event_id": "ask_P09_45.97014925373145",
      "event_type": "ask",
      "timestamp": 45.97014925373145,
      "agent_id": "P09",
      "price": 130,
      "quantity": 1,
      "counterparty_id": null,
      "order_id": null
    },
    {
      "event_id": "ask_P04_45.97014925373145",
      "event_type": "ask",
      "timestamp": 45.97014925373145,
      "agent_id": "P04",
      "price": 130,
      "quantity": 1,
      "counterparty_id": null,
      "order_id": null
    },
    {
      "event_id": "ask_S13_45.97014925373145",
      "event_type": "ask",
      "timestamp": 45.97014925373145,
      "agent_id": "S13",
      "price": 154,
      "quantity": 1,
      "counterparty_id": null,
      "order_id": null
    },
    {
      "event_id": "ask_S08_45.97014925373145",
      "event_type": "ask",
      "timestamp": 45.97014925373145,
      "agent_id": "S08",
      "price": 156,
      "quantity": 1,
      "counterparty_id": null,
      "order_id": null
    },
    {
      "event_id": "ask_S12_45.97014925373145",
      "event_type": "ask",
      "timestamp": 45.97014925373145,
      "agent_id": "S12",
      "price": 181,
      "quantity": 1,
      "counterparty_id": null,
      "order_id": null
    },
    {
      "event_id": "ask_S05_45.97014925373145",
      "event_type": "ask",
      "timestamp": 45.97014925373145,
      "agent_id": "S05",
      "price": 196,
      "quantity": 1,
      "counterparty_id": null,
      "order_id": null
    },
    {
      "event_id": "ask_S07_45.97014925373145",
      "event_type": "ask",
      "timestamp": 45.97014925373145,
      "agent_id": "S07",
      "price": 349,
      "quantity": 1,
      "counterparty_id": null,
      "order_id": null
    }
  ]
}
2025-10-10 19:01:47 | HM_NL_NOCOT_P20 | ================================================================================
2025-10-10 19:01:47 | HM_NL_NOCOT_P20 | [AGENTS-TRACKED] Currently tracking 55 agents: ['P20', 'P17', 'P02', 'P01', 'P08', 'P07', 'B11', 'B19', 'S06', 'S02', 'S07', 'B13', 'B05', 'B02', 'B07', 'B09', 'B04', 'S03', 'S12', 'S20', 'P14', 'P09', 'B06', 'B20', 'B10', 'S04', 'P12', 'P18', 'P16', 'P19', 'B15', 'B21', 'B08', 'B14', 'B18', 'S15', 'P15', 'P00', 'P06', 'P10', 'B01', 'S14', 'S00', 'S22', 'S19', 'S13', 'P04', 'B22', 'B03', 'S17', 'S05', 'S09', 'S21', 'P05', 'S08']
2025-10-10 19:09:45 | HM_NL_NOCOT_P20 | [BELIEF-THROTTLE] P13: Running belief graph update at time 51.0
2025-10-10 19:09:45 | HM_NL_NOCOT_P20 | [UPDATE-SUMMARY] Processed 23 market events at time 51.0
2025-10-10 19:09:45 | HM_NL_NOCOT_P20 | === BELIEF GRAPH STATE AT TIME 51.0 ===
2025-10-10 19:09:45 | HM_NL_NOCOT_P20 | {
  "graph_id": "f5b42db1-423d-4188-b050-2c98ca6efd4a",
  "asset_id": "BSE_ASSET",
  "current_time": 51.04477611940318,
  "nodes": {
    "BSE_ASSET": {
      "asset_id": "BSE_ASSET",
      "node_type": "asset",
      "current_best_bid": null,
      "current_best_ask": null,
      "last_trade_price": null,
      "volume_traded": 0,
      "price_volatility": 0.0,
      "spread_width": null,
      "market_depth_bid": 0,
      "market_depth_ask": 0
    },
    "P20": {
      "agent_id": "P20",
      "node_type": "agent",
      "last_bid_price": 124,
      "last_ask_price": null,
      "last_trade_price": null,
      "total_trades": 0,
      "total_volume": 0,
      "strategy_type": "Hypothetical-Minds",
      "inferred_valuation": 124.0,
      "valuation_confidence": 0.2,
      "aggressiveness_score": 0.6,
      "last_activity": 15.373134328358166
    },
    "P17": {
      "agent_id": "P17",
      "node_type": "agent",
      "last_bid_price": 130,
      "last_ask_price": 127,
      "last_trade_price": null,
      "total_trades": 0,
      "total_volume": 0,
      "strategy_type": null,
      "inferred_valuation": 129.1,
      "valuation_confidence": 0.2,
      "aggressiveness_score": 0.0,
      "last_activity": 40.89552238805972
    },
    "P02": {
      "agent_id": "P02",
      "node_type": "agent",
      "last_bid_price": 128,
      "last_ask_price": 129,
      "last_trade_price": null,
      "total_trades": 0,
      "total_volume": 0,
      "strategy_type": null,
      "inferred_valuation": 128.88235099999997,
      "valuation_confidence": 0.7,
      "aggressiveness_score": 0.0,
      "last_activity": 40.89552238805972
    },
    "P01": {
      "agent_id": "P01",
      "node_type": "agent",
      "last_bid_price": 127,
      "last_ask_price": 127,
      "last_trade_price": null,
      "total_trades": 0,
      "total_volume": 0,
      "strategy_type": null,
      "inferred_valuation": 127.16806999999997,
      "valuation_confidence": 0.6,
      "aggressiveness_score": 0.0,
      "last_activity": 51.04477611940318
    },
    "P08": {
      "agent_id": "P08",
      "node_type": "agent",
      "last_bid_price": 127,
      "last_ask_price": 130,
      "last_trade_price": null,
      "total_trades": 0,
      "total_volume": 0,
      "strategy_type": null,
      "inferred_valuation": 129.647053,
      "valuation_confidence": 0.7,
      "aggressiveness_score": 0.0,
      "last_activity": 40.89552238805972
    },
    "P07": {
      "agent_id": "P07",
      "node_type": "agent",
      "last_bid_price": 120,
      "last_ask_price": null,
      "last_trade_price": null,
      "total_trades": 0,
      "total_volume": 0,
      "strategy_type": null,
      "inferred_valuation": 120.0,
      "valuation_confidence": 0.95,
      "aggressiveness_score": 0.0,
      "last_activity": 51.04477611940318
    },
    "B11": {
      "agent_id": "B11",
      "node_type": "agent",
      "last_bid_price": 129,
      "last_ask_price": null,
      "last_trade_price": null,
      "total_trades": 0,
      "total_volume": 0,
      "strategy_type": null,
      "inferred_valuation": 118.91999999999999,
      "valuation_confidence": 0.4,
      "aggressiveness_score": 0.0,
      "last_activity": 51.04477611940318
    },
    "B19": {
      "agent_id": "B19",
      "node_type": "agent",
      "last_bid_price": 124,
      "last_ask_price": null,
      "last_trade_price": null,
      "total_trades": 0,
      "total_volume": 0,
      "strategy_type": null,
      "inferred_valuation": 114.19999999999999,
      "valuation_confidence": 0.2,
      "aggressiveness_score": 0.0,
      "last_activity": 10.298507462686555
    },
    "S06": {
      "agent_id": "S06",
      "node_type": "agent",
      "last_bid_price": null,
      "last_ask_price": 147,
      "last_trade_price": null,
      "total_trades": 0,
      "total_volume": 0,
      "strategy_type": null,
      "inferred_valuation": 139.65,
      "valuation_confidence": 0.30000000000000004,
      "aggressiveness_score": 0.0,
      "last_activity": 40.89552238805972
    },
    "S02": {
      "agent_id": "S02",
      "node_type": "agent",
      "last_bid_price": null,
      "last_ask_price": 129,
      "last_trade_price": null,
      "total_trades": 0,
      "total_volume": 0,
      "strategy_type": null,
      "inferred_valuation": 131.58999999999997,
      "valuation_confidence": 0.30000000000000004,
      "aggressiveness_score": 0.0,
      "last_activity": 15.373134328358166
    },
    "S07": {
      "agent_id": "S07",
      "node_type": "agent",
      "last_bid_price": null,
      "last_ask_price": 349,
      "last_trade_price": null,
      "total_trades": 0,
      "total_volume": 0,
      "strategy_type": null,
      "inferred_valuation": 315.86157999999995,
      "valuation_confidence": 0.6,
      "aggressiveness_score": 0.0,
      "last_activity": 45.97014925373145
    },
    "B13": {
      "agent_id": "B13",
      "node_type": "agent",
      "last_bid_price": 110,
      "last_ask_price": null,
      "last_trade_price": null,
      "total_trades": 0,
      "total_volume": 0,
      "strategy_type": null,
      "inferred_valuation": 105.1,
      "valuation_confidence": 0.4,
      "aggressiveness_score": 0.0,
      "last_activity": 25.522388059701388
    },
    "B05": {
      "agent_id": "B05",
      "node_type": "agent",
      "last_bid_price": 93,
      "last_ask_price": null,
      "last_trade_price": null,
      "total_trades": 0,
      "total_volume": 0,
      "strategy_type": null,
      "inferred_valuation": 95.94,
      "valuation_confidence": 0.30000000000000004,
      "aggressiveness_score": 0.0,
      "last_activity": 20.447761194029777
    },
    "B02": {
      "agent_id": "B02",
      "node_type": "agent",
      "last_bid_price": 28,
      "last_ask_price": null,
      "last_trade_price": null,
      "total_trades": 0,
      "total_volume": 0,
      "strategy_type": null,
      "inferred_valuation": 74.4303,
      "valuation_confidence": 0.5,
      "aggressiveness_score": 0.0,
      "last_activity": 40.89552238805972
    },
    "B07": {
      "agent_id": "B07",
      "node_type": "agent",
      "last_bid_price": 98,
      "last_ask_price": null,
      "last_trade_price": null,
      "total_trades": 0,
      "total_volume": 0,
      "strategy_type": null,
      "inferred_valuation": 98.0,
      "valuation_confidence": 0.2,
      "aggressiveness_score": 0.0,
      "last_activity": 15.373134328358166
    },
    "B09": {
      "agent_id": "B09",
      "node_type": "agent",
      "last_bid_price": 121,
      "last_ask_price": null,
      "last_trade_price": null,
      "total_trades": 0,
      "total_volume": 0,
      "strategy_type": null,
      "inferred_valuation": 101.88999999999999,
      "valuation_confidence": 0.30000000000000004,
      "aggressiveness_score": 0.0,
      "last_activity": 30.597014925373
    },
    "B04": {
      "agent_id": "B04",
      "node_type": "agent",
      "last_bid_price": 82,
      "last_ask_price": null,
      "last_trade_price": null,
      "total_trades": 0,
      "total_volume": 0,
      "strategy_type": null,
      "inferred_valuation": 82.0,
      "valuation_confidence": 0.2,
      "aggressiveness_score": 0.0,
      "last_activity": 15.373134328358166
    },
    "S03": {
      "agent_id": "S03",
      "node_type": "agent",
      "last_bid_price": null,
      "last_ask_price": 157,
      "last_trade_price": null,
      "total_trades": 0,
      "total_volume": 0,
      "strategy_type": null,
      "inferred_valuation": 138.1,
      "valuation_confidence": 0.2,
      "aggressiveness_score": 0.0,
      "last_activity": 51.04477611940318
    },
    "S12": {
      "agent_id": "S12",
      "node_type": "agent",
      "last_bid_price": null,
      "last_ask_price": 181,
      "last_trade_price": null,
      "total_trades": 0,
      "total_volume": 0,
      "strategy_type": null,
      "inferred_valuation": 164.63400000000001,
      "valuation_confidence": 0.5,
      "aggressiveness_score": 0.0,
      "last_activity": 51.04477611940318
    },
    "S20": {
      "agent_id": "S20",
      "node_type": "agent",
      "last_bid_price": null,
      "last_ask_price": 340,
      "last_trade_price": null,
      "total_trades": 0,
      "total_volume": 0,
      "strategy_type": null,
      "inferred_valuation": 210.55599999999998,
      "valuation_confidence": 0.4,
      "aggressiveness_score": 0.0,
      "last_activity": 40.89552238805972
    },
    "P14": {
      "agent_id": "P14",
      "node_type": "agent",
      "last_bid_price": 124,
      "last_ask_price": 127,
      "last_trade_price": null,
      "total_trades": 0,
      "total_volume": 0,
      "strategy_type": null,
      "inferred_valuation": 125.53,
      "valuation_confidence": 0.30000000000000004,
      "aggressiveness_score": 0.0,
      "last_activity": 30.597014925373
    },
    "P09": {
      "agent_id": "P09",
      "node_type": "agent",
      "last_bid_price": 131,
      "last_ask_price": 130,
      "last_trade_price": null,
      "total_trades": 0,
      "total_volume": 0,
      "strategy_type": null,
      "inferred_valuation": 127.35999999999999,
      "valuation_confidence": 0.30000000000000004,
      "aggressiveness_score": 0.0,
      "last_activity": 51.04477611940318
    },
    "B06": {
      "agent_id": "B06",
      "node_type": "agent",
      "last_bid_price": 112,
      "last_ask_price": null,
      "last_trade_price": null,
      "total_trades": 0,
      "total_volume": 0,
      "strategy_type": null,
      "inferred_valuation": 112.0,
      "valuation_confidence": 0.2,
      "aggressiveness_score": 0.0,
      "last_activity": 20.447761194029777
    },
    "B20": {
      "agent_id": "B20",
      "node_type": "agent",
      "last_bid_price": 100,
      "last_ask_price": null,
      "last_trade_price": null,
      "total_trades": 0,
      "total_volume": 0,
      "strategy_type": null,
      "inferred_valuation": 100,
      "valuation_confidence": 0.1,
      "aggressiveness_score": 0.0,
      "last_activity": 15.373134328358166
    },
    "B10": {
      "agent_id": "B10",
      "node_type": "agent",
      "last_bid_price": 117,
      "last_ask_price": null,
      "last_trade_price": null,
      "total_trades": 0,
      "total_volume": 0,
      "strategy_type": null,
      "inferred_valuation": 107.69,
      "valuation_confidence": 0.30000000000000004,
      "aggressiveness_score": 0.0,
      "last_activity": 25.522388059701388
    },
    "S04": {
      "agent_id": "S04",
      "node_type": "agent",
      "last_bid_price": null,
      "last_ask_price": 153,
      "last_trade_price": null,
      "total_trades": 0,
      "total_volume": 0,
      "strategy_type": null,
      "inferred_valuation": 141.98969999999997,
      "valuation_confidence": 0.5,
      "aggressiveness_score": 0.0,
      "last_activity": 40.89552238805972
    },
    "P12": {
      "agent_id": "P12",
      "node_type": "agent",
      "last_bid_price": null,
      "last_ask_price": 139,
      "last_trade_price": null,
      "total_trades": 0,
      "total_volume": 0,
      "strategy_type": null,
      "inferred_valuation": 132.7,
      "valuation_confidence": 0.5,
      "aggressiveness_score": 0.0,
      "last_activity": 51.04477611940318
    },
    "P18": {
      "agent_id": "P18",
      "node_type": "agent",
      "last_bid_price": null,
      "last_ask_price": 130,
      "last_trade_price": null,
      "total_trades": 0,
      "total_volume": 0,
      "strategy_type": null,
      "inferred_valuation": 130.0,
      "valuation_confidence": 0.5,
      "aggressiveness_score": 0.0,
      "last_activity": 35.820895522387985
    },
    "P16": {
      "agent_id": "P16",
      "node_type": "agent",
      "last_bid_price": 129,
      "last_ask_price": null,
      "last_trade_price": null,
      "total_trades": 0,
      "total_volume": 0,
      "strategy_type": null,
      "inferred_valuation": 125.91999999999999,
      "valuation_confidence": 0.30000000000000004,
      "aggressiveness_score": 0.0,
      "last_activity": 51.04477611940318
    },
    "P19": {
      "agent_id": "P19",
      "node_type": "agent",
      "last_bid_price": 124,
      "last_ask_price": 139,
      "last_trade_price": null,
      "total_trades": 0,
      "total_volume": 0,
      "strategy_type": null,
      "inferred_valuation": 129.13,
      "valuation_confidence": 0.30000000000000004,
      "aggressiveness_score": 0.0,
      "last_activity": 51.04477611940318
    },
    "B15": {
      "agent_id": "B15",
      "node_type": "agent",
      "last_bid_price": 120,
      "last_ask_price": null,
      "last_trade_price": null,
      "total_trades": 0,
      "total_volume": 0,
      "strategy_type": null,
      "inferred_valuation": 120,
      "valuation_confidence": 0.1,
      "aggressiveness_score": 0.0,
      "last_activity": 20.447761194029777
    },
    "B21": {
      "agent_id": "B21",
      "node_type": "agent",
      "last_bid_price": 120,
      "last_ask_price": null,
      "last_trade_price": null,
      "total_trades": 0,
      "total_volume": 0,
      "strategy_type": null,
      "inferred_valuation": 116.5,
      "valuation_confidence": 0.2,
      "aggressiveness_score": 0.0,
      "last_activity": 30.597014925373
    },
    "B08": {
      "agent_id": "B08",
      "node_type": "agent",
      "last_bid_price": 130,
      "last_ask_price": null,
      "last_trade_price": null,
      "total_trades": 0,
      "total_volume": 0,
      "strategy_type": null,
      "inferred_valuation": 118.1,
      "valuation_confidence": 0.30000000000000004,
      "aggressiveness_score": 0.0,
      "last_activity": 51.04477611940318
    },
    "B14": {
      "agent_id": "B14",
      "node_type": "agent",
      "last_bid_price": 120,
      "last_ask_price": null,
      "last_trade_price": null,
      "total_trades": 0,
      "total_volume": 0,
      "strategy_type": null,
      "inferred_valuation": 113.63,
      "valuation_confidence": 0.30000000000000004,
      "aggressiveness_score": 0.0,
      "last_activity": 30.597014925373
    },
    "B18": {
      "agent_id": "B18",
      "node_type": "agent",
      "last_bid_price": 104,
      "last_ask_price": null,
      "last_trade_price": null,
      "total_trades": 0,
      "total_volume": 0,
      "strategy_type": null,
      "inferred_valuation": 101.2,
      "valuation_confidence": 0.2,
      "aggressiveness_score": 0.0,
      "last_activity": 35.820895522387985
    },
    "S15": {
      "agent_id": "S15",
      "node_type": "agent",
      "last_bid_price": null,
      "last_ask_price": 127,
      "last_trade_price": null,
      "total_trades": 0,
      "total_volume": 0,
      "strategy_type": null,
      "inferred_valuation": 127,
      "valuation_confidence": 0.1,
      "aggressiveness_score": 0.0,
      "last_activity": 20.447761194029777
    },
    "P15": {
      "agent_id": "P15",
      "node_type": "agent",
      "last_bid_price": 126,
      "last_ask_price": 127,
      "last_trade_price": null,
      "total_trades": 0,
      "total_volume": 0,
      "strategy_type": null,
      "inferred_valuation": 126.51106999999998,
      "valuation_confidence": 0.6,
      "aggressiveness_score": 0.0,
      "last_activity": 51.04477611940318
    },
    "P00": {
      "agent_id": "P00",
      "node_type": "agent",
      "last_bid_price": 122,
      "last_ask_price": 129,
      "last_trade_price": null,
      "total_trades": 0,
      "total_volume": 0,
      "strategy_type": null,
      "inferred_valuation": 124.40100000000001,
      "valuation_confidence": 0.4,
      "aggressiveness_score": 0.0,
      "last_activity": 51.04477611940318
    },
    "P06": {
      "agent_id": "P06",
      "node_type": "agent",
      "last_bid_price": 128,
      "last_ask_price": 127,
      "last_trade_price": null,
      "total_trades": 0,
      "total_volume": 0,
      "strategy_type": null,
      "inferred_valuation": 125.82999999999998,
      "valuation_confidence": 0.30000000000000004,
      "aggressiveness_score": 0.0,
      "last_activity": 51.04477611940318
    },
    "P10": {
      "agent_id": "P10",
      "node_type": "agent",
      "last_bid_price": 124,
      "last_ask_price": 139,
      "last_trade_price": null,
      "total_trades": 0,
      "total_volume": 0,
      "strategy_type": null,
      "inferred_valuation": 128.5,
      "valuation_confidence": 0.2,
      "aggressiveness_score": 0.0,
      "last_activity": 51.04477611940318
    },
    "B01": {
      "agent_id": "B01",
      "node_type": "agent",
      "last_bid_price": 91,
      "last_ask_price": null,
      "last_trade_price": null,
      "total_trades": 0,
      "total_volume": 0,
      "strategy_type": null,
      "inferred_valuation": 91,
      "valuation_confidence": 0.1,
      "aggressiveness_score": 0.0,
      "last_activity": 25.522388059701388
    },
    "S14": {
      "agent_id": "S14",
      "node_type": "agent",
      "last_bid_price": null,
      "last_ask_price": 144,
      "last_trade_price": null,
      "total_trades": 0,
      "total_volume": 0,
      "strategy_type": null,
      "inferred_valuation": 136.29999999999998,
      "valuation_confidence": 0.4,
      "aggressiveness_score": 0.0,
      "last_activity": 51.04477611940318
    },
    "S00": {
      "agent_id": "S00",
      "node_type": "agent",
      "last_bid_price": null,
      "last_ask_price": 129,
      "last_trade_price": null,
      "total_trades": 0,
      "total_volume": 0,
      "strategy_type": null,
      "inferred_valuation": 135.85999999999999,
      "valuation_confidence": 0.4,
      "aggressiveness_score": 0.0,
      "last_activity": 40.89552238805972
    },
    "S22": {
      "agent_id": "S22",
      "node_type": "agent",
      "last_bid_price": null,
      "last_ask_price": 161,
      "last_trade_price": null,
      "total_trades": 0,
      "total_volume": 0,
      "strategy_type": null,
      "inferred_valuation": 151.298,
      "valuation_confidence": 0.4,
      "aggressiveness_score": 0.0,
      "last_activity": 51.04477611940318
    },
    "S19": {
      "agent_id": "S19",
      "node_type": "agent",
      "last_bid_price": null,
      "last_ask_price": 172,
      "last_trade_price": null,
      "total_trades": 0,
      "total_volume": 0,
      "strategy_type": null,
      "inferred_valuation": 172.0,
      "valuation_confidence": 0.2,
      "aggressiveness_score": 0.0,
      "last_activity": 30.597014925373
    },
    "S13": {
      "agent_id": "S13",
      "node_type": "agent",
      "last_bid_price": null,
      "last_ask_price": 154,
      "last_trade_price": null,
      "total_trades": 0,
      "total_volume": 0,
      "strategy_type": null,
      "inferred_valuation": 153.04449999999997,
      "valuation_confidence": 0.5,
      "aggressiveness_score": 0.0,
      "last_activity": 45.97014925373145
    },
    "P04": {
      "agent_id": "P04",
      "node_type": "agent",
      "last_bid_price": 124,
      "last_ask_price": 130,
      "last_trade_price": null,
      "total_trades": 0,
      "total_volume": 0,
      "strategy_type": null,
      "inferred_valuation": 125.8,
      "valuation_confidence": 0.2,
      "aggressiveness_score": 0.0,
      "last_activity": 45.97014925373145
    },
    "B22": {
      "agent_id": "B22",
      "node_type": "agent",
      "last_bid_price": 112,
      "last_ask_price": null,
      "last_trade_price": null,
      "total_trades": 0,
      "total_volume": 0,
      "strategy_type": null,
      "inferred_valuation": 112,
      "valuation_confidence": 0.1,
      "aggressiveness_score": 0.0,
      "last_activity": 30.597014925373
    },
    "B03": {
      "agent_id": "B03",
      "node_type": "agent",
      "last_bid_price": 103,
      "last_ask_price": null,
      "last_trade_price": null,
      "total_trades": 0,
      "total_volume": 0,
      "strategy_type": null,
      "inferred_valuation": 103.0,
      "valuation_confidence": 0.2,
      "aggressiveness_score": 0.0,
      "last_activity": 35.820895522387985
    },
    "S17": {
      "agent_id": "S17",
      "node_type": "agent",
      "last_bid_price": null,
      "last_ask_price": 154,
      "last_trade_price": null,
      "total_trades": 0,
      "total_volume": 0,
      "strategy_type": null,
      "inferred_valuation": 135.1,
      "valuation_confidence": 0.2,
      "aggressiveness_score": 0.0,
      "last_activity": 40.89552238805972
    },
    "S05": {
      "agent_id": "S05",
      "node_type": "agent",
      "last_bid_price": null,
      "last_ask_price": 196,
      "last_trade_price": null,
      "total_trades": 0,
      "total_volume": 0,
      "strategy_type": null,
      "inferred_valuation": 154.55999999999997,
      "valuation_confidence": 0.30000000000000004,
      "aggressiveness_score": 0.0,
      "last_activity": 45.97014925373145
    },
    "S09": {
      "agent_id": "S09",
      "node_type": "agent",
      "last_bid_price": null,
      "last_ask_price": 140,
      "last_trade_price": null,
      "total_trades": 0,
      "total_volume": 0,
      "strategy_type": null,
      "inferred_valuation": 139.3,
      "valuation_confidence": 0.2,
      "aggressiveness_score": 0.0,
      "last_activity": 51.04477611940318
    },
    "S21": {
      "agent_id": "S21",
      "node_type": "agent",
      "last_bid_price": null,
      "last_ask_price": 154,
      "last_trade_price": null,
      "total_trades": 0,
      "total_volume": 0,
      "strategy_type": null,
      "inferred_valuation": 154,
      "valuation_confidence": 0.1,
      "aggressiveness_score": 0.0,
      "last_activity": 40.89552238805972
    },
    "P05": {
      "agent_id": "P05",
      "node_type": "agent",
      "last_bid_price": 126,
      "last_ask_price": null,
      "last_trade_price": null,
      "total_trades": 0,
      "total_volume": 0,
      "strategy_type": null,
      "inferred_valuation": 125.99999999999999,
      "valuation_confidence": 0.2,
      "aggressiveness_score": 0.0,
      "last_activity": 51.04477611940318
    },
    "S08": {
      "agent_id": "S08",
      "node_type": "agent",
      "last_bid_price": null,
      "last_ask_price": 156,
      "last_trade_price": null,
      "total_trades": 0,
      "total_volume": 0,
      "strategy_type": null,
      "inferred_valuation": 156,
      "valuation_confidence": 0.1,
      "aggressiveness_score": 0.0,
      "last_activity": 45.97014925373145
    },
    "B16": {
      "agent_id": "B16",
      "node_type": "agent",
      "last_bid_price": 131,
      "last_ask_price": null,
      "last_trade_price": null,
      "total_trades": 0,
      "total_volume": 0,
      "strategy_type": null,
      "inferred_valuation": 131,
      "valuation_confidence": 0.1,
      "aggressiveness_score": 0.0,
      "last_activity": 51.04477611940318
    },
    "B17": {
      "agent_id": "B17",
      "node_type": "agent",
      "last_bid_price": 128,
      "last_ask_price": null,
      "last_trade_price": null,
      "total_trades": 0,
      "total_volume": 0,
      "strategy_type": null,
      "inferred_valuation": 128,
      "valuation_confidence": 0.1,
      "aggressiveness_score": 0.0,
      "last_activity": 51.04477611940318
    },
    "P03": {
      "agent_id": "P03",
      "node_type": "agent",
      "last_bid_price": null,
      "last_ask_price": 139,
      "last_trade_price": null,
      "total_trades": 0,
      "total_volume": 0,
      "strategy_type": null,
      "inferred_valuation": 139,
      "valuation_confidence": 0.1,
      "aggressiveness_score": 0.0,
      "last_activity": 51.04477611940318
    },
    "S01": {
      "agent_id": "S01",
      "node_type": "agent",
      "last_bid_price": null,
      "last_ask_price": 175,
      "last_trade_price": null,
      "total_trades": 0,
      "total_volume": 0,
      "strategy_type": null,
      "inferred_valuation": 175,
      "valuation_confidence": 0.1,
      "aggressiveness_score": 0.0,
      "last_activity": 51.04477611940318
    },
    "S18": {
      "agent_id": "S18",
      "node_type": "agent",
      "last_bid_price": null,
      "last_ask_price": 187,
      "last_trade_price": null,
      "total_trades": 0,
      "total_volume": 0,
      "strategy_type": null,
      "inferred_valuation": 187,
      "valuation_confidence": 0.1,
      "aggressiveness_score": 0.0,
      "last_activity": 51.04477611940318
    }
  },
  "edges": {
    "b918a6af-7c13-43a2-a0b3-cea8deee488b": {
      "edge_id": "b918a6af-7c13-43a2-a0b3-cea8deee488b",
      "source_node": "BSE_ASSET",
      "target_node": "P20",
      "belief_type": "strategy",
      "confidence": 0.1,
      "value": "unknown",
      "timestamp": 0.0,
      "evidence_count": 0
    },
    "303c14ba-b068-4a89-8a60-defc4b1e19de": {
      "edge_id": "303c14ba-b068-4a89-8a60-defc4b1e19de",
      "source_node": "BSE_ASSET",
      "target_node": "P20",
      "belief_type": "valuation",
      "confidence": 0.2,
      "value": 124.0,
      "timestamp": 15.373134328358166,
      "evidence_count": 2
    },
    "46f2d92a-3c74-4b1a-b173-2b2212adf83c": {
      "edge_id": "46f2d92a-3c74-4b1a-b173-2b2212adf83c",
      "source_node": "BSE_ASSET",
      "target_node": "P17",
      "belief_type": "strategy",
      "confidence": 0.1,
      "value": "unknown",
      "timestamp": 0.0,
      "evidence_count": 0
    },
    "f921b8b4-4eba-4e50-93e0-e95822fb9ef8": {
      "edge_id": "f921b8b4-4eba-4e50-93e0-e95822fb9ef8",
      "source_node": "BSE_ASSET",
      "target_node": "P17",
      "belief_type": "valuation",
      "confidence": 0.2,
      "value": 129.1,
      "timestamp": 40.89552238805972,
      "evidence_count": 2
    },
    "b96a29db-e77d-44ee-8059-3397e9c5601e": {
      "edge_id": "b96a29db-e77d-44ee-8059-3397e9c5601e",
      "source_node": "BSE_ASSET",
      "target_node": "P02",
      "belief_type": "strategy",
      "confidence": 0.1,
      "value": "unknown",
      "timestamp": 5.074626865671641,
      "evidence_count": 0
    },
    "59cd6533-d095-47a0-a999-2d2a45b4fb3c": {
      "edge_id": "59cd6533-d095-47a0-a999-2d2a45b4fb3c",
      "source_node": "BSE_ASSET",
      "target_node": "P02",
      "belief_type": "valuation",
      "confidence": 0.7,
      "value": 128.88235099999997,
      "timestamp": 40.89552238805972,
      "evidence_count": 7
    },
    "9f7f9b90-cb25-420d-8903-ef32e5fd69d6": {
      "edge_id": "9f7f9b90-cb25-420d-8903-ef32e5fd69d6",
      "source_node": "BSE_ASSET",
      "target_node": "P01",
      "belief_type": "strategy",
      "confidence": 0.1,
      "value": "unknown",
      "timestamp": 5.074626865671641,
      "evidence_count": 0
    },
    "eab81edb-d297-421f-b249-fd3ef80e2056": {
      "edge_id": "eab81edb-d297-421f-b249-fd3ef80e2056",
      "source_node": "BSE_ASSET",
      "target_node": "P01",
      "belief_type": "valuation",
      "confidence": 0.6,
      "value": 127.16806999999997,
      "timestamp": 51.04477611940318,
      "evidence_count": 6
    },
    "48144e52-4aa2-47b1-a45a-932ef7c670d4": {
      "edge_id": "48144e52-4aa2-47b1-a45a-932ef7c670d4",
      "source_node": "BSE_ASSET",
      "target_node": "P08",
      "belief_type": "strategy",
      "confidence": 0.1,
      "value": "unknown",
      "timestamp": 5.074626865671641,
      "evidence_count": 0
    },
    "993c8f2d-38a3-4daa-be1c-796f51e579a4": {
      "edge_id": "993c8f2d-38a3-4daa-be1c-796f51e579a4",
      "source_node": "BSE_ASSET",
      "target_node": "P08",
      "belief_type": "valuation",
      "confidence": 0.7,
      "value": 129.647053,
      "timestamp": 40.89552238805972,
      "evidence_count": 7
    },
    "9a254ad7-5b31-4def-878a-768207fd8d17": {
      "edge_id": "9a254ad7-5b31-4def-878a-768207fd8d17",
      "source_node": "BSE_ASSET",
      "target_node": "P07",
      "belief_type": "strategy",
      "confidence": 0.1,
      "value": "unknown",
      "timestamp": 5.074626865671641,
      "evidence_count": 0
    },
    "070ffe6b-b5a2-4ab5-8c3b-7e6c2fe0c1bf": {
      "edge_id": "070ffe6b-b5a2-4ab5-8c3b-7e6c2fe0c1bf",
      "source_node": "BSE_ASSET",
      "target_node": "P07",
      "belief_type": "valuation",
      "confidence": 0.95,
      "value": 120.0,
      "timestamp": 51.04477611940318,
      "evidence_count": 10
    },
    "c9a4a238-3611-4051-80f9-047485bf5906": {
      "edge_id": "c9a4a238-3611-4051-80f9-047485bf5906",
      "source_node": "BSE_ASSET",
      "target_node": "B11",
      "belief_type": "strategy",
      "confidence": 0.1,
      "value": "unknown",
      "timestamp": 5.074626865671641,
      "evidence_count": 0
    },
    "40d99442-6fa1-4596-a57a-d06966692092": {
      "edge_id": "40d99442-6fa1-4596-a57a-d06966692092",
      "source_node": "BSE_ASSET",
      "target_node": "B11",
      "belief_type": "valuation",
      "confidence": 0.4,
      "value": 118.91999999999999,
      "timestamp": 51.04477611940318,
      "evidence_count": 4
    },
    "a5a810b7-3d35-4726-b1da-89f79e7b4d4f": {
      "edge_id": "a5a810b7-3d35-4726-b1da-89f79e7b4d4f",
      "source_node": "BSE_ASSET",
      "target_node": "B19",
      "belief_type": "strategy",
      "confidence": 0.1,
      "value": "unknown",
      "timestamp": 5.074626865671641,
      "evidence_count": 0
    },
    "1c4936cf-9e99-4138-9717-ee8bb61b39f4": {
      "edge_id": "1c4936cf-9e99-4138-9717-ee8bb61b39f4",
      "source_node": "BSE_ASSET",
      "target_node": "B19",
      "belief_type": "valuation",
      "confidence": 0.2,
      "value": 114.19999999999999,
      "timestamp": 10.298507462686555,
      "evidence_count": 2
    },
    "111dd868-7338-442c-9b81-1532ff51c8fd": {
      "edge_id": "111dd868-7338-442c-9b81-1532ff51c8fd",
      "source_node": "BSE_ASSET",
      "target_node": "S06",
      "belief_type": "strategy",
      "confidence": 0.1,
      "value": "unknown",
      "timestamp": 5.074626865671641,
      "evidence_count": 0
    },
    "1b4d8095-dfca-49f7-8ff8-0996301ed50f": {
      "edge_id": "1b4d8095-dfca-49f7-8ff8-0996301ed50f",
      "source_node": "BSE_ASSET",
      "target_node": "S06",
      "belief_type": "valuation",
      "confidence": 0.30000000000000004,
      "value": 139.65,
      "timestamp": 40.89552238805972,
      "evidence_count": 3
    },
    "aedb378f-17c0-49bd-96ac-f83cc0ae17e1": {
      "edge_id": "aedb378f-17c0-49bd-96ac-f83cc0ae17e1",
      "source_node": "BSE_ASSET",
      "target_node": "S02",
      "belief_type": "strategy",
      "confidence": 0.1,
      "value": "unknown",
      "timestamp": 5.074626865671641,
      "evidence_count": 0
    },
    "b06a34c8-6454-40b0-b3ea-6a45a67a5a7d": {
      "edge_id": "b06a34c8-6454-40b0-b3ea-6a45a67a5a7d",
      "source_node": "BSE_ASSET",
      "target_node": "S02",
      "belief_type": "valuation",
      "confidence": 0.30000000000000004,
      "value": 131.58999999999997,
      "timestamp": 15.373134328358166,
      "evidence_count": 3
    },
    "860336a7-13e7-4eb4-8099-a24fd7ff849d": {
      "edge_id": "860336a7-13e7-4eb4-8099-a24fd7ff849d",
      "source_node": "BSE_ASSET",
      "target_node": "S07",
      "belief_type": "strategy",
      "confidence": 0.1,
      "value": "unknown",
      "timestamp": 5.074626865671641,
      "evidence_count": 0
    },
    "5bd5f62f-27e4-44f1-9ff3-ad5b0bffdfbc": {
      "edge_id": "5bd5f62f-27e4-44f1-9ff3-ad5b0bffdfbc",
      "source_node": "BSE_ASSET",
      "target_node": "S07",
      "belief_type": "valuation",
      "confidence": 0.6,
      "value": 315.86157999999995,
      "timestamp": 45.97014925373145,
      "evidence_count": 6
    },
    "b6650c08-92aa-408f-951a-090faffd130e": {
      "edge_id": "b6650c08-92aa-408f-951a-090faffd130e",
      "source_node": "BSE_ASSET",
      "target_node": "B13",
      "belief_type": "strategy",
      "confidence": 0.1,
      "value": "unknown",
      "timestamp": 10.298507462686555,
      "evidence_count": 0
    },
    "f182a643-786d-4e7e-8b72-9295ae756819": {
      "edge_id": "f182a643-786d-4e7e-8b72-9295ae756819",
      "source_node": "BSE_ASSET",
      "target_node": "B13",
      "belief_type": "valuation",
      "confidence": 0.4,
      "value": 105.1,
      "timestamp": 25.522388059701388,
      "evidence_count": 4
    },
    "2b3cfacd-73e2-42d5-8445-b5e46f034de5": {
      "edge_id": "2b3cfacd-73e2-42d5-8445-b5e46f034de5",
      "source_node": "BSE_ASSET",
      "target_node": "B05",
      "belief_type": "strategy",
      "confidence": 0.1,
      "value": "unknown",
      "timestamp": 10.298507462686555,
      "evidence_count": 0
    },
    "01314030-2d43-405b-a322-81451ba48b77": {
      "edge_id": "01314030-2d43-405b-a322-81451ba48b77",
      "source_node": "BSE_ASSET",
      "target_node": "B05",
      "belief_type": "valuation",
      "confidence": 0.30000000000000004,
      "value": 95.94,
      "timestamp": 20.447761194029777,
      "evidence_count": 3
    },
    "fbe65bcc-99df-49f5-8bed-4680165e67ec": {
      "edge_id": "fbe65bcc-99df-49f5-8bed-4680165e67ec",
      "source_node": "BSE_ASSET",
      "target_node": "B02",
      "belief_type": "strategy",
      "confidence": 0.1,
      "value": "unknown",
      "timestamp": 10.298507462686555,
      "evidence_count": 0
    },
    "f318a6d7-cdd0-4792-87a5-6633df05bfec": {
      "edge_id": "f318a6d7-cdd0-4792-87a5-6633df05bfec",
      "source_node": "BSE_ASSET",
      "target_node": "B02",
      "belief_type": "valuation",
      "confidence": 0.5,
      "value": 74.4303,
      "timestamp": 40.89552238805972,
      "evidence_count": 5
    },
    "328af8bb-e593-4c0e-9ff4-0b9d9c856453": {
      "edge_id": "328af8bb-e593-4c0e-9ff4-0b9d9c856453",
      "source_node": "BSE_ASSET",
      "target_node": "B07",
      "belief_type": "strategy",
      "confidence": 0.1,
      "value": "unknown",
      "timestamp": 10.298507462686555,
      "evidence_count": 0
    },
    "82549037-f3b6-40d1-9699-0005dc638208": {
      "edge_id": "82549037-f3b6-40d1-9699-0005dc638208",
      "source_node": "BSE_ASSET",
      "target_node": "B07",
      "belief_type": "valuation",
      "confidence": 0.2,
      "value": 98.0,
      "timestamp": 15.373134328358166,
      "evidence_count": 2
    },
    "59669e35-f847-4182-a127-2230e86c1473": {
      "edge_id": "59669e35-f847-4182-a127-2230e86c1473",
      "source_node": "BSE_ASSET",
      "target_node": "B09",
      "belief_type": "strategy",
      "confidence": 0.1,
      "value": "unknown",
      "timestamp": 10.298507462686555,
      "evidence_count": 0
    },
    "1ad6ed5b-f5d1-484b-b59a-a94d26d36d6c": {
      "edge_id": "1ad6ed5b-f5d1-484b-b59a-a94d26d36d6c",
      "source_node": "BSE_ASSET",
      "target_node": "B09",
      "belief_type": "valuation",
      "confidence": 0.30000000000000004,
      "value": 101.88999999999999,
      "timestamp": 30.597014925373,
      "evidence_count": 3
    },
    "1380fdb1-1818-4cc1-aefe-08fb2a1cd9d9": {
      "edge_id": "1380fdb1-1818-4cc1-aefe-08fb2a1cd9d9",
      "source_node": "BSE_ASSET",
      "target_node": "B04",
      "belief_type": "strategy",
      "confidence": 0.1,
      "value": "unknown",
      "timestamp": 10.298507462686555,
      "evidence_count": 0
    },
    "f088f467-e360-4990-b080-66f0126aec87": {
      "edge_id": "f088f467-e360-4990-b080-66f0126aec87",
      "source_node": "BSE_ASSET",
      "target_node": "B04",
      "belief_type": "valuation",
      "confidence": 0.2,
      "value": 82.0,
      "timestamp": 15.373134328358166,
      "evidence_count": 2
    },
    "39222bf0-e7bb-4aca-b338-0f8b00b02c45": {
      "edge_id": "39222bf0-e7bb-4aca-b338-0f8b00b02c45",
      "source_node": "BSE_ASSET",
      "target_node": "S03",
      "belief_type": "strategy",
      "confidence": 0.1,
      "value": "unknown",
      "timestamp": 10.298507462686555,
      "evidence_count": 0
    },
    "ec233337-c791-48f0-b38c-4a7dddee92ab": {
      "edge_id": "ec233337-c791-48f0-b38c-4a7dddee92ab",
      "source_node": "BSE_ASSET",
      "target_node": "S03",
      "belief_type": "valuation",
      "confidence": 0.2,
      "value": 138.1,
      "timestamp": 51.04477611940318,
      "evidence_count": 2
    },
    "baaebb3d-6b21-49dc-b44c-2e3fa4fd9068": {
      "edge_id": "baaebb3d-6b21-49dc-b44c-2e3fa4fd9068",
      "source_node": "BSE_ASSET",
      "target_node": "S12",
      "belief_type": "strategy",
      "confidence": 0.1,
      "value": "unknown",
      "timestamp": 10.298507462686555,
      "evidence_count": 0
    },
    "c282c6c6-9f1e-4cda-9761-ca4c4e9966d9": {
      "edge_id": "c282c6c6-9f1e-4cda-9761-ca4c4e9966d9",
      "source_node": "BSE_ASSET",
      "target_node": "S12",
      "belief_type": "valuation",
      "confidence": 0.5,
      "value": 164.63400000000001,
      "timestamp": 51.04477611940318,
      "evidence_count": 5
    },
    "5331d844-f81d-4e8d-adbf-d89171abb80d": {
      "edge_id": "5331d844-f81d-4e8d-adbf-d89171abb80d",
      "source_node": "BSE_ASSET",
      "target_node": "S20",
      "belief_type": "strategy",
      "confidence": 0.1,
      "value": "unknown",
      "timestamp": 10.298507462686555,
      "evidence_count": 0
    },
    "f4a215c2-f00e-453a-8924-a7de44b93cd3": {
      "edge_id": "f4a215c2-f00e-453a-8924-a7de44b93cd3",
      "source_node": "BSE_ASSET",
      "target_node": "S20",
      "belief_type": "valuation",
      "confidence": 0.4,
      "value": 210.55599999999998,
      "timestamp": 40.89552238805972,
      "evidence_count": 4
    },
    "b6c2c14f-66db-456d-898b-529c33bb0874": {
      "edge_id": "b6c2c14f-66db-456d-898b-529c33bb0874",
      "source_node": "BSE_ASSET",
      "target_node": "P14",
      "belief_type": "strategy",
      "confidence": 0.1,
      "value": "unknown",
      "timestamp": 15.373134328358166,
      "evidence_count": 0
    },
    "63fd4add-4079-4c0c-a09c-5239a466f79d": {
      "edge_id": "63fd4add-4079-4c0c-a09c-5239a466f79d",
      "source_node": "BSE_ASSET",
      "target_node": "P14",
      "belief_type": "valuation",
      "confidence": 0.30000000000000004,
      "value": 125.53,
      "timestamp": 30.597014925373,
      "evidence_count": 3
    },
    "fb2aa404-e129-4810-ae27-0661ccefa21d": {
      "edge_id": "fb2aa404-e129-4810-ae27-0661ccefa21d",
      "source_node": "BSE_ASSET",
      "target_node": "P09",
      "belief_type": "strategy",
      "confidence": 0.1,
      "value": "unknown",
      "timestamp": 15.373134328358166,
      "evidence_count": 0
    },
    "ba621ce8-5501-480f-ae00-985ab1e2e317": {
      "edge_id": "ba621ce8-5501-480f-ae00-985ab1e2e317",
      "source_node": "BSE_ASSET",
      "target_node": "P09",
      "belief_type": "valuation",
      "confidence": 0.30000000000000004,
      "value": 127.35999999999999,
      "timestamp": 51.04477611940318,
      "evidence_count": 3
    },
    "3d310fc7-4eab-4c1a-a456-b8ff23ae5a0c": {
      "edge_id": "3d310fc7-4eab-4c1a-a456-b8ff23ae5a0c",
      "source_node": "BSE_ASSET",
      "target_node": "B06",
      "belief_type": "strategy",
      "confidence": 0.1,
      "value": "unknown",
      "timestamp": 15.373134328358166,
      "evidence_count": 0
    },
    "0914ed3c-dd74-4209-b9f2-34146d817a57": {
      "edge_id": "0914ed3c-dd74-4209-b9f2-34146d817a57",
      "source_node": "BSE_ASSET",
      "target_node": "B06",
      "belief_type": "valuation",
      "confidence": 0.2,
      "value": 112.0,
      "timestamp": 20.447761194029777,
      "evidence_count": 2
    },
    "f8a08b2a-fbd7-4b08-8612-e713b277a69b": {
      "edge_id": "f8a08b2a-fbd7-4b08-8612-e713b277a69b",
      "source_node": "BSE_ASSET",
      "target_node": "B20",
      "belief_type": "strategy",
      "confidence": 0.1,
      "value": "unknown",
      "timestamp": 15.373134328358166,
      "evidence_count": 0
    },
    "fcd9532a-3c9d-426b-96ca-635a217c3e7a": {
      "edge_id": "fcd9532a-3c9d-426b-96ca-635a217c3e7a",
      "source_node": "BSE_ASSET",
      "target_node": "B20",
      "belief_type": "valuation",
      "confidence": 0.1,
      "value": 100,
      "timestamp": 15.373134328358166,
      "evidence_count": 1
    },
    "aae7b4a5-8f2e-413e-84cc-3d338362fa81": {
      "edge_id": "aae7b4a5-8f2e-413e-84cc-3d338362fa81",
      "source_node": "BSE_ASSET",
      "target_node": "B10",
      "belief_type": "strategy",
      "confidence": 0.1,
      "value": "unknown",
      "timestamp": 15.373134328358166,
      "evidence_count": 0
    },
    "118b75e5-c6bd-407f-912a-f1d655254252": {
      "edge_id": "118b75e5-c6bd-407f-912a-f1d655254252",
      "source_node": "BSE_ASSET",
      "target_node": "B10",
      "belief_type": "valuation",
      "confidence": 0.30000000000000004,
      "value": 107.69,
      "timestamp": 25.522388059701388,
      "evidence_count": 3
    },
    "120eed99-77a2-4be1-a14a-f64123058fe7": {
      "edge_id": "120eed99-77a2-4be1-a14a-f64123058fe7",
      "source_node": "BSE_ASSET",
      "target_node": "S04",
      "belief_type": "strategy",
      "confidence": 0.1,
      "value": "unknown",
      "timestamp": 15.373134328358166,
      "evidence_count": 0
    },
    "ac06f8fd-0853-409d-aa3c-47d6c6611948": {
      "edge_id": "ac06f8fd-0853-409d-aa3c-47d6c6611948",
      "source_node": "BSE_ASSET",
      "target_node": "S04",
      "belief_type": "valuation",
      "confidence": 0.5,
      "value": 141.98969999999997,
      "timestamp": 40.89552238805972,
      "evidence_count": 5
    },
    "6cc6d820-a32e-4441-93b5-a6d98b03ba80": {
      "edge_id": "6cc6d820-a32e-4441-93b5-a6d98b03ba80",
      "source_node": "BSE_ASSET",
      "target_node": "P12",
      "belief_type": "strategy",
      "confidence": 0.1,
      "value": "unknown",
      "timestamp": 15.373134328358166,
      "evidence_count": 0
    },
    "0fdbafcf-dff6-46b7-8df1-f86047fc1018": {
      "edge_id": "0fdbafcf-dff6-46b7-8df1-f86047fc1018",
      "source_node": "BSE_ASSET",
      "target_node": "P12",
      "belief_type": "valuation",
      "confidence": 0.5,
      "value": 132.7,
      "timestamp": 51.04477611940318,
      "evidence_count": 5
    },
    "3742ee78-c311-4ea0-9dff-c612134af1ca": {
      "edge_id": "3742ee78-c311-4ea0-9dff-c612134af1ca",
      "source_node": "BSE_ASSET",
      "target_node": "P18",
      "belief_type": "strategy",
      "confidence": 0.1,
      "value": "unknown",
      "timestamp": 15.373134328358166,
      "evidence_count": 0
    },
    "90e4a7b8-cf2b-437a-8b99-fe00457f7808": {
      "edge_id": "90e4a7b8-cf2b-437a-8b99-fe00457f7808",
      "source_node": "BSE_ASSET",
      "target_node": "P18",
      "belief_type": "valuation",
      "confidence": 0.5,
      "value": 130.0,
      "timestamp": 35.820895522387985,
      "evidence_count": 5
    },
    "c6ec6044-0173-4306-90cf-03b4202f7164": {
      "edge_id": "c6ec6044-0173-4306-90cf-03b4202f7164",
      "source_node": "BSE_ASSET",
      "target_node": "P16",
      "belief_type": "strategy",
      "confidence": 0.1,
      "value": "unknown",
      "timestamp": 15.373134328358166,
      "evidence_count": 0
    },
    "d1f0bc63-54e1-4de4-bc33-19c175f2664d": {
      "edge_id": "d1f0bc63-54e1-4de4-bc33-19c175f2664d",
      "source_node": "BSE_ASSET",
      "target_node": "P16",
      "belief_type": "valuation",
      "confidence": 0.30000000000000004,
      "value": 125.91999999999999,
      "timestamp": 51.04477611940318,
      "evidence_count": 3
    },
    "cab19619-6634-4e4b-8ecb-14247040b9f2": {
      "edge_id": "cab19619-6634-4e4b-8ecb-14247040b9f2",
      "source_node": "BSE_ASSET",
      "target_node": "P19",
      "belief_type": "strategy",
      "confidence": 0.1,
      "value": "unknown",
      "timestamp": 20.447761194029777,
      "evidence_count": 0
    },
    "739fe5f8-06c5-4b43-bee2-3b3dbae76142": {
      "edge_id": "739fe5f8-06c5-4b43-bee2-3b3dbae76142",
      "source_node": "BSE_ASSET",
      "target_node": "P19",
      "belief_type": "valuation",
      "confidence": 0.30000000000000004,
      "value": 129.13,
      "timestamp": 51.04477611940318,
      "evidence_count": 3
    },
    "c1d16a53-77a8-477a-ae32-499f8b5acbff": {
      "edge_id": "c1d16a53-77a8-477a-ae32-499f8b5acbff",
      "source_node": "BSE_ASSET",
      "target_node": "B15",
      "belief_type": "strategy",
      "confidence": 0.1,
      "value": "unknown",
      "timestamp": 20.447761194029777,
      "evidence_count": 0
    },
    "7cd0ffa8-c1fc-48bb-a6cf-4a27cc7ea5c5": {
      "edge_id": "7cd0ffa8-c1fc-48bb-a6cf-4a27cc7ea5c5",
      "source_node": "BSE_ASSET",
      "target_node": "B15",
      "belief_type": "valuation",
      "confidence": 0.1,
      "value": 120,
      "timestamp": 20.447761194029777,
      "evidence_count": 1
    },
    "e95a4082-70eb-4ab2-80f8-233de6b543bd": {
      "edge_id": "e95a4082-70eb-4ab2-80f8-233de6b543bd",
      "source_node": "BSE_ASSET",
      "target_node": "B21",
      "belief_type": "strategy",
      "confidence": 0.1,
      "value": "unknown",
      "timestamp": 20.447761194029777,
      "evidence_count": 0
    },
    "fcae9db1-a7bc-4c52-afa2-19d84a39daff": {
      "edge_id": "fcae9db1-a7bc-4c52-afa2-19d84a39daff",
      "source_node": "BSE_ASSET",
      "target_node": "B21",
      "belief_type": "valuation",
      "confidence": 0.2,
      "value": 116.5,
      "timestamp": 30.597014925373,
      "evidence_count": 2
    },
    "49b4fbcf-8e51-4b90-bf40-81fde8ba1cda": {
      "edge_id": "49b4fbcf-8e51-4b90-bf40-81fde8ba1cda",
      "source_node": "BSE_ASSET",
      "target_node": "B08",
      "belief_type": "strategy",
      "confidence": 0.1,
      "value": "unknown",
      "timestamp": 20.447761194029777,
      "evidence_count": 0
    },
    "0c716a04-4b1c-4bdb-9868-5f6b891979a5": {
      "edge_id": "0c716a04-4b1c-4bdb-9868-5f6b891979a5",
      "source_node": "BSE_ASSET",
      "target_node": "B08",
      "belief_type": "valuation",
      "confidence": 0.30000000000000004,
      "value": 118.1,
      "timestamp": 51.04477611940318,
      "evidence_count": 3
    },
    "3b853478-90f1-45bd-89b4-b8014fc9b38a": {
      "edge_id": "3b853478-90f1-45bd-89b4-b8014fc9b38a",
      "source_node": "BSE_ASSET",
      "target_node": "B14",
      "belief_type": "strategy",
      "confidence": 0.1,
      "value": "unknown",
      "timestamp": 20.447761194029777,
      "evidence_count": 0
    },
    "25718e69-d222-4b52-a216-64f75f01850f": {
      "edge_id": "25718e69-d222-4b52-a216-64f75f01850f",
      "source_node": "BSE_ASSET",
      "target_node": "B14",
      "belief_type": "valuation",
      "confidence": 0.30000000000000004,
      "value": 113.63,
      "timestamp": 30.597014925373,
      "evidence_count": 3
    },
    "6513dc7b-ee4f-4325-8332-c4e26770a89b": {
      "edge_id": "6513dc7b-ee4f-4325-8332-c4e26770a89b",
      "source_node": "BSE_ASSET",
      "target_node": "B18",
      "belief_type": "strategy",
      "confidence": 0.1,
      "value": "unknown",
      "timestamp": 20.447761194029777,
      "evidence_count": 0
    },
    "2408bbf7-5047-4f3e-aff0-a2e4681864e4": {
      "edge_id": "2408bbf7-5047-4f3e-aff0-a2e4681864e4",
      "source_node": "BSE_ASSET",
      "target_node": "B18",
      "belief_type": "valuation",
      "confidence": 0.2,
      "value": 101.2,
      "timestamp": 35.820895522387985,
      "evidence_count": 2
    },
    "c6289dec-863c-475d-b1cd-3f2c6a024316": {
      "edge_id": "c6289dec-863c-475d-b1cd-3f2c6a024316",
      "source_node": "BSE_ASSET",
      "target_node": "S15",
      "belief_type": "strategy",
      "confidence": 0.1,
      "value": "unknown",
      "timestamp": 20.447761194029777,
      "evidence_count": 0
    },
    "111b1098-b979-4cb2-80dc-31f3db073ae7": {
      "edge_id": "111b1098-b979-4cb2-80dc-31f3db073ae7",
      "source_node": "BSE_ASSET",
      "target_node": "S15",
      "belief_type": "valuation",
      "confidence": 0.1,
      "value": 127,
      "timestamp": 20.447761194029777,
      "evidence_count": 1
    },
    "174c87fb-b4a3-4970-8afc-27d3acbeeffd": {
      "edge_id": "174c87fb-b4a3-4970-8afc-27d3acbeeffd",
      "source_node": "BSE_ASSET",
      "target_node": "P15",
      "belief_type": "strategy",
      "confidence": 0.1,
      "value": "unknown",
      "timestamp": 20.447761194029777,
      "evidence_count": 0
    },
    "447c607e-69e3-4392-80ca-ecef61d33682": {
      "edge_id": "447c607e-69e3-4392-80ca-ecef61d33682",
      "source_node": "BSE_ASSET",
      "target_node": "P15",
      "belief_type": "valuation",
      "confidence": 0.6,
      "value": 126.51106999999998,
      "timestamp": 51.04477611940318,
      "evidence_count": 6
    },
    "7f246894-2053-424d-83f1-3ae63fc3de79": {
      "edge_id": "7f246894-2053-424d-83f1-3ae63fc3de79",
      "source_node": "BSE_ASSET",
      "target_node": "P00",
      "belief_type": "strategy",
      "confidence": 0.1,
      "value": "unknown",
      "timestamp": 20.447761194029777,
      "evidence_count": 0
    },
    "6f32d99d-be50-455c-9227-d5b484e6321d": {
      "edge_id": "6f32d99d-be50-455c-9227-d5b484e6321d",
      "source_node": "BSE_ASSET",
      "target_node": "P00",
      "belief_type": "valuation",
      "confidence": 0.4,
      "value": 124.40100000000001,
      "timestamp": 51.04477611940318,
      "evidence_count": 4
    },
    "3a9046ac-f5d4-4a64-8ee5-225889f9c0fd": {
      "edge_id": "3a9046ac-f5d4-4a64-8ee5-225889f9c0fd",
      "source_node": "BSE_ASSET",
      "target_node": "P06",
      "belief_type": "strategy",
      "confidence": 0.1,
      "value": "unknown",
      "timestamp": 20.447761194029777,
      "evidence_count": 0
    },
    "04c2e8cd-e6b1-4104-8302-7138b88ec748": {
      "edge_id": "04c2e8cd-e6b1-4104-8302-7138b88ec748",
      "source_node": "BSE_ASSET",
      "target_node": "P06",
      "belief_type": "valuation",
      "confidence": 0.30000000000000004,
      "value": 125.82999999999998,
      "timestamp": 51.04477611940318,
      "evidence_count": 3
    },
    "8e27fda1-e109-4c3b-88d1-a5dbd7028765": {
      "edge_id": "8e27fda1-e109-4c3b-88d1-a5dbd7028765",
      "source_node": "BSE_ASSET",
      "target_node": "P10",
      "belief_type": "strategy",
      "confidence": 0.1,
      "value": "unknown",
      "timestamp": 25.522388059701388,
      "evidence_count": 0
    },
    "def93c89-094c-4d48-bddf-1e7c819bf8a5": {
      "edge_id": "def93c89-094c-4d48-bddf-1e7c819bf8a5",
      "source_node": "BSE_ASSET",
      "target_node": "P10",
      "belief_type": "valuation",
      "confidence": 0.2,
      "value": 128.5,
      "timestamp": 51.04477611940318,
      "evidence_count": 2
    },
    "9570a762-fed5-4faa-b194-fe16b90ecb54": {
      "edge_id": "9570a762-fed5-4faa-b194-fe16b90ecb54",
      "source_node": "BSE_ASSET",
      "target_node": "B01",
      "belief_type": "strategy",
      "confidence": 0.1,
      "value": "unknown",
      "timestamp": 25.522388059701388,
      "evidence_count": 0
    },
    "2d068769-3182-4fc3-904e-5a37fea4da82": {
      "edge_id": "2d068769-3182-4fc3-904e-5a37fea4da82",
      "source_node": "BSE_ASSET",
      "target_node": "B01",
      "belief_type": "valuation",
      "confidence": 0.1,
      "value": 91,
      "timestamp": 25.522388059701388,
      "evidence_count": 1
    },
    "ca9723b6-0838-487e-a1ae-230f8cfd57c1": {
      "edge_id": "ca9723b6-0838-487e-a1ae-230f8cfd57c1",
      "source_node": "BSE_ASSET",
      "target_node": "S14",
      "belief_type": "strategy",
      "confidence": 0.1,
      "value": "unknown",
      "timestamp": 25.522388059701388,
      "evidence_count": 0
    },
    "6f90d1c6-b3ed-43dd-aa57-002d9485a525": {
      "edge_id": "6f90d1c6-b3ed-43dd-aa57-002d9485a525",
      "source_node": "BSE_ASSET",
      "target_node": "S14",
      "belief_type": "valuation",
      "confidence": 0.4,
      "value": 136.29999999999998,
      "timestamp": 51.04477611940318,
      "evidence_count": 4
    },
    "c68ae023-1f6e-41dd-b58b-dab5083fc266": {
      "edge_id": "c68ae023-1f6e-41dd-b58b-dab5083fc266",
      "source_node": "BSE_ASSET",
      "target_node": "S00",
      "belief_type": "strategy",
      "confidence": 0.1,
      "value": "unknown",
      "timestamp": 25.522388059701388,
      "evidence_count": 0
    },
    "95a669cc-2fc7-4569-8acd-1dfbb8f6708c": {
      "edge_id": "95a669cc-2fc7-4569-8acd-1dfbb8f6708c",
      "source_node": "BSE_ASSET",
      "target_node": "S00",
      "belief_type": "valuation",
      "confidence": 0.4,
      "value": 135.85999999999999,
      "timestamp": 40.89552238805972,
      "evidence_count": 4
    },
    "1fe42316-442b-45e2-9ffe-96a392debb48": {
      "edge_id": "1fe42316-442b-45e2-9ffe-96a392debb48",
      "source_node": "BSE_ASSET",
      "target_node": "S22",
      "belief_type": "strategy",
      "confidence": 0.1,
      "value": "unknown",
      "timestamp": 25.522388059701388,
      "evidence_count": 0
    },
    "4f815877-37ab-456d-a133-cac5a18acb32": {
      "edge_id": "4f815877-37ab-456d-a133-cac5a18acb32",
      "source_node": "BSE_ASSET",
      "target_node": "S22",
      "belief_type": "valuation",
      "confidence": 0.4,
      "value": 151.298,
      "timestamp": 51.04477611940318,
      "evidence_count": 4
    },
    "7c739886-b414-47d6-bd4b-c3748fb13982": {
      "edge_id": "7c739886-b414-47d6-bd4b-c3748fb13982",
      "source_node": "BSE_ASSET",
      "target_node": "S19",
      "belief_type": "strategy",
      "confidence": 0.1,
      "value": "unknown",
      "timestamp": 25.522388059701388,
      "evidence_count": 0
    },
    "c4c34e9d-0371-43d3-ab77-d97cde596cdd": {
      "edge_id": "c4c34e9d-0371-43d3-ab77-d97cde596cdd",
      "source_node": "BSE_ASSET",
      "target_node": "S19",
      "belief_type": "valuation",
      "confidence": 0.2,
      "value": 172.0,
      "timestamp": 30.597014925373,
      "evidence_count": 2
    },
    "d6b5c5af-1c5e-4663-9194-deb2f3576a43": {
      "edge_id": "d6b5c5af-1c5e-4663-9194-deb2f3576a43",
      "source_node": "BSE_ASSET",
      "target_node": "S13",
      "belief_type": "strategy",
      "confidence": 0.1,
      "value": "unknown",
      "timestamp": 25.522388059701388,
      "evidence_count": 0
    },
    "da38c7dc-6ada-4881-847a-fe73df58054d": {
      "edge_id": "da38c7dc-6ada-4881-847a-fe73df58054d",
      "source_node": "BSE_ASSET",
      "target_node": "S13",
      "belief_type": "valuation",
      "confidence": 0.5,
      "value": 153.04449999999997,
      "timestamp": 45.97014925373145,
      "evidence_count": 5
    },
    "b832abae-b994-4e8a-8213-718d2dcbfe90": {
      "edge_id": "b832abae-b994-4e8a-8213-718d2dcbfe90",
      "source_node": "BSE_ASSET",
      "target_node": "P04",
      "belief_type": "strategy",
      "confidence": 0.1,
      "value": "unknown",
      "timestamp": 25.522388059701388,
      "evidence_count": 0
    },
    "8c2d2059-fe79-402c-b97d-843f55984b0f": {
      "edge_id": "8c2d2059-fe79-402c-b97d-843f55984b0f",
      "source_node": "BSE_ASSET",
      "target_node": "P04",
      "belief_type": "valuation",
      "confidence": 0.2,
      "value": 125.8,
      "timestamp": 45.97014925373145,
      "evidence_count": 2
    },
    "6bb5dc87-fbca-4cc9-9a7c-83f5090cf1e6": {
      "edge_id": "6bb5dc87-fbca-4cc9-9a7c-83f5090cf1e6",
      "source_node": "BSE_ASSET",
      "target_node": "B22",
      "belief_type": "strategy",
      "confidence": 0.1,
      "value": "unknown",
      "timestamp": 30.597014925373,
      "evidence_count": 0
    },
    "e2822250-5904-40ba-8388-f423beb6b015": {
      "edge_id": "e2822250-5904-40ba-8388-f423beb6b015",
      "source_node": "BSE_ASSET",
      "target_node": "B22",
      "belief_type": "valuation",
      "confidence": 0.1,
      "value": 112,
      "timestamp": 30.597014925373,
      "evidence_count": 1
    },
    "dba18b02-a435-4fa1-bc8b-a83f4a6ad799": {
      "edge_id": "dba18b02-a435-4fa1-bc8b-a83f4a6ad799",
      "source_node": "BSE_ASSET",
      "target_node": "B03",
      "belief_type": "strategy",
      "confidence": 0.1,
      "value": "unknown",
      "timestamp": 30.597014925373,
      "evidence_count": 0
    },
    "6f37e94d-f33d-456a-9bac-cb692b4a8985": {
      "edge_id": "6f37e94d-f33d-456a-9bac-cb692b4a8985",
      "source_node": "BSE_ASSET",
      "target_node": "B03",
      "belief_type": "valuation",
      "confidence": 0.2,
      "value": 103.0,
      "timestamp": 35.820895522387985,
      "evidence_count": 2
    },
    "66696c53-0af5-40e4-8bfe-b0818ef9e0f9": {
      "edge_id": "66696c53-0af5-40e4-8bfe-b0818ef9e0f9",
      "source_node": "BSE_ASSET",
      "target_node": "S17",
      "belief_type": "strategy",
      "confidence": 0.1,
      "value": "unknown",
      "timestamp": 30.597014925373,
      "evidence_count": 0
    },
    "3ba77e1e-526f-434d-a8a8-35657c425e46": {
      "edge_id": "3ba77e1e-526f-434d-a8a8-35657c425e46",
      "source_node": "BSE_ASSET",
      "target_node": "S17",
      "belief_type": "valuation",
      "confidence": 0.2,
      "value": 135.1,
      "timestamp": 40.89552238805972,
      "evidence_count": 2
    },
    "f2d91957-c296-40d7-bb14-915391677c5e": {
      "edge_id": "f2d91957-c296-40d7-bb14-915391677c5e",
      "source_node": "BSE_ASSET",
      "target_node": "S05",
      "belief_type": "strategy",
      "confidence": 0.1,
      "value": "unknown",
      "timestamp": 30.597014925373,
      "evidence_count": 0
    },
    "00aef6de-b612-4631-99a2-b0757555deeb": {
      "edge_id": "00aef6de-b612-4631-99a2-b0757555deeb",
      "source_node": "BSE_ASSET",
      "target_node": "S05",
      "belief_type": "valuation",
      "confidence": 0.30000000000000004,
      "value": 154.55999999999997,
      "timestamp": 45.97014925373145,
      "evidence_count": 3
    },
    "124602a7-a182-4c70-b83f-c5dab71faa4b": {
      "edge_id": "124602a7-a182-4c70-b83f-c5dab71faa4b",
      "source_node": "BSE_ASSET",
      "target_node": "S09",
      "belief_type": "strategy",
      "confidence": 0.1,
      "value": "unknown",
      "timestamp": 40.89552238805972,
      "evidence_count": 0
    },
    "01851fe7-c1dd-4a75-a2fe-1ca5b6ba03fe": {
      "edge_id": "01851fe7-c1dd-4a75-a2fe-1ca5b6ba03fe",
      "source_node": "BSE_ASSET",
      "target_node": "S09",
      "belief_type": "valuation",
      "confidence": 0.2,
      "value": 139.3,
      "timestamp": 51.04477611940318,
      "evidence_count": 2
    },
    "d8c3f06b-85a9-4c1c-b04c-cd67ecfc04db": {
      "edge_id": "d8c3f06b-85a9-4c1c-b04c-cd67ecfc04db",
      "source_node": "BSE_ASSET",
      "target_node": "S21",
      "belief_type": "strategy",
      "confidence": 0.1,
      "value": "unknown",
      "timestamp": 40.89552238805972,
      "evidence_count": 0
    },
    "6938d93b-8de4-4707-881e-b80d8aec850f": {
      "edge_id": "6938d93b-8de4-4707-881e-b80d8aec850f",
      "source_node": "BSE_ASSET",
      "target_node": "S21",
      "belief_type": "valuation",
      "confidence": 0.1,
      "value": 154,
      "timestamp": 40.89552238805972,
      "evidence_count": 1
    },
    "f7fcb899-c98a-44cc-bf36-63ce5d3128ae": {
      "edge_id": "f7fcb899-c98a-44cc-bf36-63ce5d3128ae",
      "source_node": "BSE_ASSET",
      "target_node": "P05",
      "belief_type": "strategy",
      "confidence": 0.1,
      "value": "unknown",
      "timestamp": 45.97014925373145,
      "evidence_count": 0
    },
    "718056d4-cab3-4ea6-bdd1-e0071982fa25": {
      "edge_id": "718056d4-cab3-4ea6-bdd1-e0071982fa25",
      "source_node": "BSE_ASSET",
      "target_node": "P05",
      "belief_type": "valuation",
      "confidence": 0.2,
      "value": 125.99999999999999,
      "timestamp": 51.04477611940318,
      "evidence_count": 2
    },
    "c1e787d1-8d44-43b2-af62-b41cfad50712": {
      "edge_id": "c1e787d1-8d44-43b2-af62-b41cfad50712",
      "source_node": "BSE_ASSET",
      "target_node": "S08",
      "belief_type": "strategy",
      "confidence": 0.1,
      "value": "unknown",
      "timestamp": 45.97014925373145,
      "evidence_count": 0
    },
    "ff3778c8-c8e3-4f70-83c5-797addbc8332": {
      "edge_id": "ff3778c8-c8e3-4f70-83c5-797addbc8332",
      "source_node": "BSE_ASSET",
      "target_node": "S08",
      "belief_type": "valuation",
      "confidence": 0.1,
      "value": 156,
      "timestamp": 45.97014925373145,
      "evidence_count": 1
    },
    "541ff080-2c0c-4889-aeb1-88e9c8784a24": {
      "edge_id": "541ff080-2c0c-4889-aeb1-88e9c8784a24",
      "source_node": "BSE_ASSET",
      "target_node": "B16",
      "belief_type": "strategy",
      "confidence": 0.1,
      "value": "unknown",
      "timestamp": 45.97014925373145,
      "evidence_count": 0
    },
    "eafdf2eb-a2c0-4f0a-b9c8-d3d8467bc9b2": {
      "edge_id": "eafdf2eb-a2c0-4f0a-b9c8-d3d8467bc9b2",
      "source_node": "BSE_ASSET",
      "target_node": "B16",
      "belief_type": "valuation",
      "confidence": 0.1,
      "value": 131,
      "timestamp": 51.04477611940318,
      "evidence_count": 1
    },
    "e2778ad5-5db0-466a-bf89-33063a29037f": {
      "edge_id": "e2778ad5-5db0-466a-bf89-33063a29037f",
      "source_node": "BSE_ASSET",
      "target_node": "B17",
      "belief_type": "strategy",
      "confidence": 0.1,
      "value": "unknown",
      "timestamp": 51.04477611940318,
      "evidence_count": 0
    },
    "f3bec14b-4f7a-47e7-b9a9-0bb0d1f9af4d": {
      "edge_id": "f3bec14b-4f7a-47e7-b9a9-0bb0d1f9af4d",
      "source_node": "BSE_ASSET",
      "target_node": "B17",
      "belief_type": "valuation",
      "confidence": 0.1,
      "value": 128,
      "timestamp": 51.04477611940318,
      "evidence_count": 1
    },
    "cd221dad-fea3-4a25-a45d-9e5908662cc8": {
      "edge_id": "cd221dad-fea3-4a25-a45d-9e5908662cc8",
      "source_node": "BSE_ASSET",
      "target_node": "P03",
      "belief_type": "strategy",
      "confidence": 0.1,
      "value": "unknown",
      "timestamp": 51.04477611940318,
      "evidence_count": 0
    },
    "d39b5850-0341-46f6-ada4-7161961fb0e7": {
      "edge_id": "d39b5850-0341-46f6-ada4-7161961fb0e7",
      "source_node": "BSE_ASSET",
      "target_node": "P03",
      "belief_type": "valuation",
      "confidence": 0.1,
      "value": 139,
      "timestamp": 51.04477611940318,
      "evidence_count": 1
    },
    "8163c5d9-d03a-4e45-9eff-515db5cce664": {
      "edge_id": "8163c5d9-d03a-4e45-9eff-515db5cce664",
      "source_node": "BSE_ASSET",
      "target_node": "S01",
      "belief_type": "strategy",
      "confidence": 0.1,
      "value": "unknown",
      "timestamp": 51.04477611940318,
      "evidence_count": 0
    },
    "0b9e12dc-0d0e-4925-b85e-b6117b21fc02": {
      "edge_id": "0b9e12dc-0d0e-4925-b85e-b6117b21fc02",
      "source_node": "BSE_ASSET",
      "target_node": "S01",
      "belief_type": "valuation",
      "confidence": 0.1,
      "value": 175,
      "timestamp": 51.04477611940318,
      "evidence_count": 1
    },
    "60b32d63-0a4f-431d-9be6-146aec6da457": {
      "edge_id": "60b32d63-0a4f-431d-9be6-146aec6da457",
      "source_node": "BSE_ASSET",
      "target_node": "S18",
      "belief_type": "strategy",
      "confidence": 0.1,
      "value": "unknown",
      "timestamp": 51.04477611940318,
      "evidence_count": 0
    },
    "1a26ba8e-90d1-424c-bcca-aa04d71d7943": {
      "edge_id": "1a26ba8e-90d1-424c-bcca-aa04d71d7943",
      "source_node": "BSE_ASSET",
      "target_node": "S18",
      "belief_type": "valuation",
      "confidence": 0.1,
      "value": 187,
      "timestamp": 51.04477611940318,
      "evidence_count": 1
    }
  },
  "event_history": [
    {
      "event_id": "ask_P17_40.89552238805972",
      "event_type": "ask",
      "timestamp": 40.89552238805972,
      "agent_id": "P17",
      "price": 127,
      "quantity": 1,
      "counterparty_id": null,
      "order_id": null
    },
    {
      "event_id": "ask_P02_40.89552238805972",
      "event_type": "ask",
      "timestamp": 40.89552238805972,
      "agent_id": "P02",
      "price": 129,
      "quantity": 1,
      "counterparty_id": null,
      "order_id": null
    },
    {
      "event_id": "ask_S00_40.89552238805972",
      "event_type": "ask",
      "timestamp": 40.89552238805972,
      "agent_id": "S00",
      "price": 129,
      "quantity": 1,
      "counterparty_id": null,
      "order_id": null
    },
    {
      "event_id": "ask_P08_40.89552238805972",
      "event_type": "ask",
      "timestamp": 40.89552238805972,
      "agent_id": "P08",
      "price": 130,
      "quantity": 1,
      "counterparty_id": null,
      "order_id": null
    },
    {
      "event_id": "ask_S09_40.89552238805972",
      "event_type": "ask",
      "timestamp": 40.89552238805972,
      "agent_id": "S09",
      "price": 139,
      "quantity": 1,
      "counterparty_id": null,
      "order_id": null
    },
    {
      "event_id": "ask_S22_40.89552238805972",
      "event_type": "ask",
      "timestamp": 40.89552238805972,
      "agent_id": "S22",
      "price": 140,
      "quantity": 1,
      "counterparty_id": null,
      "order_id": null
    },
    {
      "event_id": "ask_S06_40.89552238805972",
      "event_type": "ask",
      "timestamp": 40.89552238805972,
      "agent_id": "S06",
      "price": 147,
      "quantity": 1,
      "counterparty_id": null,
      "order_id": null
    },
    {
      "event_id": "ask_S04_40.89552238805972",
      "event_type": "ask",
      "timestamp": 40.89552238805972,
      "agent_id": "S04",
      "price": 153,
      "quantity": 1,
      "counterparty_id": null,
      "order_id": null
    },
    {
      "event_id": "ask_S17_40.89552238805972",
      "event_type": "ask",
      "timestamp": 40.89552238805972,
      "agent_id": "S17",
      "price": 154,
      "quantity": 1,
      "counterparty_id": null,
      "order_id": null
    },
    {
      "event_id": "ask_S21_40.89552238805972",
      "event_type": "ask",
      "timestamp": 40.89552238805972,
      "agent_id": "S21",
      "price": 154,
      "quantity": 1,
      "counterparty_id": null,
      "order_id": null
    },
    {
      "event_id": "ask_S13_40.89552238805972",
      "event_type": "ask",
      "timestamp": 40.89552238805972,
      "agent_id": "S13",
      "price": 154,
      "quantity": 1,
      "counterparty_id": null,
      "order_id": null
    },
    {
      "event_id": "ask_S12_40.89552238805972",
      "event_type": "ask",
      "timestamp": 40.89552238805972,
      "agent_id": "S12",
      "price": 156,
      "quantity": 1,
      "counterparty_id": null,
      "order_id": null
    },
    {
      "event_id": "ask_S07_40.89552238805972",
      "event_type": "ask",
      "timestamp": 40.89552238805972,
      "agent_id": "S07",
      "price": 210,
      "quantity": 1,
      "counterparty_id": null,
      "order_id": null
    },
    {
      "event_id": "ask_S20_40.89552238805972",
      "event_type": "ask",
      "timestamp": 40.89552238805972,
      "agent_id": "S20",
      "price": 340,
      "quantity": 1,
      "counterparty_id": null,
      "order_id": null
    },
    {
      "event_id": "bid_P01_45.97014925373145",
      "event_type": "bid",
      "timestamp": 45.97014925373145,
      "agent_id": "P01",
      "price": 127,
      "quantity": 1,
      "counterparty_id": null,
      "order_id": null
    },
    {
      "event_id": "bid_P15_45.97014925373145",
      "event_type": "bid",
      "timestamp": 45.97014925373145,
      "agent_id": "P15",
      "price": 126,
      "quantity": 1,
      "counterparty_id": null,
      "order_id": null
    },
    {
      "event_id": "bid_P05_45.97014925373145",
      "event_type": "bid",
      "timestamp": 45.97014925373145,
      "agent_id": "P05",
      "price": 126,
      "quantity": 1,
      "counterparty_id": null,
      "order_id": null
    },
    {
      "event_id": "bid_P16_45.97014925373145",
      "event_type": "bid",
      "timestamp": 45.97014925373145,
      "agent_id": "P16",
      "price": 126,
      "quantity": 1,
      "counterparty_id": null,
      "order_id": null
    },
    {
      "event_id": "bid_P00_45.97014925373145",
      "event_type": "bid",
      "timestamp": 45.97014925373145,
      "agent_id": "P00",
      "price": 122,
      "quantity": 1,
      "counterparty_id": null,
      "order_id": null
    },
    {
      "event_id": "bid_P07_45.97014925373145",
      "event_type": "bid",
      "timestamp": 45.97014925373145,
      "agent_id": "P07",
      "price": 120,
      "quantity": 1,
      "counterparty_id": null,
      "order_id": null
    },
    {
      "event_id": "ask_P09_45.97014925373145",
      "event_type": "ask",
      "timestamp": 45.97014925373145,
      "agent_id": "P09",
      "price": 130,
      "quantity": 1,
      "counterparty_id": null,
      "order_id": null
    },
    {
      "event_id": "ask_P04_45.97014925373145",
      "event_type": "ask",
      "timestamp": 45.97014925373145,
      "agent_id": "P04",
      "price": 130,
      "quantity": 1,
      "counterparty_id": null,
      "order_id": null
    },
    {
      "event_id": "ask_S13_45.97014925373145",
      "event_type": "ask",
      "timestamp": 45.97014925373145,
      "agent_id": "S13",
      "price": 154,
      "quantity": 1,
      "counterparty_id": null,
      "order_id": null
    },
    {
      "event_id": "ask_S08_45.97014925373145",
      "event_type": "ask",
      "timestamp": 45.97014925373145,
      "agent_id": "S08",
      "price": 156,
      "quantity": 1,
      "counterparty_id": null,
      "order_id": null
    },
    {
      "event_id": "ask_S12_45.97014925373145",
      "event_type": "ask",
      "timestamp": 45.97014925373145,
      "agent_id": "S12",
      "price": 181,
      "quantity": 1,
      "counterparty_id": null,
      "order_id": null
    },
    {
      "event_id": "ask_S05_45.97014925373145",
      "event_type": "ask",
      "timestamp": 45.97014925373145,
      "agent_id": "S05",
      "price": 196,
      "quantity": 1,
      "counterparty_id": null,
      "order_id": null
    },
    {
      "event_id": "ask_S07_45.97014925373145",
      "event_type": "ask",
      "timestamp": 45.97014925373145,
      "agent_id": "S07",
      "price": 349,
      "quantity": 1,
      "counterparty_id": null,
      "order_id": null
    },
    {
      "event_id": "bid_B16_51.04477611940318",
      "event_type": "bid",
      "timestamp": 51.04477611940318,
      "agent_id": "B16",
      "price": 131,
      "quantity": 1,
      "counterparty_id": null,
      "order_id": null
    },
    {
      "event_id": "bid_P09_51.04477611940318",
      "event_type": "bid",
      "timestamp": 51.04477611940318,
      "agent_id": "P09",
      "price": 131,
      "quantity": 1,
      "counterparty_id": null,
      "order_id": null
    },
    {
      "event_id": "bid_B08_51.04477611940318",
      "event_type": "bid",
      "timestamp": 51.04477611940318,
      "agent_id": "B08",
      "price": 130,
      "quantity": 1,
      "counterparty_id": null,
      "order_id": null
    },
    {
      "event_id": "bid_P16_51.04477611940318",
      "event_type": "bid",
      "timestamp": 51.04477611940318,
      "agent_id": "P16",
      "price": 129,
      "quantity": 1,
      "counterparty_id": null,
      "order_id": null
    },
    {
      "event_id": "bid_B11_51.04477611940318",
      "event_type": "bid",
      "timestamp": 51.04477611940318,
      "agent_id": "B11",
      "price": 129,
      "quantity": 1,
      "counterparty_id": null,
      "order_id": null
    },
    {
      "event_id": "bid_B17_51.04477611940318",
      "event_type": "bid",
      "timestamp": 51.04477611940318,
      "agent_id": "B17",
      "price": 128,
      "quantity": 1,
      "counterparty_id": null,
      "order_id": null
    },
    {
      "event_id": "bid_P06_51.04477611940318",
      "event_type": "bid",
      "timestamp": 51.04477611940318,
      "agent_id": "P06",
      "price": 128,
      "quantity": 1,
      "counterparty_id": null,
      "order_id": null
    },
    {
      "event_id": "bid_P01_51.04477611940318",
      "event_type": "bid",
      "timestamp": 51.04477611940318,
      "agent_id": "P01",
      "price": 127,
      "quantity": 1,
      "counterparty_id": null,
      "order_id": null
    },
    {
      "event_id": "bid_P15_51.04477611940318",
      "event_type": "bid",
      "timestamp": 51.04477611940318,
      "agent_id": "P15",
      "price": 126,
      "quantity": 1,
      "counterparty_id": null,
      "order_id": null
    },
    {
      "event_id": "bid_P05_51.04477611940318",
      "event_type": "bid",
      "timestamp": 51.04477611940318,
      "agent_id": "P05",
      "price": 126,
      "quantity": 1,
      "counterparty_id": null,
      "order_id": null
    },
    {
      "event_id": "bid_P00_51.04477611940318",
      "event_type": "bid",
      "timestamp": 51.04477611940318,
      "agent_id": "P00",
      "price": 122,
      "quantity": 1,
      "counterparty_id": null,
      "order_id": null
    },
    {
      "event_id": "bid_P07_51.04477611940318",
      "event_type": "bid",
      "timestamp": 51.04477611940318,
      "agent_id": "P07",
      "price": 120,
      "quantity": 1,
      "counterparty_id": null,
      "order_id": null
    },
    {
      "event_id": "ask_P03_51.04477611940318",
      "event_type": "ask",
      "timestamp": 51.04477611940318,
      "agent_id": "P03",
      "price": 139,
      "quantity": 1,
      "counterparty_id": null,
      "order_id": null
    },
    {
      "event_id": "ask_P19_51.04477611940318",
      "event_type": "ask",
      "timestamp": 51.04477611940318,
      "agent_id": "P19",
      "price": 139,
      "quantity": 1,
      "counterparty_id": null,
      "order_id": null
    },
    {
      "event_id": "ask_P12_51.04477611940318",
      "event_type": "ask",
      "timestamp": 51.04477611940318,
      "agent_id": "P12",
      "price": 139,
      "quantity": 1,
      "counterparty_id": null,
      "order_id": null
    },
    {
      "event_id": "ask_P10_51.04477611940318",
      "event_type": "ask",
      "timestamp": 51.04477611940318,
      "agent_id": "P10",
      "price": 139,
      "quantity": 1,
      "counterparty_id": null,
      "order_id": null
    },
    {
      "event_id": "ask_S09_51.04477611940318",
      "event_type": "ask",
      "timestamp": 51.04477611940318,
      "agent_id": "S09",
      "price": 140,
      "quantity": 1,
      "counterparty_id": null,
      "order_id": null
    },
    {
      "event_id": "ask_S14_51.04477611940318",
      "event_type": "ask",
      "timestamp": 51.04477611940318,
      "agent_id": "S14",
      "price": 144,
      "quantity": 1,
      "counterparty_id": null,
      "order_id": null
    },
    {
      "event_id": "ask_S03_51.04477611940318",
      "event_type": "ask",
      "timestamp": 51.04477611940318,
      "agent_id": "S03",
      "price": 157,
      "quantity": 1,
      "counterparty_id": null,
      "order_id": null
    },
    {
      "event_id": "ask_S22_51.04477611940318",
      "event_type": "ask",
      "timestamp": 51.04477611940318,
      "agent_id": "S22",
      "price": 161,
      "quantity": 1,
      "counterparty_id": null,
      "order_id": null
    },
    {
      "event_id": "ask_S01_51.04477611940318",
      "event_type": "ask",
      "timestamp": 51.04477611940318,
      "agent_id": "S01",
      "price": 175,
      "quantity": 1,
      "counterparty_id": null,
      "order_id": null
    },
    {
      "event_id": "ask_S12_51.04477611940318",
      "event_type": "ask",
      "timestamp": 51.04477611940318,
      "agent_id": "S12",
      "price": 181,
      "quantity": 1,
      "counterparty_id": null,
      "order_id": null
    },
    {
      "event_id": "ask_S18_51.04477611940318",
      "event_type": "ask",
      "timestamp": 51.04477611940318,
      "agent_id": "S18",
      "price": 187,
      "quantity": 1,
      "counterparty_id": null,
      "order_id": null
    }
  ]
}
2025-10-10 19:09:45 | HM_NL_NOCOT_P20 | ================================================================================
2025-10-10 19:09:45 | HM_NL_NOCOT_P20 | [AGENTS-TRACKED] Currently tracking 60 agents: ['P20', 'P17', 'P02', 'P01', 'P08', 'P07', 'B11', 'B19', 'S06', 'S02', 'S07', 'B13', 'B05', 'B02', 'B07', 'B09', 'B04', 'S03', 'S12', 'S20', 'P14', 'P09', 'B06', 'B20', 'B10', 'S04', 'P12', 'P18', 'P16', 'P19', 'B15', 'B21', 'B08', 'B14', 'B18', 'S15', 'P15', 'P00', 'P06', 'P10', 'B01', 'S14', 'S00', 'S22', 'S19', 'S13', 'P04', 'B22', 'B03', 'S17', 'S05', 'S09', 'S21', 'P05', 'S08', 'B16', 'B17', 'P03', 'S01', 'S18']
2025-10-10 19:14:07 | HM_NL_NOCOT_P20 | [GETORDER] Called at time 54.5, job=Buy, balance=$501
2025-10-10 19:14:07 | HM_NL_NOCOT_P20 | === LLM PROMPT AT TIME 54.477611940298765 ===
2025-10-10 19:14:07 | HM_NL_NOCOT_P20 | ================================================================================
2025-10-10 19:14:07 | HM_NL_NOCOT_P20 | 
You are a proprietary trader looking to BUY a unit.

MARKET DATA:
Time: 54.5
Best Bid: 134
Best Ask: 139
Spread: 5
Recent prices: [139, 138, 154, 130, 130]
Average recent price: $138.2

MY CURRENT STATE:
Balance: $501
Current job: Buy
Inventory: 0 units
Last purchase price: $124
Number of completed trades: 2



MARKET EDUCATION:
- Price ranges typically between $1-$500 in this market
- The market operates as a continuous double auction with a limit order book
- Orders are matched when bid prices meet or exceed ask prices
- You can place BID orders (to buy) or ASK orders (to sell)

HOW ORDER BOOKS WORK:
- To BUY: Place a BID order at your desired price
  - If sellers exist at/below your bid price → immediate execution
  - If no sellers at your price → your bid waits on the order book
  - Higher bids are more likely to execute quickly

- To SELL: Place an ASK order at your desired price
  - If buyers exist at/above your ask price → immediate execution
  - If no buyers at your price → your ask waits on the order book
  - Lower asks are more likely to execute quickly

TRADING PRINCIPLES:
- "Buy low, sell high" means buying below recent average prices when possible
- Risk management: avoid spending your entire balance on one trade
- Learn from history: if recent trades lost money, consider what went wrong
- Liquidity: sometimes waiting for better prices is smarter than forcing trades
- Analyze other traders' activity patterns and draw your own conclusions



BELIEF GRAPH INSIGHTS (Natural Language):
The belief graph represents your understanding of market dynamics and other agents' strategies.

Current market beliefs:
My trading attributes: {'aggressiveness': 0.6, 'learning_rate': 0.6, 'hypothesis_threshold': 0.3, 'exploration_rate': 0.5, 'adaptability': 0.7, 'strategic_depth': 0.8}

Tracking 60 agents
  - Agent P20
  - Agent P17
  - Agent P02
  - Agent P01
  - Agent P08
  - Agent P07
  - Agent B11
  - Agent B19
  - Agent S06
  - Agent S02
  - Agent S07
  - Agent B13
  - Agent B05
  - Agent B02
  - Agent B07
  - Agent B09
  - Agent B04
  - Agent S03
  - Agent S12
  - Agent S20
  - Agent P14
  - Agent P09
  - Agent B06
  - Agent B20
  - Agent B10
  - Agent S04
  - Agent P12
  - Agent P18
  - Agent P16
  - Agent P19
  - Agent B15
  - Agent B21
  - Agent B08
  - Agent B14
  - Agent B18
  - Agent S15
  - Agent P15
  - Agent P00
  - Agent P06
  - Agent P10
  - Agent B01
  - Agent S14
  - Agent S00
  - Agent S22
  - Agent S19
  - Agent S13
  - Agent P04
  - Agent B22
  - Agent B03
  - Agent S17
  - Agent S05
  - Agent S09
  - Agent S21
  - Agent P05
  - Agent S08
  - Agent B16
  - Agent B17
  - Agent P03
  - Agent S01
  - Agent S18

This narrative describes:
- How aggressive or passive other traders are behaving
- What strategies you believe they are following
- Overall market sentiment and direction
- Your assessment of current market risks
- How confident you are in your understanding of each agent

Use these insights to inform your trading decisions.


GRAPH QUALITY: BASIC
You have limited information about market participants.
Belief graph data is based on observations and may contain uncertainties.


CURRENT SITUATION: You currently have NO INVENTORY and are looking to BUY a unit.

YOUR GOAL: Make a profitable trade. End with MORE money than you started with.



Respond with ONLY:
"BUY [exact_price]" - to place a bid at that price
"WAIT" - to wait for better conditions


Respond ONLY with your decision. No explanation needed.


2025-10-10 19:14:07 | HM_NL_NOCOT_P20 | ================================================================================
2025-10-10 19:14:07 | HM_NL_NOCOT_P20 | === RAW LLM RESPONSE ===
2025-10-10 19:14:07 | HM_NL_NOCOT_P20 | BUY 134
2025-10-10 19:14:07 | HM_NL_NOCOT_P20 | ================================================================================
2025-10-10 19:14:07 | HM_NL_NOCOT_P20 | === PARSED DECISION ===
2025-10-10 19:14:07 | HM_NL_NOCOT_P20 | Action: BUY
2025-10-10 19:14:07 | HM_NL_NOCOT_P20 | Price: 134
2025-10-10 19:14:07 | HM_NL_NOCOT_P20 | Reasoning: BUY 134
2025-10-10 19:14:07 | HM_NL_NOCOT_P20 | Current Job: Buy
2025-10-10 19:14:07 | HM_NL_NOCOT_P20 | Balance: $501.00
2025-10-10 19:14:07 | HM_NL_NOCOT_P20 | Inventory: 0
2025-10-10 19:19:28 | HM_NL_NOCOT_P20 | [BELIEF-THROTTLE] P13: Running belief graph update at time 56.3
2025-10-10 19:19:28 | HM_NL_NOCOT_P20 | [UPDATE-SUMMARY] Processed 24 market events at time 56.3
2025-10-10 19:19:28 | HM_NL_NOCOT_P20 | === BELIEF GRAPH STATE AT TIME 56.3 ===
2025-10-10 19:19:28 | HM_NL_NOCOT_P20 | {
  "graph_id": "f5b42db1-423d-4188-b050-2c98ca6efd4a",
  "asset_id": "BSE_ASSET",
  "current_time": 56.2686567164182,
  "nodes": {
    "BSE_ASSET": {
      "asset_id": "BSE_ASSET",
      "node_type": "asset",
      "current_best_bid": null,
      "current_best_ask": null,
      "last_trade_price": null,
      "volume_traded": 0,
      "price_volatility": 0.0,
      "spread_width": null,
      "market_depth_bid": 0,
      "market_depth_ask": 0
    },
    "P20": {
      "agent_id": "P20",
      "node_type": "agent",
      "last_bid_price": 124,
      "last_ask_price": null,
      "last_trade_price": null,
      "total_trades": 0,
      "total_volume": 0,
      "strategy_type": "Hypothetical-Minds",
      "inferred_valuation": 124.0,
      "valuation_confidence": 0.2,
      "aggressiveness_score": 0.6,
      "last_activity": 15.373134328358166
    },
    "P17": {
      "agent_id": "P17",
      "node_type": "agent",
      "last_bid_price": 130,
      "last_ask_price": 127,
      "last_trade_price": null,
      "total_trades": 0,
      "total_volume": 0,
      "strategy_type": null,
      "inferred_valuation": 129.1,
      "valuation_confidence": 0.2,
      "aggressiveness_score": 0.0,
      "last_activity": 40.89552238805972
    },
    "P02": {
      "agent_id": "P02",
      "node_type": "agent",
      "last_bid_price": 128,
      "last_ask_price": 129,
      "last_trade_price": null,
      "total_trades": 0,
      "total_volume": 0,
      "strategy_type": null,
      "inferred_valuation": 128.88235099999997,
      "valuation_confidence": 0.7,
      "aggressiveness_score": 0.0,
      "last_activity": 40.89552238805972
    },
    "P01": {
      "agent_id": "P01",
      "node_type": "agent",
      "last_bid_price": 127,
      "last_ask_price": 127,
      "last_trade_price": null,
      "total_trades": 0,
      "total_volume": 0,
      "strategy_type": null,
      "inferred_valuation": 127.11764899999997,
      "valuation_confidence": 0.7,
      "aggressiveness_score": 0.0,
      "last_activity": 56.2686567164182
    },
    "P08": {
      "agent_id": "P08",
      "node_type": "agent",
      "last_bid_price": 132,
      "last_ask_price": 130,
      "last_trade_price": null,
      "total_trades": 0,
      "total_volume": 0,
      "strategy_type": null,
      "inferred_valuation": 130.3529371,
      "valuation_confidence": 0.7999999999999999,
      "aggressiveness_score": 0.0,
      "last_activity": 56.2686567164182
    },
    "P07": {
      "agent_id": "P07",
      "node_type": "agent",
      "last_bid_price": 120,
      "last_ask_price": null,
      "last_trade_price": null,
      "total_trades": 0,
      "total_volume": 0,
      "strategy_type": null,
      "inferred_valuation": 120.0,
      "valuation_confidence": 0.95,
      "aggressiveness_score": 0.0,
      "last_activity": 56.2686567164182
    },
    "B11": {
      "agent_id": "B11",
      "node_type": "agent",
      "last_bid_price": 129,
      "last_ask_price": null,
      "last_trade_price": null,
      "total_trades": 0,
      "total_volume": 0,
      "strategy_type": null,
      "inferred_valuation": 121.94399999999999,
      "valuation_confidence": 0.5,
      "aggressiveness_score": 0.0,
      "last_activity": 56.2686567164182
    },
    "B19": {
      "agent_id": "B19",
      "node_type": "agent",
      "last_bid_price": 124,
      "last_ask_price": null,
      "last_trade_price": null,
      "total_trades": 0,
      "total_volume": 0,
      "strategy_type": null,
      "inferred_valuation": 114.19999999999999,
      "valuation_confidence": 0.2,
      "aggressiveness_score": 0.0,
      "last_activity": 10.298507462686555
    },
    "S06": {
      "agent_id": "S06",
      "node_type": "agent",
      "last_bid_price": null,
      "last_ask_price": 147,
      "last_trade_price": null,
      "total_trades": 0,
      "total_volume": 0,
      "strategy_type": null,
      "inferred_valuation": 139.65,
      "valuation_confidence": 0.30000000000000004,
      "aggressiveness_score": 0.0,
      "last_activity": 40.89552238805972
    },
    "S02": {
      "agent_id": "S02",
      "node_type": "agent",
      "last_bid_price": null,
      "last_ask_price": 160,
      "last_trade_price": null,
      "total_trades": 0,
      "total_volume": 0,
      "strategy_type": null,
      "inferred_valuation": 140.11299999999997,
      "valuation_confidence": 0.4,
      "aggressiveness_score": 0.0,
      "last_activity": 56.2686567164182
    },
    "S07": {
      "agent_id": "S07",
      "node_type": "agent",
      "last_bid_price": null,
      "last_ask_price": 349,
      "last_trade_price": null,
      "total_trades": 0,
      "total_volume": 0,
      "strategy_type": null,
      "inferred_valuation": 315.86157999999995,
      "valuation_confidence": 0.6,
      "aggressiveness_score": 0.0,
      "last_activity": 45.97014925373145
    },
    "B13": {
      "agent_id": "B13",
      "node_type": "agent",
      "last_bid_price": 110,
      "last_ask_price": null,
      "last_trade_price": null,
      "total_trades": 0,
      "total_volume": 0,
      "strategy_type": null,
      "inferred_valuation": 105.1,
      "valuation_confidence": 0.4,
      "aggressiveness_score": 0.0,
      "last_activity": 25.522388059701388
    },
    "B05": {
      "agent_id": "B05",
      "node_type": "agent",
      "last_bid_price": 93,
      "last_ask_price": null,
      "last_trade_price": null,
      "total_trades": 0,
      "total_volume": 0,
      "strategy_type": null,
      "inferred_valuation": 95.94,
      "valuation_confidence": 0.30000000000000004,
      "aggressiveness_score": 0.0,
      "last_activity": 20.447761194029777
    },
    "B02": {
      "agent_id": "B02",
      "node_type": "agent",
      "last_bid_price": 61,
      "last_ask_price": null,
      "last_trade_price": null,
      "total_trades": 0,
      "total_volume": 0,
      "strategy_type": null,
      "inferred_valuation": 70.40121,
      "valuation_confidence": 0.6,
      "aggressiveness_score": 0.0,
      "last_activity": 56.2686567164182
    },
    "B07": {
      "agent_id": "B07",
      "node_type": "agent",
      "last_bid_price": 98,
      "last_ask_price": null,
      "last_trade_price": null,
      "total_trades": 0,
      "total_volume": 0,
      "strategy_type": null,
      "inferred_valuation": 98.0,
      "valuation_confidence": 0.2,
      "aggressiveness_score": 0.0,
      "last_activity": 15.373134328358166
    },
    "B09": {
      "agent_id": "B09",
      "node_type": "agent",
      "last_bid_price": 121,
      "last_ask_price": null,
      "last_trade_price": null,
      "total_trades": 0,
      "total_volume": 0,
      "strategy_type": null,
      "inferred_valuation": 101.88999999999999,
      "valuation_confidence": 0.30000000000000004,
      "aggressiveness_score": 0.0,
      "last_activity": 30.597014925373
    },
    "B04": {
      "agent_id": "B04",
      "node_type": "agent",
      "last_bid_price": 82,
      "last_ask_price": null,
      "last_trade_price": null,
      "total_trades": 0,
      "total_volume": 0,
      "strategy_type": null,
      "inferred_valuation": 82.0,
      "valuation_confidence": 0.2,
      "aggressiveness_score": 0.0,
      "last_activity": 15.373134328358166
    },
    "S03": {
      "agent_id": "S03",
      "node_type": "agent",
      "last_bid_price": null,
      "last_ask_price": 157,
      "last_trade_price": null,
      "total_trades": 0,
      "total_volume": 0,
      "strategy_type": null,
      "inferred_valuation": 143.76999999999998,
      "valuation_confidence": 0.30000000000000004,
      "aggressiveness_score": 0.0,
      "last_activity": 56.2686567164182
    },
    "S12": {
      "agent_id": "S12",
      "node_type": "agent",
      "last_bid_price": null,
      "last_ask_price": 181,
      "last_trade_price": null,
      "total_trades": 0,
      "total_volume": 0,
      "strategy_type": null,
      "inferred_valuation": 164.63400000000001,
      "valuation_confidence": 0.5,
      "aggressiveness_score": 0.0,
      "last_activity": 51.04477611940318
    },
    "S20": {
      "agent_id": "S20",
      "node_type": "agent",
      "last_bid_price": null,
      "last_ask_price": 279,
      "last_trade_price": null,
      "total_trades": 0,
      "total_volume": 0,
      "strategy_type": null,
      "inferred_valuation": 231.0892,
      "valuation_confidence": 0.5,
      "aggressiveness_score": 0.0,
      "last_activity": 56.2686567164182
    },
    "P14": {
      "agent_id": "P14",
      "node_type": "agent",
      "last_bid_price": 124,
      "last_ask_price": 127,
      "last_trade_price": null,
      "total_trades": 0,
      "total_volume": 0,
      "strategy_type": null,
      "inferred_valuation": 125.53,
      "valuation_confidence": 0.30000000000000004,
      "aggressiveness_score": 0.0,
      "last_activity": 30.597014925373
    },
    "P09": {
      "agent_id": "P09",
      "node_type": "agent",
      "last_bid_price": 137,
      "last_ask_price": 130,
      "last_trade_price": null,
      "total_trades": 0,
      "total_volume": 0,
      "strategy_type": null,
      "inferred_valuation": 130.25199999999998,
      "valuation_confidence": 0.4,
      "aggressiveness_score": 0.0,
      "last_activity": 56.2686567164182
    },
    "B06": {
      "agent_id": "B06",
      "node_type": "agent",
      "last_bid_price": 112,
      "last_ask_price": null,
      "last_trade_price": null,
      "total_trades": 0,
      "total_volume": 0,
      "strategy_type": null,
      "inferred_valuation": 112.0,
      "valuation_confidence": 0.2,
      "aggressiveness_score": 0.0,
      "last_activity": 20.447761194029777
    },
    "B20": {
      "agent_id": "B20",
      "node_type": "agent",
      "last_bid_price": 100,
      "last_ask_price": null,
      "last_trade_price": null,
      "total_trades": 0,
      "total_volume": 0,
      "strategy_type": null,
      "inferred_valuation": 100,
      "valuation_confidence": 0.1,
      "aggressiveness_score": 0.0,
      "last_activity": 15.373134328358166
    },
    "B10": {
      "agent_id": "B10",
      "node_type": "agent",
      "last_bid_price": 117,
      "last_ask_price": null,
      "last_trade_price": null,
      "total_trades": 0,
      "total_volume": 0,
      "strategy_type": null,
      "inferred_valuation": 107.69,
      "valuation_confidence": 0.30000000000000004,
      "aggressiveness_score": 0.0,
      "last_activity": 25.522388059701388
    },
    "S04": {
      "agent_id": "S04",
      "node_type": "agent",
      "last_bid_price": null,
      "last_ask_price": 153,
      "last_trade_price": null,
      "total_trades": 0,
      "total_volume": 0,
      "strategy_type": null,
      "inferred_valuation": 141.98969999999997,
      "valuation_confidence": 0.5,
      "aggressiveness_score": 0.0,
      "last_activity": 40.89552238805972
    },
    "P12": {
      "agent_id": "P12",
      "node_type": "agent",
      "last_bid_price": null,
      "last_ask_price": 139,
      "last_trade_price": null,
      "total_trades": 0,
      "total_volume": 0,
      "strategy_type": null,
      "inferred_valuation": 134.58999999999997,
      "valuation_confidence": 0.6,
      "aggressiveness_score": 0.0,
      "last_activity": 56.2686567164182
    },
    "P18": {
      "agent_id": "P18",
      "node_type": "agent",
      "last_bid_price": null,
      "last_ask_price": 130,
      "last_trade_price": null,
      "total_trades": 0,
      "total_volume": 0,
      "strategy_type": null,
      "inferred_valuation": 130.0,
      "valuation_confidence": 0.5,
      "aggressiveness_score": 0.0,
      "last_activity": 35.820895522387985
    },
    "P16": {
      "agent_id": "P16",
      "node_type": "agent",
      "last_bid_price": 134,
      "last_ask_price": null,
      "last_trade_price": null,
      "total_trades": 0,
      "total_volume": 0,
      "strategy_type": null,
      "inferred_valuation": 128.344,
      "valuation_confidence": 0.4,
      "aggressiveness_score": 0.0,
      "last_activity": 56.2686567164182
    },
    "P19": {
      "agent_id": "P19",
      "node_type": "agent",
      "last_bid_price": 124,
      "last_ask_price": 139,
      "last_trade_price": null,
      "total_trades": 0,
      "total_volume": 0,
      "strategy_type": null,
      "inferred_valuation": 129.13,
      "valuation_confidence": 0.30000000000000004,
      "aggressiveness_score": 0.0,
      "last_activity": 51.04477611940318
    },
    "B15": {
      "agent_id": "B15",
      "node_type": "agent",
      "last_bid_price": 120,
      "last_ask_price": null,
      "last_trade_price": null,
      "total_trades": 0,
      "total_volume": 0,
      "strategy_type": null,
      "inferred_valuation": 120,
      "valuation_confidence": 0.1,
      "aggressiveness_score": 0.0,
      "last_activity": 20.447761194029777
    },
    "B21": {
      "agent_id": "B21",
      "node_type": "agent",
      "last_bid_price": 120,
      "last_ask_price": null,
      "last_trade_price": null,
      "total_trades": 0,
      "total_volume": 0,
      "strategy_type": null,
      "inferred_valuation": 116.5,
      "valuation_confidence": 0.2,
      "aggressiveness_score": 0.0,
      "last_activity": 30.597014925373
    },
    "B08": {
      "agent_id": "B08",
      "node_type": "agent",
      "last_bid_price": 130,
      "last_ask_price": null,
      "last_trade_price": null,
      "total_trades": 0,
      "total_volume": 0,
      "strategy_type": null,
      "inferred_valuation": 121.66999999999999,
      "valuation_confidence": 0.4,
      "aggressiveness_score": 0.0,
      "last_activity": 56.2686567164182
    },
    "B14": {
      "agent_id": "B14",
      "node_type": "agent",
      "last_bid_price": 120,
      "last_ask_price": null,
      "last_trade_price": null,
      "total_trades": 0,
      "total_volume": 0,
      "strategy_type": null,
      "inferred_valuation": 113.63,
      "valuation_confidence": 0.30000000000000004,
      "aggressiveness_score": 0.0,
      "last_activity": 30.597014925373
    },
    "B18": {
      "agent_id": "B18",
      "node_type": "agent",
      "last_bid_price": 104,
      "last_ask_price": null,
      "last_trade_price": null,
      "total_trades": 0,
      "total_volume": 0,
      "strategy_type": null,
      "inferred_valuation": 101.2,
      "valuation_confidence": 0.2,
      "aggressiveness_score": 0.0,
      "last_activity": 35.820895522387985
    },
    "S15": {
      "agent_id": "S15",
      "node_type": "agent",
      "last_bid_price": null,
      "last_ask_price": 127,
      "last_trade_price": null,
      "total_trades": 0,
      "total_volume": 0,
      "strategy_type": null,
      "inferred_valuation": 127,
      "valuation_confidence": 0.1,
      "aggressiveness_score": 0.0,
      "last_activity": 20.447761194029777
    },
    "P15": {
      "agent_id": "P15",
      "node_type": "agent",
      "last_bid_price": 126,
      "last_ask_price": 127,
      "last_trade_price": null,
      "total_trades": 0,
      "total_volume": 0,
      "strategy_type": null,
      "inferred_valuation": 126.35774899999997,
      "valuation_confidence": 0.7,
      "aggressiveness_score": 0.0,
      "last_activity": 56.2686567164182
    },
    "P00": {
      "agent_id": "P00",
      "node_type": "agent",
      "last_bid_price": 134,
      "last_ask_price": 129,
      "last_trade_price": null,
      "total_trades": 0,
      "total_volume": 0,
      "strategy_type": null,
      "inferred_valuation": 127.2807,
      "valuation_confidence": 0.5,
      "aggressiveness_score": 0.0,
      "last_activity": 56.2686567164182
    },
    "P06": {
      "agent_id": "P06",
      "node_type": "agent",
      "last_bid_price": 128,
      "last_ask_price": 127,
      "last_trade_price": null,
      "total_trades": 0,
      "total_volume": 0,
      "strategy_type": null,
      "inferred_valuation": 126.481,
      "valuation_confidence": 0.4,
      "aggressiveness_score": 0.0,
      "last_activity": 56.2686567164182
    },
    "P10": {
      "agent_id": "P10",
      "node_type": "agent",
      "last_bid_price": 124,
      "last_ask_price": 139,
      "last_trade_price": null,
      "total_trades": 0,
      "total_volume": 0,
      "strategy_type": null,
      "inferred_valuation": 131.64999999999998,
      "valuation_confidence": 0.30000000000000004,
      "aggressiveness_score": 0.0,
      "last_activity": 56.2686567164182
    },
    "B01": {
      "agent_id": "B01",
      "node_type": "agent",
      "last_bid_price": 91,
      "last_ask_price": null,
      "last_trade_price": null,
      "total_trades": 0,
      "total_volume": 0,
      "strategy_type": null,
      "inferred_valuation": 91,
      "valuation_confidence": 0.1,
      "aggressiveness_score": 0.0,
      "last_activity": 25.522388059701388
    },
    "S14": {
      "agent_id": "S14",
      "node_type": "agent",
      "last_bid_price": null,
      "last_ask_price": 144,
      "last_trade_price": null,
      "total_trades": 0,
      "total_volume": 0,
      "strategy_type": null,
      "inferred_valuation": 136.29999999999998,
      "valuation_confidence": 0.4,
      "aggressiveness_score": 0.0,
      "last_activity": 51.04477611940318
    },
    "S00": {
      "agent_id": "S00",
      "node_type": "agent",
      "last_bid_price": null,
      "last_ask_price": 129,
      "last_trade_price": null,
      "total_trades": 0,
      "total_volume": 0,
      "strategy_type": null,
      "inferred_valuation": 135.85999999999999,
      "valuation_confidence": 0.4,
      "aggressiveness_score": 0.0,
      "last_activity": 40.89552238805972
    },
    "S22": {
      "agent_id": "S22",
      "node_type": "agent",
      "last_bid_price": null,
      "last_ask_price": 161,
      "last_trade_price": null,
      "total_trades": 0,
      "total_volume": 0,
      "strategy_type": null,
      "inferred_valuation": 151.298,
      "valuation_confidence": 0.4,
      "aggressiveness_score": 0.0,
      "last_activity": 51.04477611940318
    },
    "S19": {
      "agent_id": "S19",
      "node_type": "agent",
      "last_bid_price": null,
      "last_ask_price": 172,
      "last_trade_price": null,
      "total_trades": 0,
      "total_volume": 0,
      "strategy_type": null,
      "inferred_valuation": 172.0,
      "valuation_confidence": 0.2,
      "aggressiveness_score": 0.0,
      "last_activity": 30.597014925373
    },
    "S13": {
      "agent_id": "S13",
      "node_type": "agent",
      "last_bid_price": null,
      "last_ask_price": 145,
      "last_trade_price": null,
      "total_trades": 0,
      "total_volume": 0,
      "strategy_type": null,
      "inferred_valuation": 150.63115,
      "valuation_confidence": 0.6,
      "aggressiveness_score": 0.0,
      "last_activity": 56.2686567164182
    },
    "P04": {
      "agent_id": "P04",
      "node_type": "agent",
      "last_bid_price": 134,
      "last_ask_price": 130,
      "last_trade_price": null,
      "total_trades": 0,
      "total_volume": 0,
      "strategy_type": null,
      "inferred_valuation": 128.26,
      "valuation_confidence": 0.30000000000000004,
      "aggressiveness_score": 0.0,
      "last_activity": 56.2686567164182
    },
    "B22": {
      "agent_id": "B22",
      "node_type": "agent",
      "last_bid_price": 112,
      "last_ask_price": null,
      "last_trade_price": null,
      "total_trades": 0,
      "total_volume": 0,
      "strategy_type": null,
      "inferred_valuation": 112,
      "valuation_confidence": 0.1,
      "aggressiveness_score": 0.0,
      "last_activity": 30.597014925373
    },
    "B03": {
      "agent_id": "B03",
      "node_type": "agent",
      "last_bid_price": 103,
      "last_ask_price": null,
      "last_trade_price": null,
      "total_trades": 0,
      "total_volume": 0,
      "strategy_type": null,
      "inferred_valuation": 103.0,
      "valuation_confidence": 0.2,
      "aggressiveness_score": 0.0,
      "last_activity": 35.820895522387985
    },
    "S17": {
      "agent_id": "S17",
      "node_type": "agent",
      "last_bid_price": null,
      "last_ask_price": 154,
      "last_trade_price": null,
      "total_trades": 0,
      "total_volume": 0,
      "strategy_type": null,
      "inferred_valuation": 135.1,
      "valuation_confidence": 0.2,
      "aggressiveness_score": 0.0,
      "last_activity": 40.89552238805972
    },
    "S05": {
      "agent_id": "S05",
      "node_type": "agent",
      "last_bid_price": null,
      "last_ask_price": 141,
      "last_trade_price": null,
      "total_trades": 0,
      "total_volume": 0,
      "strategy_type": null,
      "inferred_valuation": 150.49199999999996,
      "valuation_confidence": 0.4,
      "aggressiveness_score": 0.0,
      "last_activity": 56.2686567164182
    },
    "S09": {
      "agent_id": "S09",
      "node_type": "agent",
      "last_bid_price": null,
      "last_ask_price": 140,
      "last_trade_price": null,
      "total_trades": 0,
      "total_volume": 0,
      "strategy_type": null,
      "inferred_valuation": 139.3,
      "valuation_confidence": 0.2,
      "aggressiveness_score": 0.0,
      "last_activity": 51.04477611940318
    },
    "S21": {
      "agent_id": "S21",
      "node_type": "agent",
      "last_bid_price": null,
      "last_ask_price": 154,
      "last_trade_price": null,
      "total_trades": 0,
      "total_volume": 0,
      "strategy_type": null,
      "inferred_valuation": 154,
      "valuation_confidence": 0.1,
      "aggressiveness_score": 0.0,
      "last_activity": 40.89552238805972
    },
    "P05": {
      "agent_id": "P05",
      "node_type": "agent",
      "last_bid_price": 126,
      "last_ask_price": null,
      "last_trade_price": null,
      "total_trades": 0,
      "total_volume": 0,
      "strategy_type": null,
      "inferred_valuation": 125.99999999999999,
      "valuation_confidence": 0.30000000000000004,
      "aggressiveness_score": 0.0,
      "last_activity": 56.2686567164182
    },
    "S08": {
      "agent_id": "S08",
      "node_type": "agent",
      "last_bid_price": null,
      "last_ask_price": 156,
      "last_trade_price": null,
      "total_trades": 0,
      "total_volume": 0,
      "strategy_type": null,
      "inferred_valuation": 156,
      "valuation_confidence": 0.1,
      "aggressiveness_score": 0.0,
      "last_activity": 45.97014925373145
    },
    "B16": {
      "agent_id": "B16",
      "node_type": "agent",
      "last_bid_price": 134,
      "last_ask_price": null,
      "last_trade_price": null,
      "total_trades": 0,
      "total_volume": 0,
      "strategy_type": null,
      "inferred_valuation": 131.89999999999998,
      "valuation_confidence": 0.2,
      "aggressiveness_score": 0.0,
      "last_activity": 56.2686567164182
    },
    "B17": {
      "agent_id": "B17",
      "node_type": "agent",
      "last_bid_price": 128,
      "last_ask_price": null,
      "last_trade_price": null,
      "total_trades": 0,
      "total_volume": 0,
      "strategy_type": null,
      "inferred_valuation": 128,
      "valuation_confidence": 0.1,
      "aggressiveness_score": 0.0,
      "last_activity": 51.04477611940318
    },
    "P03": {
      "agent_id": "P03",
      "node_type": "agent",
      "last_bid_price": 138,
      "last_ask_price": 139,
      "last_trade_price": null,
      "total_trades": 0,
      "total_volume": 0,
      "strategy_type": null,
      "inferred_valuation": 138.7,
      "valuation_confidence": 0.2,
      "aggressiveness_score": 0.0,
      "last_activity": 56.2686567164182
    },
    "S01": {
      "agent_id": "S01",
      "node_type": "agent",
      "last_bid_price": null,
      "last_ask_price": 175,
      "last_trade_price": null,
      "total_trades": 0,
      "total_volume": 0,
      "strategy_type": null,
      "inferred_valuation": 175,
      "valuation_confidence": 0.1,
      "aggressiveness_score": 0.0,
      "last_activity": 51.04477611940318
    },
    "S18": {
      "agent_id": "S18",
      "node_type": "agent",
      "last_bid_price": null,
      "last_ask_price": 187,
      "last_trade_price": null,
      "total_trades": 0,
      "total_volume": 0,
      "strategy_type": null,
      "inferred_valuation": 187,
      "valuation_confidence": 0.1,
      "aggressiveness_score": 0.0,
      "last_activity": 51.04477611940318
    },
    "P11": {
      "agent_id": "P11",
      "node_type": "agent",
      "last_bid_price": 134,
      "last_ask_price": null,
      "last_trade_price": null,
      "total_trades": 0,
      "total_volume": 0,
      "strategy_type": null,
      "inferred_valuation": 134,
      "valuation_confidence": 0.1,
      "aggressiveness_score": 0.0,
      "last_activity": 56.2686567164182
    },
    "S10": {
      "agent_id": "S10",
      "node_type": "agent",
      "last_bid_price": null,
      "last_ask_price": 166,
      "last_trade_price": null,
      "total_trades": 0,
      "total_volume": 0,
      "strategy_type": null,
      "inferred_valuation": 166,
      "valuation_confidence": 0.1,
      "aggressiveness_score": 0.0,
      "last_activity": 56.2686567164182
    }
  },
  "edges": {
    "b918a6af-7c13-43a2-a0b3-cea8deee488b": {
      "edge_id": "b918a6af-7c13-43a2-a0b3-cea8deee488b",
      "source_node": "BSE_ASSET",
      "target_node": "P20",
      "belief_type": "strategy",
      "confidence": 0.1,
      "value": "unknown",
      "timestamp": 0.0,
      "evidence_count": 0
    },
    "303c14ba-b068-4a89-8a60-defc4b1e19de": {
      "edge_id": "303c14ba-b068-4a89-8a60-defc4b1e19de",
      "source_node": "BSE_ASSET",
      "target_node": "P20",
      "belief_type": "valuation",
      "confidence": 0.2,
      "value": 124.0,
      "timestamp": 15.373134328358166,
      "evidence_count": 2
    },
    "46f2d92a-3c74-4b1a-b173-2b2212adf83c": {
      "edge_id": "46f2d92a-3c74-4b1a-b173-2b2212adf83c",
      "source_node": "BSE_ASSET",
      "target_node": "P17",
      "belief_type": "strategy",
      "confidence": 0.1,
      "value": "unknown",
      "timestamp": 0.0,
      "evidence_count": 0
    },
    "f921b8b4-4eba-4e50-93e0-e95822fb9ef8": {
      "edge_id": "f921b8b4-4eba-4e50-93e0-e95822fb9ef8",
      "source_node": "BSE_ASSET",
      "target_node": "P17",
      "belief_type": "valuation",
      "confidence": 0.2,
      "value": 129.1,
      "timestamp": 40.89552238805972,
      "evidence_count": 2
    },
    "b96a29db-e77d-44ee-8059-3397e9c5601e": {
      "edge_id": "b96a29db-e77d-44ee-8059-3397e9c5601e",
      "source_node": "BSE_ASSET",
      "target_node": "P02",
      "belief_type": "strategy",
      "confidence": 0.1,
      "value": "unknown",
      "timestamp": 5.074626865671641,
      "evidence_count": 0
    },
    "59cd6533-d095-47a0-a999-2d2a45b4fb3c": {
      "edge_id": "59cd6533-d095-47a0-a999-2d2a45b4fb3c",
      "source_node": "BSE_ASSET",
      "target_node": "P02",
      "belief_type": "valuation",
      "confidence": 0.7,
      "value": 128.88235099999997,
      "timestamp": 40.89552238805972,
      "evidence_count": 7
    },
    "9f7f9b90-cb25-420d-8903-ef32e5fd69d6": {
      "edge_id": "9f7f9b90-cb25-420d-8903-ef32e5fd69d6",
      "source_node": "BSE_ASSET",
      "target_node": "P01",
      "belief_type": "strategy",
      "confidence": 0.1,
      "value": "unknown",
      "timestamp": 5.074626865671641,
      "evidence_count": 0
    },
    "eab81edb-d297-421f-b249-fd3ef80e2056": {
      "edge_id": "eab81edb-d297-421f-b249-fd3ef80e2056",
      "source_node": "BSE_ASSET",
      "target_node": "P01",
      "belief_type": "valuation",
      "confidence": 0.7,
      "value": 127.11764899999997,
      "timestamp": 56.2686567164182,
      "evidence_count": 7
    },
    "48144e52-4aa2-47b1-a45a-932ef7c670d4": {
      "edge_id": "48144e52-4aa2-47b1-a45a-932ef7c670d4",
      "source_node": "BSE_ASSET",
      "target_node": "P08",
      "belief_type": "strategy",
      "confidence": 0.1,
      "value": "unknown",
      "timestamp": 5.074626865671641,
      "evidence_count": 0
    },
    "993c8f2d-38a3-4daa-be1c-796f51e579a4": {
      "edge_id": "993c8f2d-38a3-4daa-be1c-796f51e579a4",
      "source_node": "BSE_ASSET",
      "target_node": "P08",
      "belief_type": "valuation",
      "confidence": 0.7999999999999999,
      "value": 130.3529371,
      "timestamp": 56.2686567164182,
      "evidence_count": 8
    },
    "9a254ad7-5b31-4def-878a-768207fd8d17": {
      "edge_id": "9a254ad7-5b31-4def-878a-768207fd8d17",
      "source_node": "BSE_ASSET",
      "target_node": "P07",
      "belief_type": "strategy",
      "confidence": 0.1,
      "value": "unknown",
      "timestamp": 5.074626865671641,
      "evidence_count": 0
    },
    "070ffe6b-b5a2-4ab5-8c3b-7e6c2fe0c1bf": {
      "edge_id": "070ffe6b-b5a2-4ab5-8c3b-7e6c2fe0c1bf",
      "source_node": "BSE_ASSET",
      "target_node": "P07",
      "belief_type": "valuation",
      "confidence": 0.95,
      "value": 120.0,
      "timestamp": 56.2686567164182,
      "evidence_count": 11
    },
    "c9a4a238-3611-4051-80f9-047485bf5906": {
      "edge_id": "c9a4a238-3611-4051-80f9-047485bf5906",
      "source_node": "BSE_ASSET",
      "target_node": "B11",
      "belief_type": "strategy",
      "confidence": 0.1,
      "value": "unknown",
      "timestamp": 5.074626865671641,
      "evidence_count": 0
    },
    "40d99442-6fa1-4596-a57a-d06966692092": {
      "edge_id": "40d99442-6fa1-4596-a57a-d06966692092",
      "source_node": "BSE_ASSET",
      "target_node": "B11",
      "belief_type": "valuation",
      "confidence": 0.5,
      "value": 121.94399999999999,
      "timestamp": 56.2686567164182,
      "evidence_count": 5
    },
    "a5a810b7-3d35-4726-b1da-89f79e7b4d4f": {
      "edge_id": "a5a810b7-3d35-4726-b1da-89f79e7b4d4f",
      "source_node": "BSE_ASSET",
      "target_node": "B19",
      "belief_type": "strategy",
      "confidence": 0.1,
      "value": "unknown",
      "timestamp": 5.074626865671641,
      "evidence_count": 0
    },
    "1c4936cf-9e99-4138-9717-ee8bb61b39f4": {
      "edge_id": "1c4936cf-9e99-4138-9717-ee8bb61b39f4",
      "source_node": "BSE_ASSET",
      "target_node": "B19",
      "belief_type": "valuation",
      "confidence": 0.2,
      "value": 114.19999999999999,
      "timestamp": 10.298507462686555,
      "evidence_count": 2
    },
    "111dd868-7338-442c-9b81-1532ff51c8fd": {
      "edge_id": "111dd868-7338-442c-9b81-1532ff51c8fd",
      "source_node": "BSE_ASSET",
      "target_node": "S06",
      "belief_type": "strategy",
      "confidence": 0.1,
      "value": "unknown",
      "timestamp": 5.074626865671641,
      "evidence_count": 0
    },
    "1b4d8095-dfca-49f7-8ff8-0996301ed50f": {
      "edge_id": "1b4d8095-dfca-49f7-8ff8-0996301ed50f",
      "source_node": "BSE_ASSET",
      "target_node": "S06",
      "belief_type": "valuation",
      "confidence": 0.30000000000000004,
      "value": 139.65,
      "timestamp": 40.89552238805972,
      "evidence_count": 3
    },
    "aedb378f-17c0-49bd-96ac-f83cc0ae17e1": {
      "edge_id": "aedb378f-17c0-49bd-96ac-f83cc0ae17e1",
      "source_node": "BSE_ASSET",
      "target_node": "S02",
      "belief_type": "strategy",
      "confidence": 0.1,
      "value": "unknown",
      "timestamp": 5.074626865671641,
      "evidence_count": 0
    },
    "b06a34c8-6454-40b0-b3ea-6a45a67a5a7d": {
      "edge_id": "b06a34c8-6454-40b0-b3ea-6a45a67a5a7d",
      "source_node": "BSE_ASSET",
      "target_node": "S02",
      "belief_type": "valuation",
      "confidence": 0.4,
      "value": 140.11299999999997,
      "timestamp": 56.2686567164182,
      "evidence_count": 4
    },
    "860336a7-13e7-4eb4-8099-a24fd7ff849d": {
      "edge_id": "860336a7-13e7-4eb4-8099-a24fd7ff849d",
      "source_node": "BSE_ASSET",
      "target_node": "S07",
      "belief_type": "strategy",
      "confidence": 0.1,
      "value": "unknown",
      "timestamp": 5.074626865671641,
      "evidence_count": 0
    },
    "5bd5f62f-27e4-44f1-9ff3-ad5b0bffdfbc": {
      "edge_id": "5bd5f62f-27e4-44f1-9ff3-ad5b0bffdfbc",
      "source_node": "BSE_ASSET",
      "target_node": "S07",
      "belief_type": "valuation",
      "confidence": 0.6,
      "value": 315.86157999999995,
      "timestamp": 45.97014925373145,
      "evidence_count": 6
    },
    "b6650c08-92aa-408f-951a-090faffd130e": {
      "edge_id": "b6650c08-92aa-408f-951a-090faffd130e",
      "source_node": "BSE_ASSET",
      "target_node": "B13",
      "belief_type": "strategy",
      "confidence": 0.1,
      "value": "unknown",
      "timestamp": 10.298507462686555,
      "evidence_count": 0
    },
    "f182a643-786d-4e7e-8b72-9295ae756819": {
      "edge_id": "f182a643-786d-4e7e-8b72-9295ae756819",
      "source_node": "BSE_ASSET",
      "target_node": "B13",
      "belief_type": "valuation",
      "confidence": 0.4,
      "value": 105.1,
      "timestamp": 25.522388059701388,
      "evidence_count": 4
    },
    "2b3cfacd-73e2-42d5-8445-b5e46f034de5": {
      "edge_id": "2b3cfacd-73e2-42d5-8445-b5e46f034de5",
      "source_node": "BSE_ASSET",
      "target_node": "B05",
      "belief_type": "strategy",
      "confidence": 0.1,
      "value": "unknown",
      "timestamp": 10.298507462686555,
      "evidence_count": 0
    },
    "01314030-2d43-405b-a322-81451ba48b77": {
      "edge_id": "01314030-2d43-405b-a322-81451ba48b77",
      "source_node": "BSE_ASSET",
      "target_node": "B05",
      "belief_type": "valuation",
      "confidence": 0.30000000000000004,
      "value": 95.94,
      "timestamp": 20.447761194029777,
      "evidence_count": 3
    },
    "fbe65bcc-99df-49f5-8bed-4680165e67ec": {
      "edge_id": "fbe65bcc-99df-49f5-8bed-4680165e67ec",
      "source_node": "BSE_ASSET",
      "target_node": "B02",
      "belief_type": "strategy",
      "confidence": 0.1,
      "value": "unknown",
      "timestamp": 10.298507462686555,
      "evidence_count": 0
    },
    "f318a6d7-cdd0-4792-87a5-6633df05bfec": {
      "edge_id": "f318a6d7-cdd0-4792-87a5-6633df05bfec",
      "source_node": "BSE_ASSET",
      "target_node": "B02",
      "belief_type": "valuation",
      "confidence": 0.6,
      "value": 70.40121,
      "timestamp": 56.2686567164182,
      "evidence_count": 6
    },
    "328af8bb-e593-4c0e-9ff4-0b9d9c856453": {
      "edge_id": "328af8bb-e593-4c0e-9ff4-0b9d9c856453",
      "source_node": "BSE_ASSET",
      "target_node": "B07",
      "belief_type": "strategy",
      "confidence": 0.1,
      "value": "unknown",
      "timestamp": 10.298507462686555,
      "evidence_count": 0
    },
    "82549037-f3b6-40d1-9699-0005dc638208": {
      "edge_id": "82549037-f3b6-40d1-9699-0005dc638208",
      "source_node": "BSE_ASSET",
      "target_node": "B07",
      "belief_type": "valuation",
      "confidence": 0.2,
      "value": 98.0,
      "timestamp": 15.373134328358166,
      "evidence_count": 2
    },
    "59669e35-f847-4182-a127-2230e86c1473": {
      "edge_id": "59669e35-f847-4182-a127-2230e86c1473",
      "source_node": "BSE_ASSET",
      "target_node": "B09",
      "belief_type": "strategy",
      "confidence": 0.1,
      "value": "unknown",
      "timestamp": 10.298507462686555,
      "evidence_count": 0
    },
    "1ad6ed5b-f5d1-484b-b59a-a94d26d36d6c": {
      "edge_id": "1ad6ed5b-f5d1-484b-b59a-a94d26d36d6c",
      "source_node": "BSE_ASSET",
      "target_node": "B09",
      "belief_type": "valuation",
      "confidence": 0.30000000000000004,
      "value": 101.88999999999999,
      "timestamp": 30.597014925373,
      "evidence_count": 3
    },
    "1380fdb1-1818-4cc1-aefe-08fb2a1cd9d9": {
      "edge_id": "1380fdb1-1818-4cc1-aefe-08fb2a1cd9d9",
      "source_node": "BSE_ASSET",
      "target_node": "B04",
      "belief_type": "strategy",
      "confidence": 0.1,
      "value": "unknown",
      "timestamp": 10.298507462686555,
      "evidence_count": 0
    },
    "f088f467-e360-4990-b080-66f0126aec87": {
      "edge_id": "f088f467-e360-4990-b080-66f0126aec87",
      "source_node": "BSE_ASSET",
      "target_node": "B04",
      "belief_type": "valuation",
      "confidence": 0.2,
      "value": 82.0,
      "timestamp": 15.373134328358166,
      "evidence_count": 2
    },
    "39222bf0-e7bb-4aca-b338-0f8b00b02c45": {
      "edge_id": "39222bf0-e7bb-4aca-b338-0f8b00b02c45",
      "source_node": "BSE_ASSET",
      "target_node": "S03",
      "belief_type": "strategy",
      "confidence": 0.1,
      "value": "unknown",
      "timestamp": 10.298507462686555,
      "evidence_count": 0
    },
    "ec233337-c791-48f0-b38c-4a7dddee92ab": {
      "edge_id": "ec233337-c791-48f0-b38c-4a7dddee92ab",
      "source_node": "BSE_ASSET",
      "target_node": "S03",
      "belief_type": "valuation",
      "confidence": 0.30000000000000004,
      "value": 143.76999999999998,
      "timestamp": 56.2686567164182,
      "evidence_count": 3
    },
    "baaebb3d-6b21-49dc-b44c-2e3fa4fd9068": {
      "edge_id": "baaebb3d-6b21-49dc-b44c-2e3fa4fd9068",
      "source_node": "BSE_ASSET",
      "target_node": "S12",
      "belief_type": "strategy",
      "confidence": 0.1,
      "value": "unknown",
      "timestamp": 10.298507462686555,
      "evidence_count": 0
    },
    "c282c6c6-9f1e-4cda-9761-ca4c4e9966d9": {
      "edge_id": "c282c6c6-9f1e-4cda-9761-ca4c4e9966d9",
      "source_node": "BSE_ASSET",
      "target_node": "S12",
      "belief_type": "valuation",
      "confidence": 0.5,
      "value": 164.63400000000001,
      "timestamp": 51.04477611940318,
      "evidence_count": 5
    },
    "5331d844-f81d-4e8d-adbf-d89171abb80d": {
      "edge_id": "5331d844-f81d-4e8d-adbf-d89171abb80d",
      "source_node": "BSE_ASSET",
      "target_node": "S20",
      "belief_type": "strategy",
      "confidence": 0.1,
      "value": "unknown",
      "timestamp": 10.298507462686555,
      "evidence_count": 0
    },
    "f4a215c2-f00e-453a-8924-a7de44b93cd3": {
      "edge_id": "f4a215c2-f00e-453a-8924-a7de44b93cd3",
      "source_node": "BSE_ASSET",
      "target_node": "S20",
      "belief_type": "valuation",
      "confidence": 0.5,
      "value": 231.0892,
      "timestamp": 56.2686567164182,
      "evidence_count": 5
    },
    "b6c2c14f-66db-456d-898b-529c33bb0874": {
      "edge_id": "b6c2c14f-66db-456d-898b-529c33bb0874",
      "source_node": "BSE_ASSET",
      "target_node": "P14",
      "belief_type": "strategy",
      "confidence": 0.1,
      "value": "unknown",
      "timestamp": 15.373134328358166,
      "evidence_count": 0
    },
    "63fd4add-4079-4c0c-a09c-5239a466f79d": {
      "edge_id": "63fd4add-4079-4c0c-a09c-5239a466f79d",
      "source_node": "BSE_ASSET",
      "target_node": "P14",
      "belief_type": "valuation",
      "confidence": 0.30000000000000004,
      "value": 125.53,
      "timestamp": 30.597014925373,
      "evidence_count": 3
    },
    "fb2aa404-e129-4810-ae27-0661ccefa21d": {
      "edge_id": "fb2aa404-e129-4810-ae27-0661ccefa21d",
      "source_node": "BSE_ASSET",
      "target_node": "P09",
      "belief_type": "strategy",
      "confidence": 0.1,
      "value": "unknown",
      "timestamp": 15.373134328358166,
      "evidence_count": 0
    },
    "ba621ce8-5501-480f-ae00-985ab1e2e317": {
      "edge_id": "ba621ce8-5501-480f-ae00-985ab1e2e317",
      "source_node": "BSE_ASSET",
      "target_node": "P09",
      "belief_type": "valuation",
      "confidence": 0.4,
      "value": 130.25199999999998,
      "timestamp": 56.2686567164182,
      "evidence_count": 4
    },
    "3d310fc7-4eab-4c1a-a456-b8ff23ae5a0c": {
      "edge_id": "3d310fc7-4eab-4c1a-a456-b8ff23ae5a0c",
      "source_node": "BSE_ASSET",
      "target_node": "B06",
      "belief_type": "strategy",
      "confidence": 0.1,
      "value": "unknown",
      "timestamp": 15.373134328358166,
      "evidence_count": 0
    },
    "0914ed3c-dd74-4209-b9f2-34146d817a57": {
      "edge_id": "0914ed3c-dd74-4209-b9f2-34146d817a57",
      "source_node": "BSE_ASSET",
      "target_node": "B06",
      "belief_type": "valuation",
      "confidence": 0.2,
      "value": 112.0,
      "timestamp": 20.447761194029777,
      "evidence_count": 2
    },
    "f8a08b2a-fbd7-4b08-8612-e713b277a69b": {
      "edge_id": "f8a08b2a-fbd7-4b08-8612-e713b277a69b",
      "source_node": "BSE_ASSET",
      "target_node": "B20",
      "belief_type": "strategy",
      "confidence": 0.1,
      "value": "unknown",
      "timestamp": 15.373134328358166,
      "evidence_count": 0
    },
    "fcd9532a-3c9d-426b-96ca-635a217c3e7a": {
      "edge_id": "fcd9532a-3c9d-426b-96ca-635a217c3e7a",
      "source_node": "BSE_ASSET",
      "target_node": "B20",
      "belief_type": "valuation",
      "confidence": 0.1,
      "value": 100,
      "timestamp": 15.373134328358166,
      "evidence_count": 1
    },
    "aae7b4a5-8f2e-413e-84cc-3d338362fa81": {
      "edge_id": "aae7b4a5-8f2e-413e-84cc-3d338362fa81",
      "source_node": "BSE_ASSET",
      "target_node": "B10",
      "belief_type": "strategy",
      "confidence": 0.1,
      "value": "unknown",
      "timestamp": 15.373134328358166,
      "evidence_count": 0
    },
    "118b75e5-c6bd-407f-912a-f1d655254252": {
      "edge_id": "118b75e5-c6bd-407f-912a-f1d655254252",
      "source_node": "BSE_ASSET",
      "target_node": "B10",
      "belief_type": "valuation",
      "confidence": 0.30000000000000004,
      "value": 107.69,
      "timestamp": 25.522388059701388,
      "evidence_count": 3
    },
    "120eed99-77a2-4be1-a14a-f64123058fe7": {
      "edge_id": "120eed99-77a2-4be1-a14a-f64123058fe7",
      "source_node": "BSE_ASSET",
      "target_node": "S04",
      "belief_type": "strategy",
      "confidence": 0.1,
      "value": "unknown",
      "timestamp": 15.373134328358166,
      "evidence_count": 0
    },
    "ac06f8fd-0853-409d-aa3c-47d6c6611948": {
      "edge_id": "ac06f8fd-0853-409d-aa3c-47d6c6611948",
      "source_node": "BSE_ASSET",
      "target_node": "S04",
      "belief_type": "valuation",
      "confidence": 0.5,
      "value": 141.98969999999997,
      "timestamp": 40.89552238805972,
      "evidence_count": 5
    },
    "6cc6d820-a32e-4441-93b5-a6d98b03ba80": {
      "edge_id": "6cc6d820-a32e-4441-93b5-a6d98b03ba80",
      "source_node": "BSE_ASSET",
      "target_node": "P12",
      "belief_type": "strategy",
      "confidence": 0.1,
      "value": "unknown",
      "timestamp": 15.373134328358166,
      "evidence_count": 0
    },
    "0fdbafcf-dff6-46b7-8df1-f86047fc1018": {
      "edge_id": "0fdbafcf-dff6-46b7-8df1-f86047fc1018",
      "source_node": "BSE_ASSET",
      "target_node": "P12",
      "belief_type": "valuation",
      "confidence": 0.6,
      "value": 134.58999999999997,
      "timestamp": 56.2686567164182,
      "evidence_count": 6
    },
    "3742ee78-c311-4ea0-9dff-c612134af1ca": {
      "edge_id": "3742ee78-c311-4ea0-9dff-c612134af1ca",
      "source_node": "BSE_ASSET",
      "target_node": "P18",
      "belief_type": "strategy",
      "confidence": 0.1,
      "value": "unknown",
      "timestamp": 15.373134328358166,
      "evidence_count": 0
    },
    "90e4a7b8-cf2b-437a-8b99-fe00457f7808": {
      "edge_id": "90e4a7b8-cf2b-437a-8b99-fe00457f7808",
      "source_node": "BSE_ASSET",
      "target_node": "P18",
      "belief_type": "valuation",
      "confidence": 0.5,
      "value": 130.0,
      "timestamp": 35.820895522387985,
      "evidence_count": 5
    },
    "c6ec6044-0173-4306-90cf-03b4202f7164": {
      "edge_id": "c6ec6044-0173-4306-90cf-03b4202f7164",
      "source_node": "BSE_ASSET",
      "target_node": "P16",
      "belief_type": "strategy",
      "confidence": 0.1,
      "value": "unknown",
      "timestamp": 15.373134328358166,
      "evidence_count": 0
    },
    "d1f0bc63-54e1-4de4-bc33-19c175f2664d": {
      "edge_id": "d1f0bc63-54e1-4de4-bc33-19c175f2664d",
      "source_node": "BSE_ASSET",
      "target_node": "P16",
      "belief_type": "valuation",
      "confidence": 0.4,
      "value": 128.344,
      "timestamp": 56.2686567164182,
      "evidence_count": 4
    },
    "cab19619-6634-4e4b-8ecb-14247040b9f2": {
      "edge_id": "cab19619-6634-4e4b-8ecb-14247040b9f2",
      "source_node": "BSE_ASSET",
      "target_node": "P19",
      "belief_type": "strategy",
      "confidence": 0.1,
      "value": "unknown",
      "timestamp": 20.447761194029777,
      "evidence_count": 0
    },
    "739fe5f8-06c5-4b43-bee2-3b3dbae76142": {
      "edge_id": "739fe5f8-06c5-4b43-bee2-3b3dbae76142",
      "source_node": "BSE_ASSET",
      "target_node": "P19",
      "belief_type": "valuation",
      "confidence": 0.30000000000000004,
      "value": 129.13,
      "timestamp": 51.04477611940318,
      "evidence_count": 3
    },
    "c1d16a53-77a8-477a-ae32-499f8b5acbff": {
      "edge_id": "c1d16a53-77a8-477a-ae32-499f8b5acbff",
      "source_node": "BSE_ASSET",
      "target_node": "B15",
      "belief_type": "strategy",
      "confidence": 0.1,
      "value": "unknown",
      "timestamp": 20.447761194029777,
      "evidence_count": 0
    },
    "7cd0ffa8-c1fc-48bb-a6cf-4a27cc7ea5c5": {
      "edge_id": "7cd0ffa8-c1fc-48bb-a6cf-4a27cc7ea5c5",
      "source_node": "BSE_ASSET",
      "target_node": "B15",
      "belief_type": "valuation",
      "confidence": 0.1,
      "value": 120,
      "timestamp": 20.447761194029777,
      "evidence_count": 1
    },
    "e95a4082-70eb-4ab2-80f8-233de6b543bd": {
      "edge_id": "e95a4082-70eb-4ab2-80f8-233de6b543bd",
      "source_node": "BSE_ASSET",
      "target_node": "B21",
      "belief_type": "strategy",
      "confidence": 0.1,
      "value": "unknown",
      "timestamp": 20.447761194029777,
      "evidence_count": 0
    },
    "fcae9db1-a7bc-4c52-afa2-19d84a39daff": {
      "edge_id": "fcae9db1-a7bc-4c52-afa2-19d84a39daff",
      "source_node": "BSE_ASSET",
      "target_node": "B21",
      "belief_type": "valuation",
      "confidence": 0.2,
      "value": 116.5,
      "timestamp": 30.597014925373,
      "evidence_count": 2
    },
    "49b4fbcf-8e51-4b90-bf40-81fde8ba1cda": {
      "edge_id": "49b4fbcf-8e51-4b90-bf40-81fde8ba1cda",
      "source_node": "BSE_ASSET",
      "target_node": "B08",
      "belief_type": "strategy",
      "confidence": 0.1,
      "value": "unknown",
      "timestamp": 20.447761194029777,
      "evidence_count": 0
    },
    "0c716a04-4b1c-4bdb-9868-5f6b891979a5": {
      "edge_id": "0c716a04-4b1c-4bdb-9868-5f6b891979a5",
      "source_node": "BSE_ASSET",
      "target_node": "B08",
      "belief_type": "valuation",
      "confidence": 0.4,
      "value": 121.66999999999999,
      "timestamp": 56.2686567164182,
      "evidence_count": 4
    },
    "3b853478-90f1-45bd-89b4-b8014fc9b38a": {
      "edge_id": "3b853478-90f1-45bd-89b4-b8014fc9b38a",
      "source_node": "BSE_ASSET",
      "target_node": "B14",
      "belief_type": "strategy",
      "confidence": 0.1,
      "value": "unknown",
      "timestamp": 20.447761194029777,
      "evidence_count": 0
    },
    "25718e69-d222-4b52-a216-64f75f01850f": {
      "edge_id": "25718e69-d222-4b52-a216-64f75f01850f",
      "source_node": "BSE_ASSET",
      "target_node": "B14",
      "belief_type": "valuation",
      "confidence": 0.30000000000000004,
      "value": 113.63,
      "timestamp": 30.597014925373,
      "evidence_count": 3
    },
    "6513dc7b-ee4f-4325-8332-c4e26770a89b": {
      "edge_id": "6513dc7b-ee4f-4325-8332-c4e26770a89b",
      "source_node": "BSE_ASSET",
      "target_node": "B18",
      "belief_type": "strategy",
      "confidence": 0.1,
      "value": "unknown",
      "timestamp": 20.447761194029777,
      "evidence_count": 0
    },
    "2408bbf7-5047-4f3e-aff0-a2e4681864e4": {
      "edge_id": "2408bbf7-5047-4f3e-aff0-a2e4681864e4",
      "source_node": "BSE_ASSET",
      "target_node": "B18",
      "belief_type": "valuation",
      "confidence": 0.2,
      "value": 101.2,
      "timestamp": 35.820895522387985,
      "evidence_count": 2
    },
    "c6289dec-863c-475d-b1cd-3f2c6a024316": {
      "edge_id": "c6289dec-863c-475d-b1cd-3f2c6a024316",
      "source_node": "BSE_ASSET",
      "target_node": "S15",
      "belief_type": "strategy",
      "confidence": 0.1,
      "value": "unknown",
      "timestamp": 20.447761194029777,
      "evidence_count": 0
    },
    "111b1098-b979-4cb2-80dc-31f3db073ae7": {
      "edge_id": "111b1098-b979-4cb2-80dc-31f3db073ae7",
      "source_node": "BSE_ASSET",
      "target_node": "S15",
      "belief_type": "valuation",
      "confidence": 0.1,
      "value": 127,
      "timestamp": 20.447761194029777,
      "evidence_count": 1
    },
    "174c87fb-b4a3-4970-8afc-27d3acbeeffd": {
      "edge_id": "174c87fb-b4a3-4970-8afc-27d3acbeeffd",
      "source_node": "BSE_ASSET",
      "target_node": "P15",
      "belief_type": "strategy",
      "confidence": 0.1,
      "value": "unknown",
      "timestamp": 20.447761194029777,
      "evidence_count": 0
    },
    "447c607e-69e3-4392-80ca-ecef61d33682": {
      "edge_id": "447c607e-69e3-4392-80ca-ecef61d33682",
      "source_node": "BSE_ASSET",
      "target_node": "P15",
      "belief_type": "valuation",
      "confidence": 0.7,
      "value": 126.35774899999997,
      "timestamp": 56.2686567164182,
      "evidence_count": 7
    },
    "7f246894-2053-424d-83f1-3ae63fc3de79": {
      "edge_id": "7f246894-2053-424d-83f1-3ae63fc3de79",
      "source_node": "BSE_ASSET",
      "target_node": "P00",
      "belief_type": "strategy",
      "confidence": 0.1,
      "value": "unknown",
      "timestamp": 20.447761194029777,
      "evidence_count": 0
    },
    "6f32d99d-be50-455c-9227-d5b484e6321d": {
      "edge_id": "6f32d99d-be50-455c-9227-d5b484e6321d",
      "source_node": "BSE_ASSET",
      "target_node": "P00",
      "belief_type": "valuation",
      "confidence": 0.5,
      "value": 127.2807,
      "timestamp": 56.2686567164182,
      "evidence_count": 5
    },
    "3a9046ac-f5d4-4a64-8ee5-225889f9c0fd": {
      "edge_id": "3a9046ac-f5d4-4a64-8ee5-225889f9c0fd",
      "source_node": "BSE_ASSET",
      "target_node": "P06",
      "belief_type": "strategy",
      "confidence": 0.1,
      "value": "unknown",
      "timestamp": 20.447761194029777,
      "evidence_count": 0
    },
    "04c2e8cd-e6b1-4104-8302-7138b88ec748": {
      "edge_id": "04c2e8cd-e6b1-4104-8302-7138b88ec748",
      "source_node": "BSE_ASSET",
      "target_node": "P06",
      "belief_type": "valuation",
      "confidence": 0.4,
      "value": 126.481,
      "timestamp": 56.2686567164182,
      "evidence_count": 4
    },
    "8e27fda1-e109-4c3b-88d1-a5dbd7028765": {
      "edge_id": "8e27fda1-e109-4c3b-88d1-a5dbd7028765",
      "source_node": "BSE_ASSET",
      "target_node": "P10",
      "belief_type": "strategy",
      "confidence": 0.1,
      "value": "unknown",
      "timestamp": 25.522388059701388,
      "evidence_count": 0
    },
    "def93c89-094c-4d48-bddf-1e7c819bf8a5": {
      "edge_id": "def93c89-094c-4d48-bddf-1e7c819bf8a5",
      "source_node": "BSE_ASSET",
      "target_node": "P10",
      "belief_type": "valuation",
      "confidence": 0.30000000000000004,
      "value": 131.64999999999998,
      "timestamp": 56.2686567164182,
      "evidence_count": 3
    },
    "9570a762-fed5-4faa-b194-fe16b90ecb54": {
      "edge_id": "9570a762-fed5-4faa-b194-fe16b90ecb54",
      "source_node": "BSE_ASSET",
      "target_node": "B01",
      "belief_type": "strategy",
      "confidence": 0.1,
      "value": "unknown",
      "timestamp": 25.522388059701388,
      "evidence_count": 0
    },
    "2d068769-3182-4fc3-904e-5a37fea4da82": {
      "edge_id": "2d068769-3182-4fc3-904e-5a37fea4da82",
      "source_node": "BSE_ASSET",
      "target_node": "B01",
      "belief_type": "valuation",
      "confidence": 0.1,
      "value": 91,
      "timestamp": 25.522388059701388,
      "evidence_count": 1
    },
    "ca9723b6-0838-487e-a1ae-230f8cfd57c1": {
      "edge_id": "ca9723b6-0838-487e-a1ae-230f8cfd57c1",
      "source_node": "BSE_ASSET",
      "target_node": "S14",
      "belief_type": "strategy",
      "confidence": 0.1,
      "value": "unknown",
      "timestamp": 25.522388059701388,
      "evidence_count": 0
    },
    "6f90d1c6-b3ed-43dd-aa57-002d9485a525": {
      "edge_id": "6f90d1c6-b3ed-43dd-aa57-002d9485a525",
      "source_node": "BSE_ASSET",
      "target_node": "S14",
      "belief_type": "valuation",
      "confidence": 0.4,
      "value": 136.29999999999998,
      "timestamp": 51.04477611940318,
      "evidence_count": 4
    },
    "c68ae023-1f6e-41dd-b58b-dab5083fc266": {
      "edge_id": "c68ae023-1f6e-41dd-b58b-dab5083fc266",
      "source_node": "BSE_ASSET",
      "target_node": "S00",
      "belief_type": "strategy",
      "confidence": 0.1,
      "value": "unknown",
      "timestamp": 25.522388059701388,
      "evidence_count": 0
    },
    "95a669cc-2fc7-4569-8acd-1dfbb8f6708c": {
      "edge_id": "95a669cc-2fc7-4569-8acd-1dfbb8f6708c",
      "source_node": "BSE_ASSET",
      "target_node": "S00",
      "belief_type": "valuation",
      "confidence": 0.4,
      "value": 135.85999999999999,
      "timestamp": 40.89552238805972,
      "evidence_count": 4
    },
    "1fe42316-442b-45e2-9ffe-96a392debb48": {
      "edge_id": "1fe42316-442b-45e2-9ffe-96a392debb48",
      "source_node": "BSE_ASSET",
      "target_node": "S22",
      "belief_type": "strategy",
      "confidence": 0.1,
      "value": "unknown",
      "timestamp": 25.522388059701388,
      "evidence_count": 0
    },
    "4f815877-37ab-456d-a133-cac5a18acb32": {
      "edge_id": "4f815877-37ab-456d-a133-cac5a18acb32",
      "source_node": "BSE_ASSET",
      "target_node": "S22",
      "belief_type": "valuation",
      "confidence": 0.4,
      "value": 151.298,
      "timestamp": 51.04477611940318,
      "evidence_count": 4
    },
    "7c739886-b414-47d6-bd4b-c3748fb13982": {
      "edge_id": "7c739886-b414-47d6-bd4b-c3748fb13982",
      "source_node": "BSE_ASSET",
      "target_node": "S19",
      "belief_type": "strategy",
      "confidence": 0.1,
      "value": "unknown",
      "timestamp": 25.522388059701388,
      "evidence_count": 0
    },
    "c4c34e9d-0371-43d3-ab77-d97cde596cdd": {
      "edge_id": "c4c34e9d-0371-43d3-ab77-d97cde596cdd",
      "source_node": "BSE_ASSET",
      "target_node": "S19",
      "belief_type": "valuation",
      "confidence": 0.2,
      "value": 172.0,
      "timestamp": 30.597014925373,
      "evidence_count": 2
    },
    "d6b5c5af-1c5e-4663-9194-deb2f3576a43": {
      "edge_id": "d6b5c5af-1c5e-4663-9194-deb2f3576a43",
      "source_node": "BSE_ASSET",
      "target_node": "S13",
      "belief_type": "strategy",
      "confidence": 0.1,
      "value": "unknown",
      "timestamp": 25.522388059701388,
      "evidence_count": 0
    },
    "da38c7dc-6ada-4881-847a-fe73df58054d": {
      "edge_id": "da38c7dc-6ada-4881-847a-fe73df58054d",
      "source_node": "BSE_ASSET",
      "target_node": "S13",
      "belief_type": "valuation",
      "confidence": 0.6,
      "value": 150.63115,
      "timestamp": 56.2686567164182,
      "evidence_count": 6
    },
    "b832abae-b994-4e8a-8213-718d2dcbfe90": {
      "edge_id": "b832abae-b994-4e8a-8213-718d2dcbfe90",
      "source_node": "BSE_ASSET",
      "target_node": "P04",
      "belief_type": "strategy",
      "confidence": 0.1,
      "value": "unknown",
      "timestamp": 25.522388059701388,
      "evidence_count": 0
    },
    "8c2d2059-fe79-402c-b97d-843f55984b0f": {
      "edge_id": "8c2d2059-fe79-402c-b97d-843f55984b0f",
      "source_node": "BSE_ASSET",
      "target_node": "P04",
      "belief_type": "valuation",
      "confidence": 0.30000000000000004,
      "value": 128.26,
      "timestamp": 56.2686567164182,
      "evidence_count": 3
    },
    "6bb5dc87-fbca-4cc9-9a7c-83f5090cf1e6": {
      "edge_id": "6bb5dc87-fbca-4cc9-9a7c-83f5090cf1e6",
      "source_node": "BSE_ASSET",
      "target_node": "B22",
      "belief_type": "strategy",
      "confidence": 0.1,
      "value": "unknown",
      "timestamp": 30.597014925373,
      "evidence_count": 0
    },
    "e2822250-5904-40ba-8388-f423beb6b015": {
      "edge_id": "e2822250-5904-40ba-8388-f423beb6b015",
      "source_node": "BSE_ASSET",
      "target_node": "B22",
      "belief_type": "valuation",
      "confidence": 0.1,
      "value": 112,
      "timestamp": 30.597014925373,
      "evidence_count": 1
    },
    "dba18b02-a435-4fa1-bc8b-a83f4a6ad799": {
      "edge_id": "dba18b02-a435-4fa1-bc8b-a83f4a6ad799",
      "source_node": "BSE_ASSET",
      "target_node": "B03",
      "belief_type": "strategy",
      "confidence": 0.1,
      "value": "unknown",
      "timestamp": 30.597014925373,
      "evidence_count": 0
    },
    "6f37e94d-f33d-456a-9bac-cb692b4a8985": {
      "edge_id": "6f37e94d-f33d-456a-9bac-cb692b4a8985",
      "source_node": "BSE_ASSET",
      "target_node": "B03",
      "belief_type": "valuation",
      "confidence": 0.2,
      "value": 103.0,
      "timestamp": 35.820895522387985,
      "evidence_count": 2
    },
    "66696c53-0af5-40e4-8bfe-b0818ef9e0f9": {
      "edge_id": "66696c53-0af5-40e4-8bfe-b0818ef9e0f9",
      "source_node": "BSE_ASSET",
      "target_node": "S17",
      "belief_type": "strategy",
      "confidence": 0.1,
      "value": "unknown",
      "timestamp": 30.597014925373,
      "evidence_count": 0
    },
    "3ba77e1e-526f-434d-a8a8-35657c425e46": {
      "edge_id": "3ba77e1e-526f-434d-a8a8-35657c425e46",
      "source_node": "BSE_ASSET",
      "target_node": "S17",
      "belief_type": "valuation",
      "confidence": 0.2,
      "value": 135.1,
      "timestamp": 40.89552238805972,
      "evidence_count": 2
    },
    "f2d91957-c296-40d7-bb14-915391677c5e": {
      "edge_id": "f2d91957-c296-40d7-bb14-915391677c5e",
      "source_node": "BSE_ASSET",
      "target_node": "S05",
      "belief_type": "strategy",
      "confidence": 0.1,
      "value": "unknown",
      "timestamp": 30.597014925373,
      "evidence_count": 0
    },
    "00aef6de-b612-4631-99a2-b0757555deeb": {
      "edge_id": "00aef6de-b612-4631-99a2-b0757555deeb",
      "source_node": "BSE_ASSET",
      "target_node": "S05",
      "belief_type": "valuation",
      "confidence": 0.4,
      "value": 150.49199999999996,
      "timestamp": 56.2686567164182,
      "evidence_count": 4
    },
    "124602a7-a182-4c70-b83f-c5dab71faa4b": {
      "edge_id": "124602a7-a182-4c70-b83f-c5dab71faa4b",
      "source_node": "BSE_ASSET",
      "target_node": "S09",
      "belief_type": "strategy",
      "confidence": 0.1,
      "value": "unknown",
      "timestamp": 40.89552238805972,
      "evidence_count": 0
    },
    "01851fe7-c1dd-4a75-a2fe-1ca5b6ba03fe": {
      "edge_id": "01851fe7-c1dd-4a75-a2fe-1ca5b6ba03fe",
      "source_node": "BSE_ASSET",
      "target_node": "S09",
      "belief_type": "valuation",
      "confidence": 0.2,
      "value": 139.3,
      "timestamp": 51.04477611940318,
      "evidence_count": 2
    },
    "d8c3f06b-85a9-4c1c-b04c-cd67ecfc04db": {
      "edge_id": "d8c3f06b-85a9-4c1c-b04c-cd67ecfc04db",
      "source_node": "BSE_ASSET",
      "target_node": "S21",
      "belief_type": "strategy",
      "confidence": 0.1,
      "value": "unknown",
      "timestamp": 40.89552238805972,
      "evidence_count": 0
    },
    "6938d93b-8de4-4707-881e-b80d8aec850f": {
      "edge_id": "6938d93b-8de4-4707-881e-b80d8aec850f",
      "source_node": "BSE_ASSET",
      "target_node": "S21",
      "belief_type": "valuation",
      "confidence": 0.1,
      "value": 154,
      "timestamp": 40.89552238805972,
      "evidence_count": 1
    },
    "f7fcb899-c98a-44cc-bf36-63ce5d3128ae": {
      "edge_id": "f7fcb899-c98a-44cc-bf36-63ce5d3128ae",
      "source_node": "BSE_ASSET",
      "target_node": "P05",
      "belief_type": "strategy",
      "confidence": 0.1,
      "value": "unknown",
      "timestamp": 45.97014925373145,
      "evidence_count": 0
    },
    "718056d4-cab3-4ea6-bdd1-e0071982fa25": {
      "edge_id": "718056d4-cab3-4ea6-bdd1-e0071982fa25",
      "source_node": "BSE_ASSET",
      "target_node": "P05",
      "belief_type": "valuation",
      "confidence": 0.30000000000000004,
      "value": 125.99999999999999,
      "timestamp": 56.2686567164182,
      "evidence_count": 3
    },
    "c1e787d1-8d44-43b2-af62-b41cfad50712": {
      "edge_id": "c1e787d1-8d44-43b2-af62-b41cfad50712",
      "source_node": "BSE_ASSET",
      "target_node": "S08",
      "belief_type": "strategy",
      "confidence": 0.1,
      "value": "unknown",
      "timestamp": 45.97014925373145,
      "evidence_count": 0
    },
    "ff3778c8-c8e3-4f70-83c5-797addbc8332": {
      "edge_id": "ff3778c8-c8e3-4f70-83c5-797addbc8332",
      "source_node": "BSE_ASSET",
      "target_node": "S08",
      "belief_type": "valuation",
      "confidence": 0.1,
      "value": 156,
      "timestamp": 45.97014925373145,
      "evidence_count": 1
    },
    "541ff080-2c0c-4889-aeb1-88e9c8784a24": {
      "edge_id": "541ff080-2c0c-4889-aeb1-88e9c8784a24",
      "source_node": "BSE_ASSET",
      "target_node": "B16",
      "belief_type": "strategy",
      "confidence": 0.1,
      "value": "unknown",
      "timestamp": 45.97014925373145,
      "evidence_count": 0
    },
    "eafdf2eb-a2c0-4f0a-b9c8-d3d8467bc9b2": {
      "edge_id": "eafdf2eb-a2c0-4f0a-b9c8-d3d8467bc9b2",
      "source_node": "BSE_ASSET",
      "target_node": "B16",
      "belief_type": "valuation",
      "confidence": 0.2,
      "value": 131.89999999999998,
      "timestamp": 56.2686567164182,
      "evidence_count": 2
    },
    "e2778ad5-5db0-466a-bf89-33063a29037f": {
      "edge_id": "e2778ad5-5db0-466a-bf89-33063a29037f",
      "source_node": "BSE_ASSET",
      "target_node": "B17",
      "belief_type": "strategy",
      "confidence": 0.1,
      "value": "unknown",
      "timestamp": 51.04477611940318,
      "evidence_count": 0
    },
    "f3bec14b-4f7a-47e7-b9a9-0bb0d1f9af4d": {
      "edge_id": "f3bec14b-4f7a-47e7-b9a9-0bb0d1f9af4d",
      "source_node": "BSE_ASSET",
      "target_node": "B17",
      "belief_type": "valuation",
      "confidence": 0.1,
      "value": 128,
      "timestamp": 51.04477611940318,
      "evidence_count": 1
    },
    "cd221dad-fea3-4a25-a45d-9e5908662cc8": {
      "edge_id": "cd221dad-fea3-4a25-a45d-9e5908662cc8",
      "source_node": "BSE_ASSET",
      "target_node": "P03",
      "belief_type": "strategy",
      "confidence": 0.1,
      "value": "unknown",
      "timestamp": 51.04477611940318,
      "evidence_count": 0
    },
    "d39b5850-0341-46f6-ada4-7161961fb0e7": {
      "edge_id": "d39b5850-0341-46f6-ada4-7161961fb0e7",
      "source_node": "BSE_ASSET",
      "target_node": "P03",
      "belief_type": "valuation",
      "confidence": 0.2,
      "value": 138.7,
      "timestamp": 56.2686567164182,
      "evidence_count": 2
    },
    "8163c5d9-d03a-4e45-9eff-515db5cce664": {
      "edge_id": "8163c5d9-d03a-4e45-9eff-515db5cce664",
      "source_node": "BSE_ASSET",
      "target_node": "S01",
      "belief_type": "strategy",
      "confidence": 0.1,
      "value": "unknown",
      "timestamp": 51.04477611940318,
      "evidence_count": 0
    },
    "0b9e12dc-0d0e-4925-b85e-b6117b21fc02": {
      "edge_id": "0b9e12dc-0d0e-4925-b85e-b6117b21fc02",
      "source_node": "BSE_ASSET",
      "target_node": "S01",
      "belief_type": "valuation",
      "confidence": 0.1,
      "value": 175,
      "timestamp": 51.04477611940318,
      "evidence_count": 1
    },
    "60b32d63-0a4f-431d-9be6-146aec6da457": {
      "edge_id": "60b32d63-0a4f-431d-9be6-146aec6da457",
      "source_node": "BSE_ASSET",
      "target_node": "S18",
      "belief_type": "strategy",
      "confidence": 0.1,
      "value": "unknown",
      "timestamp": 51.04477611940318,
      "evidence_count": 0
    },
    "1a26ba8e-90d1-424c-bcca-aa04d71d7943": {
      "edge_id": "1a26ba8e-90d1-424c-bcca-aa04d71d7943",
      "source_node": "BSE_ASSET",
      "target_node": "S18",
      "belief_type": "valuation",
      "confidence": 0.1,
      "value": 187,
      "timestamp": 51.04477611940318,
      "evidence_count": 1
    },
    "2e35e219-8217-468f-9fdd-0f9945fb83bd": {
      "edge_id": "2e35e219-8217-468f-9fdd-0f9945fb83bd",
      "source_node": "BSE_ASSET",
      "target_node": "P11",
      "belief_type": "strategy",
      "confidence": 0.1,
      "value": "unknown",
      "timestamp": 56.2686567164182,
      "evidence_count": 0
    },
    "5d2e0025-cc71-4c9f-9f85-1acf43d141c7": {
      "edge_id": "5d2e0025-cc71-4c9f-9f85-1acf43d141c7",
      "source_node": "BSE_ASSET",
      "target_node": "P11",
      "belief_type": "valuation",
      "confidence": 0.1,
      "value": 134,
      "timestamp": 56.2686567164182,
      "evidence_count": 1
    },
    "53f7f79d-6a6b-43ea-a6e4-0801c1758012": {
      "edge_id": "53f7f79d-6a6b-43ea-a6e4-0801c1758012",
      "source_node": "BSE_ASSET",
      "target_node": "S10",
      "belief_type": "strategy",
      "confidence": 0.1,
      "value": "unknown",
      "timestamp": 56.2686567164182,
      "evidence_count": 0
    },
    "79c66fec-0e5a-4025-ad2a-571ddd0c8fc3": {
      "edge_id": "79c66fec-0e5a-4025-ad2a-571ddd0c8fc3",
      "source_node": "BSE_ASSET",
      "target_node": "S10",
      "belief_type": "valuation",
      "confidence": 0.1,
      "value": 166,
      "timestamp": 56.2686567164182,
      "evidence_count": 1
    }
  },
  "event_history": [
    {
      "event_id": "ask_S12_45.97014925373145",
      "event_type": "ask",
      "timestamp": 45.97014925373145,
      "agent_id": "S12",
      "price": 181,
      "quantity": 1,
      "counterparty_id": null,
      "order_id": null
    },
    {
      "event_id": "ask_S05_45.97014925373145",
      "event_type": "ask",
      "timestamp": 45.97014925373145,
      "agent_id": "S05",
      "price": 196,
      "quantity": 1,
      "counterparty_id": null,
      "order_id": null
    },
    {
      "event_id": "ask_S07_45.97014925373145",
      "event_type": "ask",
      "timestamp": 45.97014925373145,
      "agent_id": "S07",
      "price": 349,
      "quantity": 1,
      "counterparty_id": null,
      "order_id": null
    },
    {
      "event_id": "bid_B16_51.04477611940318",
      "event_type": "bid",
      "timestamp": 51.04477611940318,
      "agent_id": "B16",
      "price": 131,
      "quantity": 1,
      "counterparty_id": null,
      "order_id": null
    },
    {
      "event_id": "bid_P09_51.04477611940318",
      "event_type": "bid",
      "timestamp": 51.04477611940318,
      "agent_id": "P09",
      "price": 131,
      "quantity": 1,
      "counterparty_id": null,
      "order_id": null
    },
    {
      "event_id": "bid_B08_51.04477611940318",
      "event_type": "bid",
      "timestamp": 51.04477611940318,
      "agent_id": "B08",
      "price": 130,
      "quantity": 1,
      "counterparty_id": null,
      "order_id": null
    },
    {
      "event_id": "bid_P16_51.04477611940318",
      "event_type": "bid",
      "timestamp": 51.04477611940318,
      "agent_id": "P16",
      "price": 129,
      "quantity": 1,
      "counterparty_id": null,
      "order_id": null
    },
    {
      "event_id": "bid_B11_51.04477611940318",
      "event_type": "bid",
      "timestamp": 51.04477611940318,
      "agent_id": "B11",
      "price": 129,
      "quantity": 1,
      "counterparty_id": null,
      "order_id": null
    },
    {
      "event_id": "bid_B17_51.04477611940318",
      "event_type": "bid",
      "timestamp": 51.04477611940318,
      "agent_id": "B17",
      "price": 128,
      "quantity": 1,
      "counterparty_id": null,
      "order_id": null
    },
    {
      "event_id": "bid_P06_51.04477611940318",
      "event_type": "bid",
      "timestamp": 51.04477611940318,
      "agent_id": "P06",
      "price": 128,
      "quantity": 1,
      "counterparty_id": null,
      "order_id": null
    },
    {
      "event_id": "bid_P01_51.04477611940318",
      "event_type": "bid",
      "timestamp": 51.04477611940318,
      "agent_id": "P01",
      "price": 127,
      "quantity": 1,
      "counterparty_id": null,
      "order_id": null
    },
    {
      "event_id": "bid_P15_51.04477611940318",
      "event_type": "bid",
      "timestamp": 51.04477611940318,
      "agent_id": "P15",
      "price": 126,
      "quantity": 1,
      "counterparty_id": null,
      "order_id": null
    },
    {
      "event_id": "bid_P05_51.04477611940318",
      "event_type": "bid",
      "timestamp": 51.04477611940318,
      "agent_id": "P05",
      "price": 126,
      "quantity": 1,
      "counterparty_id": null,
      "order_id": null
    },
    {
      "event_id": "bid_P00_51.04477611940318",
      "event_type": "bid",
      "timestamp": 51.04477611940318,
      "agent_id": "P00",
      "price": 122,
      "quantity": 1,
      "counterparty_id": null,
      "order_id": null
    },
    {
      "event_id": "bid_P07_51.04477611940318",
      "event_type": "bid",
      "timestamp": 51.04477611940318,
      "agent_id": "P07",
      "price": 120,
      "quantity": 1,
      "counterparty_id": null,
      "order_id": null
    },
    {
      "event_id": "ask_P03_51.04477611940318",
      "event_type": "ask",
      "timestamp": 51.04477611940318,
      "agent_id": "P03",
      "price": 139,
      "quantity": 1,
      "counterparty_id": null,
      "order_id": null
    },
    {
      "event_id": "ask_P19_51.04477611940318",
      "event_type": "ask",
      "timestamp": 51.04477611940318,
      "agent_id": "P19",
      "price": 139,
      "quantity": 1,
      "counterparty_id": null,
      "order_id": null
    },
    {
      "event_id": "ask_P12_51.04477611940318",
      "event_type": "ask",
      "timestamp": 51.04477611940318,
      "agent_id": "P12",
      "price": 139,
      "quantity": 1,
      "counterparty_id": null,
      "order_id": null
    },
    {
      "event_id": "ask_P10_51.04477611940318",
      "event_type": "ask",
      "timestamp": 51.04477611940318,
      "agent_id": "P10",
      "price": 139,
      "quantity": 1,
      "counterparty_id": null,
      "order_id": null
    },
    {
      "event_id": "ask_S09_51.04477611940318",
      "event_type": "ask",
      "timestamp": 51.04477611940318,
      "agent_id": "S09",
      "price": 140,
      "quantity": 1,
      "counterparty_id": null,
      "order_id": null
    },
    {
      "event_id": "ask_S14_51.04477611940318",
      "event_type": "ask",
      "timestamp": 51.04477611940318,
      "agent_id": "S14",
      "price": 144,
      "quantity": 1,
      "counterparty_id": null,
      "order_id": null
    },
    {
      "event_id": "ask_S03_51.04477611940318",
      "event_type": "ask",
      "timestamp": 51.04477611940318,
      "agent_id": "S03",
      "price": 157,
      "quantity": 1,
      "counterparty_id": null,
      "order_id": null
    },
    {
      "event_id": "ask_S22_51.04477611940318",
      "event_type": "ask",
      "timestamp": 51.04477611940318,
      "agent_id": "S22",
      "price": 161,
      "quantity": 1,
      "counterparty_id": null,
      "order_id": null
    },
    {
      "event_id": "ask_S01_51.04477611940318",
      "event_type": "ask",
      "timestamp": 51.04477611940318,
      "agent_id": "S01",
      "price": 175,
      "quantity": 1,
      "counterparty_id": null,
      "order_id": null
    },
    {
      "event_id": "ask_S12_51.04477611940318",
      "event_type": "ask",
      "timestamp": 51.04477611940318,
      "agent_id": "S12",
      "price": 181,
      "quantity": 1,
      "counterparty_id": null,
      "order_id": null
    },
    {
      "event_id": "ask_S18_51.04477611940318",
      "event_type": "ask",
      "timestamp": 51.04477611940318,
      "agent_id": "S18",
      "price": 187,
      "quantity": 1,
      "counterparty_id": null,
      "order_id": null
    },
    {
      "event_id": "bid_P03_56.2686567164182",
      "event_type": "bid",
      "timestamp": 56.2686567164182,
      "agent_id": "P03",
      "price": 138,
      "quantity": 1,
      "counterparty_id": null,
      "order_id": null
    },
    {
      "event_id": "bid_P09_56.2686567164182",
      "event_type": "bid",
      "timestamp": 56.2686567164182,
      "agent_id": "P09",
      "price": 137,
      "quantity": 1,
      "counterparty_id": null,
      "order_id": null
    },
    {
      "event_id": "bid_P00_56.2686567164182",
      "event_type": "bid",
      "timestamp": 56.2686567164182,
      "agent_id": "P00",
      "price": 134,
      "quantity": 1,
      "counterparty_id": null,
      "order_id": null
    },
    {
      "event_id": "bid_P16_56.2686567164182",
      "event_type": "bid",
      "timestamp": 56.2686567164182,
      "agent_id": "P16",
      "price": 134,
      "quantity": 1,
      "counterparty_id": null,
      "order_id": null
    },
    {
      "event_id": "bid_B16_56.2686567164182",
      "event_type": "bid",
      "timestamp": 56.2686567164182,
      "agent_id": "B16",
      "price": 134,
      "quantity": 1,
      "counterparty_id": null,
      "order_id": null
    },
    {
      "event_id": "bid_P11_56.2686567164182",
      "event_type": "bid",
      "timestamp": 56.2686567164182,
      "agent_id": "P11",
      "price": 134,
      "quantity": 1,
      "counterparty_id": null,
      "order_id": null
    },
    {
      "event_id": "bid_P04_56.2686567164182",
      "event_type": "bid",
      "timestamp": 56.2686567164182,
      "agent_id": "P04",
      "price": 134,
      "quantity": 1,
      "counterparty_id": null,
      "order_id": null
    },
    {
      "event_id": "bid_P08_56.2686567164182",
      "event_type": "bid",
      "timestamp": 56.2686567164182,
      "agent_id": "P08",
      "price": 132,
      "quantity": 1,
      "counterparty_id": null,
      "order_id": null
    },
    {
      "event_id": "bid_B08_56.2686567164182",
      "event_type": "bid",
      "timestamp": 56.2686567164182,
      "agent_id": "B08",
      "price": 130,
      "quantity": 1,
      "counterparty_id": null,
      "order_id": null
    },
    {
      "event_id": "bid_B11_56.2686567164182",
      "event_type": "bid",
      "timestamp": 56.2686567164182,
      "agent_id": "B11",
      "price": 129,
      "quantity": 1,
      "counterparty_id": null,
      "order_id": null
    },
    {
      "event_id": "bid_P06_56.2686567164182",
      "event_type": "bid",
      "timestamp": 56.2686567164182,
      "agent_id": "P06",
      "price": 128,
      "quantity": 1,
      "counterparty_id": null,
      "order_id": null
    },
    {
      "event_id": "bid_P01_56.2686567164182",
      "event_type": "bid",
      "timestamp": 56.2686567164182,
      "agent_id": "P01",
      "price": 127,
      "quantity": 1,
      "counterparty_id": null,
      "order_id": null
    },
    {
      "event_id": "bid_P15_56.2686567164182",
      "event_type": "bid",
      "timestamp": 56.2686567164182,
      "agent_id": "P15",
      "price": 126,
      "quantity": 1,
      "counterparty_id": null,
      "order_id": null
    },
    {
      "event_id": "bid_P05_56.2686567164182",
      "event_type": "bid",
      "timestamp": 56.2686567164182,
      "agent_id": "P05",
      "price": 126,
      "quantity": 1,
      "counterparty_id": null,
      "order_id": null
    },
    {
      "event_id": "bid_P07_56.2686567164182",
      "event_type": "bid",
      "timestamp": 56.2686567164182,
      "agent_id": "P07",
      "price": 120,
      "quantity": 1,
      "counterparty_id": null,
      "order_id": null
    },
    {
      "event_id": "bid_B02_56.2686567164182",
      "event_type": "bid",
      "timestamp": 56.2686567164182,
      "agent_id": "B02",
      "price": 61,
      "quantity": 1,
      "counterparty_id": null,
      "order_id": null
    },
    {
      "event_id": "ask_P12_56.2686567164182",
      "event_type": "ask",
      "timestamp": 56.2686567164182,
      "agent_id": "P12",
      "price": 139,
      "quantity": 1,
      "counterparty_id": null,
      "order_id": null
    },
    {
      "event_id": "ask_P10_56.2686567164182",
      "event_type": "ask",
      "timestamp": 56.2686567164182,
      "agent_id": "P10",
      "price": 139,
      "quantity": 1,
      "counterparty_id": null,
      "order_id": null
    },
    {
      "event_id": "ask_S05_56.2686567164182",
      "event_type": "ask",
      "timestamp": 56.2686567164182,
      "agent_id": "S05",
      "price": 141,
      "quantity": 1,
      "counterparty_id": null,
      "order_id": null
    },
    {
      "event_id": "ask_S13_56.2686567164182",
      "event_type": "ask",
      "timestamp": 56.2686567164182,
      "agent_id": "S13",
      "price": 145,
      "quantity": 1,
      "counterparty_id": null,
      "order_id": null
    },
    {
      "event_id": "ask_S03_56.2686567164182",
      "event_type": "ask",
      "timestamp": 56.2686567164182,
      "agent_id": "S03",
      "price": 157,
      "quantity": 1,
      "counterparty_id": null,
      "order_id": null
    },
    {
      "event_id": "ask_S02_56.2686567164182",
      "event_type": "ask",
      "timestamp": 56.2686567164182,
      "agent_id": "S02",
      "price": 160,
      "quantity": 1,
      "counterparty_id": null,
      "order_id": null
    },
    {
      "event_id": "ask_S10_56.2686567164182",
      "event_type": "ask",
      "timestamp": 56.2686567164182,
      "agent_id": "S10",
      "price": 166,
      "quantity": 1,
      "counterparty_id": null,
      "order_id": null
    },
    {
      "event_id": "ask_S20_56.2686567164182",
      "event_type": "ask",
      "timestamp": 56.2686567164182,
      "agent_id": "S20",
      "price": 279,
      "quantity": 1,
      "counterparty_id": null,
      "order_id": null
    }
  ]
}
2025-10-10 19:19:28 | HM_NL_NOCOT_P20 | ================================================================================
2025-10-10 19:19:28 | HM_NL_NOCOT_P20 | [AGENTS-TRACKED] Currently tracking 62 agents: ['P20', 'P17', 'P02', 'P01', 'P08', 'P07', 'B11', 'B19', 'S06', 'S02', 'S07', 'B13', 'B05', 'B02', 'B07', 'B09', 'B04', 'S03', 'S12', 'S20', 'P14', 'P09', 'B06', 'B20', 'B10', 'S04', 'P12', 'P18', 'P16', 'P19', 'B15', 'B21', 'B08', 'B14', 'B18', 'S15', 'P15', 'P00', 'P06', 'P10', 'B01', 'S14', 'S00', 'S22', 'S19', 'S13', 'P04', 'B22', 'B03', 'S17', 'S05', 'S09', 'S21', 'P05', 'S08', 'B16', 'B17', 'P03', 'S01', 'S18', 'P11', 'S10']
2025-10-10 19:24:05 | HM_NL_NOCOT_P20 | [GETORDER] Called at time 57.9, job=Buy, balance=$501
2025-10-10 19:24:05 | HM_NL_NOCOT_P20 | === LLM PROMPT AT TIME 57.91044776119435 ===
2025-10-10 19:24:05 | HM_NL_NOCOT_P20 | ================================================================================
2025-10-10 19:24:05 | HM_NL_NOCOT_P20 | 
You are a proprietary trader looking to BUY a unit.

MARKET DATA:
Time: 57.9
Best Bid: 137
Best Ask: 166
Spread: 29
Recent prices: [145, 141, 138, 139, 139]
Average recent price: $140.4

MY CURRENT STATE:
Balance: $501
Current job: Buy
Inventory: 0 units
Last purchase price: $124
Number of completed trades: 2



MARKET EDUCATION:
- Price ranges typically between $1-$500 in this market
- The market operates as a continuous double auction with a limit order book
- Orders are matched when bid prices meet or exceed ask prices
- You can place BID orders (to buy) or ASK orders (to sell)

HOW ORDER BOOKS WORK:
- To BUY: Place a BID order at your desired price
  - If sellers exist at/below your bid price → immediate execution
  - If no sellers at your price → your bid waits on the order book
  - Higher bids are more likely to execute quickly

- To SELL: Place an ASK order at your desired price
  - If buyers exist at/above your ask price → immediate execution
  - If no buyers at your price → your ask waits on the order book
  - Lower asks are more likely to execute quickly

TRADING PRINCIPLES:
- "Buy low, sell high" means buying below recent average prices when possible
- Risk management: avoid spending your entire balance on one trade
- Learn from history: if recent trades lost money, consider what went wrong
- Liquidity: sometimes waiting for better prices is smarter than forcing trades
- Analyze other traders' activity patterns and draw your own conclusions



BELIEF GRAPH INSIGHTS (Natural Language):
The belief graph represents your understanding of market dynamics and other agents' strategies.

Current market beliefs:
My trading attributes: {'aggressiveness': 0.6, 'learning_rate': 0.6, 'hypothesis_threshold': 0.3, 'exploration_rate': 0.5, 'adaptability': 0.7, 'strategic_depth': 0.8}

Tracking 62 agents
  - Agent P20
  - Agent P17
  - Agent P02
  - Agent P01
  - Agent P08
  - Agent P07
  - Agent B11
  - Agent B19
  - Agent S06
  - Agent S02
  - Agent S07
  - Agent B13
  - Agent B05
  - Agent B02
  - Agent B07
  - Agent B09
  - Agent B04
  - Agent S03
  - Agent S12
  - Agent S20
  - Agent P14
  - Agent P09
  - Agent B06
  - Agent B20
  - Agent B10
  - Agent S04
  - Agent P12
  - Agent P18
  - Agent P16
  - Agent P19
  - Agent B15
  - Agent B21
  - Agent B08
  - Agent B14
  - Agent B18
  - Agent S15
  - Agent P15
  - Agent P00
  - Agent P06
  - Agent P10
  - Agent B01
  - Agent S14
  - Agent S00
  - Agent S22
  - Agent S19
  - Agent S13
  - Agent P04
  - Agent B22
  - Agent B03
  - Agent S17
  - Agent S05
  - Agent S09
  - Agent S21
  - Agent P05
  - Agent S08
  - Agent B16
  - Agent B17
  - Agent P03
  - Agent S01
  - Agent S18
  - Agent P11
  - Agent S10

This narrative describes:
- How aggressive or passive other traders are behaving
- What strategies you believe they are following
- Overall market sentiment and direction
- Your assessment of current market risks
- How confident you are in your understanding of each agent

Use these insights to inform your trading decisions.


GRAPH QUALITY: BASIC
You have limited information about market participants.
Belief graph data is based on observations and may contain uncertainties.


CURRENT SITUATION: You currently have NO INVENTORY and are looking to BUY a unit.

YOUR GOAL: Make a profitable trade. End with MORE money than you started with.



Respond with ONLY:
"BUY [exact_price]" - to place a bid at that price
"WAIT" - to wait for better conditions


Respond ONLY with your decision. No explanation needed.


2025-10-10 19:24:05 | HM_NL_NOCOT_P20 | ================================================================================
2025-10-10 19:24:05 | HM_NL_NOCOT_P20 | === RAW LLM RESPONSE ===
2025-10-10 19:24:05 | HM_NL_NOCOT_P20 | BUY 137
2025-10-10 19:24:05 | HM_NL_NOCOT_P20 | ================================================================================
2025-10-10 19:24:05 | HM_NL_NOCOT_P20 | === PARSED DECISION ===
2025-10-10 19:24:05 | HM_NL_NOCOT_P20 | Action: BUY
2025-10-10 19:24:05 | HM_NL_NOCOT_P20 | Price: 137
2025-10-10 19:24:05 | HM_NL_NOCOT_P20 | Reasoning: BUY 137
2025-10-10 19:24:05 | HM_NL_NOCOT_P20 | Current Job: Buy
2025-10-10 19:24:05 | HM_NL_NOCOT_P20 | Balance: $501.00
2025-10-10 19:24:05 | HM_NL_NOCOT_P20 | Inventory: 0
