2025-10-10 17:56:33 | HM_NL_COT_P19 | === Agent P19 (HM_NL_COT) initialized ===
2025-10-10 17:56:33 | HM_NL_COT_P19 | [HYP-SCAFFOLD] P19: Initialized hypothesis scaffolding system
2025-10-10 17:56:33 | HM_NL_COT_P19 | [HM-INIT] P19: Initialized with HypothesisScaffold
2025-10-10 17:58:02 | HM_NL_COT_P19 | [BELIEF-THROTTLE] P09: Running belief graph update at time 5.1
2025-10-10 17:58:02 | HM_NL_COT_P19 | [UPDATE-SUMMARY] Processed 10 market events at time 5.1
2025-10-10 17:58:02 | HM_NL_COT_P19 | === BELIEF GRAPH STATE AT TIME 5.1 ===
2025-10-10 17:58:02 | HM_NL_COT_P19 | {
  "graph_id": "35bffc35-eaaa-4a03-8264-413373ab85fc",
  "asset_id": "BSE_ASSET",
  "current_time": 5.074626865671641,
  "nodes": {
    "BSE_ASSET": {
      "asset_id": "BSE_ASSET",
      "node_type": "asset",
      "current_best_bid": null,
      "current_best_ask": null,
      "last_trade_price": null,
      "volume_traded": 0,
      "price_volatility": 0.0,
      "spread_width": null,
      "market_depth_bid": 0,
      "market_depth_ask": 0
    },
    "P19": {
      "agent_id": "P19",
      "node_type": "agent",
      "last_bid_price": null,
      "last_ask_price": null,
      "last_trade_price": null,
      "total_trades": 0,
      "total_volume": 0,
      "strategy_type": "Hypothetical-Minds",
      "inferred_valuation": null,
      "valuation_confidence": 0.0,
      "aggressiveness_score": 0.6,
      "last_activity": 0.0
    },
    "P17": {
      "agent_id": "P17",
      "node_type": "agent",
      "last_bid_price": 130,
      "last_ask_price": null,
      "last_trade_price": null,
      "total_trades": 0,
      "total_volume": 0,
      "strategy_type": null,
      "inferred_valuation": 130,
      "valuation_confidence": 0.1,
      "aggressiveness_score": 0.0,
      "last_activity": 5.074626865671641
    },
    "P02": {
      "agent_id": "P02",
      "node_type": "agent",
      "last_bid_price": 128,
      "last_ask_price": null,
      "last_trade_price": null,
      "total_trades": 0,
      "total_volume": 0,
      "strategy_type": null,
      "inferred_valuation": 128,
      "valuation_confidence": 0.1,
      "aggressiveness_score": 0.0,
      "last_activity": 5.074626865671641
    },
    "P01": {
      "agent_id": "P01",
      "node_type": "agent",
      "last_bid_price": 128,
      "last_ask_price": null,
      "last_trade_price": null,
      "total_trades": 0,
      "total_volume": 0,
      "strategy_type": null,
      "inferred_valuation": 128,
      "valuation_confidence": 0.1,
      "aggressiveness_score": 0.0,
      "last_activity": 5.074626865671641
    },
    "P08": {
      "agent_id": "P08",
      "node_type": "agent",
      "last_bid_price": 127,
      "last_ask_price": null,
      "last_trade_price": null,
      "total_trades": 0,
      "total_volume": 0,
      "strategy_type": null,
      "inferred_valuation": 127,
      "valuation_confidence": 0.1,
      "aggressiveness_score": 0.0,
      "last_activity": 5.074626865671641
    },
    "P07": {
      "agent_id": "P07",
      "node_type": "agent",
      "last_bid_price": 120,
      "last_ask_price": null,
      "last_trade_price": null,
      "total_trades": 0,
      "total_volume": 0,
      "strategy_type": null,
      "inferred_valuation": 120,
      "valuation_confidence": 0.1,
      "aggressiveness_score": 0.0,
      "last_activity": 5.074626865671641
    },
    "B11": {
      "agent_id": "B11",
      "node_type": "agent",
      "last_bid_price": 111,
      "last_ask_price": null,
      "last_trade_price": null,
      "total_trades": 0,
      "total_volume": 0,
      "strategy_type": null,
      "inferred_valuation": 111,
      "valuation_confidence": 0.1,
      "aggressiveness_score": 0.0,
      "last_activity": 5.074626865671641
    },
    "B19": {
      "agent_id": "B19",
      "node_type": "agent",
      "last_bid_price": 110,
      "last_ask_price": null,
      "last_trade_price": null,
      "total_trades": 0,
      "total_volume": 0,
      "strategy_type": null,
      "inferred_valuation": 110,
      "valuation_confidence": 0.1,
      "aggressiveness_score": 0.0,
      "last_activity": 5.074626865671641
    },
    "S06": {
      "agent_id": "S06",
      "node_type": "agent",
      "last_bid_price": null,
      "last_ask_price": 132,
      "last_trade_price": null,
      "total_trades": 0,
      "total_volume": 0,
      "strategy_type": null,
      "inferred_valuation": 132,
      "valuation_confidence": 0.1,
      "aggressiveness_score": 0.0,
      "last_activity": 5.074626865671641
    },
    "S02": {
      "agent_id": "S02",
      "node_type": "agent",
      "last_bid_price": null,
      "last_ask_price": 133,
      "last_trade_price": null,
      "total_trades": 0,
      "total_volume": 0,
      "strategy_type": null,
      "inferred_valuation": 133,
      "valuation_confidence": 0.1,
      "aggressiveness_score": 0.0,
      "last_activity": 5.074626865671641
    },
    "S07": {
      "agent_id": "S07",
      "node_type": "agent",
      "last_bid_price": null,
      "last_ask_price": 421,
      "last_trade_price": null,
      "total_trades": 0,
      "total_volume": 0,
      "strategy_type": null,
      "inferred_valuation": 421,
      "valuation_confidence": 0.1,
      "aggressiveness_score": 0.0,
      "last_activity": 5.074626865671641
    }
  },
  "edges": {
    "a4891fe6-a7f3-4c4e-9438-8a506194cb6c": {
      "edge_id": "a4891fe6-a7f3-4c4e-9438-8a506194cb6c",
      "source_node": "BSE_ASSET",
      "target_node": "P19",
      "belief_type": "strategy",
      "confidence": 0.1,
      "value": "unknown",
      "timestamp": 0.0,
      "evidence_count": 0
    },
    "1900e2b0-08f7-4b6c-be34-e09ab4658056": {
      "edge_id": "1900e2b0-08f7-4b6c-be34-e09ab4658056",
      "source_node": "BSE_ASSET",
      "target_node": "P19",
      "belief_type": "valuation",
      "confidence": 0.1,
      "value": null,
      "timestamp": 0.0,
      "evidence_count": 0
    },
    "7bc471fc-f9d0-4268-99ef-ab775dc4964a": {
      "edge_id": "7bc471fc-f9d0-4268-99ef-ab775dc4964a",
      "source_node": "BSE_ASSET",
      "target_node": "P17",
      "belief_type": "strategy",
      "confidence": 0.1,
      "value": "unknown",
      "timestamp": 0.0,
      "evidence_count": 0
    },
    "1ef62a27-0d0d-43c2-853b-abfddb306adc": {
      "edge_id": "1ef62a27-0d0d-43c2-853b-abfddb306adc",
      "source_node": "BSE_ASSET",
      "target_node": "P17",
      "belief_type": "valuation",
      "confidence": 0.1,
      "value": 130,
      "timestamp": 5.074626865671641,
      "evidence_count": 1
    },
    "61a15a24-c6de-4aee-8a43-f02f34f038d3": {
      "edge_id": "61a15a24-c6de-4aee-8a43-f02f34f038d3",
      "source_node": "BSE_ASSET",
      "target_node": "P02",
      "belief_type": "strategy",
      "confidence": 0.1,
      "value": "unknown",
      "timestamp": 5.074626865671641,
      "evidence_count": 0
    },
    "625688e5-b006-4cb9-ac29-d145d5c2eba2": {
      "edge_id": "625688e5-b006-4cb9-ac29-d145d5c2eba2",
      "source_node": "BSE_ASSET",
      "target_node": "P02",
      "belief_type": "valuation",
      "confidence": 0.1,
      "value": 128,
      "timestamp": 5.074626865671641,
      "evidence_count": 1
    },
    "e35535ec-8bd1-4570-9c90-664db4dcf430": {
      "edge_id": "e35535ec-8bd1-4570-9c90-664db4dcf430",
      "source_node": "BSE_ASSET",
      "target_node": "P01",
      "belief_type": "strategy",
      "confidence": 0.1,
      "value": "unknown",
      "timestamp": 5.074626865671641,
      "evidence_count": 0
    },
    "c63027ec-e9d5-466f-8639-fa20c604f7ee": {
      "edge_id": "c63027ec-e9d5-466f-8639-fa20c604f7ee",
      "source_node": "BSE_ASSET",
      "target_node": "P01",
      "belief_type": "valuation",
      "confidence": 0.1,
      "value": 128,
      "timestamp": 5.074626865671641,
      "evidence_count": 1
    },
    "19206ae8-2585-44e2-88b2-db0c4a9c25d7": {
      "edge_id": "19206ae8-2585-44e2-88b2-db0c4a9c25d7",
      "source_node": "BSE_ASSET",
      "target_node": "P08",
      "belief_type": "strategy",
      "confidence": 0.1,
      "value": "unknown",
      "timestamp": 5.074626865671641,
      "evidence_count": 0
    },
    "7f1eac47-3f53-4759-ba58-64901d41d44a": {
      "edge_id": "7f1eac47-3f53-4759-ba58-64901d41d44a",
      "source_node": "BSE_ASSET",
      "target_node": "P08",
      "belief_type": "valuation",
      "confidence": 0.1,
      "value": 127,
      "timestamp": 5.074626865671641,
      "evidence_count": 1
    },
    "e82e323a-ed66-4243-90cd-ff817ec220b4": {
      "edge_id": "e82e323a-ed66-4243-90cd-ff817ec220b4",
      "source_node": "BSE_ASSET",
      "target_node": "P07",
      "belief_type": "strategy",
      "confidence": 0.1,
      "value": "unknown",
      "timestamp": 5.074626865671641,
      "evidence_count": 0
    },
    "73e99ecc-f906-4d93-843c-980f53c609a4": {
      "edge_id": "73e99ecc-f906-4d93-843c-980f53c609a4",
      "source_node": "BSE_ASSET",
      "target_node": "P07",
      "belief_type": "valuation",
      "confidence": 0.1,
      "value": 120,
      "timestamp": 5.074626865671641,
      "evidence_count": 1
    },
    "6e36f9cf-c910-41a9-af43-0513a339d0ad": {
      "edge_id": "6e36f9cf-c910-41a9-af43-0513a339d0ad",
      "source_node": "BSE_ASSET",
      "target_node": "B11",
      "belief_type": "strategy",
      "confidence": 0.1,
      "value": "unknown",
      "timestamp": 5.074626865671641,
      "evidence_count": 0
    },
    "ef7efa98-d07e-4ec5-8b2e-a6d4876f4f5f": {
      "edge_id": "ef7efa98-d07e-4ec5-8b2e-a6d4876f4f5f",
      "source_node": "BSE_ASSET",
      "target_node": "B11",
      "belief_type": "valuation",
      "confidence": 0.1,
      "value": 111,
      "timestamp": 5.074626865671641,
      "evidence_count": 1
    },
    "a55cd835-ffa2-4862-a5e3-f6fad49a4d9c": {
      "edge_id": "a55cd835-ffa2-4862-a5e3-f6fad49a4d9c",
      "source_node": "BSE_ASSET",
      "target_node": "B19",
      "belief_type": "strategy",
      "confidence": 0.1,
      "value": "unknown",
      "timestamp": 5.074626865671641,
      "evidence_count": 0
    },
    "bdfcca2f-0877-4b2d-a30f-1ce0c16b6dde": {
      "edge_id": "bdfcca2f-0877-4b2d-a30f-1ce0c16b6dde",
      "source_node": "BSE_ASSET",
      "target_node": "B19",
      "belief_type": "valuation",
      "confidence": 0.1,
      "value": 110,
      "timestamp": 5.074626865671641,
      "evidence_count": 1
    },
    "67b8ecdd-4a90-49b6-a149-f236ab49c36c": {
      "edge_id": "67b8ecdd-4a90-49b6-a149-f236ab49c36c",
      "source_node": "BSE_ASSET",
      "target_node": "S06",
      "belief_type": "strategy",
      "confidence": 0.1,
      "value": "unknown",
      "timestamp": 5.074626865671641,
      "evidence_count": 0
    },
    "dab5e7c6-5f7d-478a-93ed-6b7cd83178a8": {
      "edge_id": "dab5e7c6-5f7d-478a-93ed-6b7cd83178a8",
      "source_node": "BSE_ASSET",
      "target_node": "S06",
      "belief_type": "valuation",
      "confidence": 0.1,
      "value": 132,
      "timestamp": 5.074626865671641,
      "evidence_count": 1
    },
    "b0eae87e-afc3-4873-becf-7bda4677a914": {
      "edge_id": "b0eae87e-afc3-4873-becf-7bda4677a914",
      "source_node": "BSE_ASSET",
      "target_node": "S02",
      "belief_type": "strategy",
      "confidence": 0.1,
      "value": "unknown",
      "timestamp": 5.074626865671641,
      "evidence_count": 0
    },
    "3570541c-011a-40f1-9f14-295e04b7f881": {
      "edge_id": "3570541c-011a-40f1-9f14-295e04b7f881",
      "source_node": "BSE_ASSET",
      "target_node": "S02",
      "belief_type": "valuation",
      "confidence": 0.1,
      "value": 133,
      "timestamp": 5.074626865671641,
      "evidence_count": 1
    },
    "0b381505-1c05-47da-abb7-0f965b96f3bb": {
      "edge_id": "0b381505-1c05-47da-abb7-0f965b96f3bb",
      "source_node": "BSE_ASSET",
      "target_node": "S07",
      "belief_type": "strategy",
      "confidence": 0.1,
      "value": "unknown",
      "timestamp": 5.074626865671641,
      "evidence_count": 0
    },
    "6a0c4757-d135-42e4-ae15-6e3be1edc4ef": {
      "edge_id": "6a0c4757-d135-42e4-ae15-6e3be1edc4ef",
      "source_node": "BSE_ASSET",
      "target_node": "S07",
      "belief_type": "valuation",
      "confidence": 0.1,
      "value": 421,
      "timestamp": 5.074626865671641,
      "evidence_count": 1
    }
  },
  "event_history": [
    {
      "event_id": "bid_P17_5.074626865671641",
      "event_type": "bid",
      "timestamp": 5.074626865671641,
      "agent_id": "P17",
      "price": 130,
      "quantity": 1,
      "counterparty_id": null,
      "order_id": null
    },
    {
      "event_id": "bid_P02_5.074626865671641",
      "event_type": "bid",
      "timestamp": 5.074626865671641,
      "agent_id": "P02",
      "price": 128,
      "quantity": 1,
      "counterparty_id": null,
      "order_id": null
    },
    {
      "event_id": "bid_P01_5.074626865671641",
      "event_type": "bid",
      "timestamp": 5.074626865671641,
      "agent_id": "P01",
      "price": 128,
      "quantity": 1,
      "counterparty_id": null,
      "order_id": null
    },
    {
      "event_id": "bid_P08_5.074626865671641",
      "event_type": "bid",
      "timestamp": 5.074626865671641,
      "agent_id": "P08",
      "price": 127,
      "quantity": 1,
      "counterparty_id": null,
      "order_id": null
    },
    {
      "event_id": "bid_P07_5.074626865671641",
      "event_type": "bid",
      "timestamp": 5.074626865671641,
      "agent_id": "P07",
      "price": 120,
      "quantity": 1,
      "counterparty_id": null,
      "order_id": null
    },
    {
      "event_id": "bid_B11_5.074626865671641",
      "event_type": "bid",
      "timestamp": 5.074626865671641,
      "agent_id": "B11",
      "price": 111,
      "quantity": 1,
      "counterparty_id": null,
      "order_id": null
    },
    {
      "event_id": "bid_B19_5.074626865671641",
      "event_type": "bid",
      "timestamp": 5.074626865671641,
      "agent_id": "B19",
      "price": 110,
      "quantity": 1,
      "counterparty_id": null,
      "order_id": null
    },
    {
      "event_id": "ask_S06_5.074626865671641",
      "event_type": "ask",
      "timestamp": 5.074626865671641,
      "agent_id": "S06",
      "price": 132,
      "quantity": 1,
      "counterparty_id": null,
      "order_id": null
    },
    {
      "event_id": "ask_S02_5.074626865671641",
      "event_type": "ask",
      "timestamp": 5.074626865671641,
      "agent_id": "S02",
      "price": 133,
      "quantity": 1,
      "counterparty_id": null,
      "order_id": null
    },
    {
      "event_id": "ask_S07_5.074626865671641",
      "event_type": "ask",
      "timestamp": 5.074626865671641,
      "agent_id": "S07",
      "price": 421,
      "quantity": 1,
      "counterparty_id": null,
      "order_id": null
    }
  ]
}
2025-10-10 17:58:02 | HM_NL_COT_P19 | ================================================================================
2025-10-10 17:58:02 | HM_NL_COT_P19 | [AGENTS-TRACKED] Currently tracking 11 agents: ['P19', 'P17', 'P02', 'P01', 'P08', 'P07', 'B11', 'B19', 'S06', 'S02', 'S07']
2025-10-10 18:02:59 | HM_NL_COT_P19 | [BELIEF-THROTTLE] P09: Running belief graph update at time 10.3
2025-10-10 18:02:59 | HM_NL_COT_P19 | [UPDATE-SUMMARY] Processed 15 market events at time 10.3
2025-10-10 18:02:59 | HM_NL_COT_P19 | === BELIEF GRAPH STATE AT TIME 10.3 ===
2025-10-10 18:02:59 | HM_NL_COT_P19 | {
  "graph_id": "35bffc35-eaaa-4a03-8264-413373ab85fc",
  "asset_id": "BSE_ASSET",
  "current_time": 10.298507462686555,
  "nodes": {
    "BSE_ASSET": {
      "asset_id": "BSE_ASSET",
      "node_type": "asset",
      "current_best_bid": null,
      "current_best_ask": null,
      "last_trade_price": null,
      "volume_traded": 0,
      "price_volatility": 0.0,
      "spread_width": null,
      "market_depth_bid": 0,
      "market_depth_ask": 0
    },
    "P19": {
      "agent_id": "P19",
      "node_type": "agent",
      "last_bid_price": null,
      "last_ask_price": null,
      "last_trade_price": null,
      "total_trades": 0,
      "total_volume": 0,
      "strategy_type": "Hypothetical-Minds",
      "inferred_valuation": null,
      "valuation_confidence": 0.0,
      "aggressiveness_score": 0.6,
      "last_activity": 0.0
    },
    "P17": {
      "agent_id": "P17",
      "node_type": "agent",
      "last_bid_price": 130,
      "last_ask_price": null,
      "last_trade_price": null,
      "total_trades": 0,
      "total_volume": 0,
      "strategy_type": null,
      "inferred_valuation": 130,
      "valuation_confidence": 0.1,
      "aggressiveness_score": 0.0,
      "last_activity": 5.074626865671641
    },
    "P02": {
      "agent_id": "P02",
      "node_type": "agent",
      "last_bid_price": 128,
      "last_ask_price": null,
      "last_trade_price": null,
      "total_trades": 0,
      "total_volume": 0,
      "strategy_type": null,
      "inferred_valuation": 128,
      "valuation_confidence": 0.1,
      "aggressiveness_score": 0.0,
      "last_activity": 5.074626865671641
    },
    "P01": {
      "agent_id": "P01",
      "node_type": "agent",
      "last_bid_price": 128,
      "last_ask_price": null,
      "last_trade_price": null,
      "total_trades": 0,
      "total_volume": 0,
      "strategy_type": null,
      "inferred_valuation": 128,
      "valuation_confidence": 0.1,
      "aggressiveness_score": 0.0,
      "last_activity": 5.074626865671641
    },
    "P08": {
      "agent_id": "P08",
      "node_type": "agent",
      "last_bid_price": 127,
      "last_ask_price": null,
      "last_trade_price": null,
      "total_trades": 0,
      "total_volume": 0,
      "strategy_type": null,
      "inferred_valuation": 127,
      "valuation_confidence": 0.1,
      "aggressiveness_score": 0.0,
      "last_activity": 5.074626865671641
    },
    "P07": {
      "agent_id": "P07",
      "node_type": "agent",
      "last_bid_price": 120,
      "last_ask_price": null,
      "last_trade_price": null,
      "total_trades": 0,
      "total_volume": 0,
      "strategy_type": null,
      "inferred_valuation": 120.0,
      "valuation_confidence": 0.2,
      "aggressiveness_score": 0.0,
      "last_activity": 10.298507462686555
    },
    "B11": {
      "agent_id": "B11",
      "node_type": "agent",
      "last_bid_price": 111,
      "last_ask_price": null,
      "last_trade_price": null,
      "total_trades": 0,
      "total_volume": 0,
      "strategy_type": null,
      "inferred_valuation": 110.99999999999999,
      "valuation_confidence": 0.2,
      "aggressiveness_score": 0.0,
      "last_activity": 10.298507462686555
    },
    "B19": {
      "agent_id": "B19",
      "node_type": "agent",
      "last_bid_price": 124,
      "last_ask_price": null,
      "last_trade_price": null,
      "total_trades": 0,
      "total_volume": 0,
      "strategy_type": null,
      "inferred_valuation": 114.19999999999999,
      "valuation_confidence": 0.2,
      "aggressiveness_score": 0.0,
      "last_activity": 10.298507462686555
    },
    "S06": {
      "agent_id": "S06",
      "node_type": "agent",
      "last_bid_price": null,
      "last_ask_price": 132,
      "last_trade_price": null,
      "total_trades": 0,
      "total_volume": 0,
      "strategy_type": null,
      "inferred_valuation": 132,
      "valuation_confidence": 0.1,
      "aggressiveness_score": 0.0,
      "last_activity": 5.074626865671641
    },
    "S02": {
      "agent_id": "S02",
      "node_type": "agent",
      "last_bid_price": null,
      "last_ask_price": 132,
      "last_trade_price": null,
      "total_trades": 0,
      "total_volume": 0,
      "strategy_type": null,
      "inferred_valuation": 132.7,
      "valuation_confidence": 0.2,
      "aggressiveness_score": 0.0,
      "last_activity": 10.298507462686555
    },
    "S07": {
      "agent_id": "S07",
      "node_type": "agent",
      "last_bid_price": null,
      "last_ask_price": 197,
      "last_trade_price": null,
      "total_trades": 0,
      "total_volume": 0,
      "strategy_type": null,
      "inferred_valuation": 353.79999999999995,
      "valuation_confidence": 0.2,
      "aggressiveness_score": 0.0,
      "last_activity": 10.298507462686555
    },
    "P20": {
      "agent_id": "P20",
      "node_type": "agent",
      "last_bid_price": 124,
      "last_ask_price": null,
      "last_trade_price": null,
      "total_trades": 0,
      "total_volume": 0,
      "strategy_type": null,
      "inferred_valuation": 124,
      "valuation_confidence": 0.1,
      "aggressiveness_score": 0.0,
      "last_activity": 10.298507462686555
    },
    "B13": {
      "agent_id": "B13",
      "node_type": "agent",
      "last_bid_price": 100,
      "last_ask_price": null,
      "last_trade_price": null,
      "total_trades": 0,
      "total_volume": 0,
      "strategy_type": null,
      "inferred_valuation": 100,
      "valuation_confidence": 0.1,
      "aggressiveness_score": 0.0,
      "last_activity": 10.298507462686555
    },
    "B05": {
      "agent_id": "B05",
      "node_type": "agent",
      "last_bid_price": 99,
      "last_ask_price": null,
      "last_trade_price": null,
      "total_trades": 0,
      "total_volume": 0,
      "strategy_type": null,
      "inferred_valuation": 99,
      "valuation_confidence": 0.1,
      "aggressiveness_score": 0.0,
      "last_activity": 10.298507462686555
    },
    "B02": {
      "agent_id": "B02",
      "node_type": "agent",
      "last_bid_price": 99,
      "last_ask_price": null,
      "last_trade_price": null,
      "total_trades": 0,
      "total_volume": 0,
      "strategy_type": null,
      "inferred_valuation": 99,
      "valuation_confidence": 0.1,
      "aggressiveness_score": 0.0,
      "last_activity": 10.298507462686555
    },
    "B07": {
      "agent_id": "B07",
      "node_type": "agent",
      "last_bid_price": 98,
      "last_ask_price": null,
      "last_trade_price": null,
      "total_trades": 0,
      "total_volume": 0,
      "strategy_type": null,
      "inferred_valuation": 98,
      "valuation_confidence": 0.1,
      "aggressiveness_score": 0.0,
      "last_activity": 10.298507462686555
    },
    "B09": {
      "agent_id": "B09",
      "node_type": "agent",
      "last_bid_price": 82,
      "last_ask_price": null,
      "last_trade_price": null,
      "total_trades": 0,
      "total_volume": 0,
      "strategy_type": null,
      "inferred_valuation": 82,
      "valuation_confidence": 0.1,
      "aggressiveness_score": 0.0,
      "last_activity": 10.298507462686555
    },
    "B04": {
      "agent_id": "B04",
      "node_type": "agent",
      "last_bid_price": 82,
      "last_ask_price": null,
      "last_trade_price": null,
      "total_trades": 0,
      "total_volume": 0,
      "strategy_type": null,
      "inferred_valuation": 82,
      "valuation_confidence": 0.1,
      "aggressiveness_score": 0.0,
      "last_activity": 10.298507462686555
    },
    "S03": {
      "agent_id": "S03",
      "node_type": "agent",
      "last_bid_price": null,
      "last_ask_price": 130,
      "last_trade_price": null,
      "total_trades": 0,
      "total_volume": 0,
      "strategy_type": null,
      "inferred_valuation": 130,
      "valuation_confidence": 0.1,
      "aggressiveness_score": 0.0,
      "last_activity": 10.298507462686555
    },
    "S12": {
      "agent_id": "S12",
      "node_type": "agent",
      "last_bid_price": null,
      "last_ask_price": 144,
      "last_trade_price": null,
      "total_trades": 0,
      "total_volume": 0,
      "strategy_type": null,
      "inferred_valuation": 144,
      "valuation_confidence": 0.1,
      "aggressiveness_score": 0.0,
      "last_activity": 10.298507462686555
    },
    "S20": {
      "agent_id": "S20",
      "node_type": "agent",
      "last_bid_price": null,
      "last_ask_price": 148,
      "last_trade_price": null,
      "total_trades": 0,
      "total_volume": 0,
      "strategy_type": null,
      "inferred_valuation": 148,
      "valuation_confidence": 0.1,
      "aggressiveness_score": 0.0,
      "last_activity": 10.298507462686555
    }
  },
  "edges": {
    "a4891fe6-a7f3-4c4e-9438-8a506194cb6c": {
      "edge_id": "a4891fe6-a7f3-4c4e-9438-8a506194cb6c",
      "source_node": "BSE_ASSET",
      "target_node": "P19",
      "belief_type": "strategy",
      "confidence": 0.1,
      "value": "unknown",
      "timestamp": 0.0,
      "evidence_count": 0
    },
    "1900e2b0-08f7-4b6c-be34-e09ab4658056": {
      "edge_id": "1900e2b0-08f7-4b6c-be34-e09ab4658056",
      "source_node": "BSE_ASSET",
      "target_node": "P19",
      "belief_type": "valuation",
      "confidence": 0.1,
      "value": null,
      "timestamp": 0.0,
      "evidence_count": 0
    },
    "7bc471fc-f9d0-4268-99ef-ab775dc4964a": {
      "edge_id": "7bc471fc-f9d0-4268-99ef-ab775dc4964a",
      "source_node": "BSE_ASSET",
      "target_node": "P17",
      "belief_type": "strategy",
      "confidence": 0.1,
      "value": "unknown",
      "timestamp": 0.0,
      "evidence_count": 0
    },
    "1ef62a27-0d0d-43c2-853b-abfddb306adc": {
      "edge_id": "1ef62a27-0d0d-43c2-853b-abfddb306adc",
      "source_node": "BSE_ASSET",
      "target_node": "P17",
      "belief_type": "valuation",
      "confidence": 0.1,
      "value": 130,
      "timestamp": 5.074626865671641,
      "evidence_count": 1
    },
    "61a15a24-c6de-4aee-8a43-f02f34f038d3": {
      "edge_id": "61a15a24-c6de-4aee-8a43-f02f34f038d3",
      "source_node": "BSE_ASSET",
      "target_node": "P02",
      "belief_type": "strategy",
      "confidence": 0.1,
      "value": "unknown",
      "timestamp": 5.074626865671641,
      "evidence_count": 0
    },
    "625688e5-b006-4cb9-ac29-d145d5c2eba2": {
      "edge_id": "625688e5-b006-4cb9-ac29-d145d5c2eba2",
      "source_node": "BSE_ASSET",
      "target_node": "P02",
      "belief_type": "valuation",
      "confidence": 0.1,
      "value": 128,
      "timestamp": 5.074626865671641,
      "evidence_count": 1
    },
    "e35535ec-8bd1-4570-9c90-664db4dcf430": {
      "edge_id": "e35535ec-8bd1-4570-9c90-664db4dcf430",
      "source_node": "BSE_ASSET",
      "target_node": "P01",
      "belief_type": "strategy",
      "confidence": 0.1,
      "value": "unknown",
      "timestamp": 5.074626865671641,
      "evidence_count": 0
    },
    "c63027ec-e9d5-466f-8639-fa20c604f7ee": {
      "edge_id": "c63027ec-e9d5-466f-8639-fa20c604f7ee",
      "source_node": "BSE_ASSET",
      "target_node": "P01",
      "belief_type": "valuation",
      "confidence": 0.1,
      "value": 128,
      "timestamp": 5.074626865671641,
      "evidence_count": 1
    },
    "19206ae8-2585-44e2-88b2-db0c4a9c25d7": {
      "edge_id": "19206ae8-2585-44e2-88b2-db0c4a9c25d7",
      "source_node": "BSE_ASSET",
      "target_node": "P08",
      "belief_type": "strategy",
      "confidence": 0.1,
      "value": "unknown",
      "timestamp": 5.074626865671641,
      "evidence_count": 0
    },
    "7f1eac47-3f53-4759-ba58-64901d41d44a": {
      "edge_id": "7f1eac47-3f53-4759-ba58-64901d41d44a",
      "source_node": "BSE_ASSET",
      "target_node": "P08",
      "belief_type": "valuation",
      "confidence": 0.1,
      "value": 127,
      "timestamp": 5.074626865671641,
      "evidence_count": 1
    },
    "e82e323a-ed66-4243-90cd-ff817ec220b4": {
      "edge_id": "e82e323a-ed66-4243-90cd-ff817ec220b4",
      "source_node": "BSE_ASSET",
      "target_node": "P07",
      "belief_type": "strategy",
      "confidence": 0.1,
      "value": "unknown",
      "timestamp": 5.074626865671641,
      "evidence_count": 0
    },
    "73e99ecc-f906-4d93-843c-980f53c609a4": {
      "edge_id": "73e99ecc-f906-4d93-843c-980f53c609a4",
      "source_node": "BSE_ASSET",
      "target_node": "P07",
      "belief_type": "valuation",
      "confidence": 0.2,
      "value": 120.0,
      "timestamp": 10.298507462686555,
      "evidence_count": 2
    },
    "6e36f9cf-c910-41a9-af43-0513a339d0ad": {
      "edge_id": "6e36f9cf-c910-41a9-af43-0513a339d0ad",
      "source_node": "BSE_ASSET",
      "target_node": "B11",
      "belief_type": "strategy",
      "confidence": 0.1,
      "value": "unknown",
      "timestamp": 5.074626865671641,
      "evidence_count": 0
    },
    "ef7efa98-d07e-4ec5-8b2e-a6d4876f4f5f": {
      "edge_id": "ef7efa98-d07e-4ec5-8b2e-a6d4876f4f5f",
      "source_node": "BSE_ASSET",
      "target_node": "B11",
      "belief_type": "valuation",
      "confidence": 0.2,
      "value": 110.99999999999999,
      "timestamp": 10.298507462686555,
      "evidence_count": 2
    },
    "a55cd835-ffa2-4862-a5e3-f6fad49a4d9c": {
      "edge_id": "a55cd835-ffa2-4862-a5e3-f6fad49a4d9c",
      "source_node": "BSE_ASSET",
      "target_node": "B19",
      "belief_type": "strategy",
      "confidence": 0.1,
      "value": "unknown",
      "timestamp": 5.074626865671641,
      "evidence_count": 0
    },
    "bdfcca2f-0877-4b2d-a30f-1ce0c16b6dde": {
      "edge_id": "bdfcca2f-0877-4b2d-a30f-1ce0c16b6dde",
      "source_node": "BSE_ASSET",
      "target_node": "B19",
      "belief_type": "valuation",
      "confidence": 0.2,
      "value": 114.19999999999999,
      "timestamp": 10.298507462686555,
      "evidence_count": 2
    },
    "67b8ecdd-4a90-49b6-a149-f236ab49c36c": {
      "edge_id": "67b8ecdd-4a90-49b6-a149-f236ab49c36c",
      "source_node": "BSE_ASSET",
      "target_node": "S06",
      "belief_type": "strategy",
      "confidence": 0.1,
      "value": "unknown",
      "timestamp": 5.074626865671641,
      "evidence_count": 0
    },
    "dab5e7c6-5f7d-478a-93ed-6b7cd83178a8": {
      "edge_id": "dab5e7c6-5f7d-478a-93ed-6b7cd83178a8",
      "source_node": "BSE_ASSET",
      "target_node": "S06",
      "belief_type": "valuation",
      "confidence": 0.1,
      "value": 132,
      "timestamp": 5.074626865671641,
      "evidence_count": 1
    },
    "b0eae87e-afc3-4873-becf-7bda4677a914": {
      "edge_id": "b0eae87e-afc3-4873-becf-7bda4677a914",
      "source_node": "BSE_ASSET",
      "target_node": "S02",
      "belief_type": "strategy",
      "confidence": 0.1,
      "value": "unknown",
      "timestamp": 5.074626865671641,
      "evidence_count": 0
    },
    "3570541c-011a-40f1-9f14-295e04b7f881": {
      "edge_id": "3570541c-011a-40f1-9f14-295e04b7f881",
      "source_node": "BSE_ASSET",
      "target_node": "S02",
      "belief_type": "valuation",
      "confidence": 0.2,
      "value": 132.7,
      "timestamp": 10.298507462686555,
      "evidence_count": 2
    },
    "0b381505-1c05-47da-abb7-0f965b96f3bb": {
      "edge_id": "0b381505-1c05-47da-abb7-0f965b96f3bb",
      "source_node": "BSE_ASSET",
      "target_node": "S07",
      "belief_type": "strategy",
      "confidence": 0.1,
      "value": "unknown",
      "timestamp": 5.074626865671641,
      "evidence_count": 0
    },
    "6a0c4757-d135-42e4-ae15-6e3be1edc4ef": {
      "edge_id": "6a0c4757-d135-42e4-ae15-6e3be1edc4ef",
      "source_node": "BSE_ASSET",
      "target_node": "S07",
      "belief_type": "valuation",
      "confidence": 0.2,
      "value": 353.79999999999995,
      "timestamp": 10.298507462686555,
      "evidence_count": 2
    },
    "29bdb8d8-12c1-4d18-a382-8d04a177177e": {
      "edge_id": "29bdb8d8-12c1-4d18-a382-8d04a177177e",
      "source_node": "BSE_ASSET",
      "target_node": "P20",
      "belief_type": "strategy",
      "confidence": 0.1,
      "value": "unknown",
      "timestamp": 10.298507462686555,
      "evidence_count": 0
    },
    "c7932dd6-bbcb-447a-8f3b-eed61ee3d3d5": {
      "edge_id": "c7932dd6-bbcb-447a-8f3b-eed61ee3d3d5",
      "source_node": "BSE_ASSET",
      "target_node": "P20",
      "belief_type": "valuation",
      "confidence": 0.1,
      "value": 124,
      "timestamp": 10.298507462686555,
      "evidence_count": 1
    },
    "495f6365-0600-4459-8c91-d1f6bfcb6d71": {
      "edge_id": "495f6365-0600-4459-8c91-d1f6bfcb6d71",
      "source_node": "BSE_ASSET",
      "target_node": "B13",
      "belief_type": "strategy",
      "confidence": 0.1,
      "value": "unknown",
      "timestamp": 10.298507462686555,
      "evidence_count": 0
    },
    "9f412d55-42f4-43bd-80d6-7379a2b69a91": {
      "edge_id": "9f412d55-42f4-43bd-80d6-7379a2b69a91",
      "source_node": "BSE_ASSET",
      "target_node": "B13",
      "belief_type": "valuation",
      "confidence": 0.1,
      "value": 100,
      "timestamp": 10.298507462686555,
      "evidence_count": 1
    },
    "96cce728-ad51-4f79-a803-fdd611e69cb4": {
      "edge_id": "96cce728-ad51-4f79-a803-fdd611e69cb4",
      "source_node": "BSE_ASSET",
      "target_node": "B05",
      "belief_type": "strategy",
      "confidence": 0.1,
      "value": "unknown",
      "timestamp": 10.298507462686555,
      "evidence_count": 0
    },
    "56550ca5-8b45-4a87-a04a-bf07b6b515d7": {
      "edge_id": "56550ca5-8b45-4a87-a04a-bf07b6b515d7",
      "source_node": "BSE_ASSET",
      "target_node": "B05",
      "belief_type": "valuation",
      "confidence": 0.1,
      "value": 99,
      "timestamp": 10.298507462686555,
      "evidence_count": 1
    },
    "35010ee2-a1c3-47eb-ad39-442300791734": {
      "edge_id": "35010ee2-a1c3-47eb-ad39-442300791734",
      "source_node": "BSE_ASSET",
      "target_node": "B02",
      "belief_type": "strategy",
      "confidence": 0.1,
      "value": "unknown",
      "timestamp": 10.298507462686555,
      "evidence_count": 0
    },
    "9b5b08a2-e721-450d-a789-905706ac00c1": {
      "edge_id": "9b5b08a2-e721-450d-a789-905706ac00c1",
      "source_node": "BSE_ASSET",
      "target_node": "B02",
      "belief_type": "valuation",
      "confidence": 0.1,
      "value": 99,
      "timestamp": 10.298507462686555,
      "evidence_count": 1
    },
    "dbfe892f-aebb-43cd-85b7-cab48db578a6": {
      "edge_id": "dbfe892f-aebb-43cd-85b7-cab48db578a6",
      "source_node": "BSE_ASSET",
      "target_node": "B07",
      "belief_type": "strategy",
      "confidence": 0.1,
      "value": "unknown",
      "timestamp": 10.298507462686555,
      "evidence_count": 0
    },
    "f0f5c095-c5c2-4ae6-a68c-5664d1e6b3ba": {
      "edge_id": "f0f5c095-c5c2-4ae6-a68c-5664d1e6b3ba",
      "source_node": "BSE_ASSET",
      "target_node": "B07",
      "belief_type": "valuation",
      "confidence": 0.1,
      "value": 98,
      "timestamp": 10.298507462686555,
      "evidence_count": 1
    },
    "0ad855e7-00d9-4300-98e6-c72422c02155": {
      "edge_id": "0ad855e7-00d9-4300-98e6-c72422c02155",
      "source_node": "BSE_ASSET",
      "target_node": "B09",
      "belief_type": "strategy",
      "confidence": 0.1,
      "value": "unknown",
      "timestamp": 10.298507462686555,
      "evidence_count": 0
    },
    "38ba2758-6bb2-4eec-9027-0545bfd5f658": {
      "edge_id": "38ba2758-6bb2-4eec-9027-0545bfd5f658",
      "source_node": "BSE_ASSET",
      "target_node": "B09",
      "belief_type": "valuation",
      "confidence": 0.1,
      "value": 82,
      "timestamp": 10.298507462686555,
      "evidence_count": 1
    },
    "1331d084-3670-4db1-81e3-18163bfe5b30": {
      "edge_id": "1331d084-3670-4db1-81e3-18163bfe5b30",
      "source_node": "BSE_ASSET",
      "target_node": "B04",
      "belief_type": "strategy",
      "confidence": 0.1,
      "value": "unknown",
      "timestamp": 10.298507462686555,
      "evidence_count": 0
    },
    "0a97e1ef-b4c5-49d3-a3cf-d74ab91ed111": {
      "edge_id": "0a97e1ef-b4c5-49d3-a3cf-d74ab91ed111",
      "source_node": "BSE_ASSET",
      "target_node": "B04",
      "belief_type": "valuation",
      "confidence": 0.1,
      "value": 82,
      "timestamp": 10.298507462686555,
      "evidence_count": 1
    },
    "66c64fc3-06c5-4192-bb65-f32f39860b3c": {
      "edge_id": "66c64fc3-06c5-4192-bb65-f32f39860b3c",
      "source_node": "BSE_ASSET",
      "target_node": "S03",
      "belief_type": "strategy",
      "confidence": 0.1,
      "value": "unknown",
      "timestamp": 10.298507462686555,
      "evidence_count": 0
    },
    "b3f07005-ffa2-4d6c-9b4a-0b503f03ec03": {
      "edge_id": "b3f07005-ffa2-4d6c-9b4a-0b503f03ec03",
      "source_node": "BSE_ASSET",
      "target_node": "S03",
      "belief_type": "valuation",
      "confidence": 0.1,
      "value": 130,
      "timestamp": 10.298507462686555,
      "evidence_count": 1
    },
    "27634d1c-2185-4005-bd58-a9ffad461cec": {
      "edge_id": "27634d1c-2185-4005-bd58-a9ffad461cec",
      "source_node": "BSE_ASSET",
      "target_node": "S12",
      "belief_type": "strategy",
      "confidence": 0.1,
      "value": "unknown",
      "timestamp": 10.298507462686555,
      "evidence_count": 0
    },
    "828b4003-6c88-41fe-b271-4437825dd449": {
      "edge_id": "828b4003-6c88-41fe-b271-4437825dd449",
      "source_node": "BSE_ASSET",
      "target_node": "S12",
      "belief_type": "valuation",
      "confidence": 0.1,
      "value": 144,
      "timestamp": 10.298507462686555,
      "evidence_count": 1
    },
    "b965e9ed-158b-40f3-b678-5ba9e6f14005": {
      "edge_id": "b965e9ed-158b-40f3-b678-5ba9e6f14005",
      "source_node": "BSE_ASSET",
      "target_node": "S20",
      "belief_type": "strategy",
      "confidence": 0.1,
      "value": "unknown",
      "timestamp": 10.298507462686555,
      "evidence_count": 0
    },
    "5c2ba6ba-fcf3-4884-9c29-691acc6b4cfc": {
      "edge_id": "5c2ba6ba-fcf3-4884-9c29-691acc6b4cfc",
      "source_node": "BSE_ASSET",
      "target_node": "S20",
      "belief_type": "valuation",
      "confidence": 0.1,
      "value": 148,
      "timestamp": 10.298507462686555,
      "evidence_count": 1
    }
  },
  "event_history": [
    {
      "event_id": "bid_P17_5.074626865671641",
      "event_type": "bid",
      "timestamp": 5.074626865671641,
      "agent_id": "P17",
      "price": 130,
      "quantity": 1,
      "counterparty_id": null,
      "order_id": null
    },
    {
      "event_id": "bid_P02_5.074626865671641",
      "event_type": "bid",
      "timestamp": 5.074626865671641,
      "agent_id": "P02",
      "price": 128,
      "quantity": 1,
      "counterparty_id": null,
      "order_id": null
    },
    {
      "event_id": "bid_P01_5.074626865671641",
      "event_type": "bid",
      "timestamp": 5.074626865671641,
      "agent_id": "P01",
      "price": 128,
      "quantity": 1,
      "counterparty_id": null,
      "order_id": null
    },
    {
      "event_id": "bid_P08_5.074626865671641",
      "event_type": "bid",
      "timestamp": 5.074626865671641,
      "agent_id": "P08",
      "price": 127,
      "quantity": 1,
      "counterparty_id": null,
      "order_id": null
    },
    {
      "event_id": "bid_P07_5.074626865671641",
      "event_type": "bid",
      "timestamp": 5.074626865671641,
      "agent_id": "P07",
      "price": 120,
      "quantity": 1,
      "counterparty_id": null,
      "order_id": null
    },
    {
      "event_id": "bid_B11_5.074626865671641",
      "event_type": "bid",
      "timestamp": 5.074626865671641,
      "agent_id": "B11",
      "price": 111,
      "quantity": 1,
      "counterparty_id": null,
      "order_id": null
    },
    {
      "event_id": "bid_B19_5.074626865671641",
      "event_type": "bid",
      "timestamp": 5.074626865671641,
      "agent_id": "B19",
      "price": 110,
      "quantity": 1,
      "counterparty_id": null,
      "order_id": null
    },
    {
      "event_id": "ask_S06_5.074626865671641",
      "event_type": "ask",
      "timestamp": 5.074626865671641,
      "agent_id": "S06",
      "price": 132,
      "quantity": 1,
      "counterparty_id": null,
      "order_id": null
    },
    {
      "event_id": "ask_S02_5.074626865671641",
      "event_type": "ask",
      "timestamp": 5.074626865671641,
      "agent_id": "S02",
      "price": 133,
      "quantity": 1,
      "counterparty_id": null,
      "order_id": null
    },
    {
      "event_id": "ask_S07_5.074626865671641",
      "event_type": "ask",
      "timestamp": 5.074626865671641,
      "agent_id": "S07",
      "price": 421,
      "quantity": 1,
      "counterparty_id": null,
      "order_id": null
    },
    {
      "event_id": "bid_B19_10.298507462686555",
      "event_type": "bid",
      "timestamp": 10.298507462686555,
      "agent_id": "B19",
      "price": 124,
      "quantity": 1,
      "counterparty_id": null,
      "order_id": null
    },
    {
      "event_id": "bid_P20_10.298507462686555",
      "event_type": "bid",
      "timestamp": 10.298507462686555,
      "agent_id": "P20",
      "price": 124,
      "quantity": 1,
      "counterparty_id": null,
      "order_id": null
    },
    {
      "event_id": "bid_P07_10.298507462686555",
      "event_type": "bid",
      "timestamp": 10.298507462686555,
      "agent_id": "P07",
      "price": 120,
      "quantity": 1,
      "counterparty_id": null,
      "order_id": null
    },
    {
      "event_id": "bid_B11_10.298507462686555",
      "event_type": "bid",
      "timestamp": 10.298507462686555,
      "agent_id": "B11",
      "price": 111,
      "quantity": 1,
      "counterparty_id": null,
      "order_id": null
    },
    {
      "event_id": "bid_B13_10.298507462686555",
      "event_type": "bid",
      "timestamp": 10.298507462686555,
      "agent_id": "B13",
      "price": 100,
      "quantity": 1,
      "counterparty_id": null,
      "order_id": null
    },
    {
      "event_id": "bid_B05_10.298507462686555",
      "event_type": "bid",
      "timestamp": 10.298507462686555,
      "agent_id": "B05",
      "price": 99,
      "quantity": 1,
      "counterparty_id": null,
      "order_id": null
    },
    {
      "event_id": "bid_B02_10.298507462686555",
      "event_type": "bid",
      "timestamp": 10.298507462686555,
      "agent_id": "B02",
      "price": 99,
      "quantity": 1,
      "counterparty_id": null,
      "order_id": null
    },
    {
      "event_id": "bid_B07_10.298507462686555",
      "event_type": "bid",
      "timestamp": 10.298507462686555,
      "agent_id": "B07",
      "price": 98,
      "quantity": 1,
      "counterparty_id": null,
      "order_id": null
    },
    {
      "event_id": "bid_B09_10.298507462686555",
      "event_type": "bid",
      "timestamp": 10.298507462686555,
      "agent_id": "B09",
      "price": 82,
      "quantity": 1,
      "counterparty_id": null,
      "order_id": null
    },
    {
      "event_id": "bid_B04_10.298507462686555",
      "event_type": "bid",
      "timestamp": 10.298507462686555,
      "agent_id": "B04",
      "price": 82,
      "quantity": 1,
      "counterparty_id": null,
      "order_id": null
    },
    {
      "event_id": "ask_S03_10.298507462686555",
      "event_type": "ask",
      "timestamp": 10.298507462686555,
      "agent_id": "S03",
      "price": 130,
      "quantity": 1,
      "counterparty_id": null,
      "order_id": null
    },
    {
      "event_id": "ask_S02_10.298507462686555",
      "event_type": "ask",
      "timestamp": 10.298507462686555,
      "agent_id": "S02",
      "price": 132,
      "quantity": 1,
      "counterparty_id": null,
      "order_id": null
    },
    {
      "event_id": "ask_S12_10.298507462686555",
      "event_type": "ask",
      "timestamp": 10.298507462686555,
      "agent_id": "S12",
      "price": 144,
      "quantity": 1,
      "counterparty_id": null,
      "order_id": null
    },
    {
      "event_id": "ask_S20_10.298507462686555",
      "event_type": "ask",
      "timestamp": 10.298507462686555,
      "agent_id": "S20",
      "price": 148,
      "quantity": 1,
      "counterparty_id": null,
      "order_id": null
    },
    {
      "event_id": "ask_S07_10.298507462686555",
      "event_type": "ask",
      "timestamp": 10.298507462686555,
      "agent_id": "S07",
      "price": 197,
      "quantity": 1,
      "counterparty_id": null,
      "order_id": null
    }
  ]
}
2025-10-10 18:02:59 | HM_NL_COT_P19 | ================================================================================
2025-10-10 18:02:59 | HM_NL_COT_P19 | [AGENTS-TRACKED] Currently tracking 21 agents: ['P19', 'P17', 'P02', 'P01', 'P08', 'P07', 'B11', 'B19', 'S06', 'S02', 'S07', 'P20', 'B13', 'B05', 'B02', 'B07', 'B09', 'B04', 'S03', 'S12', 'S20']
2025-10-10 18:07:33 | HM_NL_COT_P19 | [GETORDER] Called at time 14.8, job=Buy, balance=$500
2025-10-10 18:07:33 | HM_NL_COT_P19 | === LLM PROMPT AT TIME 14.776119402985035 ===
2025-10-10 18:07:33 | HM_NL_COT_P19 | ================================================================================
2025-10-10 18:07:33 | HM_NL_COT_P19 | 
You are a proprietary trader looking to BUY a unit.

MARKET DATA:
Time: 14.8
Best Bid: 124
Best Ask: 129
Spread: 5
Recent prices: [124, 128, 129, 129, 130]
Average recent price: $128.0

MY CURRENT STATE:
Balance: $500
Current job: Buy
Inventory: 0 units
Last purchase price: $None
Number of completed trades: 0



MARKET EDUCATION:
- Price ranges typically between $1-$500 in this market
- The market operates as a continuous double auction with a limit order book
- Orders are matched when bid prices meet or exceed ask prices
- You can place BID orders (to buy) or ASK orders (to sell)

HOW ORDER BOOKS WORK:
- To BUY: Place a BID order at your desired price
  - If sellers exist at/below your bid price → immediate execution
  - If no sellers at your price → your bid waits on the order book
  - Higher bids are more likely to execute quickly

- To SELL: Place an ASK order at your desired price
  - If buyers exist at/above your ask price → immediate execution
  - If no buyers at your price → your ask waits on the order book
  - Lower asks are more likely to execute quickly

TRADING PRINCIPLES:
- "Buy low, sell high" means buying below recent average prices when possible
- Risk management: avoid spending your entire balance on one trade
- Learn from history: if recent trades lost money, consider what went wrong
- Liquidity: sometimes waiting for better prices is smarter than forcing trades
- Analyze other traders' activity patterns and draw your own conclusions



BELIEF GRAPH INSIGHTS (Natural Language):
The belief graph represents your understanding of market dynamics and other agents' strategies.

Current market beliefs:
My trading attributes: {'aggressiveness': 0.6, 'learning_rate': 0.6, 'hypothesis_threshold': 0.3, 'exploration_rate': 0.5, 'adaptability': 0.7, 'strategic_depth': 0.8}

Tracking 21 agents
  - Agent P19
  - Agent P17
  - Agent P02
  - Agent P01
  - Agent P08
  - Agent P07
  - Agent B11
  - Agent B19
  - Agent S06
  - Agent S02
  - Agent S07
  - Agent P20
  - Agent B13
  - Agent B05
  - Agent B02
  - Agent B07
  - Agent B09
  - Agent B04
  - Agent S03
  - Agent S12
  - Agent S20

This narrative describes:
- How aggressive or passive other traders are behaving
- What strategies you believe they are following
- Overall market sentiment and direction
- Your assessment of current market risks
- How confident you are in your understanding of each agent

Use these insights to inform your trading decisions.


GRAPH QUALITY: BASIC
You have limited information about market participants.
Belief graph data is based on observations and may contain uncertainties.


CURRENT SITUATION: You currently have NO INVENTORY and are looking to BUY a unit.

YOUR GOAL: Make a profitable trade. End with MORE money than you started with.


REASONING PROCESS:
Before making your decision, think through:
1. What is the current market situation?
2. What are other traders doing and why?
3. What does my belief graph tell me?
4. What are the risks and opportunities?
5. What action aligns with my strategy?

Provide your reasoning step-by-step, then state your decision.


Respond with ONLY:
"BUY [exact_price]" - to place a bid at that price
"WAIT" - to wait for better conditions



2025-10-10 18:07:33 | HM_NL_COT_P19 | ================================================================================
2025-10-10 18:07:35 | HM_NL_COT_P19 | === RAW LLM RESPONSE ===
2025-10-10 18:07:35 | HM_NL_COT_P19 | Okay, let's analyze the situation.

1.  **Market Situation:** The best bid is 124, the best ask is 129, and the spread is 5. Recent prices have been fluctuating, with an average of $128. The current time is 14.8. I have $500 to spend.

2.  **Other Traders:** I have limited information about other traders, but the belief graph is tracking 21 agents. I don't have specific insights into their strategies beyond the basic graph quality.

3.  **Belief Graph:** My trading attributes are listed. The graph quality is basic, so I should be cautious.

4.  **Risks and Opportunities:** The risk is buying at a price that's too high and losing money. The opportunity is to buy low and sell high. Given the spread, I could potentially buy at 124 and sell at 129, but I need to buy at a price that will allow me to sell for a profit. The average recent price is $128.

5.  **Action:** I want to buy low. Given the best bid is 124, I will try to buy at that price. It's below the average recent price.

BUY 124
2025-10-10 18:07:35 | HM_NL_COT_P19 | ================================================================================
2025-10-10 18:07:35 | HM_NL_COT_P19 | === PARSED DECISION ===
2025-10-10 18:07:35 | HM_NL_COT_P19 | Action: BUY
2025-10-10 18:07:35 | HM_NL_COT_P19 | Price: 124
2025-10-10 18:07:35 | HM_NL_COT_P19 | Reasoning: Okay, let's analyze the situation.

1.  **Market Situation:** The best bid is 124, the best ask is 129, and the spread is 5. Recent prices have been fluctuating, with an average of $128. The current time is 14.8. I have $500 to spend.

2.  **Other Traders:** I have limited information about other traders, but the belief graph is tracking 21 agents. I don't have specific insights into their strategies beyond the basic graph quality.

3.  **Belief Graph:** My trading attributes are listed. The gra
2025-10-10 18:07:35 | HM_NL_COT_P19 | Current Job: Buy
2025-10-10 18:07:35 | HM_NL_COT_P19 | Balance: $500.00
2025-10-10 18:07:35 | HM_NL_COT_P19 | Inventory: 0
2025-10-10 18:10:25 | HM_NL_COT_P19 | [BELIEF-THROTTLE] P09: Running belief graph update at time 15.4
2025-10-10 18:10:25 | HM_NL_COT_P19 | [UPDATE-SUMMARY] Processed 20 market events at time 15.4
2025-10-10 18:10:25 | HM_NL_COT_P19 | === BELIEF GRAPH STATE AT TIME 15.4 ===
2025-10-10 18:10:25 | HM_NL_COT_P19 | {
  "graph_id": "35bffc35-eaaa-4a03-8264-413373ab85fc",
  "asset_id": "BSE_ASSET",
  "current_time": 15.373134328358166,
  "nodes": {
    "BSE_ASSET": {
      "asset_id": "BSE_ASSET",
      "node_type": "asset",
      "current_best_bid": null,
      "current_best_ask": null,
      "last_trade_price": null,
      "volume_traded": 0,
      "price_volatility": 0.0,
      "spread_width": null,
      "market_depth_bid": 0,
      "market_depth_ask": 0
    },
    "P19": {
      "agent_id": "P19",
      "node_type": "agent",
      "last_bid_price": null,
      "last_ask_price": null,
      "last_trade_price": null,
      "total_trades": 0,
      "total_volume": 0,
      "strategy_type": "Hypothetical-Minds",
      "inferred_valuation": null,
      "valuation_confidence": 0.0,
      "aggressiveness_score": 0.6,
      "last_activity": 0.0
    },
    "P17": {
      "agent_id": "P17",
      "node_type": "agent",
      "last_bid_price": 130,
      "last_ask_price": null,
      "last_trade_price": null,
      "total_trades": 0,
      "total_volume": 0,
      "strategy_type": null,
      "inferred_valuation": 130,
      "valuation_confidence": 0.1,
      "aggressiveness_score": 0.0,
      "last_activity": 5.074626865671641
    },
    "P02": {
      "agent_id": "P02",
      "node_type": "agent",
      "last_bid_price": 128,
      "last_ask_price": 129,
      "last_trade_price": null,
      "total_trades": 0,
      "total_volume": 0,
      "strategy_type": null,
      "inferred_valuation": 128.29999999999998,
      "valuation_confidence": 0.2,
      "aggressiveness_score": 0.0,
      "last_activity": 15.373134328358166
    },
    "P01": {
      "agent_id": "P01",
      "node_type": "agent",
      "last_bid_price": 128,
      "last_ask_price": null,
      "last_trade_price": null,
      "total_trades": 0,
      "total_volume": 0,
      "strategy_type": null,
      "inferred_valuation": 128,
      "valuation_confidence": 0.1,
      "aggressiveness_score": 0.0,
      "last_activity": 5.074626865671641
    },
    "P08": {
      "agent_id": "P08",
      "node_type": "agent",
      "last_bid_price": 127,
      "last_ask_price": 130,
      "last_trade_price": null,
      "total_trades": 0,
      "total_volume": 0,
      "strategy_type": null,
      "inferred_valuation": 127.89999999999999,
      "valuation_confidence": 0.2,
      "aggressiveness_score": 0.0,
      "last_activity": 15.373134328358166
    },
    "P07": {
      "agent_id": "P07",
      "node_type": "agent",
      "last_bid_price": 120,
      "last_ask_price": null,
      "last_trade_price": null,
      "total_trades": 0,
      "total_volume": 0,
      "strategy_type": null,
      "inferred_valuation": 120.0,
      "valuation_confidence": 0.30000000000000004,
      "aggressiveness_score": 0.0,
      "last_activity": 15.373134328358166
    },
    "B11": {
      "agent_id": "B11",
      "node_type": "agent",
      "last_bid_price": 111,
      "last_ask_price": null,
      "last_trade_price": null,
      "total_trades": 0,
      "total_volume": 0,
      "strategy_type": null,
      "inferred_valuation": 110.99999999999999,
      "valuation_confidence": 0.2,
      "aggressiveness_score": 0.0,
      "last_activity": 10.298507462686555
    },
    "B19": {
      "agent_id": "B19",
      "node_type": "agent",
      "last_bid_price": 124,
      "last_ask_price": null,
      "last_trade_price": null,
      "total_trades": 0,
      "total_volume": 0,
      "strategy_type": null,
      "inferred_valuation": 114.19999999999999,
      "valuation_confidence": 0.2,
      "aggressiveness_score": 0.0,
      "last_activity": 10.298507462686555
    },
    "S06": {
      "agent_id": "S06",
      "node_type": "agent",
      "last_bid_price": null,
      "last_ask_price": 132,
      "last_trade_price": null,
      "total_trades": 0,
      "total_volume": 0,
      "strategy_type": null,
      "inferred_valuation": 132,
      "valuation_confidence": 0.1,
      "aggressiveness_score": 0.0,
      "last_activity": 5.074626865671641
    },
    "S02": {
      "agent_id": "S02",
      "node_type": "agent",
      "last_bid_price": null,
      "last_ask_price": 129,
      "last_trade_price": null,
      "total_trades": 0,
      "total_volume": 0,
      "strategy_type": null,
      "inferred_valuation": 131.58999999999997,
      "valuation_confidence": 0.30000000000000004,
      "aggressiveness_score": 0.0,
      "last_activity": 15.373134328358166
    },
    "S07": {
      "agent_id": "S07",
      "node_type": "agent",
      "last_bid_price": null,
      "last_ask_price": 498,
      "last_trade_price": null,
      "total_trades": 0,
      "total_volume": 0,
      "strategy_type": null,
      "inferred_valuation": 397.05999999999995,
      "valuation_confidence": 0.30000000000000004,
      "aggressiveness_score": 0.0,
      "last_activity": 15.373134328358166
    },
    "P20": {
      "agent_id": "P20",
      "node_type": "agent",
      "last_bid_price": 124,
      "last_ask_price": null,
      "last_trade_price": null,
      "total_trades": 0,
      "total_volume": 0,
      "strategy_type": null,
      "inferred_valuation": 124.0,
      "valuation_confidence": 0.2,
      "aggressiveness_score": 0.0,
      "last_activity": 15.373134328358166
    },
    "B13": {
      "agent_id": "B13",
      "node_type": "agent",
      "last_bid_price": 100,
      "last_ask_price": null,
      "last_trade_price": null,
      "total_trades": 0,
      "total_volume": 0,
      "strategy_type": null,
      "inferred_valuation": 100.0,
      "valuation_confidence": 0.2,
      "aggressiveness_score": 0.0,
      "last_activity": 15.373134328358166
    },
    "B05": {
      "agent_id": "B05",
      "node_type": "agent",
      "last_bid_price": 93,
      "last_ask_price": null,
      "last_trade_price": null,
      "total_trades": 0,
      "total_volume": 0,
      "strategy_type": null,
      "inferred_valuation": 97.19999999999999,
      "valuation_confidence": 0.2,
      "aggressiveness_score": 0.0,
      "last_activity": 15.373134328358166
    },
    "B02": {
      "agent_id": "B02",
      "node_type": "agent",
      "last_bid_price": 36,
      "last_ask_price": null,
      "last_trade_price": null,
      "total_trades": 0,
      "total_volume": 0,
      "strategy_type": null,
      "inferred_valuation": 80.1,
      "valuation_confidence": 0.2,
      "aggressiveness_score": 0.0,
      "last_activity": 15.373134328358166
    },
    "B07": {
      "agent_id": "B07",
      "node_type": "agent",
      "last_bid_price": 98,
      "last_ask_price": null,
      "last_trade_price": null,
      "total_trades": 0,
      "total_volume": 0,
      "strategy_type": null,
      "inferred_valuation": 98.0,
      "valuation_confidence": 0.2,
      "aggressiveness_score": 0.0,
      "last_activity": 15.373134328358166
    },
    "B09": {
      "agent_id": "B09",
      "node_type": "agent",
      "last_bid_price": 82,
      "last_ask_price": null,
      "last_trade_price": null,
      "total_trades": 0,
      "total_volume": 0,
      "strategy_type": null,
      "inferred_valuation": 82,
      "valuation_confidence": 0.1,
      "aggressiveness_score": 0.0,
      "last_activity": 10.298507462686555
    },
    "B04": {
      "agent_id": "B04",
      "node_type": "agent",
      "last_bid_price": 82,
      "last_ask_price": null,
      "last_trade_price": null,
      "total_trades": 0,
      "total_volume": 0,
      "strategy_type": null,
      "inferred_valuation": 82.0,
      "valuation_confidence": 0.2,
      "aggressiveness_score": 0.0,
      "last_activity": 15.373134328358166
    },
    "S03": {
      "agent_id": "S03",
      "node_type": "agent",
      "last_bid_price": null,
      "last_ask_price": 130,
      "last_trade_price": null,
      "total_trades": 0,
      "total_volume": 0,
      "strategy_type": null,
      "inferred_valuation": 130,
      "valuation_confidence": 0.1,
      "aggressiveness_score": 0.0,
      "last_activity": 10.298507462686555
    },
    "S12": {
      "agent_id": "S12",
      "node_type": "agent",
      "last_bid_price": null,
      "last_ask_price": 144,
      "last_trade_price": null,
      "total_trades": 0,
      "total_volume": 0,
      "strategy_type": null,
      "inferred_valuation": 144.0,
      "valuation_confidence": 0.2,
      "aggressiveness_score": 0.0,
      "last_activity": 15.373134328358166
    },
    "S20": {
      "agent_id": "S20",
      "node_type": "agent",
      "last_bid_price": null,
      "last_ask_price": 136,
      "last_trade_price": null,
      "total_trades": 0,
      "total_volume": 0,
      "strategy_type": null,
      "inferred_valuation": 144.39999999999998,
      "valuation_confidence": 0.2,
      "aggressiveness_score": 0.0,
      "last_activity": 15.373134328358166
    },
    "P14": {
      "agent_id": "P14",
      "node_type": "agent",
      "last_bid_price": 124,
      "last_ask_price": null,
      "last_trade_price": null,
      "total_trades": 0,
      "total_volume": 0,
      "strategy_type": null,
      "inferred_valuation": 124,
      "valuation_confidence": 0.1,
      "aggressiveness_score": 0.0,
      "last_activity": 15.373134328358166
    },
    "B06": {
      "agent_id": "B06",
      "node_type": "agent",
      "last_bid_price": 112,
      "last_ask_price": null,
      "last_trade_price": null,
      "total_trades": 0,
      "total_volume": 0,
      "strategy_type": null,
      "inferred_valuation": 112,
      "valuation_confidence": 0.1,
      "aggressiveness_score": 0.0,
      "last_activity": 15.373134328358166
    },
    "B20": {
      "agent_id": "B20",
      "node_type": "agent",
      "last_bid_price": 100,
      "last_ask_price": null,
      "last_trade_price": null,
      "total_trades": 0,
      "total_volume": 0,
      "strategy_type": null,
      "inferred_valuation": 100,
      "valuation_confidence": 0.1,
      "aggressiveness_score": 0.0,
      "last_activity": 15.373134328358166
    },
    "B10": {
      "agent_id": "B10",
      "node_type": "agent",
      "last_bid_price": 98,
      "last_ask_price": null,
      "last_trade_price": null,
      "total_trades": 0,
      "total_volume": 0,
      "strategy_type": null,
      "inferred_valuation": 98,
      "valuation_confidence": 0.1,
      "aggressiveness_score": 0.0,
      "last_activity": 15.373134328358166
    },
    "S04": {
      "agent_id": "S04",
      "node_type": "agent",
      "last_bid_price": null,
      "last_ask_price": 129,
      "last_trade_price": null,
      "total_trades": 0,
      "total_volume": 0,
      "strategy_type": null,
      "inferred_valuation": 129,
      "valuation_confidence": 0.1,
      "aggressiveness_score": 0.0,
      "last_activity": 15.373134328358166
    },
    "P12": {
      "agent_id": "P12",
      "node_type": "agent",
      "last_bid_price": null,
      "last_ask_price": 130,
      "last_trade_price": null,
      "total_trades": 0,
      "total_volume": 0,
      "strategy_type": null,
      "inferred_valuation": 130,
      "valuation_confidence": 0.1,
      "aggressiveness_score": 0.0,
      "last_activity": 15.373134328358166
    },
    "P18": {
      "agent_id": "P18",
      "node_type": "agent",
      "last_bid_price": null,
      "last_ask_price": 130,
      "last_trade_price": null,
      "total_trades": 0,
      "total_volume": 0,
      "strategy_type": null,
      "inferred_valuation": 130,
      "valuation_confidence": 0.1,
      "aggressiveness_score": 0.0,
      "last_activity": 15.373134328358166
    }
  },
  "edges": {
    "a4891fe6-a7f3-4c4e-9438-8a506194cb6c": {
      "edge_id": "a4891fe6-a7f3-4c4e-9438-8a506194cb6c",
      "source_node": "BSE_ASSET",
      "target_node": "P19",
      "belief_type": "strategy",
      "confidence": 0.1,
      "value": "unknown",
      "timestamp": 0.0,
      "evidence_count": 0
    },
    "1900e2b0-08f7-4b6c-be34-e09ab4658056": {
      "edge_id": "1900e2b0-08f7-4b6c-be34-e09ab4658056",
      "source_node": "BSE_ASSET",
      "target_node": "P19",
      "belief_type": "valuation",
      "confidence": 0.1,
      "value": null,
      "timestamp": 0.0,
      "evidence_count": 0
    },
    "7bc471fc-f9d0-4268-99ef-ab775dc4964a": {
      "edge_id": "7bc471fc-f9d0-4268-99ef-ab775dc4964a",
      "source_node": "BSE_ASSET",
      "target_node": "P17",
      "belief_type": "strategy",
      "confidence": 0.1,
      "value": "unknown",
      "timestamp": 0.0,
      "evidence_count": 0
    },
    "1ef62a27-0d0d-43c2-853b-abfddb306adc": {
      "edge_id": "1ef62a27-0d0d-43c2-853b-abfddb306adc",
      "source_node": "BSE_ASSET",
      "target_node": "P17",
      "belief_type": "valuation",
      "confidence": 0.1,
      "value": 130,
      "timestamp": 5.074626865671641,
      "evidence_count": 1
    },
    "61a15a24-c6de-4aee-8a43-f02f34f038d3": {
      "edge_id": "61a15a24-c6de-4aee-8a43-f02f34f038d3",
      "source_node": "BSE_ASSET",
      "target_node": "P02",
      "belief_type": "strategy",
      "confidence": 0.1,
      "value": "unknown",
      "timestamp": 5.074626865671641,
      "evidence_count": 0
    },
    "625688e5-b006-4cb9-ac29-d145d5c2eba2": {
      "edge_id": "625688e5-b006-4cb9-ac29-d145d5c2eba2",
      "source_node": "BSE_ASSET",
      "target_node": "P02",
      "belief_type": "valuation",
      "confidence": 0.2,
      "value": 128.29999999999998,
      "timestamp": 15.373134328358166,
      "evidence_count": 2
    },
    "e35535ec-8bd1-4570-9c90-664db4dcf430": {
      "edge_id": "e35535ec-8bd1-4570-9c90-664db4dcf430",
      "source_node": "BSE_ASSET",
      "target_node": "P01",
      "belief_type": "strategy",
      "confidence": 0.1,
      "value": "unknown",
      "timestamp": 5.074626865671641,
      "evidence_count": 0
    },
    "c63027ec-e9d5-466f-8639-fa20c604f7ee": {
      "edge_id": "c63027ec-e9d5-466f-8639-fa20c604f7ee",
      "source_node": "BSE_ASSET",
      "target_node": "P01",
      "belief_type": "valuation",
      "confidence": 0.1,
      "value": 128,
      "timestamp": 5.074626865671641,
      "evidence_count": 1
    },
    "19206ae8-2585-44e2-88b2-db0c4a9c25d7": {
      "edge_id": "19206ae8-2585-44e2-88b2-db0c4a9c25d7",
      "source_node": "BSE_ASSET",
      "target_node": "P08",
      "belief_type": "strategy",
      "confidence": 0.1,
      "value": "unknown",
      "timestamp": 5.074626865671641,
      "evidence_count": 0
    },
    "7f1eac47-3f53-4759-ba58-64901d41d44a": {
      "edge_id": "7f1eac47-3f53-4759-ba58-64901d41d44a",
      "source_node": "BSE_ASSET",
      "target_node": "P08",
      "belief_type": "valuation",
      "confidence": 0.2,
      "value": 127.89999999999999,
      "timestamp": 15.373134328358166,
      "evidence_count": 2
    },
    "e82e323a-ed66-4243-90cd-ff817ec220b4": {
      "edge_id": "e82e323a-ed66-4243-90cd-ff817ec220b4",
      "source_node": "BSE_ASSET",
      "target_node": "P07",
      "belief_type": "strategy",
      "confidence": 0.1,
      "value": "unknown",
      "timestamp": 5.074626865671641,
      "evidence_count": 0
    },
    "73e99ecc-f906-4d93-843c-980f53c609a4": {
      "edge_id": "73e99ecc-f906-4d93-843c-980f53c609a4",
      "source_node": "BSE_ASSET",
      "target_node": "P07",
      "belief_type": "valuation",
      "confidence": 0.30000000000000004,
      "value": 120.0,
      "timestamp": 15.373134328358166,
      "evidence_count": 3
    },
    "6e36f9cf-c910-41a9-af43-0513a339d0ad": {
      "edge_id": "6e36f9cf-c910-41a9-af43-0513a339d0ad",
      "source_node": "BSE_ASSET",
      "target_node": "B11",
      "belief_type": "strategy",
      "confidence": 0.1,
      "value": "unknown",
      "timestamp": 5.074626865671641,
      "evidence_count": 0
    },
    "ef7efa98-d07e-4ec5-8b2e-a6d4876f4f5f": {
      "edge_id": "ef7efa98-d07e-4ec5-8b2e-a6d4876f4f5f",
      "source_node": "BSE_ASSET",
      "target_node": "B11",
      "belief_type": "valuation",
      "confidence": 0.2,
      "value": 110.99999999999999,
      "timestamp": 10.298507462686555,
      "evidence_count": 2
    },
    "a55cd835-ffa2-4862-a5e3-f6fad49a4d9c": {
      "edge_id": "a55cd835-ffa2-4862-a5e3-f6fad49a4d9c",
      "source_node": "BSE_ASSET",
      "target_node": "B19",
      "belief_type": "strategy",
      "confidence": 0.1,
      "value": "unknown",
      "timestamp": 5.074626865671641,
      "evidence_count": 0
    },
    "bdfcca2f-0877-4b2d-a30f-1ce0c16b6dde": {
      "edge_id": "bdfcca2f-0877-4b2d-a30f-1ce0c16b6dde",
      "source_node": "BSE_ASSET",
      "target_node": "B19",
      "belief_type": "valuation",
      "confidence": 0.2,
      "value": 114.19999999999999,
      "timestamp": 10.298507462686555,
      "evidence_count": 2
    },
    "67b8ecdd-4a90-49b6-a149-f236ab49c36c": {
      "edge_id": "67b8ecdd-4a90-49b6-a149-f236ab49c36c",
      "source_node": "BSE_ASSET",
      "target_node": "S06",
      "belief_type": "strategy",
      "confidence": 0.1,
      "value": "unknown",
      "timestamp": 5.074626865671641,
      "evidence_count": 0
    },
    "dab5e7c6-5f7d-478a-93ed-6b7cd83178a8": {
      "edge_id": "dab5e7c6-5f7d-478a-93ed-6b7cd83178a8",
      "source_node": "BSE_ASSET",
      "target_node": "S06",
      "belief_type": "valuation",
      "confidence": 0.1,
      "value": 132,
      "timestamp": 5.074626865671641,
      "evidence_count": 1
    },
    "b0eae87e-afc3-4873-becf-7bda4677a914": {
      "edge_id": "b0eae87e-afc3-4873-becf-7bda4677a914",
      "source_node": "BSE_ASSET",
      "target_node": "S02",
      "belief_type": "strategy",
      "confidence": 0.1,
      "value": "unknown",
      "timestamp": 5.074626865671641,
      "evidence_count": 0
    },
    "3570541c-011a-40f1-9f14-295e04b7f881": {
      "edge_id": "3570541c-011a-40f1-9f14-295e04b7f881",
      "source_node": "BSE_ASSET",
      "target_node": "S02",
      "belief_type": "valuation",
      "confidence": 0.30000000000000004,
      "value": 131.58999999999997,
      "timestamp": 15.373134328358166,
      "evidence_count": 3
    },
    "0b381505-1c05-47da-abb7-0f965b96f3bb": {
      "edge_id": "0b381505-1c05-47da-abb7-0f965b96f3bb",
      "source_node": "BSE_ASSET",
      "target_node": "S07",
      "belief_type": "strategy",
      "confidence": 0.1,
      "value": "unknown",
      "timestamp": 5.074626865671641,
      "evidence_count": 0
    },
    "6a0c4757-d135-42e4-ae15-6e3be1edc4ef": {
      "edge_id": "6a0c4757-d135-42e4-ae15-6e3be1edc4ef",
      "source_node": "BSE_ASSET",
      "target_node": "S07",
      "belief_type": "valuation",
      "confidence": 0.30000000000000004,
      "value": 397.05999999999995,
      "timestamp": 15.373134328358166,
      "evidence_count": 3
    },
    "29bdb8d8-12c1-4d18-a382-8d04a177177e": {
      "edge_id": "29bdb8d8-12c1-4d18-a382-8d04a177177e",
      "source_node": "BSE_ASSET",
      "target_node": "P20",
      "belief_type": "strategy",
      "confidence": 0.1,
      "value": "unknown",
      "timestamp": 10.298507462686555,
      "evidence_count": 0
    },
    "c7932dd6-bbcb-447a-8f3b-eed61ee3d3d5": {
      "edge_id": "c7932dd6-bbcb-447a-8f3b-eed61ee3d3d5",
      "source_node": "BSE_ASSET",
      "target_node": "P20",
      "belief_type": "valuation",
      "confidence": 0.2,
      "value": 124.0,
      "timestamp": 15.373134328358166,
      "evidence_count": 2
    },
    "495f6365-0600-4459-8c91-d1f6bfcb6d71": {
      "edge_id": "495f6365-0600-4459-8c91-d1f6bfcb6d71",
      "source_node": "BSE_ASSET",
      "target_node": "B13",
      "belief_type": "strategy",
      "confidence": 0.1,
      "value": "unknown",
      "timestamp": 10.298507462686555,
      "evidence_count": 0
    },
    "9f412d55-42f4-43bd-80d6-7379a2b69a91": {
      "edge_id": "9f412d55-42f4-43bd-80d6-7379a2b69a91",
      "source_node": "BSE_ASSET",
      "target_node": "B13",
      "belief_type": "valuation",
      "confidence": 0.2,
      "value": 100.0,
      "timestamp": 15.373134328358166,
      "evidence_count": 2
    },
    "96cce728-ad51-4f79-a803-fdd611e69cb4": {
      "edge_id": "96cce728-ad51-4f79-a803-fdd611e69cb4",
      "source_node": "BSE_ASSET",
      "target_node": "B05",
      "belief_type": "strategy",
      "confidence": 0.1,
      "value": "unknown",
      "timestamp": 10.298507462686555,
      "evidence_count": 0
    },
    "56550ca5-8b45-4a87-a04a-bf07b6b515d7": {
      "edge_id": "56550ca5-8b45-4a87-a04a-bf07b6b515d7",
      "source_node": "BSE_ASSET",
      "target_node": "B05",
      "belief_type": "valuation",
      "confidence": 0.2,
      "value": 97.19999999999999,
      "timestamp": 15.373134328358166,
      "evidence_count": 2
    },
    "35010ee2-a1c3-47eb-ad39-442300791734": {
      "edge_id": "35010ee2-a1c3-47eb-ad39-442300791734",
      "source_node": "BSE_ASSET",
      "target_node": "B02",
      "belief_type": "strategy",
      "confidence": 0.1,
      "value": "unknown",
      "timestamp": 10.298507462686555,
      "evidence_count": 0
    },
    "9b5b08a2-e721-450d-a789-905706ac00c1": {
      "edge_id": "9b5b08a2-e721-450d-a789-905706ac00c1",
      "source_node": "BSE_ASSET",
      "target_node": "B02",
      "belief_type": "valuation",
      "confidence": 0.2,
      "value": 80.1,
      "timestamp": 15.373134328358166,
      "evidence_count": 2
    },
    "dbfe892f-aebb-43cd-85b7-cab48db578a6": {
      "edge_id": "dbfe892f-aebb-43cd-85b7-cab48db578a6",
      "source_node": "BSE_ASSET",
      "target_node": "B07",
      "belief_type": "strategy",
      "confidence": 0.1,
      "value": "unknown",
      "timestamp": 10.298507462686555,
      "evidence_count": 0
    },
    "f0f5c095-c5c2-4ae6-a68c-5664d1e6b3ba": {
      "edge_id": "f0f5c095-c5c2-4ae6-a68c-5664d1e6b3ba",
      "source_node": "BSE_ASSET",
      "target_node": "B07",
      "belief_type": "valuation",
      "confidence": 0.2,
      "value": 98.0,
      "timestamp": 15.373134328358166,
      "evidence_count": 2
    },
    "0ad855e7-00d9-4300-98e6-c72422c02155": {
      "edge_id": "0ad855e7-00d9-4300-98e6-c72422c02155",
      "source_node": "BSE_ASSET",
      "target_node": "B09",
      "belief_type": "strategy",
      "confidence": 0.1,
      "value": "unknown",
      "timestamp": 10.298507462686555,
      "evidence_count": 0
    },
    "38ba2758-6bb2-4eec-9027-0545bfd5f658": {
      "edge_id": "38ba2758-6bb2-4eec-9027-0545bfd5f658",
      "source_node": "BSE_ASSET",
      "target_node": "B09",
      "belief_type": "valuation",
      "confidence": 0.1,
      "value": 82,
      "timestamp": 10.298507462686555,
      "evidence_count": 1
    },
    "1331d084-3670-4db1-81e3-18163bfe5b30": {
      "edge_id": "1331d084-3670-4db1-81e3-18163bfe5b30",
      "source_node": "BSE_ASSET",
      "target_node": "B04",
      "belief_type": "strategy",
      "confidence": 0.1,
      "value": "unknown",
      "timestamp": 10.298507462686555,
      "evidence_count": 0
    },
    "0a97e1ef-b4c5-49d3-a3cf-d74ab91ed111": {
      "edge_id": "0a97e1ef-b4c5-49d3-a3cf-d74ab91ed111",
      "source_node": "BSE_ASSET",
      "target_node": "B04",
      "belief_type": "valuation",
      "confidence": 0.2,
      "value": 82.0,
      "timestamp": 15.373134328358166,
      "evidence_count": 2
    },
    "66c64fc3-06c5-4192-bb65-f32f39860b3c": {
      "edge_id": "66c64fc3-06c5-4192-bb65-f32f39860b3c",
      "source_node": "BSE_ASSET",
      "target_node": "S03",
      "belief_type": "strategy",
      "confidence": 0.1,
      "value": "unknown",
      "timestamp": 10.298507462686555,
      "evidence_count": 0
    },
    "b3f07005-ffa2-4d6c-9b4a-0b503f03ec03": {
      "edge_id": "b3f07005-ffa2-4d6c-9b4a-0b503f03ec03",
      "source_node": "BSE_ASSET",
      "target_node": "S03",
      "belief_type": "valuation",
      "confidence": 0.1,
      "value": 130,
      "timestamp": 10.298507462686555,
      "evidence_count": 1
    },
    "27634d1c-2185-4005-bd58-a9ffad461cec": {
      "edge_id": "27634d1c-2185-4005-bd58-a9ffad461cec",
      "source_node": "BSE_ASSET",
      "target_node": "S12",
      "belief_type": "strategy",
      "confidence": 0.1,
      "value": "unknown",
      "timestamp": 10.298507462686555,
      "evidence_count": 0
    },
    "828b4003-6c88-41fe-b271-4437825dd449": {
      "edge_id": "828b4003-6c88-41fe-b271-4437825dd449",
      "source_node": "BSE_ASSET",
      "target_node": "S12",
      "belief_type": "valuation",
      "confidence": 0.2,
      "value": 144.0,
      "timestamp": 15.373134328358166,
      "evidence_count": 2
    },
    "b965e9ed-158b-40f3-b678-5ba9e6f14005": {
      "edge_id": "b965e9ed-158b-40f3-b678-5ba9e6f14005",
      "source_node": "BSE_ASSET",
      "target_node": "S20",
      "belief_type": "strategy",
      "confidence": 0.1,
      "value": "unknown",
      "timestamp": 10.298507462686555,
      "evidence_count": 0
    },
    "5c2ba6ba-fcf3-4884-9c29-691acc6b4cfc": {
      "edge_id": "5c2ba6ba-fcf3-4884-9c29-691acc6b4cfc",
      "source_node": "BSE_ASSET",
      "target_node": "S20",
      "belief_type": "valuation",
      "confidence": 0.2,
      "value": 144.39999999999998,
      "timestamp": 15.373134328358166,
      "evidence_count": 2
    },
    "cd33f684-6626-418f-85ed-7e6702a627fe": {
      "edge_id": "cd33f684-6626-418f-85ed-7e6702a627fe",
      "source_node": "BSE_ASSET",
      "target_node": "P14",
      "belief_type": "strategy",
      "confidence": 0.1,
      "value": "unknown",
      "timestamp": 15.373134328358166,
      "evidence_count": 0
    },
    "72e6b9d0-1209-4464-a47c-853415dfd003": {
      "edge_id": "72e6b9d0-1209-4464-a47c-853415dfd003",
      "source_node": "BSE_ASSET",
      "target_node": "P14",
      "belief_type": "valuation",
      "confidence": 0.1,
      "value": 124,
      "timestamp": 15.373134328358166,
      "evidence_count": 1
    },
    "85b75425-460b-4bda-aaab-dcc2a073dd69": {
      "edge_id": "85b75425-460b-4bda-aaab-dcc2a073dd69",
      "source_node": "BSE_ASSET",
      "target_node": "B06",
      "belief_type": "strategy",
      "confidence": 0.1,
      "value": "unknown",
      "timestamp": 15.373134328358166,
      "evidence_count": 0
    },
    "0722de4b-a8e0-4c47-8682-70532b14448f": {
      "edge_id": "0722de4b-a8e0-4c47-8682-70532b14448f",
      "source_node": "BSE_ASSET",
      "target_node": "B06",
      "belief_type": "valuation",
      "confidence": 0.1,
      "value": 112,
      "timestamp": 15.373134328358166,
      "evidence_count": 1
    },
    "f0ab9f32-9b69-4dba-aa45-47a3cd32f27c": {
      "edge_id": "f0ab9f32-9b69-4dba-aa45-47a3cd32f27c",
      "source_node": "BSE_ASSET",
      "target_node": "B20",
      "belief_type": "strategy",
      "confidence": 0.1,
      "value": "unknown",
      "timestamp": 15.373134328358166,
      "evidence_count": 0
    },
    "254eed46-b450-417c-9cd8-ee81c7e2eaed": {
      "edge_id": "254eed46-b450-417c-9cd8-ee81c7e2eaed",
      "source_node": "BSE_ASSET",
      "target_node": "B20",
      "belief_type": "valuation",
      "confidence": 0.1,
      "value": 100,
      "timestamp": 15.373134328358166,
      "evidence_count": 1
    },
    "046fefe7-2561-4adb-8600-0d860ec8bc2a": {
      "edge_id": "046fefe7-2561-4adb-8600-0d860ec8bc2a",
      "source_node": "BSE_ASSET",
      "target_node": "B10",
      "belief_type": "strategy",
      "confidence": 0.1,
      "value": "unknown",
      "timestamp": 15.373134328358166,
      "evidence_count": 0
    },
    "81b060b7-472e-4485-b462-8712d60117c6": {
      "edge_id": "81b060b7-472e-4485-b462-8712d60117c6",
      "source_node": "BSE_ASSET",
      "target_node": "B10",
      "belief_type": "valuation",
      "confidence": 0.1,
      "value": 98,
      "timestamp": 15.373134328358166,
      "evidence_count": 1
    },
    "5e903006-501b-43b9-97f4-e2cd1105a604": {
      "edge_id": "5e903006-501b-43b9-97f4-e2cd1105a604",
      "source_node": "BSE_ASSET",
      "target_node": "S04",
      "belief_type": "strategy",
      "confidence": 0.1,
      "value": "unknown",
      "timestamp": 15.373134328358166,
      "evidence_count": 0
    },
    "847b44ec-80eb-410f-8f91-f66040d4c062": {
      "edge_id": "847b44ec-80eb-410f-8f91-f66040d4c062",
      "source_node": "BSE_ASSET",
      "target_node": "S04",
      "belief_type": "valuation",
      "confidence": 0.1,
      "value": 129,
      "timestamp": 15.373134328358166,
      "evidence_count": 1
    },
    "5c8c0bc9-de11-4ad9-9027-835a9f24382c": {
      "edge_id": "5c8c0bc9-de11-4ad9-9027-835a9f24382c",
      "source_node": "BSE_ASSET",
      "target_node": "P12",
      "belief_type": "strategy",
      "confidence": 0.1,
      "value": "unknown",
      "timestamp": 15.373134328358166,
      "evidence_count": 0
    },
    "e6f9a97b-c558-462c-b03f-b29fe96a0434": {
      "edge_id": "e6f9a97b-c558-462c-b03f-b29fe96a0434",
      "source_node": "BSE_ASSET",
      "target_node": "P12",
      "belief_type": "valuation",
      "confidence": 0.1,
      "value": 130,
      "timestamp": 15.373134328358166,
      "evidence_count": 1
    },
    "ffc56d8e-69d1-4874-a912-b8d30c1d3d11": {
      "edge_id": "ffc56d8e-69d1-4874-a912-b8d30c1d3d11",
      "source_node": "BSE_ASSET",
      "target_node": "P18",
      "belief_type": "strategy",
      "confidence": 0.1,
      "value": "unknown",
      "timestamp": 15.373134328358166,
      "evidence_count": 0
    },
    "5e2062de-b187-4994-b017-7b8fff2293dc": {
      "edge_id": "5e2062de-b187-4994-b017-7b8fff2293dc",
      "source_node": "BSE_ASSET",
      "target_node": "P18",
      "belief_type": "valuation",
      "confidence": 0.1,
      "value": 130,
      "timestamp": 15.373134328358166,
      "evidence_count": 1
    }
  },
  "event_history": [
    {
      "event_id": "bid_P17_5.074626865671641",
      "event_type": "bid",
      "timestamp": 5.074626865671641,
      "agent_id": "P17",
      "price": 130,
      "quantity": 1,
      "counterparty_id": null,
      "order_id": null
    },
    {
      "event_id": "bid_P02_5.074626865671641",
      "event_type": "bid",
      "timestamp": 5.074626865671641,
      "agent_id": "P02",
      "price": 128,
      "quantity": 1,
      "counterparty_id": null,
      "order_id": null
    },
    {
      "event_id": "bid_P01_5.074626865671641",
      "event_type": "bid",
      "timestamp": 5.074626865671641,
      "agent_id": "P01",
      "price": 128,
      "quantity": 1,
      "counterparty_id": null,
      "order_id": null
    },
    {
      "event_id": "bid_P08_5.074626865671641",
      "event_type": "bid",
      "timestamp": 5.074626865671641,
      "agent_id": "P08",
      "price": 127,
      "quantity": 1,
      "counterparty_id": null,
      "order_id": null
    },
    {
      "event_id": "bid_P07_5.074626865671641",
      "event_type": "bid",
      "timestamp": 5.074626865671641,
      "agent_id": "P07",
      "price": 120,
      "quantity": 1,
      "counterparty_id": null,
      "order_id": null
    },
    {
      "event_id": "bid_B11_5.074626865671641",
      "event_type": "bid",
      "timestamp": 5.074626865671641,
      "agent_id": "B11",
      "price": 111,
      "quantity": 1,
      "counterparty_id": null,
      "order_id": null
    },
    {
      "event_id": "bid_B19_5.074626865671641",
      "event_type": "bid",
      "timestamp": 5.074626865671641,
      "agent_id": "B19",
      "price": 110,
      "quantity": 1,
      "counterparty_id": null,
      "order_id": null
    },
    {
      "event_id": "ask_S06_5.074626865671641",
      "event_type": "ask",
      "timestamp": 5.074626865671641,
      "agent_id": "S06",
      "price": 132,
      "quantity": 1,
      "counterparty_id": null,
      "order_id": null
    },
    {
      "event_id": "ask_S02_5.074626865671641",
      "event_type": "ask",
      "timestamp": 5.074626865671641,
      "agent_id": "S02",
      "price": 133,
      "quantity": 1,
      "counterparty_id": null,
      "order_id": null
    },
    {
      "event_id": "ask_S07_5.074626865671641",
      "event_type": "ask",
      "timestamp": 5.074626865671641,
      "agent_id": "S07",
      "price": 421,
      "quantity": 1,
      "counterparty_id": null,
      "order_id": null
    },
    {
      "event_id": "bid_B19_10.298507462686555",
      "event_type": "bid",
      "timestamp": 10.298507462686555,
      "agent_id": "B19",
      "price": 124,
      "quantity": 1,
      "counterparty_id": null,
      "order_id": null
    },
    {
      "event_id": "bid_P20_10.298507462686555",
      "event_type": "bid",
      "timestamp": 10.298507462686555,
      "agent_id": "P20",
      "price": 124,
      "quantity": 1,
      "counterparty_id": null,
      "order_id": null
    },
    {
      "event_id": "bid_P07_10.298507462686555",
      "event_type": "bid",
      "timestamp": 10.298507462686555,
      "agent_id": "P07",
      "price": 120,
      "quantity": 1,
      "counterparty_id": null,
      "order_id": null
    },
    {
      "event_id": "bid_B11_10.298507462686555",
      "event_type": "bid",
      "timestamp": 10.298507462686555,
      "agent_id": "B11",
      "price": 111,
      "quantity": 1,
      "counterparty_id": null,
      "order_id": null
    },
    {
      "event_id": "bid_B13_10.298507462686555",
      "event_type": "bid",
      "timestamp": 10.298507462686555,
      "agent_id": "B13",
      "price": 100,
      "quantity": 1,
      "counterparty_id": null,
      "order_id": null
    },
    {
      "event_id": "bid_B05_10.298507462686555",
      "event_type": "bid",
      "timestamp": 10.298507462686555,
      "agent_id": "B05",
      "price": 99,
      "quantity": 1,
      "counterparty_id": null,
      "order_id": null
    },
    {
      "event_id": "bid_B02_10.298507462686555",
      "event_type": "bid",
      "timestamp": 10.298507462686555,
      "agent_id": "B02",
      "price": 99,
      "quantity": 1,
      "counterparty_id": null,
      "order_id": null
    },
    {
      "event_id": "bid_B07_10.298507462686555",
      "event_type": "bid",
      "timestamp": 10.298507462686555,
      "agent_id": "B07",
      "price": 98,
      "quantity": 1,
      "counterparty_id": null,
      "order_id": null
    },
    {
      "event_id": "bid_B09_10.298507462686555",
      "event_type": "bid",
      "timestamp": 10.298507462686555,
      "agent_id": "B09",
      "price": 82,
      "quantity": 1,
      "counterparty_id": null,
      "order_id": null
    },
    {
      "event_id": "bid_B04_10.298507462686555",
      "event_type": "bid",
      "timestamp": 10.298507462686555,
      "agent_id": "B04",
      "price": 82,
      "quantity": 1,
      "counterparty_id": null,
      "order_id": null
    },
    {
      "event_id": "ask_S03_10.298507462686555",
      "event_type": "ask",
      "timestamp": 10.298507462686555,
      "agent_id": "S03",
      "price": 130,
      "quantity": 1,
      "counterparty_id": null,
      "order_id": null
    },
    {
      "event_id": "ask_S02_10.298507462686555",
      "event_type": "ask",
      "timestamp": 10.298507462686555,
      "agent_id": "S02",
      "price": 132,
      "quantity": 1,
      "counterparty_id": null,
      "order_id": null
    },
    {
      "event_id": "ask_S12_10.298507462686555",
      "event_type": "ask",
      "timestamp": 10.298507462686555,
      "agent_id": "S12",
      "price": 144,
      "quantity": 1,
      "counterparty_id": null,
      "order_id": null
    },
    {
      "event_id": "ask_S20_10.298507462686555",
      "event_type": "ask",
      "timestamp": 10.298507462686555,
      "agent_id": "S20",
      "price": 148,
      "quantity": 1,
      "counterparty_id": null,
      "order_id": null
    },
    {
      "event_id": "ask_S07_10.298507462686555",
      "event_type": "ask",
      "timestamp": 10.298507462686555,
      "agent_id": "S07",
      "price": 197,
      "quantity": 1,
      "counterparty_id": null,
      "order_id": null
    },
    {
      "event_id": "bid_P20_15.373134328358166",
      "event_type": "bid",
      "timestamp": 15.373134328358166,
      "agent_id": "P20",
      "price": 124,
      "quantity": 1,
      "counterparty_id": null,
      "order_id": null
    },
    {
      "event_id": "bid_P14_15.373134328358166",
      "event_type": "bid",
      "timestamp": 15.373134328358166,
      "agent_id": "P14",
      "price": 124,
      "quantity": 1,
      "counterparty_id": null,
      "order_id": null
    },
    {
      "event_id": "bid_P07_15.373134328358166",
      "event_type": "bid",
      "timestamp": 15.373134328358166,
      "agent_id": "P07",
      "price": 120,
      "quantity": 1,
      "counterparty_id": null,
      "order_id": null
    },
    {
      "event_id": "bid_B06_15.373134328358166",
      "event_type": "bid",
      "timestamp": 15.373134328358166,
      "agent_id": "B06",
      "price": 112,
      "quantity": 1,
      "counterparty_id": null,
      "order_id": null
    },
    {
      "event_id": "bid_B13_15.373134328358166",
      "event_type": "bid",
      "timestamp": 15.373134328358166,
      "agent_id": "B13",
      "price": 100,
      "quantity": 1,
      "counterparty_id": null,
      "order_id": null
    },
    {
      "event_id": "bid_B20_15.373134328358166",
      "event_type": "bid",
      "timestamp": 15.373134328358166,
      "agent_id": "B20",
      "price": 100,
      "quantity": 1,
      "counterparty_id": null,
      "order_id": null
    },
    {
      "event_id": "bid_B07_15.373134328358166",
      "event_type": "bid",
      "timestamp": 15.373134328358166,
      "agent_id": "B07",
      "price": 98,
      "quantity": 1,
      "counterparty_id": null,
      "order_id": null
    },
    {
      "event_id": "bid_B10_15.373134328358166",
      "event_type": "bid",
      "timestamp": 15.373134328358166,
      "agent_id": "B10",
      "price": 98,
      "quantity": 1,
      "counterparty_id": null,
      "order_id": null
    },
    {
      "event_id": "bid_B05_15.373134328358166",
      "event_type": "bid",
      "timestamp": 15.373134328358166,
      "agent_id": "B05",
      "price": 93,
      "quantity": 1,
      "counterparty_id": null,
      "order_id": null
    },
    {
      "event_id": "bid_B04_15.373134328358166",
      "event_type": "bid",
      "timestamp": 15.373134328358166,
      "agent_id": "B04",
      "price": 82,
      "quantity": 1,
      "counterparty_id": null,
      "order_id": null
    },
    {
      "event_id": "bid_B02_15.373134328358166",
      "event_type": "bid",
      "timestamp": 15.373134328358166,
      "agent_id": "B02",
      "price": 36,
      "quantity": 1,
      "counterparty_id": null,
      "order_id": null
    },
    {
      "event_id": "ask_S02_15.373134328358166",
      "event_type": "ask",
      "timestamp": 15.373134328358166,
      "agent_id": "S02",
      "price": 129,
      "quantity": 1,
      "counterparty_id": null,
      "order_id": null
    },
    {
      "event_id": "ask_S04_15.373134328358166",
      "event_type": "ask",
      "timestamp": 15.373134328358166,
      "agent_id": "S04",
      "price": 129,
      "quantity": 1,
      "counterparty_id": null,
      "order_id": null
    },
    {
      "event_id": "ask_P02_15.373134328358166",
      "event_type": "ask",
      "timestamp": 15.373134328358166,
      "agent_id": "P02",
      "price": 129,
      "quantity": 1,
      "counterparty_id": null,
      "order_id": null
    },
    {
      "event_id": "ask_P12_15.373134328358166",
      "event_type": "ask",
      "timestamp": 15.373134328358166,
      "agent_id": "P12",
      "price": 130,
      "quantity": 1,
      "counterparty_id": null,
      "order_id": null
    },
    {
      "event_id": "ask_P08_15.373134328358166",
      "event_type": "ask",
      "timestamp": 15.373134328358166,
      "agent_id": "P08",
      "price": 130,
      "quantity": 1,
      "counterparty_id": null,
      "order_id": null
    },
    {
      "event_id": "ask_P18_15.373134328358166",
      "event_type": "ask",
      "timestamp": 15.373134328358166,
      "agent_id": "P18",
      "price": 130,
      "quantity": 1,
      "counterparty_id": null,
      "order_id": null
    },
    {
      "event_id": "ask_S20_15.373134328358166",
      "event_type": "ask",
      "timestamp": 15.373134328358166,
      "agent_id": "S20",
      "price": 136,
      "quantity": 1,
      "counterparty_id": null,
      "order_id": null
    },
    {
      "event_id": "ask_S12_15.373134328358166",
      "event_type": "ask",
      "timestamp": 15.373134328358166,
      "agent_id": "S12",
      "price": 144,
      "quantity": 1,
      "counterparty_id": null,
      "order_id": null
    },
    {
      "event_id": "ask_S07_15.373134328358166",
      "event_type": "ask",
      "timestamp": 15.373134328358166,
      "agent_id": "S07",
      "price": 498,
      "quantity": 1,
      "counterparty_id": null,
      "order_id": null
    }
  ]
}
2025-10-10 18:10:25 | HM_NL_COT_P19 | ================================================================================
2025-10-10 18:10:25 | HM_NL_COT_P19 | [AGENTS-TRACKED] Currently tracking 28 agents: ['P19', 'P17', 'P02', 'P01', 'P08', 'P07', 'B11', 'B19', 'S06', 'S02', 'S07', 'P20', 'B13', 'B05', 'B02', 'B07', 'B09', 'B04', 'S03', 'S12', 'S20', 'P14', 'B06', 'B20', 'B10', 'S04', 'P12', 'P18']
2025-10-10 18:16:11 | HM_NL_COT_P19 | TRADE: BOUGHT at $124.00 | Balance: $500.00 | Next job: Sell
2025-10-10 18:19:02 | HM_NL_COT_P19 | [BELIEF-THROTTLE] P09: Running belief graph update at time 20.4
2025-10-10 18:19:02 | HM_NL_COT_P19 | [UPDATE-SUMMARY] Processed 22 market events at time 20.4
2025-10-10 18:19:02 | HM_NL_COT_P19 | === BELIEF GRAPH STATE AT TIME 20.4 ===
2025-10-10 18:19:02 | HM_NL_COT_P19 | {
  "graph_id": "35bffc35-eaaa-4a03-8264-413373ab85fc",
  "asset_id": "BSE_ASSET",
  "current_time": 20.447761194029777,
  "nodes": {
    "BSE_ASSET": {
      "asset_id": "BSE_ASSET",
      "node_type": "asset",
      "current_best_bid": null,
      "current_best_ask": null,
      "last_trade_price": null,
      "volume_traded": 0,
      "price_volatility": 0.0,
      "spread_width": null,
      "market_depth_bid": 0,
      "market_depth_ask": 0
    },
    "P19": {
      "agent_id": "P19",
      "node_type": "agent",
      "last_bid_price": 124,
      "last_ask_price": null,
      "last_trade_price": null,
      "total_trades": 0,
      "total_volume": 0,
      "strategy_type": "Hypothetical-Minds",
      "inferred_valuation": 124,
      "valuation_confidence": 0.1,
      "aggressiveness_score": 0.6,
      "last_activity": 20.447761194029777
    },
    "P17": {
      "agent_id": "P17",
      "node_type": "agent",
      "last_bid_price": 130,
      "last_ask_price": null,
      "last_trade_price": null,
      "total_trades": 0,
      "total_volume": 0,
      "strategy_type": null,
      "inferred_valuation": 130,
      "valuation_confidence": 0.1,
      "aggressiveness_score": 0.0,
      "last_activity": 5.074626865671641
    },
    "P02": {
      "agent_id": "P02",
      "node_type": "agent",
      "last_bid_price": 128,
      "last_ask_price": 129,
      "last_trade_price": null,
      "total_trades": 0,
      "total_volume": 0,
      "strategy_type": null,
      "inferred_valuation": 128.51,
      "valuation_confidence": 0.30000000000000004,
      "aggressiveness_score": 0.0,
      "last_activity": 20.447761194029777
    },
    "P01": {
      "agent_id": "P01",
      "node_type": "agent",
      "last_bid_price": 128,
      "last_ask_price": 127,
      "last_trade_price": null,
      "total_trades": 0,
      "total_volume": 0,
      "strategy_type": null,
      "inferred_valuation": 127.69999999999999,
      "valuation_confidence": 0.2,
      "aggressiveness_score": 0.0,
      "last_activity": 20.447761194029777
    },
    "P08": {
      "agent_id": "P08",
      "node_type": "agent",
      "last_bid_price": 127,
      "last_ask_price": 130,
      "last_trade_price": null,
      "total_trades": 0,
      "total_volume": 0,
      "strategy_type": null,
      "inferred_valuation": 128.52999999999997,
      "valuation_confidence": 0.30000000000000004,
      "aggressiveness_score": 0.0,
      "last_activity": 20.447761194029777
    },
    "P07": {
      "agent_id": "P07",
      "node_type": "agent",
      "last_bid_price": 120,
      "last_ask_price": null,
      "last_trade_price": null,
      "total_trades": 0,
      "total_volume": 0,
      "strategy_type": null,
      "inferred_valuation": 120.0,
      "valuation_confidence": 0.4,
      "aggressiveness_score": 0.0,
      "last_activity": 20.447761194029777
    },
    "B11": {
      "agent_id": "B11",
      "node_type": "agent",
      "last_bid_price": 111,
      "last_ask_price": null,
      "last_trade_price": null,
      "total_trades": 0,
      "total_volume": 0,
      "strategy_type": null,
      "inferred_valuation": 110.99999999999999,
      "valuation_confidence": 0.2,
      "aggressiveness_score": 0.0,
      "last_activity": 10.298507462686555
    },
    "B19": {
      "agent_id": "B19",
      "node_type": "agent",
      "last_bid_price": 124,
      "last_ask_price": null,
      "last_trade_price": null,
      "total_trades": 0,
      "total_volume": 0,
      "strategy_type": null,
      "inferred_valuation": 114.19999999999999,
      "valuation_confidence": 0.2,
      "aggressiveness_score": 0.0,
      "last_activity": 10.298507462686555
    },
    "S06": {
      "agent_id": "S06",
      "node_type": "agent",
      "last_bid_price": null,
      "last_ask_price": 132,
      "last_trade_price": null,
      "total_trades": 0,
      "total_volume": 0,
      "strategy_type": null,
      "inferred_valuation": 132,
      "valuation_confidence": 0.1,
      "aggressiveness_score": 0.0,
      "last_activity": 5.074626865671641
    },
    "S02": {
      "agent_id": "S02",
      "node_type": "agent",
      "last_bid_price": null,
      "last_ask_price": 129,
      "last_trade_price": null,
      "total_trades": 0,
      "total_volume": 0,
      "strategy_type": null,
      "inferred_valuation": 131.58999999999997,
      "valuation_confidence": 0.30000000000000004,
      "aggressiveness_score": 0.0,
      "last_activity": 15.373134328358166
    },
    "S07": {
      "agent_id": "S07",
      "node_type": "agent",
      "last_bid_price": null,
      "last_ask_price": 498,
      "last_trade_price": null,
      "total_trades": 0,
      "total_volume": 0,
      "strategy_type": null,
      "inferred_valuation": 397.05999999999995,
      "valuation_confidence": 0.30000000000000004,
      "aggressiveness_score": 0.0,
      "last_activity": 15.373134328358166
    },
    "P20": {
      "agent_id": "P20",
      "node_type": "agent",
      "last_bid_price": 124,
      "last_ask_price": null,
      "last_trade_price": null,
      "total_trades": 0,
      "total_volume": 0,
      "strategy_type": null,
      "inferred_valuation": 124.0,
      "valuation_confidence": 0.2,
      "aggressiveness_score": 0.0,
      "last_activity": 15.373134328358166
    },
    "B13": {
      "agent_id": "B13",
      "node_type": "agent",
      "last_bid_price": 110,
      "last_ask_price": null,
      "last_trade_price": null,
      "total_trades": 0,
      "total_volume": 0,
      "strategy_type": null,
      "inferred_valuation": 103.0,
      "valuation_confidence": 0.30000000000000004,
      "aggressiveness_score": 0.0,
      "last_activity": 20.447761194029777
    },
    "B05": {
      "agent_id": "B05",
      "node_type": "agent",
      "last_bid_price": 93,
      "last_ask_price": null,
      "last_trade_price": null,
      "total_trades": 0,
      "total_volume": 0,
      "strategy_type": null,
      "inferred_valuation": 95.94,
      "valuation_confidence": 0.30000000000000004,
      "aggressiveness_score": 0.0,
      "last_activity": 20.447761194029777
    },
    "B02": {
      "agent_id": "B02",
      "node_type": "agent",
      "last_bid_price": 108,
      "last_ask_price": null,
      "last_trade_price": null,
      "total_trades": 0,
      "total_volume": 0,
      "strategy_type": null,
      "inferred_valuation": 88.47,
      "valuation_confidence": 0.30000000000000004,
      "aggressiveness_score": 0.0,
      "last_activity": 20.447761194029777
    },
    "B07": {
      "agent_id": "B07",
      "node_type": "agent",
      "last_bid_price": 98,
      "last_ask_price": null,
      "last_trade_price": null,
      "total_trades": 0,
      "total_volume": 0,
      "strategy_type": null,
      "inferred_valuation": 98.0,
      "valuation_confidence": 0.2,
      "aggressiveness_score": 0.0,
      "last_activity": 15.373134328358166
    },
    "B09": {
      "agent_id": "B09",
      "node_type": "agent",
      "last_bid_price": 82,
      "last_ask_price": null,
      "last_trade_price": null,
      "total_trades": 0,
      "total_volume": 0,
      "strategy_type": null,
      "inferred_valuation": 82,
      "valuation_confidence": 0.1,
      "aggressiveness_score": 0.0,
      "last_activity": 10.298507462686555
    },
    "B04": {
      "agent_id": "B04",
      "node_type": "agent",
      "last_bid_price": 82,
      "last_ask_price": null,
      "last_trade_price": null,
      "total_trades": 0,
      "total_volume": 0,
      "strategy_type": null,
      "inferred_valuation": 82.0,
      "valuation_confidence": 0.2,
      "aggressiveness_score": 0.0,
      "last_activity": 15.373134328358166
    },
    "S03": {
      "agent_id": "S03",
      "node_type": "agent",
      "last_bid_price": null,
      "last_ask_price": 130,
      "last_trade_price": null,
      "total_trades": 0,
      "total_volume": 0,
      "strategy_type": null,
      "inferred_valuation": 130,
      "valuation_confidence": 0.1,
      "aggressiveness_score": 0.0,
      "last_activity": 10.298507462686555
    },
    "S12": {
      "agent_id": "S12",
      "node_type": "agent",
      "last_bid_price": null,
      "last_ask_price": 144,
      "last_trade_price": null,
      "total_trades": 0,
      "total_volume": 0,
      "strategy_type": null,
      "inferred_valuation": 144.0,
      "valuation_confidence": 0.2,
      "aggressiveness_score": 0.0,
      "last_activity": 15.373134328358166
    },
    "S20": {
      "agent_id": "S20",
      "node_type": "agent",
      "last_bid_price": null,
      "last_ask_price": 136,
      "last_trade_price": null,
      "total_trades": 0,
      "total_volume": 0,
      "strategy_type": null,
      "inferred_valuation": 144.39999999999998,
      "valuation_confidence": 0.2,
      "aggressiveness_score": 0.0,
      "last_activity": 15.373134328358166
    },
    "P14": {
      "agent_id": "P14",
      "node_type": "agent",
      "last_bid_price": 124,
      "last_ask_price": null,
      "last_trade_price": null,
      "total_trades": 0,
      "total_volume": 0,
      "strategy_type": null,
      "inferred_valuation": 124,
      "valuation_confidence": 0.1,
      "aggressiveness_score": 0.0,
      "last_activity": 15.373134328358166
    },
    "B06": {
      "agent_id": "B06",
      "node_type": "agent",
      "last_bid_price": 112,
      "last_ask_price": null,
      "last_trade_price": null,
      "total_trades": 0,
      "total_volume": 0,
      "strategy_type": null,
      "inferred_valuation": 112.0,
      "valuation_confidence": 0.2,
      "aggressiveness_score": 0.0,
      "last_activity": 20.447761194029777
    },
    "B20": {
      "agent_id": "B20",
      "node_type": "agent",
      "last_bid_price": 100,
      "last_ask_price": null,
      "last_trade_price": null,
      "total_trades": 0,
      "total_volume": 0,
      "strategy_type": null,
      "inferred_valuation": 100,
      "valuation_confidence": 0.1,
      "aggressiveness_score": 0.0,
      "last_activity": 15.373134328358166
    },
    "B10": {
      "agent_id": "B10",
      "node_type": "agent",
      "last_bid_price": 117,
      "last_ask_price": null,
      "last_trade_price": null,
      "total_trades": 0,
      "total_volume": 0,
      "strategy_type": null,
      "inferred_valuation": 103.69999999999999,
      "valuation_confidence": 0.2,
      "aggressiveness_score": 0.0,
      "last_activity": 20.447761194029777
    },
    "S04": {
      "agent_id": "S04",
      "node_type": "agent",
      "last_bid_price": null,
      "last_ask_price": 129,
      "last_trade_price": null,
      "total_trades": 0,
      "total_volume": 0,
      "strategy_type": null,
      "inferred_valuation": 129,
      "valuation_confidence": 0.1,
      "aggressiveness_score": 0.0,
      "last_activity": 15.373134328358166
    },
    "P12": {
      "agent_id": "P12",
      "node_type": "agent",
      "last_bid_price": null,
      "last_ask_price": 130,
      "last_trade_price": null,
      "total_trades": 0,
      "total_volume": 0,
      "strategy_type": null,
      "inferred_valuation": 130.0,
      "valuation_confidence": 0.2,
      "aggressiveness_score": 0.0,
      "last_activity": 20.447761194029777
    },
    "P18": {
      "agent_id": "P18",
      "node_type": "agent",
      "last_bid_price": null,
      "last_ask_price": 130,
      "last_trade_price": null,
      "total_trades": 0,
      "total_volume": 0,
      "strategy_type": null,
      "inferred_valuation": 130.0,
      "valuation_confidence": 0.2,
      "aggressiveness_score": 0.0,
      "last_activity": 20.447761194029777
    },
    "P16": {
      "agent_id": "P16",
      "node_type": "agent",
      "last_bid_price": 124,
      "last_ask_price": null,
      "last_trade_price": null,
      "total_trades": 0,
      "total_volume": 0,
      "strategy_type": null,
      "inferred_valuation": 124,
      "valuation_confidence": 0.1,
      "aggressiveness_score": 0.0,
      "last_activity": 20.447761194029777
    },
    "P13": {
      "agent_id": "P13",
      "node_type": "agent",
      "last_bid_price": 124,
      "last_ask_price": null,
      "last_trade_price": null,
      "total_trades": 0,
      "total_volume": 0,
      "strategy_type": null,
      "inferred_valuation": 124,
      "valuation_confidence": 0.1,
      "aggressiveness_score": 0.0,
      "last_activity": 20.447761194029777
    },
    "B15": {
      "agent_id": "B15",
      "node_type": "agent",
      "last_bid_price": 120,
      "last_ask_price": null,
      "last_trade_price": null,
      "total_trades": 0,
      "total_volume": 0,
      "strategy_type": null,
      "inferred_valuation": 120,
      "valuation_confidence": 0.1,
      "aggressiveness_score": 0.0,
      "last_activity": 20.447761194029777
    },
    "B21": {
      "agent_id": "B21",
      "node_type": "agent",
      "last_bid_price": 115,
      "last_ask_price": null,
      "last_trade_price": null,
      "total_trades": 0,
      "total_volume": 0,
      "strategy_type": null,
      "inferred_valuation": 115,
      "valuation_confidence": 0.1,
      "aggressiveness_score": 0.0,
      "last_activity": 20.447761194029777
    },
    "B08": {
      "agent_id": "B08",
      "node_type": "agent",
      "last_bid_price": 113,
      "last_ask_price": null,
      "last_trade_price": null,
      "total_trades": 0,
      "total_volume": 0,
      "strategy_type": null,
      "inferred_valuation": 113,
      "valuation_confidence": 0.1,
      "aggressiveness_score": 0.0,
      "last_activity": 20.447761194029777
    },
    "B14": {
      "agent_id": "B14",
      "node_type": "agent",
      "last_bid_price": 107,
      "last_ask_price": null,
      "last_trade_price": null,
      "total_trades": 0,
      "total_volume": 0,
      "strategy_type": null,
      "inferred_valuation": 107,
      "valuation_confidence": 0.1,
      "aggressiveness_score": 0.0,
      "last_activity": 20.447761194029777
    },
    "B18": {
      "agent_id": "B18",
      "node_type": "agent",
      "last_bid_price": 100,
      "last_ask_price": null,
      "last_trade_price": null,
      "total_trades": 0,
      "total_volume": 0,
      "strategy_type": null,
      "inferred_valuation": 100,
      "valuation_confidence": 0.1,
      "aggressiveness_score": 0.0,
      "last_activity": 20.447761194029777
    },
    "S15": {
      "agent_id": "S15",
      "node_type": "agent",
      "last_bid_price": null,
      "last_ask_price": 127,
      "last_trade_price": null,
      "total_trades": 0,
      "total_volume": 0,
      "strategy_type": null,
      "inferred_valuation": 127,
      "valuation_confidence": 0.1,
      "aggressiveness_score": 0.0,
      "last_activity": 20.447761194029777
    },
    "P15": {
      "agent_id": "P15",
      "node_type": "agent",
      "last_bid_price": null,
      "last_ask_price": 128,
      "last_trade_price": null,
      "total_trades": 0,
      "total_volume": 0,
      "strategy_type": null,
      "inferred_valuation": 128,
      "valuation_confidence": 0.1,
      "aggressiveness_score": 0.0,
      "last_activity": 20.447761194029777
    },
    "P00": {
      "agent_id": "P00",
      "node_type": "agent",
      "last_bid_price": null,
      "last_ask_price": 129,
      "last_trade_price": null,
      "total_trades": 0,
      "total_volume": 0,
      "strategy_type": null,
      "inferred_valuation": 129,
      "valuation_confidence": 0.1,
      "aggressiveness_score": 0.0,
      "last_activity": 20.447761194029777
    }
  },
  "edges": {
    "a4891fe6-a7f3-4c4e-9438-8a506194cb6c": {
      "edge_id": "a4891fe6-a7f3-4c4e-9438-8a506194cb6c",
      "source_node": "BSE_ASSET",
      "target_node": "P19",
      "belief_type": "strategy",
      "confidence": 0.1,
      "value": "unknown",
      "timestamp": 0.0,
      "evidence_count": 0
    },
    "1900e2b0-08f7-4b6c-be34-e09ab4658056": {
      "edge_id": "1900e2b0-08f7-4b6c-be34-e09ab4658056",
      "source_node": "BSE_ASSET",
      "target_node": "P19",
      "belief_type": "valuation",
      "confidence": 0.1,
      "value": 124,
      "timestamp": 20.447761194029777,
      "evidence_count": 1
    },
    "7bc471fc-f9d0-4268-99ef-ab775dc4964a": {
      "edge_id": "7bc471fc-f9d0-4268-99ef-ab775dc4964a",
      "source_node": "BSE_ASSET",
      "target_node": "P17",
      "belief_type": "strategy",
      "confidence": 0.1,
      "value": "unknown",
      "timestamp": 0.0,
      "evidence_count": 0
    },
    "1ef62a27-0d0d-43c2-853b-abfddb306adc": {
      "edge_id": "1ef62a27-0d0d-43c2-853b-abfddb306adc",
      "source_node": "BSE_ASSET",
      "target_node": "P17",
      "belief_type": "valuation",
      "confidence": 0.1,
      "value": 130,
      "timestamp": 5.074626865671641,
      "evidence_count": 1
    },
    "61a15a24-c6de-4aee-8a43-f02f34f038d3": {
      "edge_id": "61a15a24-c6de-4aee-8a43-f02f34f038d3",
      "source_node": "BSE_ASSET",
      "target_node": "P02",
      "belief_type": "strategy",
      "confidence": 0.1,
      "value": "unknown",
      "timestamp": 5.074626865671641,
      "evidence_count": 0
    },
    "625688e5-b006-4cb9-ac29-d145d5c2eba2": {
      "edge_id": "625688e5-b006-4cb9-ac29-d145d5c2eba2",
      "source_node": "BSE_ASSET",
      "target_node": "P02",
      "belief_type": "valuation",
      "confidence": 0.30000000000000004,
      "value": 128.51,
      "timestamp": 20.447761194029777,
      "evidence_count": 3
    },
    "e35535ec-8bd1-4570-9c90-664db4dcf430": {
      "edge_id": "e35535ec-8bd1-4570-9c90-664db4dcf430",
      "source_node": "BSE_ASSET",
      "target_node": "P01",
      "belief_type": "strategy",
      "confidence": 0.1,
      "value": "unknown",
      "timestamp": 5.074626865671641,
      "evidence_count": 0
    },
    "c63027ec-e9d5-466f-8639-fa20c604f7ee": {
      "edge_id": "c63027ec-e9d5-466f-8639-fa20c604f7ee",
      "source_node": "BSE_ASSET",
      "target_node": "P01",
      "belief_type": "valuation",
      "confidence": 0.2,
      "value": 127.69999999999999,
      "timestamp": 20.447761194029777,
      "evidence_count": 2
    },
    "19206ae8-2585-44e2-88b2-db0c4a9c25d7": {
      "edge_id": "19206ae8-2585-44e2-88b2-db0c4a9c25d7",
      "source_node": "BSE_ASSET",
      "target_node": "P08",
      "belief_type": "strategy",
      "confidence": 0.1,
      "value": "unknown",
      "timestamp": 5.074626865671641,
      "evidence_count": 0
    },
    "7f1eac47-3f53-4759-ba58-64901d41d44a": {
      "edge_id": "7f1eac47-3f53-4759-ba58-64901d41d44a",
      "source_node": "BSE_ASSET",
      "target_node": "P08",
      "belief_type": "valuation",
      "confidence": 0.30000000000000004,
      "value": 128.52999999999997,
      "timestamp": 20.447761194029777,
      "evidence_count": 3
    },
    "e82e323a-ed66-4243-90cd-ff817ec220b4": {
      "edge_id": "e82e323a-ed66-4243-90cd-ff817ec220b4",
      "source_node": "BSE_ASSET",
      "target_node": "P07",
      "belief_type": "strategy",
      "confidence": 0.1,
      "value": "unknown",
      "timestamp": 5.074626865671641,
      "evidence_count": 0
    },
    "73e99ecc-f906-4d93-843c-980f53c609a4": {
      "edge_id": "73e99ecc-f906-4d93-843c-980f53c609a4",
      "source_node": "BSE_ASSET",
      "target_node": "P07",
      "belief_type": "valuation",
      "confidence": 0.4,
      "value": 120.0,
      "timestamp": 20.447761194029777,
      "evidence_count": 4
    },
    "6e36f9cf-c910-41a9-af43-0513a339d0ad": {
      "edge_id": "6e36f9cf-c910-41a9-af43-0513a339d0ad",
      "source_node": "BSE_ASSET",
      "target_node": "B11",
      "belief_type": "strategy",
      "confidence": 0.1,
      "value": "unknown",
      "timestamp": 5.074626865671641,
      "evidence_count": 0
    },
    "ef7efa98-d07e-4ec5-8b2e-a6d4876f4f5f": {
      "edge_id": "ef7efa98-d07e-4ec5-8b2e-a6d4876f4f5f",
      "source_node": "BSE_ASSET",
      "target_node": "B11",
      "belief_type": "valuation",
      "confidence": 0.2,
      "value": 110.99999999999999,
      "timestamp": 10.298507462686555,
      "evidence_count": 2
    },
    "a55cd835-ffa2-4862-a5e3-f6fad49a4d9c": {
      "edge_id": "a55cd835-ffa2-4862-a5e3-f6fad49a4d9c",
      "source_node": "BSE_ASSET",
      "target_node": "B19",
      "belief_type": "strategy",
      "confidence": 0.1,
      "value": "unknown",
      "timestamp": 5.074626865671641,
      "evidence_count": 0
    },
    "bdfcca2f-0877-4b2d-a30f-1ce0c16b6dde": {
      "edge_id": "bdfcca2f-0877-4b2d-a30f-1ce0c16b6dde",
      "source_node": "BSE_ASSET",
      "target_node": "B19",
      "belief_type": "valuation",
      "confidence": 0.2,
      "value": 114.19999999999999,
      "timestamp": 10.298507462686555,
      "evidence_count": 2
    },
    "67b8ecdd-4a90-49b6-a149-f236ab49c36c": {
      "edge_id": "67b8ecdd-4a90-49b6-a149-f236ab49c36c",
      "source_node": "BSE_ASSET",
      "target_node": "S06",
      "belief_type": "strategy",
      "confidence": 0.1,
      "value": "unknown",
      "timestamp": 5.074626865671641,
      "evidence_count": 0
    },
    "dab5e7c6-5f7d-478a-93ed-6b7cd83178a8": {
      "edge_id": "dab5e7c6-5f7d-478a-93ed-6b7cd83178a8",
      "source_node": "BSE_ASSET",
      "target_node": "S06",
      "belief_type": "valuation",
      "confidence": 0.1,
      "value": 132,
      "timestamp": 5.074626865671641,
      "evidence_count": 1
    },
    "b0eae87e-afc3-4873-becf-7bda4677a914": {
      "edge_id": "b0eae87e-afc3-4873-becf-7bda4677a914",
      "source_node": "BSE_ASSET",
      "target_node": "S02",
      "belief_type": "strategy",
      "confidence": 0.1,
      "value": "unknown",
      "timestamp": 5.074626865671641,
      "evidence_count": 0
    },
    "3570541c-011a-40f1-9f14-295e04b7f881": {
      "edge_id": "3570541c-011a-40f1-9f14-295e04b7f881",
      "source_node": "BSE_ASSET",
      "target_node": "S02",
      "belief_type": "valuation",
      "confidence": 0.30000000000000004,
      "value": 131.58999999999997,
      "timestamp": 15.373134328358166,
      "evidence_count": 3
    },
    "0b381505-1c05-47da-abb7-0f965b96f3bb": {
      "edge_id": "0b381505-1c05-47da-abb7-0f965b96f3bb",
      "source_node": "BSE_ASSET",
      "target_node": "S07",
      "belief_type": "strategy",
      "confidence": 0.1,
      "value": "unknown",
      "timestamp": 5.074626865671641,
      "evidence_count": 0
    },
    "6a0c4757-d135-42e4-ae15-6e3be1edc4ef": {
      "edge_id": "6a0c4757-d135-42e4-ae15-6e3be1edc4ef",
      "source_node": "BSE_ASSET",
      "target_node": "S07",
      "belief_type": "valuation",
      "confidence": 0.30000000000000004,
      "value": 397.05999999999995,
      "timestamp": 15.373134328358166,
      "evidence_count": 3
    },
    "29bdb8d8-12c1-4d18-a382-8d04a177177e": {
      "edge_id": "29bdb8d8-12c1-4d18-a382-8d04a177177e",
      "source_node": "BSE_ASSET",
      "target_node": "P20",
      "belief_type": "strategy",
      "confidence": 0.1,
      "value": "unknown",
      "timestamp": 10.298507462686555,
      "evidence_count": 0
    },
    "c7932dd6-bbcb-447a-8f3b-eed61ee3d3d5": {
      "edge_id": "c7932dd6-bbcb-447a-8f3b-eed61ee3d3d5",
      "source_node": "BSE_ASSET",
      "target_node": "P20",
      "belief_type": "valuation",
      "confidence": 0.2,
      "value": 124.0,
      "timestamp": 15.373134328358166,
      "evidence_count": 2
    },
    "495f6365-0600-4459-8c91-d1f6bfcb6d71": {
      "edge_id": "495f6365-0600-4459-8c91-d1f6bfcb6d71",
      "source_node": "BSE_ASSET",
      "target_node": "B13",
      "belief_type": "strategy",
      "confidence": 0.1,
      "value": "unknown",
      "timestamp": 10.298507462686555,
      "evidence_count": 0
    },
    "9f412d55-42f4-43bd-80d6-7379a2b69a91": {
      "edge_id": "9f412d55-42f4-43bd-80d6-7379a2b69a91",
      "source_node": "BSE_ASSET",
      "target_node": "B13",
      "belief_type": "valuation",
      "confidence": 0.30000000000000004,
      "value": 103.0,
      "timestamp": 20.447761194029777,
      "evidence_count": 3
    },
    "96cce728-ad51-4f79-a803-fdd611e69cb4": {
      "edge_id": "96cce728-ad51-4f79-a803-fdd611e69cb4",
      "source_node": "BSE_ASSET",
      "target_node": "B05",
      "belief_type": "strategy",
      "confidence": 0.1,
      "value": "unknown",
      "timestamp": 10.298507462686555,
      "evidence_count": 0
    },
    "56550ca5-8b45-4a87-a04a-bf07b6b515d7": {
      "edge_id": "56550ca5-8b45-4a87-a04a-bf07b6b515d7",
      "source_node": "BSE_ASSET",
      "target_node": "B05",
      "belief_type": "valuation",
      "confidence": 0.30000000000000004,
      "value": 95.94,
      "timestamp": 20.447761194029777,
      "evidence_count": 3
    },
    "35010ee2-a1c3-47eb-ad39-442300791734": {
      "edge_id": "35010ee2-a1c3-47eb-ad39-442300791734",
      "source_node": "BSE_ASSET",
      "target_node": "B02",
      "belief_type": "strategy",
      "confidence": 0.1,
      "value": "unknown",
      "timestamp": 10.298507462686555,
      "evidence_count": 0
    },
    "9b5b08a2-e721-450d-a789-905706ac00c1": {
      "edge_id": "9b5b08a2-e721-450d-a789-905706ac00c1",
      "source_node": "BSE_ASSET",
      "target_node": "B02",
      "belief_type": "valuation",
      "confidence": 0.30000000000000004,
      "value": 88.47,
      "timestamp": 20.447761194029777,
      "evidence_count": 3
    },
    "dbfe892f-aebb-43cd-85b7-cab48db578a6": {
      "edge_id": "dbfe892f-aebb-43cd-85b7-cab48db578a6",
      "source_node": "BSE_ASSET",
      "target_node": "B07",
      "belief_type": "strategy",
      "confidence": 0.1,
      "value": "unknown",
      "timestamp": 10.298507462686555,
      "evidence_count": 0
    },
    "f0f5c095-c5c2-4ae6-a68c-5664d1e6b3ba": {
      "edge_id": "f0f5c095-c5c2-4ae6-a68c-5664d1e6b3ba",
      "source_node": "BSE_ASSET",
      "target_node": "B07",
      "belief_type": "valuation",
      "confidence": 0.2,
      "value": 98.0,
      "timestamp": 15.373134328358166,
      "evidence_count": 2
    },
    "0ad855e7-00d9-4300-98e6-c72422c02155": {
      "edge_id": "0ad855e7-00d9-4300-98e6-c72422c02155",
      "source_node": "BSE_ASSET",
      "target_node": "B09",
      "belief_type": "strategy",
      "confidence": 0.1,
      "value": "unknown",
      "timestamp": 10.298507462686555,
      "evidence_count": 0
    },
    "38ba2758-6bb2-4eec-9027-0545bfd5f658": {
      "edge_id": "38ba2758-6bb2-4eec-9027-0545bfd5f658",
      "source_node": "BSE_ASSET",
      "target_node": "B09",
      "belief_type": "valuation",
      "confidence": 0.1,
      "value": 82,
      "timestamp": 10.298507462686555,
      "evidence_count": 1
    },
    "1331d084-3670-4db1-81e3-18163bfe5b30": {
      "edge_id": "1331d084-3670-4db1-81e3-18163bfe5b30",
      "source_node": "BSE_ASSET",
      "target_node": "B04",
      "belief_type": "strategy",
      "confidence": 0.1,
      "value": "unknown",
      "timestamp": 10.298507462686555,
      "evidence_count": 0
    },
    "0a97e1ef-b4c5-49d3-a3cf-d74ab91ed111": {
      "edge_id": "0a97e1ef-b4c5-49d3-a3cf-d74ab91ed111",
      "source_node": "BSE_ASSET",
      "target_node": "B04",
      "belief_type": "valuation",
      "confidence": 0.2,
      "value": 82.0,
      "timestamp": 15.373134328358166,
      "evidence_count": 2
    },
    "66c64fc3-06c5-4192-bb65-f32f39860b3c": {
      "edge_id": "66c64fc3-06c5-4192-bb65-f32f39860b3c",
      "source_node": "BSE_ASSET",
      "target_node": "S03",
      "belief_type": "strategy",
      "confidence": 0.1,
      "value": "unknown",
      "timestamp": 10.298507462686555,
      "evidence_count": 0
    },
    "b3f07005-ffa2-4d6c-9b4a-0b503f03ec03": {
      "edge_id": "b3f07005-ffa2-4d6c-9b4a-0b503f03ec03",
      "source_node": "BSE_ASSET",
      "target_node": "S03",
      "belief_type": "valuation",
      "confidence": 0.1,
      "value": 130,
      "timestamp": 10.298507462686555,
      "evidence_count": 1
    },
    "27634d1c-2185-4005-bd58-a9ffad461cec": {
      "edge_id": "27634d1c-2185-4005-bd58-a9ffad461cec",
      "source_node": "BSE_ASSET",
      "target_node": "S12",
      "belief_type": "strategy",
      "confidence": 0.1,
      "value": "unknown",
      "timestamp": 10.298507462686555,
      "evidence_count": 0
    },
    "828b4003-6c88-41fe-b271-4437825dd449": {
      "edge_id": "828b4003-6c88-41fe-b271-4437825dd449",
      "source_node": "BSE_ASSET",
      "target_node": "S12",
      "belief_type": "valuation",
      "confidence": 0.2,
      "value": 144.0,
      "timestamp": 15.373134328358166,
      "evidence_count": 2
    },
    "b965e9ed-158b-40f3-b678-5ba9e6f14005": {
      "edge_id": "b965e9ed-158b-40f3-b678-5ba9e6f14005",
      "source_node": "BSE_ASSET",
      "target_node": "S20",
      "belief_type": "strategy",
      "confidence": 0.1,
      "value": "unknown",
      "timestamp": 10.298507462686555,
      "evidence_count": 0
    },
    "5c2ba6ba-fcf3-4884-9c29-691acc6b4cfc": {
      "edge_id": "5c2ba6ba-fcf3-4884-9c29-691acc6b4cfc",
      "source_node": "BSE_ASSET",
      "target_node": "S20",
      "belief_type": "valuation",
      "confidence": 0.2,
      "value": 144.39999999999998,
      "timestamp": 15.373134328358166,
      "evidence_count": 2
    },
    "cd33f684-6626-418f-85ed-7e6702a627fe": {
      "edge_id": "cd33f684-6626-418f-85ed-7e6702a627fe",
      "source_node": "BSE_ASSET",
      "target_node": "P14",
      "belief_type": "strategy",
      "confidence": 0.1,
      "value": "unknown",
      "timestamp": 15.373134328358166,
      "evidence_count": 0
    },
    "72e6b9d0-1209-4464-a47c-853415dfd003": {
      "edge_id": "72e6b9d0-1209-4464-a47c-853415dfd003",
      "source_node": "BSE_ASSET",
      "target_node": "P14",
      "belief_type": "valuation",
      "confidence": 0.1,
      "value": 124,
      "timestamp": 15.373134328358166,
      "evidence_count": 1
    },
    "85b75425-460b-4bda-aaab-dcc2a073dd69": {
      "edge_id": "85b75425-460b-4bda-aaab-dcc2a073dd69",
      "source_node": "BSE_ASSET",
      "target_node": "B06",
      "belief_type": "strategy",
      "confidence": 0.1,
      "value": "unknown",
      "timestamp": 15.373134328358166,
      "evidence_count": 0
    },
    "0722de4b-a8e0-4c47-8682-70532b14448f": {
      "edge_id": "0722de4b-a8e0-4c47-8682-70532b14448f",
      "source_node": "BSE_ASSET",
      "target_node": "B06",
      "belief_type": "valuation",
      "confidence": 0.2,
      "value": 112.0,
      "timestamp": 20.447761194029777,
      "evidence_count": 2
    },
    "f0ab9f32-9b69-4dba-aa45-47a3cd32f27c": {
      "edge_id": "f0ab9f32-9b69-4dba-aa45-47a3cd32f27c",
      "source_node": "BSE_ASSET",
      "target_node": "B20",
      "belief_type": "strategy",
      "confidence": 0.1,
      "value": "unknown",
      "timestamp": 15.373134328358166,
      "evidence_count": 0
    },
    "254eed46-b450-417c-9cd8-ee81c7e2eaed": {
      "edge_id": "254eed46-b450-417c-9cd8-ee81c7e2eaed",
      "source_node": "BSE_ASSET",
      "target_node": "B20",
      "belief_type": "valuation",
      "confidence": 0.1,
      "value": 100,
      "timestamp": 15.373134328358166,
      "evidence_count": 1
    },
    "046fefe7-2561-4adb-8600-0d860ec8bc2a": {
      "edge_id": "046fefe7-2561-4adb-8600-0d860ec8bc2a",
      "source_node": "BSE_ASSET",
      "target_node": "B10",
      "belief_type": "strategy",
      "confidence": 0.1,
      "value": "unknown",
      "timestamp": 15.373134328358166,
      "evidence_count": 0
    },
    "81b060b7-472e-4485-b462-8712d60117c6": {
      "edge_id": "81b060b7-472e-4485-b462-8712d60117c6",
      "source_node": "BSE_ASSET",
      "target_node": "B10",
      "belief_type": "valuation",
      "confidence": 0.2,
      "value": 103.69999999999999,
      "timestamp": 20.447761194029777,
      "evidence_count": 2
    },
    "5e903006-501b-43b9-97f4-e2cd1105a604": {
      "edge_id": "5e903006-501b-43b9-97f4-e2cd1105a604",
      "source_node": "BSE_ASSET",
      "target_node": "S04",
      "belief_type": "strategy",
      "confidence": 0.1,
      "value": "unknown",
      "timestamp": 15.373134328358166,
      "evidence_count": 0
    },
    "847b44ec-80eb-410f-8f91-f66040d4c062": {
      "edge_id": "847b44ec-80eb-410f-8f91-f66040d4c062",
      "source_node": "BSE_ASSET",
      "target_node": "S04",
      "belief_type": "valuation",
      "confidence": 0.1,
      "value": 129,
      "timestamp": 15.373134328358166,
      "evidence_count": 1
    },
    "5c8c0bc9-de11-4ad9-9027-835a9f24382c": {
      "edge_id": "5c8c0bc9-de11-4ad9-9027-835a9f24382c",
      "source_node": "BSE_ASSET",
      "target_node": "P12",
      "belief_type": "strategy",
      "confidence": 0.1,
      "value": "unknown",
      "timestamp": 15.373134328358166,
      "evidence_count": 0
    },
    "e6f9a97b-c558-462c-b03f-b29fe96a0434": {
      "edge_id": "e6f9a97b-c558-462c-b03f-b29fe96a0434",
      "source_node": "BSE_ASSET",
      "target_node": "P12",
      "belief_type": "valuation",
      "confidence": 0.2,
      "value": 130.0,
      "timestamp": 20.447761194029777,
      "evidence_count": 2
    },
    "ffc56d8e-69d1-4874-a912-b8d30c1d3d11": {
      "edge_id": "ffc56d8e-69d1-4874-a912-b8d30c1d3d11",
      "source_node": "BSE_ASSET",
      "target_node": "P18",
      "belief_type": "strategy",
      "confidence": 0.1,
      "value": "unknown",
      "timestamp": 15.373134328358166,
      "evidence_count": 0
    },
    "5e2062de-b187-4994-b017-7b8fff2293dc": {
      "edge_id": "5e2062de-b187-4994-b017-7b8fff2293dc",
      "source_node": "BSE_ASSET",
      "target_node": "P18",
      "belief_type": "valuation",
      "confidence": 0.2,
      "value": 130.0,
      "timestamp": 20.447761194029777,
      "evidence_count": 2
    },
    "1208952a-2d98-4d72-aeb9-2a11883c7b66": {
      "edge_id": "1208952a-2d98-4d72-aeb9-2a11883c7b66",
      "source_node": "BSE_ASSET",
      "target_node": "P16",
      "belief_type": "strategy",
      "confidence": 0.1,
      "value": "unknown",
      "timestamp": 15.373134328358166,
      "evidence_count": 0
    },
    "23ba3974-3296-4b91-8159-5c7d33114731": {
      "edge_id": "23ba3974-3296-4b91-8159-5c7d33114731",
      "source_node": "BSE_ASSET",
      "target_node": "P16",
      "belief_type": "valuation",
      "confidence": 0.1,
      "value": 124,
      "timestamp": 20.447761194029777,
      "evidence_count": 1
    },
    "bc75e0c4-00c0-40c5-ae92-5febd88d8f00": {
      "edge_id": "bc75e0c4-00c0-40c5-ae92-5febd88d8f00",
      "source_node": "BSE_ASSET",
      "target_node": "P13",
      "belief_type": "strategy",
      "confidence": 0.1,
      "value": "unknown",
      "timestamp": 20.447761194029777,
      "evidence_count": 0
    },
    "502d4b5e-5e50-4546-ab12-4bfe1e771c89": {
      "edge_id": "502d4b5e-5e50-4546-ab12-4bfe1e771c89",
      "source_node": "BSE_ASSET",
      "target_node": "P13",
      "belief_type": "valuation",
      "confidence": 0.1,
      "value": 124,
      "timestamp": 20.447761194029777,
      "evidence_count": 1
    },
    "e71c4e93-f609-416b-bbad-c9edc2ddc95f": {
      "edge_id": "e71c4e93-f609-416b-bbad-c9edc2ddc95f",
      "source_node": "BSE_ASSET",
      "target_node": "B15",
      "belief_type": "strategy",
      "confidence": 0.1,
      "value": "unknown",
      "timestamp": 20.447761194029777,
      "evidence_count": 0
    },
    "6fd9a986-3c9d-4df5-bb61-d12054c26a3a": {
      "edge_id": "6fd9a986-3c9d-4df5-bb61-d12054c26a3a",
      "source_node": "BSE_ASSET",
      "target_node": "B15",
      "belief_type": "valuation",
      "confidence": 0.1,
      "value": 120,
      "timestamp": 20.447761194029777,
      "evidence_count": 1
    },
    "d72daf26-918c-4066-87a2-b4694d35d9e4": {
      "edge_id": "d72daf26-918c-4066-87a2-b4694d35d9e4",
      "source_node": "BSE_ASSET",
      "target_node": "B21",
      "belief_type": "strategy",
      "confidence": 0.1,
      "value": "unknown",
      "timestamp": 20.447761194029777,
      "evidence_count": 0
    },
    "d8a55a3a-bc1f-4226-8ef4-5aa5cbd9a2e1": {
      "edge_id": "d8a55a3a-bc1f-4226-8ef4-5aa5cbd9a2e1",
      "source_node": "BSE_ASSET",
      "target_node": "B21",
      "belief_type": "valuation",
      "confidence": 0.1,
      "value": 115,
      "timestamp": 20.447761194029777,
      "evidence_count": 1
    },
    "85db282d-57c4-47c2-b1b4-4327c11b4e56": {
      "edge_id": "85db282d-57c4-47c2-b1b4-4327c11b4e56",
      "source_node": "BSE_ASSET",
      "target_node": "B08",
      "belief_type": "strategy",
      "confidence": 0.1,
      "value": "unknown",
      "timestamp": 20.447761194029777,
      "evidence_count": 0
    },
    "9d5fdbac-e136-4833-8d9e-884503ec69d3": {
      "edge_id": "9d5fdbac-e136-4833-8d9e-884503ec69d3",
      "source_node": "BSE_ASSET",
      "target_node": "B08",
      "belief_type": "valuation",
      "confidence": 0.1,
      "value": 113,
      "timestamp": 20.447761194029777,
      "evidence_count": 1
    },
    "4902dbc0-c2fc-4e87-84d2-aac42b831c9e": {
      "edge_id": "4902dbc0-c2fc-4e87-84d2-aac42b831c9e",
      "source_node": "BSE_ASSET",
      "target_node": "B14",
      "belief_type": "strategy",
      "confidence": 0.1,
      "value": "unknown",
      "timestamp": 20.447761194029777,
      "evidence_count": 0
    },
    "fd7d0312-bbf9-41aa-8c4a-4c13b06fcd90": {
      "edge_id": "fd7d0312-bbf9-41aa-8c4a-4c13b06fcd90",
      "source_node": "BSE_ASSET",
      "target_node": "B14",
      "belief_type": "valuation",
      "confidence": 0.1,
      "value": 107,
      "timestamp": 20.447761194029777,
      "evidence_count": 1
    },
    "c8b27268-c786-4077-bc41-5b09483c4cfa": {
      "edge_id": "c8b27268-c786-4077-bc41-5b09483c4cfa",
      "source_node": "BSE_ASSET",
      "target_node": "B18",
      "belief_type": "strategy",
      "confidence": 0.1,
      "value": "unknown",
      "timestamp": 20.447761194029777,
      "evidence_count": 0
    },
    "7a1d67b1-d3c2-4ca4-81ae-3ba070c426d8": {
      "edge_id": "7a1d67b1-d3c2-4ca4-81ae-3ba070c426d8",
      "source_node": "BSE_ASSET",
      "target_node": "B18",
      "belief_type": "valuation",
      "confidence": 0.1,
      "value": 100,
      "timestamp": 20.447761194029777,
      "evidence_count": 1
    },
    "04103fe8-1dae-476e-82a9-ebdac9c66513": {
      "edge_id": "04103fe8-1dae-476e-82a9-ebdac9c66513",
      "source_node": "BSE_ASSET",
      "target_node": "S15",
      "belief_type": "strategy",
      "confidence": 0.1,
      "value": "unknown",
      "timestamp": 20.447761194029777,
      "evidence_count": 0
    },
    "a47ddd17-76fc-42ef-bb46-f67cbed1563c": {
      "edge_id": "a47ddd17-76fc-42ef-bb46-f67cbed1563c",
      "source_node": "BSE_ASSET",
      "target_node": "S15",
      "belief_type": "valuation",
      "confidence": 0.1,
      "value": 127,
      "timestamp": 20.447761194029777,
      "evidence_count": 1
    },
    "ab623d03-d8b7-4101-8479-c162555c7e94": {
      "edge_id": "ab623d03-d8b7-4101-8479-c162555c7e94",
      "source_node": "BSE_ASSET",
      "target_node": "P15",
      "belief_type": "strategy",
      "confidence": 0.1,
      "value": "unknown",
      "timestamp": 20.447761194029777,
      "evidence_count": 0
    },
    "a250cf75-fc87-4903-94e1-f3f6b0e45ea5": {
      "edge_id": "a250cf75-fc87-4903-94e1-f3f6b0e45ea5",
      "source_node": "BSE_ASSET",
      "target_node": "P15",
      "belief_type": "valuation",
      "confidence": 0.1,
      "value": 128,
      "timestamp": 20.447761194029777,
      "evidence_count": 1
    },
    "f44acae2-6a86-4e60-83db-977669d3f8c2": {
      "edge_id": "f44acae2-6a86-4e60-83db-977669d3f8c2",
      "source_node": "BSE_ASSET",
      "target_node": "P00",
      "belief_type": "strategy",
      "confidence": 0.1,
      "value": "unknown",
      "timestamp": 20.447761194029777,
      "evidence_count": 0
    },
    "b7431e77-6869-40d9-8548-a7b140de17f6": {
      "edge_id": "b7431e77-6869-40d9-8548-a7b140de17f6",
      "source_node": "BSE_ASSET",
      "target_node": "P00",
      "belief_type": "valuation",
      "confidence": 0.1,
      "value": 129,
      "timestamp": 20.447761194029777,
      "evidence_count": 1
    }
  },
  "event_history": [
    {
      "event_id": "bid_B07_10.298507462686555",
      "event_type": "bid",
      "timestamp": 10.298507462686555,
      "agent_id": "B07",
      "price": 98,
      "quantity": 1,
      "counterparty_id": null,
      "order_id": null
    },
    {
      "event_id": "bid_B09_10.298507462686555",
      "event_type": "bid",
      "timestamp": 10.298507462686555,
      "agent_id": "B09",
      "price": 82,
      "quantity": 1,
      "counterparty_id": null,
      "order_id": null
    },
    {
      "event_id": "bid_B04_10.298507462686555",
      "event_type": "bid",
      "timestamp": 10.298507462686555,
      "agent_id": "B04",
      "price": 82,
      "quantity": 1,
      "counterparty_id": null,
      "order_id": null
    },
    {
      "event_id": "ask_S03_10.298507462686555",
      "event_type": "ask",
      "timestamp": 10.298507462686555,
      "agent_id": "S03",
      "price": 130,
      "quantity": 1,
      "counterparty_id": null,
      "order_id": null
    },
    {
      "event_id": "ask_S02_10.298507462686555",
      "event_type": "ask",
      "timestamp": 10.298507462686555,
      "agent_id": "S02",
      "price": 132,
      "quantity": 1,
      "counterparty_id": null,
      "order_id": null
    },
    {
      "event_id": "ask_S12_10.298507462686555",
      "event_type": "ask",
      "timestamp": 10.298507462686555,
      "agent_id": "S12",
      "price": 144,
      "quantity": 1,
      "counterparty_id": null,
      "order_id": null
    },
    {
      "event_id": "ask_S20_10.298507462686555",
      "event_type": "ask",
      "timestamp": 10.298507462686555,
      "agent_id": "S20",
      "price": 148,
      "quantity": 1,
      "counterparty_id": null,
      "order_id": null
    },
    {
      "event_id": "ask_S07_10.298507462686555",
      "event_type": "ask",
      "timestamp": 10.298507462686555,
      "agent_id": "S07",
      "price": 197,
      "quantity": 1,
      "counterparty_id": null,
      "order_id": null
    },
    {
      "event_id": "bid_P20_15.373134328358166",
      "event_type": "bid",
      "timestamp": 15.373134328358166,
      "agent_id": "P20",
      "price": 124,
      "quantity": 1,
      "counterparty_id": null,
      "order_id": null
    },
    {
      "event_id": "bid_P14_15.373134328358166",
      "event_type": "bid",
      "timestamp": 15.373134328358166,
      "agent_id": "P14",
      "price": 124,
      "quantity": 1,
      "counterparty_id": null,
      "order_id": null
    },
    {
      "event_id": "bid_P07_15.373134328358166",
      "event_type": "bid",
      "timestamp": 15.373134328358166,
      "agent_id": "P07",
      "price": 120,
      "quantity": 1,
      "counterparty_id": null,
      "order_id": null
    },
    {
      "event_id": "bid_B06_15.373134328358166",
      "event_type": "bid",
      "timestamp": 15.373134328358166,
      "agent_id": "B06",
      "price": 112,
      "quantity": 1,
      "counterparty_id": null,
      "order_id": null
    },
    {
      "event_id": "bid_B13_15.373134328358166",
      "event_type": "bid",
      "timestamp": 15.373134328358166,
      "agent_id": "B13",
      "price": 100,
      "quantity": 1,
      "counterparty_id": null,
      "order_id": null
    },
    {
      "event_id": "bid_B20_15.373134328358166",
      "event_type": "bid",
      "timestamp": 15.373134328358166,
      "agent_id": "B20",
      "price": 100,
      "quantity": 1,
      "counterparty_id": null,
      "order_id": null
    },
    {
      "event_id": "bid_B07_15.373134328358166",
      "event_type": "bid",
      "timestamp": 15.373134328358166,
      "agent_id": "B07",
      "price": 98,
      "quantity": 1,
      "counterparty_id": null,
      "order_id": null
    },
    {
      "event_id": "bid_B10_15.373134328358166",
      "event_type": "bid",
      "timestamp": 15.373134328358166,
      "agent_id": "B10",
      "price": 98,
      "quantity": 1,
      "counterparty_id": null,
      "order_id": null
    },
    {
      "event_id": "bid_B05_15.373134328358166",
      "event_type": "bid",
      "timestamp": 15.373134328358166,
      "agent_id": "B05",
      "price": 93,
      "quantity": 1,
      "counterparty_id": null,
      "order_id": null
    },
    {
      "event_id": "bid_B04_15.373134328358166",
      "event_type": "bid",
      "timestamp": 15.373134328358166,
      "agent_id": "B04",
      "price": 82,
      "quantity": 1,
      "counterparty_id": null,
      "order_id": null
    },
    {
      "event_id": "bid_B02_15.373134328358166",
      "event_type": "bid",
      "timestamp": 15.373134328358166,
      "agent_id": "B02",
      "price": 36,
      "quantity": 1,
      "counterparty_id": null,
      "order_id": null
    },
    {
      "event_id": "ask_S02_15.373134328358166",
      "event_type": "ask",
      "timestamp": 15.373134328358166,
      "agent_id": "S02",
      "price": 129,
      "quantity": 1,
      "counterparty_id": null,
      "order_id": null
    },
    {
      "event_id": "ask_S04_15.373134328358166",
      "event_type": "ask",
      "timestamp": 15.373134328358166,
      "agent_id": "S04",
      "price": 129,
      "quantity": 1,
      "counterparty_id": null,
      "order_id": null
    },
    {
      "event_id": "ask_P02_15.373134328358166",
      "event_type": "ask",
      "timestamp": 15.373134328358166,
      "agent_id": "P02",
      "price": 129,
      "quantity": 1,
      "counterparty_id": null,
      "order_id": null
    },
    {
      "event_id": "ask_P12_15.373134328358166",
      "event_type": "ask",
      "timestamp": 15.373134328358166,
      "agent_id": "P12",
      "price": 130,
      "quantity": 1,
      "counterparty_id": null,
      "order_id": null
    },
    {
      "event_id": "ask_P08_15.373134328358166",
      "event_type": "ask",
      "timestamp": 15.373134328358166,
      "agent_id": "P08",
      "price": 130,
      "quantity": 1,
      "counterparty_id": null,
      "order_id": null
    },
    {
      "event_id": "ask_P18_15.373134328358166",
      "event_type": "ask",
      "timestamp": 15.373134328358166,
      "agent_id": "P18",
      "price": 130,
      "quantity": 1,
      "counterparty_id": null,
      "order_id": null
    },
    {
      "event_id": "ask_S20_15.373134328358166",
      "event_type": "ask",
      "timestamp": 15.373134328358166,
      "agent_id": "S20",
      "price": 136,
      "quantity": 1,
      "counterparty_id": null,
      "order_id": null
    },
    {
      "event_id": "ask_S12_15.373134328358166",
      "event_type": "ask",
      "timestamp": 15.373134328358166,
      "agent_id": "S12",
      "price": 144,
      "quantity": 1,
      "counterparty_id": null,
      "order_id": null
    },
    {
      "event_id": "ask_S07_15.373134328358166",
      "event_type": "ask",
      "timestamp": 15.373134328358166,
      "agent_id": "S07",
      "price": 498,
      "quantity": 1,
      "counterparty_id": null,
      "order_id": null
    },
    {
      "event_id": "bid_P16_20.447761194029777",
      "event_type": "bid",
      "timestamp": 20.447761194029777,
      "agent_id": "P16",
      "price": 124,
      "quantity": 1,
      "counterparty_id": null,
      "order_id": null
    },
    {
      "event_id": "bid_P13_20.447761194029777",
      "event_type": "bid",
      "timestamp": 20.447761194029777,
      "agent_id": "P13",
      "price": 124,
      "quantity": 1,
      "counterparty_id": null,
      "order_id": null
    },
    {
      "event_id": "bid_P19_20.447761194029777",
      "event_type": "bid",
      "timestamp": 20.447761194029777,
      "agent_id": "P19",
      "price": 124,
      "quantity": 1,
      "counterparty_id": null,
      "order_id": null
    },
    {
      "event_id": "bid_P07_20.447761194029777",
      "event_type": "bid",
      "timestamp": 20.447761194029777,
      "agent_id": "P07",
      "price": 120,
      "quantity": 1,
      "counterparty_id": null,
      "order_id": null
    },
    {
      "event_id": "bid_B15_20.447761194029777",
      "event_type": "bid",
      "timestamp": 20.447761194029777,
      "agent_id": "B15",
      "price": 120,
      "quantity": 1,
      "counterparty_id": null,
      "order_id": null
    },
    {
      "event_id": "bid_B10_20.447761194029777",
      "event_type": "bid",
      "timestamp": 20.447761194029777,
      "agent_id": "B10",
      "price": 117,
      "quantity": 1,
      "counterparty_id": null,
      "order_id": null
    },
    {
      "event_id": "bid_B21_20.447761194029777",
      "event_type": "bid",
      "timestamp": 20.447761194029777,
      "agent_id": "B21",
      "price": 115,
      "quantity": 1,
      "counterparty_id": null,
      "order_id": null
    },
    {
      "event_id": "bid_B08_20.447761194029777",
      "event_type": "bid",
      "timestamp": 20.447761194029777,
      "agent_id": "B08",
      "price": 113,
      "quantity": 1,
      "counterparty_id": null,
      "order_id": null
    },
    {
      "event_id": "bid_B06_20.447761194029777",
      "event_type": "bid",
      "timestamp": 20.447761194029777,
      "agent_id": "B06",
      "price": 112,
      "quantity": 1,
      "counterparty_id": null,
      "order_id": null
    },
    {
      "event_id": "bid_B13_20.447761194029777",
      "event_type": "bid",
      "timestamp": 20.447761194029777,
      "agent_id": "B13",
      "price": 110,
      "quantity": 1,
      "counterparty_id": null,
      "order_id": null
    },
    {
      "event_id": "bid_B02_20.447761194029777",
      "event_type": "bid",
      "timestamp": 20.447761194029777,
      "agent_id": "B02",
      "price": 108,
      "quantity": 1,
      "counterparty_id": null,
      "order_id": null
    },
    {
      "event_id": "bid_B14_20.447761194029777",
      "event_type": "bid",
      "timestamp": 20.447761194029777,
      "agent_id": "B14",
      "price": 107,
      "quantity": 1,
      "counterparty_id": null,
      "order_id": null
    },
    {
      "event_id": "bid_B18_20.447761194029777",
      "event_type": "bid",
      "timestamp": 20.447761194029777,
      "agent_id": "B18",
      "price": 100,
      "quantity": 1,
      "counterparty_id": null,
      "order_id": null
    },
    {
      "event_id": "bid_B05_20.447761194029777",
      "event_type": "bid",
      "timestamp": 20.447761194029777,
      "agent_id": "B05",
      "price": 93,
      "quantity": 1,
      "counterparty_id": null,
      "order_id": null
    },
    {
      "event_id": "ask_S15_20.447761194029777",
      "event_type": "ask",
      "timestamp": 20.447761194029777,
      "agent_id": "S15",
      "price": 127,
      "quantity": 1,
      "counterparty_id": null,
      "order_id": null
    },
    {
      "event_id": "ask_P01_20.447761194029777",
      "event_type": "ask",
      "timestamp": 20.447761194029777,
      "agent_id": "P01",
      "price": 127,
      "quantity": 1,
      "counterparty_id": null,
      "order_id": null
    },
    {
      "event_id": "ask_P15_20.447761194029777",
      "event_type": "ask",
      "timestamp": 20.447761194029777,
      "agent_id": "P15",
      "price": 128,
      "quantity": 1,
      "counterparty_id": null,
      "order_id": null
    },
    {
      "event_id": "ask_P02_20.447761194029777",
      "event_type": "ask",
      "timestamp": 20.447761194029777,
      "agent_id": "P02",
      "price": 129,
      "quantity": 1,
      "counterparty_id": null,
      "order_id": null
    },
    {
      "event_id": "ask_P00_20.447761194029777",
      "event_type": "ask",
      "timestamp": 20.447761194029777,
      "agent_id": "P00",
      "price": 129,
      "quantity": 1,
      "counterparty_id": null,
      "order_id": null
    },
    {
      "event_id": "ask_P12_20.447761194029777",
      "event_type": "ask",
      "timestamp": 20.447761194029777,
      "agent_id": "P12",
      "price": 130,
      "quantity": 1,
      "counterparty_id": null,
      "order_id": null
    },
    {
      "event_id": "ask_P08_20.447761194029777",
      "event_type": "ask",
      "timestamp": 20.447761194029777,
      "agent_id": "P08",
      "price": 130,
      "quantity": 1,
      "counterparty_id": null,
      "order_id": null
    },
    {
      "event_id": "ask_P18_20.447761194029777",
      "event_type": "ask",
      "timestamp": 20.447761194029777,
      "agent_id": "P18",
      "price": 130,
      "quantity": 1,
      "counterparty_id": null,
      "order_id": null
    }
  ]
}
2025-10-10 18:19:02 | HM_NL_COT_P19 | ================================================================================
2025-10-10 18:19:02 | HM_NL_COT_P19 | [AGENTS-TRACKED] Currently tracking 38 agents: ['P19', 'P17', 'P02', 'P01', 'P08', 'P07', 'B11', 'B19', 'S06', 'S02', 'S07', 'P20', 'B13', 'B05', 'B02', 'B07', 'B09', 'B04', 'S03', 'S12', 'S20', 'P14', 'B06', 'B20', 'B10', 'S04', 'P12', 'P18', 'P16', 'P13', 'B15', 'B21', 'B08', 'B14', 'B18', 'S15', 'P15', 'P00']
2025-10-10 18:27:53 | HM_NL_COT_P19 | [BELIEF-THROTTLE] P09: Running belief graph update at time 25.5
2025-10-10 18:27:53 | HM_NL_COT_P19 | [UPDATE-SUMMARY] Processed 23 market events at time 25.5
2025-10-10 18:27:53 | HM_NL_COT_P19 | === BELIEF GRAPH STATE AT TIME 25.5 ===
2025-10-10 18:27:53 | HM_NL_COT_P19 | {
  "graph_id": "35bffc35-eaaa-4a03-8264-413373ab85fc",
  "asset_id": "BSE_ASSET",
  "current_time": 25.522388059701388,
  "nodes": {
    "BSE_ASSET": {
      "asset_id": "BSE_ASSET",
      "node_type": "asset",
      "current_best_bid": null,
      "current_best_ask": null,
      "last_trade_price": null,
      "volume_traded": 0,
      "price_volatility": 0.0,
      "spread_width": null,
      "market_depth_bid": 0,
      "market_depth_ask": 0
    },
    "P19": {
      "agent_id": "P19",
      "node_type": "agent",
      "last_bid_price": 124,
      "last_ask_price": null,
      "last_trade_price": null,
      "total_trades": 0,
      "total_volume": 0,
      "strategy_type": "Hypothetical-Minds",
      "inferred_valuation": 124,
      "valuation_confidence": 0.1,
      "aggressiveness_score": 0.6,
      "last_activity": 20.447761194029777
    },
    "P17": {
      "agent_id": "P17",
      "node_type": "agent",
      "last_bid_price": 130,
      "last_ask_price": null,
      "last_trade_price": null,
      "total_trades": 0,
      "total_volume": 0,
      "strategy_type": null,
      "inferred_valuation": 130,
      "valuation_confidence": 0.1,
      "aggressiveness_score": 0.0,
      "last_activity": 5.074626865671641
    },
    "P02": {
      "agent_id": "P02",
      "node_type": "agent",
      "last_bid_price": 128,
      "last_ask_price": 129,
      "last_trade_price": null,
      "total_trades": 0,
      "total_volume": 0,
      "strategy_type": null,
      "inferred_valuation": 128.65699999999998,
      "valuation_confidence": 0.4,
      "aggressiveness_score": 0.0,
      "last_activity": 25.522388059701388
    },
    "P01": {
      "agent_id": "P01",
      "node_type": "agent",
      "last_bid_price": 128,
      "last_ask_price": 127,
      "last_trade_price": null,
      "total_trades": 0,
      "total_volume": 0,
      "strategy_type": null,
      "inferred_valuation": 127.48999999999998,
      "valuation_confidence": 0.30000000000000004,
      "aggressiveness_score": 0.0,
      "last_activity": 25.522388059701388
    },
    "P08": {
      "agent_id": "P08",
      "node_type": "agent",
      "last_bid_price": 127,
      "last_ask_price": 130,
      "last_trade_price": null,
      "total_trades": 0,
      "total_volume": 0,
      "strategy_type": null,
      "inferred_valuation": 128.97099999999998,
      "valuation_confidence": 0.4,
      "aggressiveness_score": 0.0,
      "last_activity": 25.522388059701388
    },
    "P07": {
      "agent_id": "P07",
      "node_type": "agent",
      "last_bid_price": 120,
      "last_ask_price": null,
      "last_trade_price": null,
      "total_trades": 0,
      "total_volume": 0,
      "strategy_type": null,
      "inferred_valuation": 120.0,
      "valuation_confidence": 0.5,
      "aggressiveness_score": 0.0,
      "last_activity": 25.522388059701388
    },
    "B11": {
      "agent_id": "B11",
      "node_type": "agent",
      "last_bid_price": 111,
      "last_ask_price": null,
      "last_trade_price": null,
      "total_trades": 0,
      "total_volume": 0,
      "strategy_type": null,
      "inferred_valuation": 110.99999999999999,
      "valuation_confidence": 0.2,
      "aggressiveness_score": 0.0,
      "last_activity": 10.298507462686555
    },
    "B19": {
      "agent_id": "B19",
      "node_type": "agent",
      "last_bid_price": 124,
      "last_ask_price": null,
      "last_trade_price": null,
      "total_trades": 0,
      "total_volume": 0,
      "strategy_type": null,
      "inferred_valuation": 114.19999999999999,
      "valuation_confidence": 0.2,
      "aggressiveness_score": 0.0,
      "last_activity": 10.298507462686555
    },
    "S06": {
      "agent_id": "S06",
      "node_type": "agent",
      "last_bid_price": null,
      "last_ask_price": 132,
      "last_trade_price": null,
      "total_trades": 0,
      "total_volume": 0,
      "strategy_type": null,
      "inferred_valuation": 132,
      "valuation_confidence": 0.1,
      "aggressiveness_score": 0.0,
      "last_activity": 5.074626865671641
    },
    "S02": {
      "agent_id": "S02",
      "node_type": "agent",
      "last_bid_price": null,
      "last_ask_price": 129,
      "last_trade_price": null,
      "total_trades": 0,
      "total_volume": 0,
      "strategy_type": null,
      "inferred_valuation": 131.58999999999997,
      "valuation_confidence": 0.30000000000000004,
      "aggressiveness_score": 0.0,
      "last_activity": 15.373134328358166
    },
    "S07": {
      "agent_id": "S07",
      "node_type": "agent",
      "last_bid_price": null,
      "last_ask_price": 498,
      "last_trade_price": null,
      "total_trades": 0,
      "total_volume": 0,
      "strategy_type": null,
      "inferred_valuation": 397.05999999999995,
      "valuation_confidence": 0.30000000000000004,
      "aggressiveness_score": 0.0,
      "last_activity": 15.373134328358166
    },
    "P20": {
      "agent_id": "P20",
      "node_type": "agent",
      "last_bid_price": 124,
      "last_ask_price": null,
      "last_trade_price": null,
      "total_trades": 0,
      "total_volume": 0,
      "strategy_type": null,
      "inferred_valuation": 124.0,
      "valuation_confidence": 0.2,
      "aggressiveness_score": 0.0,
      "last_activity": 15.373134328358166
    },
    "B13": {
      "agent_id": "B13",
      "node_type": "agent",
      "last_bid_price": 110,
      "last_ask_price": null,
      "last_trade_price": null,
      "total_trades": 0,
      "total_volume": 0,
      "strategy_type": null,
      "inferred_valuation": 105.1,
      "valuation_confidence": 0.4,
      "aggressiveness_score": 0.0,
      "last_activity": 25.522388059701388
    },
    "B05": {
      "agent_id": "B05",
      "node_type": "agent",
      "last_bid_price": 93,
      "last_ask_price": null,
      "last_trade_price": null,
      "total_trades": 0,
      "total_volume": 0,
      "strategy_type": null,
      "inferred_valuation": 95.94,
      "valuation_confidence": 0.30000000000000004,
      "aggressiveness_score": 0.0,
      "last_activity": 20.447761194029777
    },
    "B02": {
      "agent_id": "B02",
      "node_type": "agent",
      "last_bid_price": 108,
      "last_ask_price": null,
      "last_trade_price": null,
      "total_trades": 0,
      "total_volume": 0,
      "strategy_type": null,
      "inferred_valuation": 94.329,
      "valuation_confidence": 0.4,
      "aggressiveness_score": 0.0,
      "last_activity": 25.522388059701388
    },
    "B07": {
      "agent_id": "B07",
      "node_type": "agent",
      "last_bid_price": 98,
      "last_ask_price": null,
      "last_trade_price": null,
      "total_trades": 0,
      "total_volume": 0,
      "strategy_type": null,
      "inferred_valuation": 98.0,
      "valuation_confidence": 0.2,
      "aggressiveness_score": 0.0,
      "last_activity": 15.373134328358166
    },
    "B09": {
      "agent_id": "B09",
      "node_type": "agent",
      "last_bid_price": 121,
      "last_ask_price": null,
      "last_trade_price": null,
      "total_trades": 0,
      "total_volume": 0,
      "strategy_type": null,
      "inferred_valuation": 93.69999999999999,
      "valuation_confidence": 0.2,
      "aggressiveness_score": 0.0,
      "last_activity": 25.522388059701388
    },
    "B04": {
      "agent_id": "B04",
      "node_type": "agent",
      "last_bid_price": 82,
      "last_ask_price": null,
      "last_trade_price": null,
      "total_trades": 0,
      "total_volume": 0,
      "strategy_type": null,
      "inferred_valuation": 82.0,
      "valuation_confidence": 0.2,
      "aggressiveness_score": 0.0,
      "last_activity": 15.373134328358166
    },
    "S03": {
      "agent_id": "S03",
      "node_type": "agent",
      "last_bid_price": null,
      "last_ask_price": 130,
      "last_trade_price": null,
      "total_trades": 0,
      "total_volume": 0,
      "strategy_type": null,
      "inferred_valuation": 130,
      "valuation_confidence": 0.1,
      "aggressiveness_score": 0.0,
      "last_activity": 10.298507462686555
    },
    "S12": {
      "agent_id": "S12",
      "node_type": "agent",
      "last_bid_price": null,
      "last_ask_price": 144,
      "last_trade_price": null,
      "total_trades": 0,
      "total_volume": 0,
      "strategy_type": null,
      "inferred_valuation": 144.0,
      "valuation_confidence": 0.2,
      "aggressiveness_score": 0.0,
      "last_activity": 15.373134328358166
    },
    "S20": {
      "agent_id": "S20",
      "node_type": "agent",
      "last_bid_price": null,
      "last_ask_price": 136,
      "last_trade_price": null,
      "total_trades": 0,
      "total_volume": 0,
      "strategy_type": null,
      "inferred_valuation": 144.39999999999998,
      "valuation_confidence": 0.2,
      "aggressiveness_score": 0.0,
      "last_activity": 15.373134328358166
    },
    "P14": {
      "agent_id": "P14",
      "node_type": "agent",
      "last_bid_price": 124,
      "last_ask_price": 127,
      "last_trade_price": null,
      "total_trades": 0,
      "total_volume": 0,
      "strategy_type": null,
      "inferred_valuation": 124.9,
      "valuation_confidence": 0.2,
      "aggressiveness_score": 0.0,
      "last_activity": 25.522388059701388
    },
    "B06": {
      "agent_id": "B06",
      "node_type": "agent",
      "last_bid_price": 112,
      "last_ask_price": null,
      "last_trade_price": null,
      "total_trades": 0,
      "total_volume": 0,
      "strategy_type": null,
      "inferred_valuation": 112.0,
      "valuation_confidence": 0.2,
      "aggressiveness_score": 0.0,
      "last_activity": 20.447761194029777
    },
    "B20": {
      "agent_id": "B20",
      "node_type": "agent",
      "last_bid_price": 100,
      "last_ask_price": null,
      "last_trade_price": null,
      "total_trades": 0,
      "total_volume": 0,
      "strategy_type": null,
      "inferred_valuation": 100,
      "valuation_confidence": 0.1,
      "aggressiveness_score": 0.0,
      "last_activity": 15.373134328358166
    },
    "B10": {
      "agent_id": "B10",
      "node_type": "agent",
      "last_bid_price": 117,
      "last_ask_price": null,
      "last_trade_price": null,
      "total_trades": 0,
      "total_volume": 0,
      "strategy_type": null,
      "inferred_valuation": 107.69,
      "valuation_confidence": 0.30000000000000004,
      "aggressiveness_score": 0.0,
      "last_activity": 25.522388059701388
    },
    "S04": {
      "agent_id": "S04",
      "node_type": "agent",
      "last_bid_price": null,
      "last_ask_price": 132,
      "last_trade_price": null,
      "total_trades": 0,
      "total_volume": 0,
      "strategy_type": null,
      "inferred_valuation": 129.9,
      "valuation_confidence": 0.2,
      "aggressiveness_score": 0.0,
      "last_activity": 25.522388059701388
    },
    "P12": {
      "agent_id": "P12",
      "node_type": "agent",
      "last_bid_price": null,
      "last_ask_price": 130,
      "last_trade_price": null,
      "total_trades": 0,
      "total_volume": 0,
      "strategy_type": null,
      "inferred_valuation": 130.0,
      "valuation_confidence": 0.30000000000000004,
      "aggressiveness_score": 0.0,
      "last_activity": 25.522388059701388
    },
    "P18": {
      "agent_id": "P18",
      "node_type": "agent",
      "last_bid_price": null,
      "last_ask_price": 130,
      "last_trade_price": null,
      "total_trades": 0,
      "total_volume": 0,
      "strategy_type": null,
      "inferred_valuation": 130.0,
      "valuation_confidence": 0.30000000000000004,
      "aggressiveness_score": 0.0,
      "last_activity": 25.522388059701388
    },
    "P16": {
      "agent_id": "P16",
      "node_type": "agent",
      "last_bid_price": 124,
      "last_ask_price": null,
      "last_trade_price": null,
      "total_trades": 0,
      "total_volume": 0,
      "strategy_type": null,
      "inferred_valuation": 124,
      "valuation_confidence": 0.1,
      "aggressiveness_score": 0.0,
      "last_activity": 20.447761194029777
    },
    "P13": {
      "agent_id": "P13",
      "node_type": "agent",
      "last_bid_price": 124,
      "last_ask_price": null,
      "last_trade_price": null,
      "total_trades": 0,
      "total_volume": 0,
      "strategy_type": null,
      "inferred_valuation": 124,
      "valuation_confidence": 0.1,
      "aggressiveness_score": 0.0,
      "last_activity": 20.447761194029777
    },
    "B15": {
      "agent_id": "B15",
      "node_type": "agent",
      "last_bid_price": 120,
      "last_ask_price": null,
      "last_trade_price": null,
      "total_trades": 0,
      "total_volume": 0,
      "strategy_type": null,
      "inferred_valuation": 120,
      "valuation_confidence": 0.1,
      "aggressiveness_score": 0.0,
      "last_activity": 20.447761194029777
    },
    "B21": {
      "agent_id": "B21",
      "node_type": "agent",
      "last_bid_price": 115,
      "last_ask_price": null,
      "last_trade_price": null,
      "total_trades": 0,
      "total_volume": 0,
      "strategy_type": null,
      "inferred_valuation": 115,
      "valuation_confidence": 0.1,
      "aggressiveness_score": 0.0,
      "last_activity": 20.447761194029777
    },
    "B08": {
      "agent_id": "B08",
      "node_type": "agent",
      "last_bid_price": 113,
      "last_ask_price": null,
      "last_trade_price": null,
      "total_trades": 0,
      "total_volume": 0,
      "strategy_type": null,
      "inferred_valuation": 113.0,
      "valuation_confidence": 0.2,
      "aggressiveness_score": 0.0,
      "last_activity": 25.522388059701388
    },
    "B14": {
      "agent_id": "B14",
      "node_type": "agent",
      "last_bid_price": 120,
      "last_ask_price": null,
      "last_trade_price": null,
      "total_trades": 0,
      "total_volume": 0,
      "strategy_type": null,
      "inferred_valuation": 110.89999999999999,
      "valuation_confidence": 0.2,
      "aggressiveness_score": 0.0,
      "last_activity": 25.522388059701388
    },
    "B18": {
      "agent_id": "B18",
      "node_type": "agent",
      "last_bid_price": 100,
      "last_ask_price": null,
      "last_trade_price": null,
      "total_trades": 0,
      "total_volume": 0,
      "strategy_type": null,
      "inferred_valuation": 100,
      "valuation_confidence": 0.1,
      "aggressiveness_score": 0.0,
      "last_activity": 20.447761194029777
    },
    "S15": {
      "agent_id": "S15",
      "node_type": "agent",
      "last_bid_price": null,
      "last_ask_price": 127,
      "last_trade_price": null,
      "total_trades": 0,
      "total_volume": 0,
      "strategy_type": null,
      "inferred_valuation": 127,
      "valuation_confidence": 0.1,
      "aggressiveness_score": 0.0,
      "last_activity": 20.447761194029777
    },
    "P15": {
      "agent_id": "P15",
      "node_type": "agent",
      "last_bid_price": null,
      "last_ask_price": 127,
      "last_trade_price": null,
      "total_trades": 0,
      "total_volume": 0,
      "strategy_type": null,
      "inferred_valuation": 127.69999999999999,
      "valuation_confidence": 0.2,
      "aggressiveness_score": 0.0,
      "last_activity": 25.522388059701388
    },
    "P00": {
      "agent_id": "P00",
      "node_type": "agent",
      "last_bid_price": null,
      "last_ask_price": 129,
      "last_trade_price": null,
      "total_trades": 0,
      "total_volume": 0,
      "strategy_type": null,
      "inferred_valuation": 129,
      "valuation_confidence": 0.1,
      "aggressiveness_score": 0.0,
      "last_activity": 20.447761194029777
    },
    "P06": {
      "agent_id": "P06",
      "node_type": "agent",
      "last_bid_price": 124,
      "last_ask_price": null,
      "last_trade_price": null,
      "total_trades": 0,
      "total_volume": 0,
      "strategy_type": null,
      "inferred_valuation": 124,
      "valuation_confidence": 0.1,
      "aggressiveness_score": 0.0,
      "last_activity": 25.522388059701388
    },
    "P10": {
      "agent_id": "P10",
      "node_type": "agent",
      "last_bid_price": 124,
      "last_ask_price": null,
      "last_trade_price": null,
      "total_trades": 0,
      "total_volume": 0,
      "strategy_type": null,
      "inferred_valuation": 124,
      "valuation_confidence": 0.1,
      "aggressiveness_score": 0.0,
      "last_activity": 25.522388059701388
    },
    "B01": {
      "agent_id": "B01",
      "node_type": "agent",
      "last_bid_price": 91,
      "last_ask_price": null,
      "last_trade_price": null,
      "total_trades": 0,
      "total_volume": 0,
      "strategy_type": null,
      "inferred_valuation": 91,
      "valuation_confidence": 0.1,
      "aggressiveness_score": 0.0,
      "last_activity": 25.522388059701388
    },
    "S14": {
      "agent_id": "S14",
      "node_type": "agent",
      "last_bid_price": null,
      "last_ask_price": 133,
      "last_trade_price": null,
      "total_trades": 0,
      "total_volume": 0,
      "strategy_type": null,
      "inferred_valuation": 133,
      "valuation_confidence": 0.1,
      "aggressiveness_score": 0.0,
      "last_activity": 25.522388059701388
    },
    "S00": {
      "agent_id": "S00",
      "node_type": "agent",
      "last_bid_price": null,
      "last_ask_price": 143,
      "last_trade_price": null,
      "total_trades": 0,
      "total_volume": 0,
      "strategy_type": null,
      "inferred_valuation": 143,
      "valuation_confidence": 0.1,
      "aggressiveness_score": 0.0,
      "last_activity": 25.522388059701388
    },
    "S22": {
      "agent_id": "S22",
      "node_type": "agent",
      "last_bid_price": null,
      "last_ask_price": 152,
      "last_trade_price": null,
      "total_trades": 0,
      "total_volume": 0,
      "strategy_type": null,
      "inferred_valuation": 152,
      "valuation_confidence": 0.1,
      "aggressiveness_score": 0.0,
      "last_activity": 25.522388059701388
    },
    "S19": {
      "agent_id": "S19",
      "node_type": "agent",
      "last_bid_price": null,
      "last_ask_price": 172,
      "last_trade_price": null,
      "total_trades": 0,
      "total_volume": 0,
      "strategy_type": null,
      "inferred_valuation": 172,
      "valuation_confidence": 0.1,
      "aggressiveness_score": 0.0,
      "last_activity": 25.522388059701388
    },
    "S13": {
      "agent_id": "S13",
      "node_type": "agent",
      "last_bid_price": null,
      "last_ask_price": 175,
      "last_trade_price": null,
      "total_trades": 0,
      "total_volume": 0,
      "strategy_type": null,
      "inferred_valuation": 175,
      "valuation_confidence": 0.1,
      "aggressiveness_score": 0.0,
      "last_activity": 25.522388059701388
    }
  },
  "edges": {
    "a4891fe6-a7f3-4c4e-9438-8a506194cb6c": {
      "edge_id": "a4891fe6-a7f3-4c4e-9438-8a506194cb6c",
      "source_node": "BSE_ASSET",
      "target_node": "P19",
      "belief_type": "strategy",
      "confidence": 0.1,
      "value": "unknown",
      "timestamp": 0.0,
      "evidence_count": 0
    },
    "1900e2b0-08f7-4b6c-be34-e09ab4658056": {
      "edge_id": "1900e2b0-08f7-4b6c-be34-e09ab4658056",
      "source_node": "BSE_ASSET",
      "target_node": "P19",
      "belief_type": "valuation",
      "confidence": 0.1,
      "value": 124,
      "timestamp": 20.447761194029777,
      "evidence_count": 1
    },
    "7bc471fc-f9d0-4268-99ef-ab775dc4964a": {
      "edge_id": "7bc471fc-f9d0-4268-99ef-ab775dc4964a",
      "source_node": "BSE_ASSET",
      "target_node": "P17",
      "belief_type": "strategy",
      "confidence": 0.1,
      "value": "unknown",
      "timestamp": 0.0,
      "evidence_count": 0
    },
    "1ef62a27-0d0d-43c2-853b-abfddb306adc": {
      "edge_id": "1ef62a27-0d0d-43c2-853b-abfddb306adc",
      "source_node": "BSE_ASSET",
      "target_node": "P17",
      "belief_type": "valuation",
      "confidence": 0.1,
      "value": 130,
      "timestamp": 5.074626865671641,
      "evidence_count": 1
    },
    "61a15a24-c6de-4aee-8a43-f02f34f038d3": {
      "edge_id": "61a15a24-c6de-4aee-8a43-f02f34f038d3",
      "source_node": "BSE_ASSET",
      "target_node": "P02",
      "belief_type": "strategy",
      "confidence": 0.1,
      "value": "unknown",
      "timestamp": 5.074626865671641,
      "evidence_count": 0
    },
    "625688e5-b006-4cb9-ac29-d145d5c2eba2": {
      "edge_id": "625688e5-b006-4cb9-ac29-d145d5c2eba2",
      "source_node": "BSE_ASSET",
      "target_node": "P02",
      "belief_type": "valuation",
      "confidence": 0.4,
      "value": 128.65699999999998,
      "timestamp": 25.522388059701388,
      "evidence_count": 4
    },
    "e35535ec-8bd1-4570-9c90-664db4dcf430": {
      "edge_id": "e35535ec-8bd1-4570-9c90-664db4dcf430",
      "source_node": "BSE_ASSET",
      "target_node": "P01",
      "belief_type": "strategy",
      "confidence": 0.1,
      "value": "unknown",
      "timestamp": 5.074626865671641,
      "evidence_count": 0
    },
    "c63027ec-e9d5-466f-8639-fa20c604f7ee": {
      "edge_id": "c63027ec-e9d5-466f-8639-fa20c604f7ee",
      "source_node": "BSE_ASSET",
      "target_node": "P01",
      "belief_type": "valuation",
      "confidence": 0.30000000000000004,
      "value": 127.48999999999998,
      "timestamp": 25.522388059701388,
      "evidence_count": 3
    },
    "19206ae8-2585-44e2-88b2-db0c4a9c25d7": {
      "edge_id": "19206ae8-2585-44e2-88b2-db0c4a9c25d7",
      "source_node": "BSE_ASSET",
      "target_node": "P08",
      "belief_type": "strategy",
      "confidence": 0.1,
      "value": "unknown",
      "timestamp": 5.074626865671641,
      "evidence_count": 0
    },
    "7f1eac47-3f53-4759-ba58-64901d41d44a": {
      "edge_id": "7f1eac47-3f53-4759-ba58-64901d41d44a",
      "source_node": "BSE_ASSET",
      "target_node": "P08",
      "belief_type": "valuation",
      "confidence": 0.4,
      "value": 128.97099999999998,
      "timestamp": 25.522388059701388,
      "evidence_count": 4
    },
    "e82e323a-ed66-4243-90cd-ff817ec220b4": {
      "edge_id": "e82e323a-ed66-4243-90cd-ff817ec220b4",
      "source_node": "BSE_ASSET",
      "target_node": "P07",
      "belief_type": "strategy",
      "confidence": 0.1,
      "value": "unknown",
      "timestamp": 5.074626865671641,
      "evidence_count": 0
    },
    "73e99ecc-f906-4d93-843c-980f53c609a4": {
      "edge_id": "73e99ecc-f906-4d93-843c-980f53c609a4",
      "source_node": "BSE_ASSET",
      "target_node": "P07",
      "belief_type": "valuation",
      "confidence": 0.5,
      "value": 120.0,
      "timestamp": 25.522388059701388,
      "evidence_count": 5
    },
    "6e36f9cf-c910-41a9-af43-0513a339d0ad": {
      "edge_id": "6e36f9cf-c910-41a9-af43-0513a339d0ad",
      "source_node": "BSE_ASSET",
      "target_node": "B11",
      "belief_type": "strategy",
      "confidence": 0.1,
      "value": "unknown",
      "timestamp": 5.074626865671641,
      "evidence_count": 0
    },
    "ef7efa98-d07e-4ec5-8b2e-a6d4876f4f5f": {
      "edge_id": "ef7efa98-d07e-4ec5-8b2e-a6d4876f4f5f",
      "source_node": "BSE_ASSET",
      "target_node": "B11",
      "belief_type": "valuation",
      "confidence": 0.2,
      "value": 110.99999999999999,
      "timestamp": 10.298507462686555,
      "evidence_count": 2
    },
    "a55cd835-ffa2-4862-a5e3-f6fad49a4d9c": {
      "edge_id": "a55cd835-ffa2-4862-a5e3-f6fad49a4d9c",
      "source_node": "BSE_ASSET",
      "target_node": "B19",
      "belief_type": "strategy",
      "confidence": 0.1,
      "value": "unknown",
      "timestamp": 5.074626865671641,
      "evidence_count": 0
    },
    "bdfcca2f-0877-4b2d-a30f-1ce0c16b6dde": {
      "edge_id": "bdfcca2f-0877-4b2d-a30f-1ce0c16b6dde",
      "source_node": "BSE_ASSET",
      "target_node": "B19",
      "belief_type": "valuation",
      "confidence": 0.2,
      "value": 114.19999999999999,
      "timestamp": 10.298507462686555,
      "evidence_count": 2
    },
    "67b8ecdd-4a90-49b6-a149-f236ab49c36c": {
      "edge_id": "67b8ecdd-4a90-49b6-a149-f236ab49c36c",
      "source_node": "BSE_ASSET",
      "target_node": "S06",
      "belief_type": "strategy",
      "confidence": 0.1,
      "value": "unknown",
      "timestamp": 5.074626865671641,
      "evidence_count": 0
    },
    "dab5e7c6-5f7d-478a-93ed-6b7cd83178a8": {
      "edge_id": "dab5e7c6-5f7d-478a-93ed-6b7cd83178a8",
      "source_node": "BSE_ASSET",
      "target_node": "S06",
      "belief_type": "valuation",
      "confidence": 0.1,
      "value": 132,
      "timestamp": 5.074626865671641,
      "evidence_count": 1
    },
    "b0eae87e-afc3-4873-becf-7bda4677a914": {
      "edge_id": "b0eae87e-afc3-4873-becf-7bda4677a914",
      "source_node": "BSE_ASSET",
      "target_node": "S02",
      "belief_type": "strategy",
      "confidence": 0.1,
      "value": "unknown",
      "timestamp": 5.074626865671641,
      "evidence_count": 0
    },
    "3570541c-011a-40f1-9f14-295e04b7f881": {
      "edge_id": "3570541c-011a-40f1-9f14-295e04b7f881",
      "source_node": "BSE_ASSET",
      "target_node": "S02",
      "belief_type": "valuation",
      "confidence": 0.30000000000000004,
      "value": 131.58999999999997,
      "timestamp": 15.373134328358166,
      "evidence_count": 3
    },
    "0b381505-1c05-47da-abb7-0f965b96f3bb": {
      "edge_id": "0b381505-1c05-47da-abb7-0f965b96f3bb",
      "source_node": "BSE_ASSET",
      "target_node": "S07",
      "belief_type": "strategy",
      "confidence": 0.1,
      "value": "unknown",
      "timestamp": 5.074626865671641,
      "evidence_count": 0
    },
    "6a0c4757-d135-42e4-ae15-6e3be1edc4ef": {
      "edge_id": "6a0c4757-d135-42e4-ae15-6e3be1edc4ef",
      "source_node": "BSE_ASSET",
      "target_node": "S07",
      "belief_type": "valuation",
      "confidence": 0.30000000000000004,
      "value": 397.05999999999995,
      "timestamp": 15.373134328358166,
      "evidence_count": 3
    },
    "29bdb8d8-12c1-4d18-a382-8d04a177177e": {
      "edge_id": "29bdb8d8-12c1-4d18-a382-8d04a177177e",
      "source_node": "BSE_ASSET",
      "target_node": "P20",
      "belief_type": "strategy",
      "confidence": 0.1,
      "value": "unknown",
      "timestamp": 10.298507462686555,
      "evidence_count": 0
    },
    "c7932dd6-bbcb-447a-8f3b-eed61ee3d3d5": {
      "edge_id": "c7932dd6-bbcb-447a-8f3b-eed61ee3d3d5",
      "source_node": "BSE_ASSET",
      "target_node": "P20",
      "belief_type": "valuation",
      "confidence": 0.2,
      "value": 124.0,
      "timestamp": 15.373134328358166,
      "evidence_count": 2
    },
    "495f6365-0600-4459-8c91-d1f6bfcb6d71": {
      "edge_id": "495f6365-0600-4459-8c91-d1f6bfcb6d71",
      "source_node": "BSE_ASSET",
      "target_node": "B13",
      "belief_type": "strategy",
      "confidence": 0.1,
      "value": "unknown",
      "timestamp": 10.298507462686555,
      "evidence_count": 0
    },
    "9f412d55-42f4-43bd-80d6-7379a2b69a91": {
      "edge_id": "9f412d55-42f4-43bd-80d6-7379a2b69a91",
      "source_node": "BSE_ASSET",
      "target_node": "B13",
      "belief_type": "valuation",
      "confidence": 0.4,
      "value": 105.1,
      "timestamp": 25.522388059701388,
      "evidence_count": 4
    },
    "96cce728-ad51-4f79-a803-fdd611e69cb4": {
      "edge_id": "96cce728-ad51-4f79-a803-fdd611e69cb4",
      "source_node": "BSE_ASSET",
      "target_node": "B05",
      "belief_type": "strategy",
      "confidence": 0.1,
      "value": "unknown",
      "timestamp": 10.298507462686555,
      "evidence_count": 0
    },
    "56550ca5-8b45-4a87-a04a-bf07b6b515d7": {
      "edge_id": "56550ca5-8b45-4a87-a04a-bf07b6b515d7",
      "source_node": "BSE_ASSET",
      "target_node": "B05",
      "belief_type": "valuation",
      "confidence": 0.30000000000000004,
      "value": 95.94,
      "timestamp": 20.447761194029777,
      "evidence_count": 3
    },
    "35010ee2-a1c3-47eb-ad39-442300791734": {
      "edge_id": "35010ee2-a1c3-47eb-ad39-442300791734",
      "source_node": "BSE_ASSET",
      "target_node": "B02",
      "belief_type": "strategy",
      "confidence": 0.1,
      "value": "unknown",
      "timestamp": 10.298507462686555,
      "evidence_count": 0
    },
    "9b5b08a2-e721-450d-a789-905706ac00c1": {
      "edge_id": "9b5b08a2-e721-450d-a789-905706ac00c1",
      "source_node": "BSE_ASSET",
      "target_node": "B02",
      "belief_type": "valuation",
      "confidence": 0.4,
      "value": 94.329,
      "timestamp": 25.522388059701388,
      "evidence_count": 4
    },
    "dbfe892f-aebb-43cd-85b7-cab48db578a6": {
      "edge_id": "dbfe892f-aebb-43cd-85b7-cab48db578a6",
      "source_node": "BSE_ASSET",
      "target_node": "B07",
      "belief_type": "strategy",
      "confidence": 0.1,
      "value": "unknown",
      "timestamp": 10.298507462686555,
      "evidence_count": 0
    },
    "f0f5c095-c5c2-4ae6-a68c-5664d1e6b3ba": {
      "edge_id": "f0f5c095-c5c2-4ae6-a68c-5664d1e6b3ba",
      "source_node": "BSE_ASSET",
      "target_node": "B07",
      "belief_type": "valuation",
      "confidence": 0.2,
      "value": 98.0,
      "timestamp": 15.373134328358166,
      "evidence_count": 2
    },
    "0ad855e7-00d9-4300-98e6-c72422c02155": {
      "edge_id": "0ad855e7-00d9-4300-98e6-c72422c02155",
      "source_node": "BSE_ASSET",
      "target_node": "B09",
      "belief_type": "strategy",
      "confidence": 0.1,
      "value": "unknown",
      "timestamp": 10.298507462686555,
      "evidence_count": 0
    },
    "38ba2758-6bb2-4eec-9027-0545bfd5f658": {
      "edge_id": "38ba2758-6bb2-4eec-9027-0545bfd5f658",
      "source_node": "BSE_ASSET",
      "target_node": "B09",
      "belief_type": "valuation",
      "confidence": 0.2,
      "value": 93.69999999999999,
      "timestamp": 25.522388059701388,
      "evidence_count": 2
    },
    "1331d084-3670-4db1-81e3-18163bfe5b30": {
      "edge_id": "1331d084-3670-4db1-81e3-18163bfe5b30",
      "source_node": "BSE_ASSET",
      "target_node": "B04",
      "belief_type": "strategy",
      "confidence": 0.1,
      "value": "unknown",
      "timestamp": 10.298507462686555,
      "evidence_count": 0
    },
    "0a97e1ef-b4c5-49d3-a3cf-d74ab91ed111": {
      "edge_id": "0a97e1ef-b4c5-49d3-a3cf-d74ab91ed111",
      "source_node": "BSE_ASSET",
      "target_node": "B04",
      "belief_type": "valuation",
      "confidence": 0.2,
      "value": 82.0,
      "timestamp": 15.373134328358166,
      "evidence_count": 2
    },
    "66c64fc3-06c5-4192-bb65-f32f39860b3c": {
      "edge_id": "66c64fc3-06c5-4192-bb65-f32f39860b3c",
      "source_node": "BSE_ASSET",
      "target_node": "S03",
      "belief_type": "strategy",
      "confidence": 0.1,
      "value": "unknown",
      "timestamp": 10.298507462686555,
      "evidence_count": 0
    },
    "b3f07005-ffa2-4d6c-9b4a-0b503f03ec03": {
      "edge_id": "b3f07005-ffa2-4d6c-9b4a-0b503f03ec03",
      "source_node": "BSE_ASSET",
      "target_node": "S03",
      "belief_type": "valuation",
      "confidence": 0.1,
      "value": 130,
      "timestamp": 10.298507462686555,
      "evidence_count": 1
    },
    "27634d1c-2185-4005-bd58-a9ffad461cec": {
      "edge_id": "27634d1c-2185-4005-bd58-a9ffad461cec",
      "source_node": "BSE_ASSET",
      "target_node": "S12",
      "belief_type": "strategy",
      "confidence": 0.1,
      "value": "unknown",
      "timestamp": 10.298507462686555,
      "evidence_count": 0
    },
    "828b4003-6c88-41fe-b271-4437825dd449": {
      "edge_id": "828b4003-6c88-41fe-b271-4437825dd449",
      "source_node": "BSE_ASSET",
      "target_node": "S12",
      "belief_type": "valuation",
      "confidence": 0.2,
      "value": 144.0,
      "timestamp": 15.373134328358166,
      "evidence_count": 2
    },
    "b965e9ed-158b-40f3-b678-5ba9e6f14005": {
      "edge_id": "b965e9ed-158b-40f3-b678-5ba9e6f14005",
      "source_node": "BSE_ASSET",
      "target_node": "S20",
      "belief_type": "strategy",
      "confidence": 0.1,
      "value": "unknown",
      "timestamp": 10.298507462686555,
      "evidence_count": 0
    },
    "5c2ba6ba-fcf3-4884-9c29-691acc6b4cfc": {
      "edge_id": "5c2ba6ba-fcf3-4884-9c29-691acc6b4cfc",
      "source_node": "BSE_ASSET",
      "target_node": "S20",
      "belief_type": "valuation",
      "confidence": 0.2,
      "value": 144.39999999999998,
      "timestamp": 15.373134328358166,
      "evidence_count": 2
    },
    "cd33f684-6626-418f-85ed-7e6702a627fe": {
      "edge_id": "cd33f684-6626-418f-85ed-7e6702a627fe",
      "source_node": "BSE_ASSET",
      "target_node": "P14",
      "belief_type": "strategy",
      "confidence": 0.1,
      "value": "unknown",
      "timestamp": 15.373134328358166,
      "evidence_count": 0
    },
    "72e6b9d0-1209-4464-a47c-853415dfd003": {
      "edge_id": "72e6b9d0-1209-4464-a47c-853415dfd003",
      "source_node": "BSE_ASSET",
      "target_node": "P14",
      "belief_type": "valuation",
      "confidence": 0.2,
      "value": 124.9,
      "timestamp": 25.522388059701388,
      "evidence_count": 2
    },
    "85b75425-460b-4bda-aaab-dcc2a073dd69": {
      "edge_id": "85b75425-460b-4bda-aaab-dcc2a073dd69",
      "source_node": "BSE_ASSET",
      "target_node": "B06",
      "belief_type": "strategy",
      "confidence": 0.1,
      "value": "unknown",
      "timestamp": 15.373134328358166,
      "evidence_count": 0
    },
    "0722de4b-a8e0-4c47-8682-70532b14448f": {
      "edge_id": "0722de4b-a8e0-4c47-8682-70532b14448f",
      "source_node": "BSE_ASSET",
      "target_node": "B06",
      "belief_type": "valuation",
      "confidence": 0.2,
      "value": 112.0,
      "timestamp": 20.447761194029777,
      "evidence_count": 2
    },
    "f0ab9f32-9b69-4dba-aa45-47a3cd32f27c": {
      "edge_id": "f0ab9f32-9b69-4dba-aa45-47a3cd32f27c",
      "source_node": "BSE_ASSET",
      "target_node": "B20",
      "belief_type": "strategy",
      "confidence": 0.1,
      "value": "unknown",
      "timestamp": 15.373134328358166,
      "evidence_count": 0
    },
    "254eed46-b450-417c-9cd8-ee81c7e2eaed": {
      "edge_id": "254eed46-b450-417c-9cd8-ee81c7e2eaed",
      "source_node": "BSE_ASSET",
      "target_node": "B20",
      "belief_type": "valuation",
      "confidence": 0.1,
      "value": 100,
      "timestamp": 15.373134328358166,
      "evidence_count": 1
    },
    "046fefe7-2561-4adb-8600-0d860ec8bc2a": {
      "edge_id": "046fefe7-2561-4adb-8600-0d860ec8bc2a",
      "source_node": "BSE_ASSET",
      "target_node": "B10",
      "belief_type": "strategy",
      "confidence": 0.1,
      "value": "unknown",
      "timestamp": 15.373134328358166,
      "evidence_count": 0
    },
    "81b060b7-472e-4485-b462-8712d60117c6": {
      "edge_id": "81b060b7-472e-4485-b462-8712d60117c6",
      "source_node": "BSE_ASSET",
      "target_node": "B10",
      "belief_type": "valuation",
      "confidence": 0.30000000000000004,
      "value": 107.69,
      "timestamp": 25.522388059701388,
      "evidence_count": 3
    },
    "5e903006-501b-43b9-97f4-e2cd1105a604": {
      "edge_id": "5e903006-501b-43b9-97f4-e2cd1105a604",
      "source_node": "BSE_ASSET",
      "target_node": "S04",
      "belief_type": "strategy",
      "confidence": 0.1,
      "value": "unknown",
      "timestamp": 15.373134328358166,
      "evidence_count": 0
    },
    "847b44ec-80eb-410f-8f91-f66040d4c062": {
      "edge_id": "847b44ec-80eb-410f-8f91-f66040d4c062",
      "source_node": "BSE_ASSET",
      "target_node": "S04",
      "belief_type": "valuation",
      "confidence": 0.2,
      "value": 129.9,
      "timestamp": 25.522388059701388,
      "evidence_count": 2
    },
    "5c8c0bc9-de11-4ad9-9027-835a9f24382c": {
      "edge_id": "5c8c0bc9-de11-4ad9-9027-835a9f24382c",
      "source_node": "BSE_ASSET",
      "target_node": "P12",
      "belief_type": "strategy",
      "confidence": 0.1,
      "value": "unknown",
      "timestamp": 15.373134328358166,
      "evidence_count": 0
    },
    "e6f9a97b-c558-462c-b03f-b29fe96a0434": {
      "edge_id": "e6f9a97b-c558-462c-b03f-b29fe96a0434",
      "source_node": "BSE_ASSET",
      "target_node": "P12",
      "belief_type": "valuation",
      "confidence": 0.30000000000000004,
      "value": 130.0,
      "timestamp": 25.522388059701388,
      "evidence_count": 3
    },
    "ffc56d8e-69d1-4874-a912-b8d30c1d3d11": {
      "edge_id": "ffc56d8e-69d1-4874-a912-b8d30c1d3d11",
      "source_node": "BSE_ASSET",
      "target_node": "P18",
      "belief_type": "strategy",
      "confidence": 0.1,
      "value": "unknown",
      "timestamp": 15.373134328358166,
      "evidence_count": 0
    },
    "5e2062de-b187-4994-b017-7b8fff2293dc": {
      "edge_id": "5e2062de-b187-4994-b017-7b8fff2293dc",
      "source_node": "BSE_ASSET",
      "target_node": "P18",
      "belief_type": "valuation",
      "confidence": 0.30000000000000004,
      "value": 130.0,
      "timestamp": 25.522388059701388,
      "evidence_count": 3
    },
    "1208952a-2d98-4d72-aeb9-2a11883c7b66": {
      "edge_id": "1208952a-2d98-4d72-aeb9-2a11883c7b66",
      "source_node": "BSE_ASSET",
      "target_node": "P16",
      "belief_type": "strategy",
      "confidence": 0.1,
      "value": "unknown",
      "timestamp": 15.373134328358166,
      "evidence_count": 0
    },
    "23ba3974-3296-4b91-8159-5c7d33114731": {
      "edge_id": "23ba3974-3296-4b91-8159-5c7d33114731",
      "source_node": "BSE_ASSET",
      "target_node": "P16",
      "belief_type": "valuation",
      "confidence": 0.1,
      "value": 124,
      "timestamp": 20.447761194029777,
      "evidence_count": 1
    },
    "bc75e0c4-00c0-40c5-ae92-5febd88d8f00": {
      "edge_id": "bc75e0c4-00c0-40c5-ae92-5febd88d8f00",
      "source_node": "BSE_ASSET",
      "target_node": "P13",
      "belief_type": "strategy",
      "confidence": 0.1,
      "value": "unknown",
      "timestamp": 20.447761194029777,
      "evidence_count": 0
    },
    "502d4b5e-5e50-4546-ab12-4bfe1e771c89": {
      "edge_id": "502d4b5e-5e50-4546-ab12-4bfe1e771c89",
      "source_node": "BSE_ASSET",
      "target_node": "P13",
      "belief_type": "valuation",
      "confidence": 0.1,
      "value": 124,
      "timestamp": 20.447761194029777,
      "evidence_count": 1
    },
    "e71c4e93-f609-416b-bbad-c9edc2ddc95f": {
      "edge_id": "e71c4e93-f609-416b-bbad-c9edc2ddc95f",
      "source_node": "BSE_ASSET",
      "target_node": "B15",
      "belief_type": "strategy",
      "confidence": 0.1,
      "value": "unknown",
      "timestamp": 20.447761194029777,
      "evidence_count": 0
    },
    "6fd9a986-3c9d-4df5-bb61-d12054c26a3a": {
      "edge_id": "6fd9a986-3c9d-4df5-bb61-d12054c26a3a",
      "source_node": "BSE_ASSET",
      "target_node": "B15",
      "belief_type": "valuation",
      "confidence": 0.1,
      "value": 120,
      "timestamp": 20.447761194029777,
      "evidence_count": 1
    },
    "d72daf26-918c-4066-87a2-b4694d35d9e4": {
      "edge_id": "d72daf26-918c-4066-87a2-b4694d35d9e4",
      "source_node": "BSE_ASSET",
      "target_node": "B21",
      "belief_type": "strategy",
      "confidence": 0.1,
      "value": "unknown",
      "timestamp": 20.447761194029777,
      "evidence_count": 0
    },
    "d8a55a3a-bc1f-4226-8ef4-5aa5cbd9a2e1": {
      "edge_id": "d8a55a3a-bc1f-4226-8ef4-5aa5cbd9a2e1",
      "source_node": "BSE_ASSET",
      "target_node": "B21",
      "belief_type": "valuation",
      "confidence": 0.1,
      "value": 115,
      "timestamp": 20.447761194029777,
      "evidence_count": 1
    },
    "85db282d-57c4-47c2-b1b4-4327c11b4e56": {
      "edge_id": "85db282d-57c4-47c2-b1b4-4327c11b4e56",
      "source_node": "BSE_ASSET",
      "target_node": "B08",
      "belief_type": "strategy",
      "confidence": 0.1,
      "value": "unknown",
      "timestamp": 20.447761194029777,
      "evidence_count": 0
    },
    "9d5fdbac-e136-4833-8d9e-884503ec69d3": {
      "edge_id": "9d5fdbac-e136-4833-8d9e-884503ec69d3",
      "source_node": "BSE_ASSET",
      "target_node": "B08",
      "belief_type": "valuation",
      "confidence": 0.2,
      "value": 113.0,
      "timestamp": 25.522388059701388,
      "evidence_count": 2
    },
    "4902dbc0-c2fc-4e87-84d2-aac42b831c9e": {
      "edge_id": "4902dbc0-c2fc-4e87-84d2-aac42b831c9e",
      "source_node": "BSE_ASSET",
      "target_node": "B14",
      "belief_type": "strategy",
      "confidence": 0.1,
      "value": "unknown",
      "timestamp": 20.447761194029777,
      "evidence_count": 0
    },
    "fd7d0312-bbf9-41aa-8c4a-4c13b06fcd90": {
      "edge_id": "fd7d0312-bbf9-41aa-8c4a-4c13b06fcd90",
      "source_node": "BSE_ASSET",
      "target_node": "B14",
      "belief_type": "valuation",
      "confidence": 0.2,
      "value": 110.89999999999999,
      "timestamp": 25.522388059701388,
      "evidence_count": 2
    },
    "c8b27268-c786-4077-bc41-5b09483c4cfa": {
      "edge_id": "c8b27268-c786-4077-bc41-5b09483c4cfa",
      "source_node": "BSE_ASSET",
      "target_node": "B18",
      "belief_type": "strategy",
      "confidence": 0.1,
      "value": "unknown",
      "timestamp": 20.447761194029777,
      "evidence_count": 0
    },
    "7a1d67b1-d3c2-4ca4-81ae-3ba070c426d8": {
      "edge_id": "7a1d67b1-d3c2-4ca4-81ae-3ba070c426d8",
      "source_node": "BSE_ASSET",
      "target_node": "B18",
      "belief_type": "valuation",
      "confidence": 0.1,
      "value": 100,
      "timestamp": 20.447761194029777,
      "evidence_count": 1
    },
    "04103fe8-1dae-476e-82a9-ebdac9c66513": {
      "edge_id": "04103fe8-1dae-476e-82a9-ebdac9c66513",
      "source_node": "BSE_ASSET",
      "target_node": "S15",
      "belief_type": "strategy",
      "confidence": 0.1,
      "value": "unknown",
      "timestamp": 20.447761194029777,
      "evidence_count": 0
    },
    "a47ddd17-76fc-42ef-bb46-f67cbed1563c": {
      "edge_id": "a47ddd17-76fc-42ef-bb46-f67cbed1563c",
      "source_node": "BSE_ASSET",
      "target_node": "S15",
      "belief_type": "valuation",
      "confidence": 0.1,
      "value": 127,
      "timestamp": 20.447761194029777,
      "evidence_count": 1
    },
    "ab623d03-d8b7-4101-8479-c162555c7e94": {
      "edge_id": "ab623d03-d8b7-4101-8479-c162555c7e94",
      "source_node": "BSE_ASSET",
      "target_node": "P15",
      "belief_type": "strategy",
      "confidence": 0.1,
      "value": "unknown",
      "timestamp": 20.447761194029777,
      "evidence_count": 0
    },
    "a250cf75-fc87-4903-94e1-f3f6b0e45ea5": {
      "edge_id": "a250cf75-fc87-4903-94e1-f3f6b0e45ea5",
      "source_node": "BSE_ASSET",
      "target_node": "P15",
      "belief_type": "valuation",
      "confidence": 0.2,
      "value": 127.69999999999999,
      "timestamp": 25.522388059701388,
      "evidence_count": 2
    },
    "f44acae2-6a86-4e60-83db-977669d3f8c2": {
      "edge_id": "f44acae2-6a86-4e60-83db-977669d3f8c2",
      "source_node": "BSE_ASSET",
      "target_node": "P00",
      "belief_type": "strategy",
      "confidence": 0.1,
      "value": "unknown",
      "timestamp": 20.447761194029777,
      "evidence_count": 0
    },
    "b7431e77-6869-40d9-8548-a7b140de17f6": {
      "edge_id": "b7431e77-6869-40d9-8548-a7b140de17f6",
      "source_node": "BSE_ASSET",
      "target_node": "P00",
      "belief_type": "valuation",
      "confidence": 0.1,
      "value": 129,
      "timestamp": 20.447761194029777,
      "evidence_count": 1
    },
    "b2e2eb57-2b5e-426c-9873-4d7abaae948c": {
      "edge_id": "b2e2eb57-2b5e-426c-9873-4d7abaae948c",
      "source_node": "BSE_ASSET",
      "target_node": "P06",
      "belief_type": "strategy",
      "confidence": 0.1,
      "value": "unknown",
      "timestamp": 20.447761194029777,
      "evidence_count": 0
    },
    "2681240d-a586-4c31-84ee-84aeeeaa5df4": {
      "edge_id": "2681240d-a586-4c31-84ee-84aeeeaa5df4",
      "source_node": "BSE_ASSET",
      "target_node": "P06",
      "belief_type": "valuation",
      "confidence": 0.1,
      "value": 124,
      "timestamp": 25.522388059701388,
      "evidence_count": 1
    },
    "196c163c-95aa-4875-b187-25900e34f756": {
      "edge_id": "196c163c-95aa-4875-b187-25900e34f756",
      "source_node": "BSE_ASSET",
      "target_node": "P10",
      "belief_type": "strategy",
      "confidence": 0.1,
      "value": "unknown",
      "timestamp": 25.522388059701388,
      "evidence_count": 0
    },
    "bf2e7398-c8df-405b-9730-134efe1cc427": {
      "edge_id": "bf2e7398-c8df-405b-9730-134efe1cc427",
      "source_node": "BSE_ASSET",
      "target_node": "P10",
      "belief_type": "valuation",
      "confidence": 0.1,
      "value": 124,
      "timestamp": 25.522388059701388,
      "evidence_count": 1
    },
    "1a1bf625-9ccc-4183-b30d-b7de2ae8fe68": {
      "edge_id": "1a1bf625-9ccc-4183-b30d-b7de2ae8fe68",
      "source_node": "BSE_ASSET",
      "target_node": "B01",
      "belief_type": "strategy",
      "confidence": 0.1,
      "value": "unknown",
      "timestamp": 25.522388059701388,
      "evidence_count": 0
    },
    "8d75bcf0-d40a-4f7f-a5f0-b0e51f862193": {
      "edge_id": "8d75bcf0-d40a-4f7f-a5f0-b0e51f862193",
      "source_node": "BSE_ASSET",
      "target_node": "B01",
      "belief_type": "valuation",
      "confidence": 0.1,
      "value": 91,
      "timestamp": 25.522388059701388,
      "evidence_count": 1
    },
    "409b14b7-6469-4915-b708-fab8ae0b797e": {
      "edge_id": "409b14b7-6469-4915-b708-fab8ae0b797e",
      "source_node": "BSE_ASSET",
      "target_node": "S14",
      "belief_type": "strategy",
      "confidence": 0.1,
      "value": "unknown",
      "timestamp": 25.522388059701388,
      "evidence_count": 0
    },
    "b1323831-49ac-4dc0-99e9-f6b71dfb031b": {
      "edge_id": "b1323831-49ac-4dc0-99e9-f6b71dfb031b",
      "source_node": "BSE_ASSET",
      "target_node": "S14",
      "belief_type": "valuation",
      "confidence": 0.1,
      "value": 133,
      "timestamp": 25.522388059701388,
      "evidence_count": 1
    },
    "f16b3394-4c3d-415a-8620-1141d9065c0f": {
      "edge_id": "f16b3394-4c3d-415a-8620-1141d9065c0f",
      "source_node": "BSE_ASSET",
      "target_node": "S00",
      "belief_type": "strategy",
      "confidence": 0.1,
      "value": "unknown",
      "timestamp": 25.522388059701388,
      "evidence_count": 0
    },
    "97401a61-7775-4492-99c9-a96a0977c4a2": {
      "edge_id": "97401a61-7775-4492-99c9-a96a0977c4a2",
      "source_node": "BSE_ASSET",
      "target_node": "S00",
      "belief_type": "valuation",
      "confidence": 0.1,
      "value": 143,
      "timestamp": 25.522388059701388,
      "evidence_count": 1
    },
    "811e5142-0866-4165-8bec-c7814cbd7603": {
      "edge_id": "811e5142-0866-4165-8bec-c7814cbd7603",
      "source_node": "BSE_ASSET",
      "target_node": "S22",
      "belief_type": "strategy",
      "confidence": 0.1,
      "value": "unknown",
      "timestamp": 25.522388059701388,
      "evidence_count": 0
    },
    "6e7ce603-4891-43f9-ad5a-899b5f7c7706": {
      "edge_id": "6e7ce603-4891-43f9-ad5a-899b5f7c7706",
      "source_node": "BSE_ASSET",
      "target_node": "S22",
      "belief_type": "valuation",
      "confidence": 0.1,
      "value": 152,
      "timestamp": 25.522388059701388,
      "evidence_count": 1
    },
    "f5766cad-2661-48db-b61e-8443909188ac": {
      "edge_id": "f5766cad-2661-48db-b61e-8443909188ac",
      "source_node": "BSE_ASSET",
      "target_node": "S19",
      "belief_type": "strategy",
      "confidence": 0.1,
      "value": "unknown",
      "timestamp": 25.522388059701388,
      "evidence_count": 0
    },
    "1fce0217-79bd-493a-bf95-f47803dc0673": {
      "edge_id": "1fce0217-79bd-493a-bf95-f47803dc0673",
      "source_node": "BSE_ASSET",
      "target_node": "S19",
      "belief_type": "valuation",
      "confidence": 0.1,
      "value": 172,
      "timestamp": 25.522388059701388,
      "evidence_count": 1
    },
    "823ebb03-c175-4792-b44c-6c6d76bb58f3": {
      "edge_id": "823ebb03-c175-4792-b44c-6c6d76bb58f3",
      "source_node": "BSE_ASSET",
      "target_node": "S13",
      "belief_type": "strategy",
      "confidence": 0.1,
      "value": "unknown",
      "timestamp": 25.522388059701388,
      "evidence_count": 0
    },
    "427911f3-06d3-43e5-8f9a-6d7a36f58a13": {
      "edge_id": "427911f3-06d3-43e5-8f9a-6d7a36f58a13",
      "source_node": "BSE_ASSET",
      "target_node": "S13",
      "belief_type": "valuation",
      "confidence": 0.1,
      "value": 175,
      "timestamp": 25.522388059701388,
      "evidence_count": 1
    }
  },
  "event_history": [
    {
      "event_id": "ask_P08_15.373134328358166",
      "event_type": "ask",
      "timestamp": 15.373134328358166,
      "agent_id": "P08",
      "price": 130,
      "quantity": 1,
      "counterparty_id": null,
      "order_id": null
    },
    {
      "event_id": "ask_P18_15.373134328358166",
      "event_type": "ask",
      "timestamp": 15.373134328358166,
      "agent_id": "P18",
      "price": 130,
      "quantity": 1,
      "counterparty_id": null,
      "order_id": null
    },
    {
      "event_id": "ask_S20_15.373134328358166",
      "event_type": "ask",
      "timestamp": 15.373134328358166,
      "agent_id": "S20",
      "price": 136,
      "quantity": 1,
      "counterparty_id": null,
      "order_id": null
    },
    {
      "event_id": "ask_S12_15.373134328358166",
      "event_type": "ask",
      "timestamp": 15.373134328358166,
      "agent_id": "S12",
      "price": 144,
      "quantity": 1,
      "counterparty_id": null,
      "order_id": null
    },
    {
      "event_id": "ask_S07_15.373134328358166",
      "event_type": "ask",
      "timestamp": 15.373134328358166,
      "agent_id": "S07",
      "price": 498,
      "quantity": 1,
      "counterparty_id": null,
      "order_id": null
    },
    {
      "event_id": "bid_P16_20.447761194029777",
      "event_type": "bid",
      "timestamp": 20.447761194029777,
      "agent_id": "P16",
      "price": 124,
      "quantity": 1,
      "counterparty_id": null,
      "order_id": null
    },
    {
      "event_id": "bid_P13_20.447761194029777",
      "event_type": "bid",
      "timestamp": 20.447761194029777,
      "agent_id": "P13",
      "price": 124,
      "quantity": 1,
      "counterparty_id": null,
      "order_id": null
    },
    {
      "event_id": "bid_P19_20.447761194029777",
      "event_type": "bid",
      "timestamp": 20.447761194029777,
      "agent_id": "P19",
      "price": 124,
      "quantity": 1,
      "counterparty_id": null,
      "order_id": null
    },
    {
      "event_id": "bid_P07_20.447761194029777",
      "event_type": "bid",
      "timestamp": 20.447761194029777,
      "agent_id": "P07",
      "price": 120,
      "quantity": 1,
      "counterparty_id": null,
      "order_id": null
    },
    {
      "event_id": "bid_B15_20.447761194029777",
      "event_type": "bid",
      "timestamp": 20.447761194029777,
      "agent_id": "B15",
      "price": 120,
      "quantity": 1,
      "counterparty_id": null,
      "order_id": null
    },
    {
      "event_id": "bid_B10_20.447761194029777",
      "event_type": "bid",
      "timestamp": 20.447761194029777,
      "agent_id": "B10",
      "price": 117,
      "quantity": 1,
      "counterparty_id": null,
      "order_id": null
    },
    {
      "event_id": "bid_B21_20.447761194029777",
      "event_type": "bid",
      "timestamp": 20.447761194029777,
      "agent_id": "B21",
      "price": 115,
      "quantity": 1,
      "counterparty_id": null,
      "order_id": null
    },
    {
      "event_id": "bid_B08_20.447761194029777",
      "event_type": "bid",
      "timestamp": 20.447761194029777,
      "agent_id": "B08",
      "price": 113,
      "quantity": 1,
      "counterparty_id": null,
      "order_id": null
    },
    {
      "event_id": "bid_B06_20.447761194029777",
      "event_type": "bid",
      "timestamp": 20.447761194029777,
      "agent_id": "B06",
      "price": 112,
      "quantity": 1,
      "counterparty_id": null,
      "order_id": null
    },
    {
      "event_id": "bid_B13_20.447761194029777",
      "event_type": "bid",
      "timestamp": 20.447761194029777,
      "agent_id": "B13",
      "price": 110,
      "quantity": 1,
      "counterparty_id": null,
      "order_id": null
    },
    {
      "event_id": "bid_B02_20.447761194029777",
      "event_type": "bid",
      "timestamp": 20.447761194029777,
      "agent_id": "B02",
      "price": 108,
      "quantity": 1,
      "counterparty_id": null,
      "order_id": null
    },
    {
      "event_id": "bid_B14_20.447761194029777",
      "event_type": "bid",
      "timestamp": 20.447761194029777,
      "agent_id": "B14",
      "price": 107,
      "quantity": 1,
      "counterparty_id": null,
      "order_id": null
    },
    {
      "event_id": "bid_B18_20.447761194029777",
      "event_type": "bid",
      "timestamp": 20.447761194029777,
      "agent_id": "B18",
      "price": 100,
      "quantity": 1,
      "counterparty_id": null,
      "order_id": null
    },
    {
      "event_id": "bid_B05_20.447761194029777",
      "event_type": "bid",
      "timestamp": 20.447761194029777,
      "agent_id": "B05",
      "price": 93,
      "quantity": 1,
      "counterparty_id": null,
      "order_id": null
    },
    {
      "event_id": "ask_S15_20.447761194029777",
      "event_type": "ask",
      "timestamp": 20.447761194029777,
      "agent_id": "S15",
      "price": 127,
      "quantity": 1,
      "counterparty_id": null,
      "order_id": null
    },
    {
      "event_id": "ask_P01_20.447761194029777",
      "event_type": "ask",
      "timestamp": 20.447761194029777,
      "agent_id": "P01",
      "price": 127,
      "quantity": 1,
      "counterparty_id": null,
      "order_id": null
    },
    {
      "event_id": "ask_P15_20.447761194029777",
      "event_type": "ask",
      "timestamp": 20.447761194029777,
      "agent_id": "P15",
      "price": 128,
      "quantity": 1,
      "counterparty_id": null,
      "order_id": null
    },
    {
      "event_id": "ask_P02_20.447761194029777",
      "event_type": "ask",
      "timestamp": 20.447761194029777,
      "agent_id": "P02",
      "price": 129,
      "quantity": 1,
      "counterparty_id": null,
      "order_id": null
    },
    {
      "event_id": "ask_P00_20.447761194029777",
      "event_type": "ask",
      "timestamp": 20.447761194029777,
      "agent_id": "P00",
      "price": 129,
      "quantity": 1,
      "counterparty_id": null,
      "order_id": null
    },
    {
      "event_id": "ask_P12_20.447761194029777",
      "event_type": "ask",
      "timestamp": 20.447761194029777,
      "agent_id": "P12",
      "price": 130,
      "quantity": 1,
      "counterparty_id": null,
      "order_id": null
    },
    {
      "event_id": "ask_P08_20.447761194029777",
      "event_type": "ask",
      "timestamp": 20.447761194029777,
      "agent_id": "P08",
      "price": 130,
      "quantity": 1,
      "counterparty_id": null,
      "order_id": null
    },
    {
      "event_id": "ask_P18_20.447761194029777",
      "event_type": "ask",
      "timestamp": 20.447761194029777,
      "agent_id": "P18",
      "price": 130,
      "quantity": 1,
      "counterparty_id": null,
      "order_id": null
    },
    {
      "event_id": "bid_P06_25.522388059701388",
      "event_type": "bid",
      "timestamp": 25.522388059701388,
      "agent_id": "P06",
      "price": 124,
      "quantity": 1,
      "counterparty_id": null,
      "order_id": null
    },
    {
      "event_id": "bid_P10_25.522388059701388",
      "event_type": "bid",
      "timestamp": 25.522388059701388,
      "agent_id": "P10",
      "price": 124,
      "quantity": 1,
      "counterparty_id": null,
      "order_id": null
    },
    {
      "event_id": "bid_B09_25.522388059701388",
      "event_type": "bid",
      "timestamp": 25.522388059701388,
      "agent_id": "B09",
      "price": 121,
      "quantity": 1,
      "counterparty_id": null,
      "order_id": null
    },
    {
      "event_id": "bid_P07_25.522388059701388",
      "event_type": "bid",
      "timestamp": 25.522388059701388,
      "agent_id": "P07",
      "price": 120,
      "quantity": 1,
      "counterparty_id": null,
      "order_id": null
    },
    {
      "event_id": "bid_B14_25.522388059701388",
      "event_type": "bid",
      "timestamp": 25.522388059701388,
      "agent_id": "B14",
      "price": 120,
      "quantity": 1,
      "counterparty_id": null,
      "order_id": null
    },
    {
      "event_id": "bid_B10_25.522388059701388",
      "event_type": "bid",
      "timestamp": 25.522388059701388,
      "agent_id": "B10",
      "price": 117,
      "quantity": 1,
      "counterparty_id": null,
      "order_id": null
    },
    {
      "event_id": "bid_B08_25.522388059701388",
      "event_type": "bid",
      "timestamp": 25.522388059701388,
      "agent_id": "B08",
      "price": 113,
      "quantity": 1,
      "counterparty_id": null,
      "order_id": null
    },
    {
      "event_id": "bid_B13_25.522388059701388",
      "event_type": "bid",
      "timestamp": 25.522388059701388,
      "agent_id": "B13",
      "price": 110,
      "quantity": 1,
      "counterparty_id": null,
      "order_id": null
    },
    {
      "event_id": "bid_B02_25.522388059701388",
      "event_type": "bid",
      "timestamp": 25.522388059701388,
      "agent_id": "B02",
      "price": 108,
      "quantity": 1,
      "counterparty_id": null,
      "order_id": null
    },
    {
      "event_id": "bid_B01_25.522388059701388",
      "event_type": "bid",
      "timestamp": 25.522388059701388,
      "agent_id": "B01",
      "price": 91,
      "quantity": 1,
      "counterparty_id": null,
      "order_id": null
    },
    {
      "event_id": "ask_P15_25.522388059701388",
      "event_type": "ask",
      "timestamp": 25.522388059701388,
      "agent_id": "P15",
      "price": 127,
      "quantity": 1,
      "counterparty_id": null,
      "order_id": null
    },
    {
      "event_id": "ask_P01_25.522388059701388",
      "event_type": "ask",
      "timestamp": 25.522388059701388,
      "agent_id": "P01",
      "price": 127,
      "quantity": 1,
      "counterparty_id": null,
      "order_id": null
    },
    {
      "event_id": "ask_P14_25.522388059701388",
      "event_type": "ask",
      "timestamp": 25.522388059701388,
      "agent_id": "P14",
      "price": 127,
      "quantity": 1,
      "counterparty_id": null,
      "order_id": null
    },
    {
      "event_id": "ask_P02_25.522388059701388",
      "event_type": "ask",
      "timestamp": 25.522388059701388,
      "agent_id": "P02",
      "price": 129,
      "quantity": 1,
      "counterparty_id": null,
      "order_id": null
    },
    {
      "event_id": "ask_P12_25.522388059701388",
      "event_type": "ask",
      "timestamp": 25.522388059701388,
      "agent_id": "P12",
      "price": 130,
      "quantity": 1,
      "counterparty_id": null,
      "order_id": null
    },
    {
      "event_id": "ask_P08_25.522388059701388",
      "event_type": "ask",
      "timestamp": 25.522388059701388,
      "agent_id": "P08",
      "price": 130,
      "quantity": 1,
      "counterparty_id": null,
      "order_id": null
    },
    {
      "event_id": "ask_P18_25.522388059701388",
      "event_type": "ask",
      "timestamp": 25.522388059701388,
      "agent_id": "P18",
      "price": 130,
      "quantity": 1,
      "counterparty_id": null,
      "order_id": null
    },
    {
      "event_id": "ask_S04_25.522388059701388",
      "event_type": "ask",
      "timestamp": 25.522388059701388,
      "agent_id": "S04",
      "price": 132,
      "quantity": 1,
      "counterparty_id": null,
      "order_id": null
    },
    {
      "event_id": "ask_S14_25.522388059701388",
      "event_type": "ask",
      "timestamp": 25.522388059701388,
      "agent_id": "S14",
      "price": 133,
      "quantity": 1,
      "counterparty_id": null,
      "order_id": null
    },
    {
      "event_id": "ask_S00_25.522388059701388",
      "event_type": "ask",
      "timestamp": 25.522388059701388,
      "agent_id": "S00",
      "price": 143,
      "quantity": 1,
      "counterparty_id": null,
      "order_id": null
    },
    {
      "event_id": "ask_S22_25.522388059701388",
      "event_type": "ask",
      "timestamp": 25.522388059701388,
      "agent_id": "S22",
      "price": 152,
      "quantity": 1,
      "counterparty_id": null,
      "order_id": null
    },
    {
      "event_id": "ask_S19_25.522388059701388",
      "event_type": "ask",
      "timestamp": 25.522388059701388,
      "agent_id": "S19",
      "price": 172,
      "quantity": 1,
      "counterparty_id": null,
      "order_id": null
    },
    {
      "event_id": "ask_S13_25.522388059701388",
      "event_type": "ask",
      "timestamp": 25.522388059701388,
      "agent_id": "S13",
      "price": 175,
      "quantity": 1,
      "counterparty_id": null,
      "order_id": null
    }
  ]
}
2025-10-10 18:27:53 | HM_NL_COT_P19 | ================================================================================
2025-10-10 18:27:53 | HM_NL_COT_P19 | [AGENTS-TRACKED] Currently tracking 46 agents: ['P19', 'P17', 'P02', 'P01', 'P08', 'P07', 'B11', 'B19', 'S06', 'S02', 'S07', 'P20', 'B13', 'B05', 'B02', 'B07', 'B09', 'B04', 'S03', 'S12', 'S20', 'P14', 'B06', 'B20', 'B10', 'S04', 'P12', 'P18', 'P16', 'P13', 'B15', 'B21', 'B08', 'B14', 'B18', 'S15', 'P15', 'P00', 'P06', 'P10', 'B01', 'S14', 'S00', 'S22', 'S19', 'S13']
2025-10-10 18:37:08 | HM_NL_COT_P19 | [BELIEF-THROTTLE] P09: Running belief graph update at time 30.6
2025-10-10 18:37:08 | HM_NL_COT_P19 | [UPDATE-SUMMARY] Processed 23 market events at time 30.6
2025-10-10 18:37:08 | HM_NL_COT_P19 | === BELIEF GRAPH STATE AT TIME 30.6 ===
2025-10-10 18:37:08 | HM_NL_COT_P19 | {
  "graph_id": "35bffc35-eaaa-4a03-8264-413373ab85fc",
  "asset_id": "BSE_ASSET",
  "current_time": 30.597014925373,
  "nodes": {
    "BSE_ASSET": {
      "asset_id": "BSE_ASSET",
      "node_type": "asset",
      "current_best_bid": null,
      "current_best_ask": null,
      "last_trade_price": null,
      "volume_traded": 0,
      "price_volatility": 0.0,
      "spread_width": null,
      "market_depth_bid": 0,
      "market_depth_ask": 0
    },
    "P19": {
      "agent_id": "P19",
      "node_type": "agent",
      "last_bid_price": 124,
      "last_ask_price": null,
      "last_trade_price": null,
      "total_trades": 0,
      "total_volume": 0,
      "strategy_type": "Hypothetical-Minds",
      "inferred_valuation": 124,
      "valuation_confidence": 0.1,
      "aggressiveness_score": 0.6,
      "last_activity": 20.447761194029777
    },
    "P17": {
      "agent_id": "P17",
      "node_type": "agent",
      "last_bid_price": 130,
      "last_ask_price": null,
      "last_trade_price": null,
      "total_trades": 0,
      "total_volume": 0,
      "strategy_type": null,
      "inferred_valuation": 130,
      "valuation_confidence": 0.1,
      "aggressiveness_score": 0.0,
      "last_activity": 5.074626865671641
    },
    "P02": {
      "agent_id": "P02",
      "node_type": "agent",
      "last_bid_price": 128,
      "last_ask_price": 129,
      "last_trade_price": null,
      "total_trades": 0,
      "total_volume": 0,
      "strategy_type": null,
      "inferred_valuation": 128.7599,
      "valuation_confidence": 0.5,
      "aggressiveness_score": 0.0,
      "last_activity": 30.597014925373
    },
    "P01": {
      "agent_id": "P01",
      "node_type": "agent",
      "last_bid_price": 128,
      "last_ask_price": 127,
      "last_trade_price": null,
      "total_trades": 0,
      "total_volume": 0,
      "strategy_type": null,
      "inferred_valuation": 127.34299999999999,
      "valuation_confidence": 0.4,
      "aggressiveness_score": 0.0,
      "last_activity": 30.597014925373
    },
    "P08": {
      "agent_id": "P08",
      "node_type": "agent",
      "last_bid_price": 127,
      "last_ask_price": 130,
      "last_trade_price": null,
      "total_trades": 0,
      "total_volume": 0,
      "strategy_type": null,
      "inferred_valuation": 129.2797,
      "valuation_confidence": 0.5,
      "aggressiveness_score": 0.0,
      "last_activity": 30.597014925373
    },
    "P07": {
      "agent_id": "P07",
      "node_type": "agent",
      "last_bid_price": 120,
      "last_ask_price": null,
      "last_trade_price": null,
      "total_trades": 0,
      "total_volume": 0,
      "strategy_type": null,
      "inferred_valuation": 120.0,
      "valuation_confidence": 0.6,
      "aggressiveness_score": 0.0,
      "last_activity": 30.597014925373
    },
    "B11": {
      "agent_id": "B11",
      "node_type": "agent",
      "last_bid_price": 111,
      "last_ask_price": null,
      "last_trade_price": null,
      "total_trades": 0,
      "total_volume": 0,
      "strategy_type": null,
      "inferred_valuation": 110.99999999999999,
      "valuation_confidence": 0.2,
      "aggressiveness_score": 0.0,
      "last_activity": 10.298507462686555
    },
    "B19": {
      "agent_id": "B19",
      "node_type": "agent",
      "last_bid_price": 124,
      "last_ask_price": null,
      "last_trade_price": null,
      "total_trades": 0,
      "total_volume": 0,
      "strategy_type": null,
      "inferred_valuation": 114.19999999999999,
      "valuation_confidence": 0.2,
      "aggressiveness_score": 0.0,
      "last_activity": 10.298507462686555
    },
    "S06": {
      "agent_id": "S06",
      "node_type": "agent",
      "last_bid_price": null,
      "last_ask_price": 132,
      "last_trade_price": null,
      "total_trades": 0,
      "total_volume": 0,
      "strategy_type": null,
      "inferred_valuation": 132,
      "valuation_confidence": 0.1,
      "aggressiveness_score": 0.0,
      "last_activity": 5.074626865671641
    },
    "S02": {
      "agent_id": "S02",
      "node_type": "agent",
      "last_bid_price": null,
      "last_ask_price": 129,
      "last_trade_price": null,
      "total_trades": 0,
      "total_volume": 0,
      "strategy_type": null,
      "inferred_valuation": 131.58999999999997,
      "valuation_confidence": 0.30000000000000004,
      "aggressiveness_score": 0.0,
      "last_activity": 15.373134328358166
    },
    "S07": {
      "agent_id": "S07",
      "node_type": "agent",
      "last_bid_price": null,
      "last_ask_price": 498,
      "last_trade_price": null,
      "total_trades": 0,
      "total_volume": 0,
      "strategy_type": null,
      "inferred_valuation": 397.05999999999995,
      "valuation_confidence": 0.30000000000000004,
      "aggressiveness_score": 0.0,
      "last_activity": 15.373134328358166
    },
    "P20": {
      "agent_id": "P20",
      "node_type": "agent",
      "last_bid_price": 124,
      "last_ask_price": null,
      "last_trade_price": null,
      "total_trades": 0,
      "total_volume": 0,
      "strategy_type": null,
      "inferred_valuation": 124.0,
      "valuation_confidence": 0.2,
      "aggressiveness_score": 0.0,
      "last_activity": 15.373134328358166
    },
    "B13": {
      "agent_id": "B13",
      "node_type": "agent",
      "last_bid_price": 110,
      "last_ask_price": null,
      "last_trade_price": null,
      "total_trades": 0,
      "total_volume": 0,
      "strategy_type": null,
      "inferred_valuation": 105.1,
      "valuation_confidence": 0.4,
      "aggressiveness_score": 0.0,
      "last_activity": 25.522388059701388
    },
    "B05": {
      "agent_id": "B05",
      "node_type": "agent",
      "last_bid_price": 93,
      "last_ask_price": null,
      "last_trade_price": null,
      "total_trades": 0,
      "total_volume": 0,
      "strategy_type": null,
      "inferred_valuation": 95.94,
      "valuation_confidence": 0.30000000000000004,
      "aggressiveness_score": 0.0,
      "last_activity": 20.447761194029777
    },
    "B02": {
      "agent_id": "B02",
      "node_type": "agent",
      "last_bid_price": 108,
      "last_ask_price": null,
      "last_trade_price": null,
      "total_trades": 0,
      "total_volume": 0,
      "strategy_type": null,
      "inferred_valuation": 94.329,
      "valuation_confidence": 0.4,
      "aggressiveness_score": 0.0,
      "last_activity": 25.522388059701388
    },
    "B07": {
      "agent_id": "B07",
      "node_type": "agent",
      "last_bid_price": 98,
      "last_ask_price": null,
      "last_trade_price": null,
      "total_trades": 0,
      "total_volume": 0,
      "strategy_type": null,
      "inferred_valuation": 98.0,
      "valuation_confidence": 0.2,
      "aggressiveness_score": 0.0,
      "last_activity": 15.373134328358166
    },
    "B09": {
      "agent_id": "B09",
      "node_type": "agent",
      "last_bid_price": 121,
      "last_ask_price": null,
      "last_trade_price": null,
      "total_trades": 0,
      "total_volume": 0,
      "strategy_type": null,
      "inferred_valuation": 101.88999999999999,
      "valuation_confidence": 0.30000000000000004,
      "aggressiveness_score": 0.0,
      "last_activity": 30.597014925373
    },
    "B04": {
      "agent_id": "B04",
      "node_type": "agent",
      "last_bid_price": 82,
      "last_ask_price": null,
      "last_trade_price": null,
      "total_trades": 0,
      "total_volume": 0,
      "strategy_type": null,
      "inferred_valuation": 82.0,
      "valuation_confidence": 0.2,
      "aggressiveness_score": 0.0,
      "last_activity": 15.373134328358166
    },
    "S03": {
      "agent_id": "S03",
      "node_type": "agent",
      "last_bid_price": null,
      "last_ask_price": 130,
      "last_trade_price": null,
      "total_trades": 0,
      "total_volume": 0,
      "strategy_type": null,
      "inferred_valuation": 130,
      "valuation_confidence": 0.1,
      "aggressiveness_score": 0.0,
      "last_activity": 10.298507462686555
    },
    "S12": {
      "agent_id": "S12",
      "node_type": "agent",
      "last_bid_price": null,
      "last_ask_price": 144,
      "last_trade_price": null,
      "total_trades": 0,
      "total_volume": 0,
      "strategy_type": null,
      "inferred_valuation": 144.0,
      "valuation_confidence": 0.2,
      "aggressiveness_score": 0.0,
      "last_activity": 15.373134328358166
    },
    "S20": {
      "agent_id": "S20",
      "node_type": "agent",
      "last_bid_price": null,
      "last_ask_price": 180,
      "last_trade_price": null,
      "total_trades": 0,
      "total_volume": 0,
      "strategy_type": null,
      "inferred_valuation": 155.07999999999998,
      "valuation_confidence": 0.30000000000000004,
      "aggressiveness_score": 0.0,
      "last_activity": 30.597014925373
    },
    "P14": {
      "agent_id": "P14",
      "node_type": "agent",
      "last_bid_price": 124,
      "last_ask_price": 127,
      "last_trade_price": null,
      "total_trades": 0,
      "total_volume": 0,
      "strategy_type": null,
      "inferred_valuation": 125.53,
      "valuation_confidence": 0.30000000000000004,
      "aggressiveness_score": 0.0,
      "last_activity": 30.597014925373
    },
    "B06": {
      "agent_id": "B06",
      "node_type": "agent",
      "last_bid_price": 112,
      "last_ask_price": null,
      "last_trade_price": null,
      "total_trades": 0,
      "total_volume": 0,
      "strategy_type": null,
      "inferred_valuation": 112.0,
      "valuation_confidence": 0.2,
      "aggressiveness_score": 0.0,
      "last_activity": 20.447761194029777
    },
    "B20": {
      "agent_id": "B20",
      "node_type": "agent",
      "last_bid_price": 100,
      "last_ask_price": null,
      "last_trade_price": null,
      "total_trades": 0,
      "total_volume": 0,
      "strategy_type": null,
      "inferred_valuation": 100,
      "valuation_confidence": 0.1,
      "aggressiveness_score": 0.0,
      "last_activity": 15.373134328358166
    },
    "B10": {
      "agent_id": "B10",
      "node_type": "agent",
      "last_bid_price": 117,
      "last_ask_price": null,
      "last_trade_price": null,
      "total_trades": 0,
      "total_volume": 0,
      "strategy_type": null,
      "inferred_valuation": 107.69,
      "valuation_confidence": 0.30000000000000004,
      "aggressiveness_score": 0.0,
      "last_activity": 25.522388059701388
    },
    "S04": {
      "agent_id": "S04",
      "node_type": "agent",
      "last_bid_price": null,
      "last_ask_price": 132,
      "last_trade_price": null,
      "total_trades": 0,
      "total_volume": 0,
      "strategy_type": null,
      "inferred_valuation": 130.53,
      "valuation_confidence": 0.30000000000000004,
      "aggressiveness_score": 0.0,
      "last_activity": 30.597014925373
    },
    "P12": {
      "agent_id": "P12",
      "node_type": "agent",
      "last_bid_price": null,
      "last_ask_price": 130,
      "last_trade_price": null,
      "total_trades": 0,
      "total_volume": 0,
      "strategy_type": null,
      "inferred_valuation": 130.0,
      "valuation_confidence": 0.4,
      "aggressiveness_score": 0.0,
      "last_activity": 30.597014925373
    },
    "P18": {
      "agent_id": "P18",
      "node_type": "agent",
      "last_bid_price": null,
      "last_ask_price": 130,
      "last_trade_price": null,
      "total_trades": 0,
      "total_volume": 0,
      "strategy_type": null,
      "inferred_valuation": 130.0,
      "valuation_confidence": 0.4,
      "aggressiveness_score": 0.0,
      "last_activity": 30.597014925373
    },
    "P16": {
      "agent_id": "P16",
      "node_type": "agent",
      "last_bid_price": 124,
      "last_ask_price": null,
      "last_trade_price": null,
      "total_trades": 0,
      "total_volume": 0,
      "strategy_type": null,
      "inferred_valuation": 124,
      "valuation_confidence": 0.1,
      "aggressiveness_score": 0.0,
      "last_activity": 20.447761194029777
    },
    "P13": {
      "agent_id": "P13",
      "node_type": "agent",
      "last_bid_price": 124,
      "last_ask_price": null,
      "last_trade_price": null,
      "total_trades": 0,
      "total_volume": 0,
      "strategy_type": null,
      "inferred_valuation": 124,
      "valuation_confidence": 0.1,
      "aggressiveness_score": 0.0,
      "last_activity": 20.447761194029777
    },
    "B15": {
      "agent_id": "B15",
      "node_type": "agent",
      "last_bid_price": 120,
      "last_ask_price": null,
      "last_trade_price": null,
      "total_trades": 0,
      "total_volume": 0,
      "strategy_type": null,
      "inferred_valuation": 120,
      "valuation_confidence": 0.1,
      "aggressiveness_score": 0.0,
      "last_activity": 20.447761194029777
    },
    "B21": {
      "agent_id": "B21",
      "node_type": "agent",
      "last_bid_price": 120,
      "last_ask_price": null,
      "last_trade_price": null,
      "total_trades": 0,
      "total_volume": 0,
      "strategy_type": null,
      "inferred_valuation": 116.5,
      "valuation_confidence": 0.2,
      "aggressiveness_score": 0.0,
      "last_activity": 30.597014925373
    },
    "B08": {
      "agent_id": "B08",
      "node_type": "agent",
      "last_bid_price": 113,
      "last_ask_price": null,
      "last_trade_price": null,
      "total_trades": 0,
      "total_volume": 0,
      "strategy_type": null,
      "inferred_valuation": 113.0,
      "valuation_confidence": 0.2,
      "aggressiveness_score": 0.0,
      "last_activity": 25.522388059701388
    },
    "B14": {
      "agent_id": "B14",
      "node_type": "agent",
      "last_bid_price": 120,
      "last_ask_price": null,
      "last_trade_price": null,
      "total_trades": 0,
      "total_volume": 0,
      "strategy_type": null,
      "inferred_valuation": 113.63,
      "valuation_confidence": 0.30000000000000004,
      "aggressiveness_score": 0.0,
      "last_activity": 30.597014925373
    },
    "B18": {
      "agent_id": "B18",
      "node_type": "agent",
      "last_bid_price": 100,
      "last_ask_price": null,
      "last_trade_price": null,
      "total_trades": 0,
      "total_volume": 0,
      "strategy_type": null,
      "inferred_valuation": 100,
      "valuation_confidence": 0.1,
      "aggressiveness_score": 0.0,
      "last_activity": 20.447761194029777
    },
    "S15": {
      "agent_id": "S15",
      "node_type": "agent",
      "last_bid_price": null,
      "last_ask_price": 127,
      "last_trade_price": null,
      "total_trades": 0,
      "total_volume": 0,
      "strategy_type": null,
      "inferred_valuation": 127,
      "valuation_confidence": 0.1,
      "aggressiveness_score": 0.0,
      "last_activity": 20.447761194029777
    },
    "P15": {
      "agent_id": "P15",
      "node_type": "agent",
      "last_bid_price": null,
      "last_ask_price": 127,
      "last_trade_price": null,
      "total_trades": 0,
      "total_volume": 0,
      "strategy_type": null,
      "inferred_valuation": 127.48999999999998,
      "valuation_confidence": 0.30000000000000004,
      "aggressiveness_score": 0.0,
      "last_activity": 30.597014925373
    },
    "P00": {
      "agent_id": "P00",
      "node_type": "agent",
      "last_bid_price": null,
      "last_ask_price": 129,
      "last_trade_price": null,
      "total_trades": 0,
      "total_volume": 0,
      "strategy_type": null,
      "inferred_valuation": 129,
      "valuation_confidence": 0.1,
      "aggressiveness_score": 0.0,
      "last_activity": 20.447761194029777
    },
    "P06": {
      "agent_id": "P06",
      "node_type": "agent",
      "last_bid_price": 124,
      "last_ask_price": null,
      "last_trade_price": null,
      "total_trades": 0,
      "total_volume": 0,
      "strategy_type": null,
      "inferred_valuation": 124,
      "valuation_confidence": 0.1,
      "aggressiveness_score": 0.0,
      "last_activity": 25.522388059701388
    },
    "P10": {
      "agent_id": "P10",
      "node_type": "agent",
      "last_bid_price": 124,
      "last_ask_price": null,
      "last_trade_price": null,
      "total_trades": 0,
      "total_volume": 0,
      "strategy_type": null,
      "inferred_valuation": 124,
      "valuation_confidence": 0.1,
      "aggressiveness_score": 0.0,
      "last_activity": 25.522388059701388
    },
    "B01": {
      "agent_id": "B01",
      "node_type": "agent",
      "last_bid_price": 91,
      "last_ask_price": null,
      "last_trade_price": null,
      "total_trades": 0,
      "total_volume": 0,
      "strategy_type": null,
      "inferred_valuation": 91,
      "valuation_confidence": 0.1,
      "aggressiveness_score": 0.0,
      "last_activity": 25.522388059701388
    },
    "S14": {
      "agent_id": "S14",
      "node_type": "agent",
      "last_bid_price": null,
      "last_ask_price": 133,
      "last_trade_price": null,
      "total_trades": 0,
      "total_volume": 0,
      "strategy_type": null,
      "inferred_valuation": 133.0,
      "valuation_confidence": 0.2,
      "aggressiveness_score": 0.0,
      "last_activity": 30.597014925373
    },
    "S00": {
      "agent_id": "S00",
      "node_type": "agent",
      "last_bid_price": null,
      "last_ask_price": 143,
      "last_trade_price": null,
      "total_trades": 0,
      "total_volume": 0,
      "strategy_type": null,
      "inferred_valuation": 143.0,
      "valuation_confidence": 0.2,
      "aggressiveness_score": 0.0,
      "last_activity": 30.597014925373
    },
    "S22": {
      "agent_id": "S22",
      "node_type": "agent",
      "last_bid_price": null,
      "last_ask_price": 146,
      "last_trade_price": null,
      "total_trades": 0,
      "total_volume": 0,
      "strategy_type": null,
      "inferred_valuation": 150.2,
      "valuation_confidence": 0.2,
      "aggressiveness_score": 0.0,
      "last_activity": 30.597014925373
    },
    "S19": {
      "agent_id": "S19",
      "node_type": "agent",
      "last_bid_price": null,
      "last_ask_price": 172,
      "last_trade_price": null,
      "total_trades": 0,
      "total_volume": 0,
      "strategy_type": null,
      "inferred_valuation": 172.0,
      "valuation_confidence": 0.2,
      "aggressiveness_score": 0.0,
      "last_activity": 30.597014925373
    },
    "S13": {
      "agent_id": "S13",
      "node_type": "agent",
      "last_bid_price": null,
      "last_ask_price": 130,
      "last_trade_price": null,
      "total_trades": 0,
      "total_volume": 0,
      "strategy_type": null,
      "inferred_valuation": 161.5,
      "valuation_confidence": 0.2,
      "aggressiveness_score": 0.0,
      "last_activity": 30.597014925373
    },
    "P04": {
      "agent_id": "P04",
      "node_type": "agent",
      "last_bid_price": 124,
      "last_ask_price": null,
      "last_trade_price": null,
      "total_trades": 0,
      "total_volume": 0,
      "strategy_type": null,
      "inferred_valuation": 124,
      "valuation_confidence": 0.1,
      "aggressiveness_score": 0.0,
      "last_activity": 30.597014925373
    },
    "B22": {
      "agent_id": "B22",
      "node_type": "agent",
      "last_bid_price": 112,
      "last_ask_price": null,
      "last_trade_price": null,
      "total_trades": 0,
      "total_volume": 0,
      "strategy_type": null,
      "inferred_valuation": 112,
      "valuation_confidence": 0.1,
      "aggressiveness_score": 0.0,
      "last_activity": 30.597014925373
    },
    "B03": {
      "agent_id": "B03",
      "node_type": "agent",
      "last_bid_price": 103,
      "last_ask_price": null,
      "last_trade_price": null,
      "total_trades": 0,
      "total_volume": 0,
      "strategy_type": null,
      "inferred_valuation": 103,
      "valuation_confidence": 0.1,
      "aggressiveness_score": 0.0,
      "last_activity": 30.597014925373
    },
    "S17": {
      "agent_id": "S17",
      "node_type": "agent",
      "last_bid_price": null,
      "last_ask_price": 127,
      "last_trade_price": null,
      "total_trades": 0,
      "total_volume": 0,
      "strategy_type": null,
      "inferred_valuation": 127,
      "valuation_confidence": 0.1,
      "aggressiveness_score": 0.0,
      "last_activity": 30.597014925373
    },
    "S05": {
      "agent_id": "S05",
      "node_type": "agent",
      "last_bid_price": null,
      "last_ask_price": 138,
      "last_trade_price": null,
      "total_trades": 0,
      "total_volume": 0,
      "strategy_type": null,
      "inferred_valuation": 138,
      "valuation_confidence": 0.1,
      "aggressiveness_score": 0.0,
      "last_activity": 30.597014925373
    }
  },
  "edges": {
    "a4891fe6-a7f3-4c4e-9438-8a506194cb6c": {
      "edge_id": "a4891fe6-a7f3-4c4e-9438-8a506194cb6c",
      "source_node": "BSE_ASSET",
      "target_node": "P19",
      "belief_type": "strategy",
      "confidence": 0.1,
      "value": "unknown",
      "timestamp": 0.0,
      "evidence_count": 0
    },
    "1900e2b0-08f7-4b6c-be34-e09ab4658056": {
      "edge_id": "1900e2b0-08f7-4b6c-be34-e09ab4658056",
      "source_node": "BSE_ASSET",
      "target_node": "P19",
      "belief_type": "valuation",
      "confidence": 0.1,
      "value": 124,
      "timestamp": 20.447761194029777,
      "evidence_count": 1
    },
    "7bc471fc-f9d0-4268-99ef-ab775dc4964a": {
      "edge_id": "7bc471fc-f9d0-4268-99ef-ab775dc4964a",
      "source_node": "BSE_ASSET",
      "target_node": "P17",
      "belief_type": "strategy",
      "confidence": 0.1,
      "value": "unknown",
      "timestamp": 0.0,
      "evidence_count": 0
    },
    "1ef62a27-0d0d-43c2-853b-abfddb306adc": {
      "edge_id": "1ef62a27-0d0d-43c2-853b-abfddb306adc",
      "source_node": "BSE_ASSET",
      "target_node": "P17",
      "belief_type": "valuation",
      "confidence": 0.1,
      "value": 130,
      "timestamp": 5.074626865671641,
      "evidence_count": 1
    },
    "61a15a24-c6de-4aee-8a43-f02f34f038d3": {
      "edge_id": "61a15a24-c6de-4aee-8a43-f02f34f038d3",
      "source_node": "BSE_ASSET",
      "target_node": "P02",
      "belief_type": "strategy",
      "confidence": 0.1,
      "value": "unknown",
      "timestamp": 5.074626865671641,
      "evidence_count": 0
    },
    "625688e5-b006-4cb9-ac29-d145d5c2eba2": {
      "edge_id": "625688e5-b006-4cb9-ac29-d145d5c2eba2",
      "source_node": "BSE_ASSET",
      "target_node": "P02",
      "belief_type": "valuation",
      "confidence": 0.5,
      "value": 128.7599,
      "timestamp": 30.597014925373,
      "evidence_count": 5
    },
    "e35535ec-8bd1-4570-9c90-664db4dcf430": {
      "edge_id": "e35535ec-8bd1-4570-9c90-664db4dcf430",
      "source_node": "BSE_ASSET",
      "target_node": "P01",
      "belief_type": "strategy",
      "confidence": 0.1,
      "value": "unknown",
      "timestamp": 5.074626865671641,
      "evidence_count": 0
    },
    "c63027ec-e9d5-466f-8639-fa20c604f7ee": {
      "edge_id": "c63027ec-e9d5-466f-8639-fa20c604f7ee",
      "source_node": "BSE_ASSET",
      "target_node": "P01",
      "belief_type": "valuation",
      "confidence": 0.4,
      "value": 127.34299999999999,
      "timestamp": 30.597014925373,
      "evidence_count": 4
    },
    "19206ae8-2585-44e2-88b2-db0c4a9c25d7": {
      "edge_id": "19206ae8-2585-44e2-88b2-db0c4a9c25d7",
      "source_node": "BSE_ASSET",
      "target_node": "P08",
      "belief_type": "strategy",
      "confidence": 0.1,
      "value": "unknown",
      "timestamp": 5.074626865671641,
      "evidence_count": 0
    },
    "7f1eac47-3f53-4759-ba58-64901d41d44a": {
      "edge_id": "7f1eac47-3f53-4759-ba58-64901d41d44a",
      "source_node": "BSE_ASSET",
      "target_node": "P08",
      "belief_type": "valuation",
      "confidence": 0.5,
      "value": 129.2797,
      "timestamp": 30.597014925373,
      "evidence_count": 5
    },
    "e82e323a-ed66-4243-90cd-ff817ec220b4": {
      "edge_id": "e82e323a-ed66-4243-90cd-ff817ec220b4",
      "source_node": "BSE_ASSET",
      "target_node": "P07",
      "belief_type": "strategy",
      "confidence": 0.1,
      "value": "unknown",
      "timestamp": 5.074626865671641,
      "evidence_count": 0
    },
    "73e99ecc-f906-4d93-843c-980f53c609a4": {
      "edge_id": "73e99ecc-f906-4d93-843c-980f53c609a4",
      "source_node": "BSE_ASSET",
      "target_node": "P07",
      "belief_type": "valuation",
      "confidence": 0.6,
      "value": 120.0,
      "timestamp": 30.597014925373,
      "evidence_count": 6
    },
    "6e36f9cf-c910-41a9-af43-0513a339d0ad": {
      "edge_id": "6e36f9cf-c910-41a9-af43-0513a339d0ad",
      "source_node": "BSE_ASSET",
      "target_node": "B11",
      "belief_type": "strategy",
      "confidence": 0.1,
      "value": "unknown",
      "timestamp": 5.074626865671641,
      "evidence_count": 0
    },
    "ef7efa98-d07e-4ec5-8b2e-a6d4876f4f5f": {
      "edge_id": "ef7efa98-d07e-4ec5-8b2e-a6d4876f4f5f",
      "source_node": "BSE_ASSET",
      "target_node": "B11",
      "belief_type": "valuation",
      "confidence": 0.2,
      "value": 110.99999999999999,
      "timestamp": 10.298507462686555,
      "evidence_count": 2
    },
    "a55cd835-ffa2-4862-a5e3-f6fad49a4d9c": {
      "edge_id": "a55cd835-ffa2-4862-a5e3-f6fad49a4d9c",
      "source_node": "BSE_ASSET",
      "target_node": "B19",
      "belief_type": "strategy",
      "confidence": 0.1,
      "value": "unknown",
      "timestamp": 5.074626865671641,
      "evidence_count": 0
    },
    "bdfcca2f-0877-4b2d-a30f-1ce0c16b6dde": {
      "edge_id": "bdfcca2f-0877-4b2d-a30f-1ce0c16b6dde",
      "source_node": "BSE_ASSET",
      "target_node": "B19",
      "belief_type": "valuation",
      "confidence": 0.2,
      "value": 114.19999999999999,
      "timestamp": 10.298507462686555,
      "evidence_count": 2
    },
    "67b8ecdd-4a90-49b6-a149-f236ab49c36c": {
      "edge_id": "67b8ecdd-4a90-49b6-a149-f236ab49c36c",
      "source_node": "BSE_ASSET",
      "target_node": "S06",
      "belief_type": "strategy",
      "confidence": 0.1,
      "value": "unknown",
      "timestamp": 5.074626865671641,
      "evidence_count": 0
    },
    "dab5e7c6-5f7d-478a-93ed-6b7cd83178a8": {
      "edge_id": "dab5e7c6-5f7d-478a-93ed-6b7cd83178a8",
      "source_node": "BSE_ASSET",
      "target_node": "S06",
      "belief_type": "valuation",
      "confidence": 0.1,
      "value": 132,
      "timestamp": 5.074626865671641,
      "evidence_count": 1
    },
    "b0eae87e-afc3-4873-becf-7bda4677a914": {
      "edge_id": "b0eae87e-afc3-4873-becf-7bda4677a914",
      "source_node": "BSE_ASSET",
      "target_node": "S02",
      "belief_type": "strategy",
      "confidence": 0.1,
      "value": "unknown",
      "timestamp": 5.074626865671641,
      "evidence_count": 0
    },
    "3570541c-011a-40f1-9f14-295e04b7f881": {
      "edge_id": "3570541c-011a-40f1-9f14-295e04b7f881",
      "source_node": "BSE_ASSET",
      "target_node": "S02",
      "belief_type": "valuation",
      "confidence": 0.30000000000000004,
      "value": 131.58999999999997,
      "timestamp": 15.373134328358166,
      "evidence_count": 3
    },
    "0b381505-1c05-47da-abb7-0f965b96f3bb": {
      "edge_id": "0b381505-1c05-47da-abb7-0f965b96f3bb",
      "source_node": "BSE_ASSET",
      "target_node": "S07",
      "belief_type": "strategy",
      "confidence": 0.1,
      "value": "unknown",
      "timestamp": 5.074626865671641,
      "evidence_count": 0
    },
    "6a0c4757-d135-42e4-ae15-6e3be1edc4ef": {
      "edge_id": "6a0c4757-d135-42e4-ae15-6e3be1edc4ef",
      "source_node": "BSE_ASSET",
      "target_node": "S07",
      "belief_type": "valuation",
      "confidence": 0.30000000000000004,
      "value": 397.05999999999995,
      "timestamp": 15.373134328358166,
      "evidence_count": 3
    },
    "29bdb8d8-12c1-4d18-a382-8d04a177177e": {
      "edge_id": "29bdb8d8-12c1-4d18-a382-8d04a177177e",
      "source_node": "BSE_ASSET",
      "target_node": "P20",
      "belief_type": "strategy",
      "confidence": 0.1,
      "value": "unknown",
      "timestamp": 10.298507462686555,
      "evidence_count": 0
    },
    "c7932dd6-bbcb-447a-8f3b-eed61ee3d3d5": {
      "edge_id": "c7932dd6-bbcb-447a-8f3b-eed61ee3d3d5",
      "source_node": "BSE_ASSET",
      "target_node": "P20",
      "belief_type": "valuation",
      "confidence": 0.2,
      "value": 124.0,
      "timestamp": 15.373134328358166,
      "evidence_count": 2
    },
    "495f6365-0600-4459-8c91-d1f6bfcb6d71": {
      "edge_id": "495f6365-0600-4459-8c91-d1f6bfcb6d71",
      "source_node": "BSE_ASSET",
      "target_node": "B13",
      "belief_type": "strategy",
      "confidence": 0.1,
      "value": "unknown",
      "timestamp": 10.298507462686555,
      "evidence_count": 0
    },
    "9f412d55-42f4-43bd-80d6-7379a2b69a91": {
      "edge_id": "9f412d55-42f4-43bd-80d6-7379a2b69a91",
      "source_node": "BSE_ASSET",
      "target_node": "B13",
      "belief_type": "valuation",
      "confidence": 0.4,
      "value": 105.1,
      "timestamp": 25.522388059701388,
      "evidence_count": 4
    },
    "96cce728-ad51-4f79-a803-fdd611e69cb4": {
      "edge_id": "96cce728-ad51-4f79-a803-fdd611e69cb4",
      "source_node": "BSE_ASSET",
      "target_node": "B05",
      "belief_type": "strategy",
      "confidence": 0.1,
      "value": "unknown",
      "timestamp": 10.298507462686555,
      "evidence_count": 0
    },
    "56550ca5-8b45-4a87-a04a-bf07b6b515d7": {
      "edge_id": "56550ca5-8b45-4a87-a04a-bf07b6b515d7",
      "source_node": "BSE_ASSET",
      "target_node": "B05",
      "belief_type": "valuation",
      "confidence": 0.30000000000000004,
      "value": 95.94,
      "timestamp": 20.447761194029777,
      "evidence_count": 3
    },
    "35010ee2-a1c3-47eb-ad39-442300791734": {
      "edge_id": "35010ee2-a1c3-47eb-ad39-442300791734",
      "source_node": "BSE_ASSET",
      "target_node": "B02",
      "belief_type": "strategy",
      "confidence": 0.1,
      "value": "unknown",
      "timestamp": 10.298507462686555,
      "evidence_count": 0
    },
    "9b5b08a2-e721-450d-a789-905706ac00c1": {
      "edge_id": "9b5b08a2-e721-450d-a789-905706ac00c1",
      "source_node": "BSE_ASSET",
      "target_node": "B02",
      "belief_type": "valuation",
      "confidence": 0.4,
      "value": 94.329,
      "timestamp": 25.522388059701388,
      "evidence_count": 4
    },
    "dbfe892f-aebb-43cd-85b7-cab48db578a6": {
      "edge_id": "dbfe892f-aebb-43cd-85b7-cab48db578a6",
      "source_node": "BSE_ASSET",
      "target_node": "B07",
      "belief_type": "strategy",
      "confidence": 0.1,
      "value": "unknown",
      "timestamp": 10.298507462686555,
      "evidence_count": 0
    },
    "f0f5c095-c5c2-4ae6-a68c-5664d1e6b3ba": {
      "edge_id": "f0f5c095-c5c2-4ae6-a68c-5664d1e6b3ba",
      "source_node": "BSE_ASSET",
      "target_node": "B07",
      "belief_type": "valuation",
      "confidence": 0.2,
      "value": 98.0,
      "timestamp": 15.373134328358166,
      "evidence_count": 2
    },
    "0ad855e7-00d9-4300-98e6-c72422c02155": {
      "edge_id": "0ad855e7-00d9-4300-98e6-c72422c02155",
      "source_node": "BSE_ASSET",
      "target_node": "B09",
      "belief_type": "strategy",
      "confidence": 0.1,
      "value": "unknown",
      "timestamp": 10.298507462686555,
      "evidence_count": 0
    },
    "38ba2758-6bb2-4eec-9027-0545bfd5f658": {
      "edge_id": "38ba2758-6bb2-4eec-9027-0545bfd5f658",
      "source_node": "BSE_ASSET",
      "target_node": "B09",
      "belief_type": "valuation",
      "confidence": 0.30000000000000004,
      "value": 101.88999999999999,
      "timestamp": 30.597014925373,
      "evidence_count": 3
    },
    "1331d084-3670-4db1-81e3-18163bfe5b30": {
      "edge_id": "1331d084-3670-4db1-81e3-18163bfe5b30",
      "source_node": "BSE_ASSET",
      "target_node": "B04",
      "belief_type": "strategy",
      "confidence": 0.1,
      "value": "unknown",
      "timestamp": 10.298507462686555,
      "evidence_count": 0
    },
    "0a97e1ef-b4c5-49d3-a3cf-d74ab91ed111": {
      "edge_id": "0a97e1ef-b4c5-49d3-a3cf-d74ab91ed111",
      "source_node": "BSE_ASSET",
      "target_node": "B04",
      "belief_type": "valuation",
      "confidence": 0.2,
      "value": 82.0,
      "timestamp": 15.373134328358166,
      "evidence_count": 2
    },
    "66c64fc3-06c5-4192-bb65-f32f39860b3c": {
      "edge_id": "66c64fc3-06c5-4192-bb65-f32f39860b3c",
      "source_node": "BSE_ASSET",
      "target_node": "S03",
      "belief_type": "strategy",
      "confidence": 0.1,
      "value": "unknown",
      "timestamp": 10.298507462686555,
      "evidence_count": 0
    },
    "b3f07005-ffa2-4d6c-9b4a-0b503f03ec03": {
      "edge_id": "b3f07005-ffa2-4d6c-9b4a-0b503f03ec03",
      "source_node": "BSE_ASSET",
      "target_node": "S03",
      "belief_type": "valuation",
      "confidence": 0.1,
      "value": 130,
      "timestamp": 10.298507462686555,
      "evidence_count": 1
    },
    "27634d1c-2185-4005-bd58-a9ffad461cec": {
      "edge_id": "27634d1c-2185-4005-bd58-a9ffad461cec",
      "source_node": "BSE_ASSET",
      "target_node": "S12",
      "belief_type": "strategy",
      "confidence": 0.1,
      "value": "unknown",
      "timestamp": 10.298507462686555,
      "evidence_count": 0
    },
    "828b4003-6c88-41fe-b271-4437825dd449": {
      "edge_id": "828b4003-6c88-41fe-b271-4437825dd449",
      "source_node": "BSE_ASSET",
      "target_node": "S12",
      "belief_type": "valuation",
      "confidence": 0.2,
      "value": 144.0,
      "timestamp": 15.373134328358166,
      "evidence_count": 2
    },
    "b965e9ed-158b-40f3-b678-5ba9e6f14005": {
      "edge_id": "b965e9ed-158b-40f3-b678-5ba9e6f14005",
      "source_node": "BSE_ASSET",
      "target_node": "S20",
      "belief_type": "strategy",
      "confidence": 0.1,
      "value": "unknown",
      "timestamp": 10.298507462686555,
      "evidence_count": 0
    },
    "5c2ba6ba-fcf3-4884-9c29-691acc6b4cfc": {
      "edge_id": "5c2ba6ba-fcf3-4884-9c29-691acc6b4cfc",
      "source_node": "BSE_ASSET",
      "target_node": "S20",
      "belief_type": "valuation",
      "confidence": 0.30000000000000004,
      "value": 155.07999999999998,
      "timestamp": 30.597014925373,
      "evidence_count": 3
    },
    "cd33f684-6626-418f-85ed-7e6702a627fe": {
      "edge_id": "cd33f684-6626-418f-85ed-7e6702a627fe",
      "source_node": "BSE_ASSET",
      "target_node": "P14",
      "belief_type": "strategy",
      "confidence": 0.1,
      "value": "unknown",
      "timestamp": 15.373134328358166,
      "evidence_count": 0
    },
    "72e6b9d0-1209-4464-a47c-853415dfd003": {
      "edge_id": "72e6b9d0-1209-4464-a47c-853415dfd003",
      "source_node": "BSE_ASSET",
      "target_node": "P14",
      "belief_type": "valuation",
      "confidence": 0.30000000000000004,
      "value": 125.53,
      "timestamp": 30.597014925373,
      "evidence_count": 3
    },
    "85b75425-460b-4bda-aaab-dcc2a073dd69": {
      "edge_id": "85b75425-460b-4bda-aaab-dcc2a073dd69",
      "source_node": "BSE_ASSET",
      "target_node": "B06",
      "belief_type": "strategy",
      "confidence": 0.1,
      "value": "unknown",
      "timestamp": 15.373134328358166,
      "evidence_count": 0
    },
    "0722de4b-a8e0-4c47-8682-70532b14448f": {
      "edge_id": "0722de4b-a8e0-4c47-8682-70532b14448f",
      "source_node": "BSE_ASSET",
      "target_node": "B06",
      "belief_type": "valuation",
      "confidence": 0.2,
      "value": 112.0,
      "timestamp": 20.447761194029777,
      "evidence_count": 2
    },
    "f0ab9f32-9b69-4dba-aa45-47a3cd32f27c": {
      "edge_id": "f0ab9f32-9b69-4dba-aa45-47a3cd32f27c",
      "source_node": "BSE_ASSET",
      "target_node": "B20",
      "belief_type": "strategy",
      "confidence": 0.1,
      "value": "unknown",
      "timestamp": 15.373134328358166,
      "evidence_count": 0
    },
    "254eed46-b450-417c-9cd8-ee81c7e2eaed": {
      "edge_id": "254eed46-b450-417c-9cd8-ee81c7e2eaed",
      "source_node": "BSE_ASSET",
      "target_node": "B20",
      "belief_type": "valuation",
      "confidence": 0.1,
      "value": 100,
      "timestamp": 15.373134328358166,
      "evidence_count": 1
    },
    "046fefe7-2561-4adb-8600-0d860ec8bc2a": {
      "edge_id": "046fefe7-2561-4adb-8600-0d860ec8bc2a",
      "source_node": "BSE_ASSET",
      "target_node": "B10",
      "belief_type": "strategy",
      "confidence": 0.1,
      "value": "unknown",
      "timestamp": 15.373134328358166,
      "evidence_count": 0
    },
    "81b060b7-472e-4485-b462-8712d60117c6": {
      "edge_id": "81b060b7-472e-4485-b462-8712d60117c6",
      "source_node": "BSE_ASSET",
      "target_node": "B10",
      "belief_type": "valuation",
      "confidence": 0.30000000000000004,
      "value": 107.69,
      "timestamp": 25.522388059701388,
      "evidence_count": 3
    },
    "5e903006-501b-43b9-97f4-e2cd1105a604": {
      "edge_id": "5e903006-501b-43b9-97f4-e2cd1105a604",
      "source_node": "BSE_ASSET",
      "target_node": "S04",
      "belief_type": "strategy",
      "confidence": 0.1,
      "value": "unknown",
      "timestamp": 15.373134328358166,
      "evidence_count": 0
    },
    "847b44ec-80eb-410f-8f91-f66040d4c062": {
      "edge_id": "847b44ec-80eb-410f-8f91-f66040d4c062",
      "source_node": "BSE_ASSET",
      "target_node": "S04",
      "belief_type": "valuation",
      "confidence": 0.30000000000000004,
      "value": 130.53,
      "timestamp": 30.597014925373,
      "evidence_count": 3
    },
    "5c8c0bc9-de11-4ad9-9027-835a9f24382c": {
      "edge_id": "5c8c0bc9-de11-4ad9-9027-835a9f24382c",
      "source_node": "BSE_ASSET",
      "target_node": "P12",
      "belief_type": "strategy",
      "confidence": 0.1,
      "value": "unknown",
      "timestamp": 15.373134328358166,
      "evidence_count": 0
    },
    "e6f9a97b-c558-462c-b03f-b29fe96a0434": {
      "edge_id": "e6f9a97b-c558-462c-b03f-b29fe96a0434",
      "source_node": "BSE_ASSET",
      "target_node": "P12",
      "belief_type": "valuation",
      "confidence": 0.4,
      "value": 130.0,
      "timestamp": 30.597014925373,
      "evidence_count": 4
    },
    "ffc56d8e-69d1-4874-a912-b8d30c1d3d11": {
      "edge_id": "ffc56d8e-69d1-4874-a912-b8d30c1d3d11",
      "source_node": "BSE_ASSET",
      "target_node": "P18",
      "belief_type": "strategy",
      "confidence": 0.1,
      "value": "unknown",
      "timestamp": 15.373134328358166,
      "evidence_count": 0
    },
    "5e2062de-b187-4994-b017-7b8fff2293dc": {
      "edge_id": "5e2062de-b187-4994-b017-7b8fff2293dc",
      "source_node": "BSE_ASSET",
      "target_node": "P18",
      "belief_type": "valuation",
      "confidence": 0.4,
      "value": 130.0,
      "timestamp": 30.597014925373,
      "evidence_count": 4
    },
    "1208952a-2d98-4d72-aeb9-2a11883c7b66": {
      "edge_id": "1208952a-2d98-4d72-aeb9-2a11883c7b66",
      "source_node": "BSE_ASSET",
      "target_node": "P16",
      "belief_type": "strategy",
      "confidence": 0.1,
      "value": "unknown",
      "timestamp": 15.373134328358166,
      "evidence_count": 0
    },
    "23ba3974-3296-4b91-8159-5c7d33114731": {
      "edge_id": "23ba3974-3296-4b91-8159-5c7d33114731",
      "source_node": "BSE_ASSET",
      "target_node": "P16",
      "belief_type": "valuation",
      "confidence": 0.1,
      "value": 124,
      "timestamp": 20.447761194029777,
      "evidence_count": 1
    },
    "bc75e0c4-00c0-40c5-ae92-5febd88d8f00": {
      "edge_id": "bc75e0c4-00c0-40c5-ae92-5febd88d8f00",
      "source_node": "BSE_ASSET",
      "target_node": "P13",
      "belief_type": "strategy",
      "confidence": 0.1,
      "value": "unknown",
      "timestamp": 20.447761194029777,
      "evidence_count": 0
    },
    "502d4b5e-5e50-4546-ab12-4bfe1e771c89": {
      "edge_id": "502d4b5e-5e50-4546-ab12-4bfe1e771c89",
      "source_node": "BSE_ASSET",
      "target_node": "P13",
      "belief_type": "valuation",
      "confidence": 0.1,
      "value": 124,
      "timestamp": 20.447761194029777,
      "evidence_count": 1
    },
    "e71c4e93-f609-416b-bbad-c9edc2ddc95f": {
      "edge_id": "e71c4e93-f609-416b-bbad-c9edc2ddc95f",
      "source_node": "BSE_ASSET",
      "target_node": "B15",
      "belief_type": "strategy",
      "confidence": 0.1,
      "value": "unknown",
      "timestamp": 20.447761194029777,
      "evidence_count": 0
    },
    "6fd9a986-3c9d-4df5-bb61-d12054c26a3a": {
      "edge_id": "6fd9a986-3c9d-4df5-bb61-d12054c26a3a",
      "source_node": "BSE_ASSET",
      "target_node": "B15",
      "belief_type": "valuation",
      "confidence": 0.1,
      "value": 120,
      "timestamp": 20.447761194029777,
      "evidence_count": 1
    },
    "d72daf26-918c-4066-87a2-b4694d35d9e4": {
      "edge_id": "d72daf26-918c-4066-87a2-b4694d35d9e4",
      "source_node": "BSE_ASSET",
      "target_node": "B21",
      "belief_type": "strategy",
      "confidence": 0.1,
      "value": "unknown",
      "timestamp": 20.447761194029777,
      "evidence_count": 0
    },
    "d8a55a3a-bc1f-4226-8ef4-5aa5cbd9a2e1": {
      "edge_id": "d8a55a3a-bc1f-4226-8ef4-5aa5cbd9a2e1",
      "source_node": "BSE_ASSET",
      "target_node": "B21",
      "belief_type": "valuation",
      "confidence": 0.2,
      "value": 116.5,
      "timestamp": 30.597014925373,
      "evidence_count": 2
    },
    "85db282d-57c4-47c2-b1b4-4327c11b4e56": {
      "edge_id": "85db282d-57c4-47c2-b1b4-4327c11b4e56",
      "source_node": "BSE_ASSET",
      "target_node": "B08",
      "belief_type": "strategy",
      "confidence": 0.1,
      "value": "unknown",
      "timestamp": 20.447761194029777,
      "evidence_count": 0
    },
    "9d5fdbac-e136-4833-8d9e-884503ec69d3": {
      "edge_id": "9d5fdbac-e136-4833-8d9e-884503ec69d3",
      "source_node": "BSE_ASSET",
      "target_node": "B08",
      "belief_type": "valuation",
      "confidence": 0.2,
      "value": 113.0,
      "timestamp": 25.522388059701388,
      "evidence_count": 2
    },
    "4902dbc0-c2fc-4e87-84d2-aac42b831c9e": {
      "edge_id": "4902dbc0-c2fc-4e87-84d2-aac42b831c9e",
      "source_node": "BSE_ASSET",
      "target_node": "B14",
      "belief_type": "strategy",
      "confidence": 0.1,
      "value": "unknown",
      "timestamp": 20.447761194029777,
      "evidence_count": 0
    },
    "fd7d0312-bbf9-41aa-8c4a-4c13b06fcd90": {
      "edge_id": "fd7d0312-bbf9-41aa-8c4a-4c13b06fcd90",
      "source_node": "BSE_ASSET",
      "target_node": "B14",
      "belief_type": "valuation",
      "confidence": 0.30000000000000004,
      "value": 113.63,
      "timestamp": 30.597014925373,
      "evidence_count": 3
    },
    "c8b27268-c786-4077-bc41-5b09483c4cfa": {
      "edge_id": "c8b27268-c786-4077-bc41-5b09483c4cfa",
      "source_node": "BSE_ASSET",
      "target_node": "B18",
      "belief_type": "strategy",
      "confidence": 0.1,
      "value": "unknown",
      "timestamp": 20.447761194029777,
      "evidence_count": 0
    },
    "7a1d67b1-d3c2-4ca4-81ae-3ba070c426d8": {
      "edge_id": "7a1d67b1-d3c2-4ca4-81ae-3ba070c426d8",
      "source_node": "BSE_ASSET",
      "target_node": "B18",
      "belief_type": "valuation",
      "confidence": 0.1,
      "value": 100,
      "timestamp": 20.447761194029777,
      "evidence_count": 1
    },
    "04103fe8-1dae-476e-82a9-ebdac9c66513": {
      "edge_id": "04103fe8-1dae-476e-82a9-ebdac9c66513",
      "source_node": "BSE_ASSET",
      "target_node": "S15",
      "belief_type": "strategy",
      "confidence": 0.1,
      "value": "unknown",
      "timestamp": 20.447761194029777,
      "evidence_count": 0
    },
    "a47ddd17-76fc-42ef-bb46-f67cbed1563c": {
      "edge_id": "a47ddd17-76fc-42ef-bb46-f67cbed1563c",
      "source_node": "BSE_ASSET",
      "target_node": "S15",
      "belief_type": "valuation",
      "confidence": 0.1,
      "value": 127,
      "timestamp": 20.447761194029777,
      "evidence_count": 1
    },
    "ab623d03-d8b7-4101-8479-c162555c7e94": {
      "edge_id": "ab623d03-d8b7-4101-8479-c162555c7e94",
      "source_node": "BSE_ASSET",
      "target_node": "P15",
      "belief_type": "strategy",
      "confidence": 0.1,
      "value": "unknown",
      "timestamp": 20.447761194029777,
      "evidence_count": 0
    },
    "a250cf75-fc87-4903-94e1-f3f6b0e45ea5": {
      "edge_id": "a250cf75-fc87-4903-94e1-f3f6b0e45ea5",
      "source_node": "BSE_ASSET",
      "target_node": "P15",
      "belief_type": "valuation",
      "confidence": 0.30000000000000004,
      "value": 127.48999999999998,
      "timestamp": 30.597014925373,
      "evidence_count": 3
    },
    "f44acae2-6a86-4e60-83db-977669d3f8c2": {
      "edge_id": "f44acae2-6a86-4e60-83db-977669d3f8c2",
      "source_node": "BSE_ASSET",
      "target_node": "P00",
      "belief_type": "strategy",
      "confidence": 0.1,
      "value": "unknown",
      "timestamp": 20.447761194029777,
      "evidence_count": 0
    },
    "b7431e77-6869-40d9-8548-a7b140de17f6": {
      "edge_id": "b7431e77-6869-40d9-8548-a7b140de17f6",
      "source_node": "BSE_ASSET",
      "target_node": "P00",
      "belief_type": "valuation",
      "confidence": 0.1,
      "value": 129,
      "timestamp": 20.447761194029777,
      "evidence_count": 1
    },
    "b2e2eb57-2b5e-426c-9873-4d7abaae948c": {
      "edge_id": "b2e2eb57-2b5e-426c-9873-4d7abaae948c",
      "source_node": "BSE_ASSET",
      "target_node": "P06",
      "belief_type": "strategy",
      "confidence": 0.1,
      "value": "unknown",
      "timestamp": 20.447761194029777,
      "evidence_count": 0
    },
    "2681240d-a586-4c31-84ee-84aeeeaa5df4": {
      "edge_id": "2681240d-a586-4c31-84ee-84aeeeaa5df4",
      "source_node": "BSE_ASSET",
      "target_node": "P06",
      "belief_type": "valuation",
      "confidence": 0.1,
      "value": 124,
      "timestamp": 25.522388059701388,
      "evidence_count": 1
    },
    "196c163c-95aa-4875-b187-25900e34f756": {
      "edge_id": "196c163c-95aa-4875-b187-25900e34f756",
      "source_node": "BSE_ASSET",
      "target_node": "P10",
      "belief_type": "strategy",
      "confidence": 0.1,
      "value": "unknown",
      "timestamp": 25.522388059701388,
      "evidence_count": 0
    },
    "bf2e7398-c8df-405b-9730-134efe1cc427": {
      "edge_id": "bf2e7398-c8df-405b-9730-134efe1cc427",
      "source_node": "BSE_ASSET",
      "target_node": "P10",
      "belief_type": "valuation",
      "confidence": 0.1,
      "value": 124,
      "timestamp": 25.522388059701388,
      "evidence_count": 1
    },
    "1a1bf625-9ccc-4183-b30d-b7de2ae8fe68": {
      "edge_id": "1a1bf625-9ccc-4183-b30d-b7de2ae8fe68",
      "source_node": "BSE_ASSET",
      "target_node": "B01",
      "belief_type": "strategy",
      "confidence": 0.1,
      "value": "unknown",
      "timestamp": 25.522388059701388,
      "evidence_count": 0
    },
    "8d75bcf0-d40a-4f7f-a5f0-b0e51f862193": {
      "edge_id": "8d75bcf0-d40a-4f7f-a5f0-b0e51f862193",
      "source_node": "BSE_ASSET",
      "target_node": "B01",
      "belief_type": "valuation",
      "confidence": 0.1,
      "value": 91,
      "timestamp": 25.522388059701388,
      "evidence_count": 1
    },
    "409b14b7-6469-4915-b708-fab8ae0b797e": {
      "edge_id": "409b14b7-6469-4915-b708-fab8ae0b797e",
      "source_node": "BSE_ASSET",
      "target_node": "S14",
      "belief_type": "strategy",
      "confidence": 0.1,
      "value": "unknown",
      "timestamp": 25.522388059701388,
      "evidence_count": 0
    },
    "b1323831-49ac-4dc0-99e9-f6b71dfb031b": {
      "edge_id": "b1323831-49ac-4dc0-99e9-f6b71dfb031b",
      "source_node": "BSE_ASSET",
      "target_node": "S14",
      "belief_type": "valuation",
      "confidence": 0.2,
      "value": 133.0,
      "timestamp": 30.597014925373,
      "evidence_count": 2
    },
    "f16b3394-4c3d-415a-8620-1141d9065c0f": {
      "edge_id": "f16b3394-4c3d-415a-8620-1141d9065c0f",
      "source_node": "BSE_ASSET",
      "target_node": "S00",
      "belief_type": "strategy",
      "confidence": 0.1,
      "value": "unknown",
      "timestamp": 25.522388059701388,
      "evidence_count": 0
    },
    "97401a61-7775-4492-99c9-a96a0977c4a2": {
      "edge_id": "97401a61-7775-4492-99c9-a96a0977c4a2",
      "source_node": "BSE_ASSET",
      "target_node": "S00",
      "belief_type": "valuation",
      "confidence": 0.2,
      "value": 143.0,
      "timestamp": 30.597014925373,
      "evidence_count": 2
    },
    "811e5142-0866-4165-8bec-c7814cbd7603": {
      "edge_id": "811e5142-0866-4165-8bec-c7814cbd7603",
      "source_node": "BSE_ASSET",
      "target_node": "S22",
      "belief_type": "strategy",
      "confidence": 0.1,
      "value": "unknown",
      "timestamp": 25.522388059701388,
      "evidence_count": 0
    },
    "6e7ce603-4891-43f9-ad5a-899b5f7c7706": {
      "edge_id": "6e7ce603-4891-43f9-ad5a-899b5f7c7706",
      "source_node": "BSE_ASSET",
      "target_node": "S22",
      "belief_type": "valuation",
      "confidence": 0.2,
      "value": 150.2,
      "timestamp": 30.597014925373,
      "evidence_count": 2
    },
    "f5766cad-2661-48db-b61e-8443909188ac": {
      "edge_id": "f5766cad-2661-48db-b61e-8443909188ac",
      "source_node": "BSE_ASSET",
      "target_node": "S19",
      "belief_type": "strategy",
      "confidence": 0.1,
      "value": "unknown",
      "timestamp": 25.522388059701388,
      "evidence_count": 0
    },
    "1fce0217-79bd-493a-bf95-f47803dc0673": {
      "edge_id": "1fce0217-79bd-493a-bf95-f47803dc0673",
      "source_node": "BSE_ASSET",
      "target_node": "S19",
      "belief_type": "valuation",
      "confidence": 0.2,
      "value": 172.0,
      "timestamp": 30.597014925373,
      "evidence_count": 2
    },
    "823ebb03-c175-4792-b44c-6c6d76bb58f3": {
      "edge_id": "823ebb03-c175-4792-b44c-6c6d76bb58f3",
      "source_node": "BSE_ASSET",
      "target_node": "S13",
      "belief_type": "strategy",
      "confidence": 0.1,
      "value": "unknown",
      "timestamp": 25.522388059701388,
      "evidence_count": 0
    },
    "427911f3-06d3-43e5-8f9a-6d7a36f58a13": {
      "edge_id": "427911f3-06d3-43e5-8f9a-6d7a36f58a13",
      "source_node": "BSE_ASSET",
      "target_node": "S13",
      "belief_type": "valuation",
      "confidence": 0.2,
      "value": 161.5,
      "timestamp": 30.597014925373,
      "evidence_count": 2
    },
    "870a4450-7afe-44fd-a0fc-6ee095d572b5": {
      "edge_id": "870a4450-7afe-44fd-a0fc-6ee095d572b5",
      "source_node": "BSE_ASSET",
      "target_node": "P04",
      "belief_type": "strategy",
      "confidence": 0.1,
      "value": "unknown",
      "timestamp": 25.522388059701388,
      "evidence_count": 0
    },
    "5e8a67ae-9216-4b80-8f53-1870ffcb0b11": {
      "edge_id": "5e8a67ae-9216-4b80-8f53-1870ffcb0b11",
      "source_node": "BSE_ASSET",
      "target_node": "P04",
      "belief_type": "valuation",
      "confidence": 0.1,
      "value": 124,
      "timestamp": 30.597014925373,
      "evidence_count": 1
    },
    "b1f227d0-3240-4855-90b0-59530262fa7b": {
      "edge_id": "b1f227d0-3240-4855-90b0-59530262fa7b",
      "source_node": "BSE_ASSET",
      "target_node": "B22",
      "belief_type": "strategy",
      "confidence": 0.1,
      "value": "unknown",
      "timestamp": 30.597014925373,
      "evidence_count": 0
    },
    "02b59f1a-6483-4cfc-8e54-a9facfd0330b": {
      "edge_id": "02b59f1a-6483-4cfc-8e54-a9facfd0330b",
      "source_node": "BSE_ASSET",
      "target_node": "B22",
      "belief_type": "valuation",
      "confidence": 0.1,
      "value": 112,
      "timestamp": 30.597014925373,
      "evidence_count": 1
    },
    "9da24ca2-aaa8-438f-a326-1f2715d42c80": {
      "edge_id": "9da24ca2-aaa8-438f-a326-1f2715d42c80",
      "source_node": "BSE_ASSET",
      "target_node": "B03",
      "belief_type": "strategy",
      "confidence": 0.1,
      "value": "unknown",
      "timestamp": 30.597014925373,
      "evidence_count": 0
    },
    "7da49994-9ee2-414d-8157-a65cba322b87": {
      "edge_id": "7da49994-9ee2-414d-8157-a65cba322b87",
      "source_node": "BSE_ASSET",
      "target_node": "B03",
      "belief_type": "valuation",
      "confidence": 0.1,
      "value": 103,
      "timestamp": 30.597014925373,
      "evidence_count": 1
    },
    "36d6b431-78cf-4575-a786-441a62a4a532": {
      "edge_id": "36d6b431-78cf-4575-a786-441a62a4a532",
      "source_node": "BSE_ASSET",
      "target_node": "S17",
      "belief_type": "strategy",
      "confidence": 0.1,
      "value": "unknown",
      "timestamp": 30.597014925373,
      "evidence_count": 0
    },
    "30c934a0-5489-44b1-bc42-0b4dadc749d9": {
      "edge_id": "30c934a0-5489-44b1-bc42-0b4dadc749d9",
      "source_node": "BSE_ASSET",
      "target_node": "S17",
      "belief_type": "valuation",
      "confidence": 0.1,
      "value": 127,
      "timestamp": 30.597014925373,
      "evidence_count": 1
    },
    "93b2c31b-80ad-4615-87ee-f3daafee9617": {
      "edge_id": "93b2c31b-80ad-4615-87ee-f3daafee9617",
      "source_node": "BSE_ASSET",
      "target_node": "S05",
      "belief_type": "strategy",
      "confidence": 0.1,
      "value": "unknown",
      "timestamp": 30.597014925373,
      "evidence_count": 0
    },
    "3035e5da-817c-4377-9f9f-1de187c62290": {
      "edge_id": "3035e5da-817c-4377-9f9f-1de187c62290",
      "source_node": "BSE_ASSET",
      "target_node": "S05",
      "belief_type": "valuation",
      "confidence": 0.1,
      "value": 138,
      "timestamp": 30.597014925373,
      "evidence_count": 1
    }
  },
  "event_history": [
    {
      "event_id": "ask_P00_20.447761194029777",
      "event_type": "ask",
      "timestamp": 20.447761194029777,
      "agent_id": "P00",
      "price": 129,
      "quantity": 1,
      "counterparty_id": null,
      "order_id": null
    },
    {
      "event_id": "ask_P12_20.447761194029777",
      "event_type": "ask",
      "timestamp": 20.447761194029777,
      "agent_id": "P12",
      "price": 130,
      "quantity": 1,
      "counterparty_id": null,
      "order_id": null
    },
    {
      "event_id": "ask_P08_20.447761194029777",
      "event_type": "ask",
      "timestamp": 20.447761194029777,
      "agent_id": "P08",
      "price": 130,
      "quantity": 1,
      "counterparty_id": null,
      "order_id": null
    },
    {
      "event_id": "ask_P18_20.447761194029777",
      "event_type": "ask",
      "timestamp": 20.447761194029777,
      "agent_id": "P18",
      "price": 130,
      "quantity": 1,
      "counterparty_id": null,
      "order_id": null
    },
    {
      "event_id": "bid_P06_25.522388059701388",
      "event_type": "bid",
      "timestamp": 25.522388059701388,
      "agent_id": "P06",
      "price": 124,
      "quantity": 1,
      "counterparty_id": null,
      "order_id": null
    },
    {
      "event_id": "bid_P10_25.522388059701388",
      "event_type": "bid",
      "timestamp": 25.522388059701388,
      "agent_id": "P10",
      "price": 124,
      "quantity": 1,
      "counterparty_id": null,
      "order_id": null
    },
    {
      "event_id": "bid_B09_25.522388059701388",
      "event_type": "bid",
      "timestamp": 25.522388059701388,
      "agent_id": "B09",
      "price": 121,
      "quantity": 1,
      "counterparty_id": null,
      "order_id": null
    },
    {
      "event_id": "bid_P07_25.522388059701388",
      "event_type": "bid",
      "timestamp": 25.522388059701388,
      "agent_id": "P07",
      "price": 120,
      "quantity": 1,
      "counterparty_id": null,
      "order_id": null
    },
    {
      "event_id": "bid_B14_25.522388059701388",
      "event_type": "bid",
      "timestamp": 25.522388059701388,
      "agent_id": "B14",
      "price": 120,
      "quantity": 1,
      "counterparty_id": null,
      "order_id": null
    },
    {
      "event_id": "bid_B10_25.522388059701388",
      "event_type": "bid",
      "timestamp": 25.522388059701388,
      "agent_id": "B10",
      "price": 117,
      "quantity": 1,
      "counterparty_id": null,
      "order_id": null
    },
    {
      "event_id": "bid_B08_25.522388059701388",
      "event_type": "bid",
      "timestamp": 25.522388059701388,
      "agent_id": "B08",
      "price": 113,
      "quantity": 1,
      "counterparty_id": null,
      "order_id": null
    },
    {
      "event_id": "bid_B13_25.522388059701388",
      "event_type": "bid",
      "timestamp": 25.522388059701388,
      "agent_id": "B13",
      "price": 110,
      "quantity": 1,
      "counterparty_id": null,
      "order_id": null
    },
    {
      "event_id": "bid_B02_25.522388059701388",
      "event_type": "bid",
      "timestamp": 25.522388059701388,
      "agent_id": "B02",
      "price": 108,
      "quantity": 1,
      "counterparty_id": null,
      "order_id": null
    },
    {
      "event_id": "bid_B01_25.522388059701388",
      "event_type": "bid",
      "timestamp": 25.522388059701388,
      "agent_id": "B01",
      "price": 91,
      "quantity": 1,
      "counterparty_id": null,
      "order_id": null
    },
    {
      "event_id": "ask_P15_25.522388059701388",
      "event_type": "ask",
      "timestamp": 25.522388059701388,
      "agent_id": "P15",
      "price": 127,
      "quantity": 1,
      "counterparty_id": null,
      "order_id": null
    },
    {
      "event_id": "ask_P01_25.522388059701388",
      "event_type": "ask",
      "timestamp": 25.522388059701388,
      "agent_id": "P01",
      "price": 127,
      "quantity": 1,
      "counterparty_id": null,
      "order_id": null
    },
    {
      "event_id": "ask_P14_25.522388059701388",
      "event_type": "ask",
      "timestamp": 25.522388059701388,
      "agent_id": "P14",
      "price": 127,
      "quantity": 1,
      "counterparty_id": null,
      "order_id": null
    },
    {
      "event_id": "ask_P02_25.522388059701388",
      "event_type": "ask",
      "timestamp": 25.522388059701388,
      "agent_id": "P02",
      "price": 129,
      "quantity": 1,
      "counterparty_id": null,
      "order_id": null
    },
    {
      "event_id": "ask_P12_25.522388059701388",
      "event_type": "ask",
      "timestamp": 25.522388059701388,
      "agent_id": "P12",
      "price": 130,
      "quantity": 1,
      "counterparty_id": null,
      "order_id": null
    },
    {
      "event_id": "ask_P08_25.522388059701388",
      "event_type": "ask",
      "timestamp": 25.522388059701388,
      "agent_id": "P08",
      "price": 130,
      "quantity": 1,
      "counterparty_id": null,
      "order_id": null
    },
    {
      "event_id": "ask_P18_25.522388059701388",
      "event_type": "ask",
      "timestamp": 25.522388059701388,
      "agent_id": "P18",
      "price": 130,
      "quantity": 1,
      "counterparty_id": null,
      "order_id": null
    },
    {
      "event_id": "ask_S04_25.522388059701388",
      "event_type": "ask",
      "timestamp": 25.522388059701388,
      "agent_id": "S04",
      "price": 132,
      "quantity": 1,
      "counterparty_id": null,
      "order_id": null
    },
    {
      "event_id": "ask_S14_25.522388059701388",
      "event_type": "ask",
      "timestamp": 25.522388059701388,
      "agent_id": "S14",
      "price": 133,
      "quantity": 1,
      "counterparty_id": null,
      "order_id": null
    },
    {
      "event_id": "ask_S00_25.522388059701388",
      "event_type": "ask",
      "timestamp": 25.522388059701388,
      "agent_id": "S00",
      "price": 143,
      "quantity": 1,
      "counterparty_id": null,
      "order_id": null
    },
    {
      "event_id": "ask_S22_25.522388059701388",
      "event_type": "ask",
      "timestamp": 25.522388059701388,
      "agent_id": "S22",
      "price": 152,
      "quantity": 1,
      "counterparty_id": null,
      "order_id": null
    },
    {
      "event_id": "ask_S19_25.522388059701388",
      "event_type": "ask",
      "timestamp": 25.522388059701388,
      "agent_id": "S19",
      "price": 172,
      "quantity": 1,
      "counterparty_id": null,
      "order_id": null
    },
    {
      "event_id": "ask_S13_25.522388059701388",
      "event_type": "ask",
      "timestamp": 25.522388059701388,
      "agent_id": "S13",
      "price": 175,
      "quantity": 1,
      "counterparty_id": null,
      "order_id": null
    },
    {
      "event_id": "bid_P04_30.597014925373",
      "event_type": "bid",
      "timestamp": 30.597014925373,
      "agent_id": "P04",
      "price": 124,
      "quantity": 1,
      "counterparty_id": null,
      "order_id": null
    },
    {
      "event_id": "bid_B09_30.597014925373",
      "event_type": "bid",
      "timestamp": 30.597014925373,
      "agent_id": "B09",
      "price": 121,
      "quantity": 1,
      "counterparty_id": null,
      "order_id": null
    },
    {
      "event_id": "bid_P07_30.597014925373",
      "event_type": "bid",
      "timestamp": 30.597014925373,
      "agent_id": "P07",
      "price": 120,
      "quantity": 1,
      "counterparty_id": null,
      "order_id": null
    },
    {
      "event_id": "bid_B14_30.597014925373",
      "event_type": "bid",
      "timestamp": 30.597014925373,
      "agent_id": "B14",
      "price": 120,
      "quantity": 1,
      "counterparty_id": null,
      "order_id": null
    },
    {
      "event_id": "bid_B21_30.597014925373",
      "event_type": "bid",
      "timestamp": 30.597014925373,
      "agent_id": "B21",
      "price": 120,
      "quantity": 1,
      "counterparty_id": null,
      "order_id": null
    },
    {
      "event_id": "bid_B22_30.597014925373",
      "event_type": "bid",
      "timestamp": 30.597014925373,
      "agent_id": "B22",
      "price": 112,
      "quantity": 1,
      "counterparty_id": null,
      "order_id": null
    },
    {
      "event_id": "bid_B03_30.597014925373",
      "event_type": "bid",
      "timestamp": 30.597014925373,
      "agent_id": "B03",
      "price": 103,
      "quantity": 1,
      "counterparty_id": null,
      "order_id": null
    },
    {
      "event_id": "ask_P15_30.597014925373",
      "event_type": "ask",
      "timestamp": 30.597014925373,
      "agent_id": "P15",
      "price": 127,
      "quantity": 1,
      "counterparty_id": null,
      "order_id": null
    },
    {
      "event_id": "ask_P01_30.597014925373",
      "event_type": "ask",
      "timestamp": 30.597014925373,
      "agent_id": "P01",
      "price": 127,
      "quantity": 1,
      "counterparty_id": null,
      "order_id": null
    },
    {
      "event_id": "ask_P14_30.597014925373",
      "event_type": "ask",
      "timestamp": 30.597014925373,
      "agent_id": "P14",
      "price": 127,
      "quantity": 1,
      "counterparty_id": null,
      "order_id": null
    },
    {
      "event_id": "ask_S17_30.597014925373",
      "event_type": "ask",
      "timestamp": 30.597014925373,
      "agent_id": "S17",
      "price": 127,
      "quantity": 1,
      "counterparty_id": null,
      "order_id": null
    },
    {
      "event_id": "ask_P02_30.597014925373",
      "event_type": "ask",
      "timestamp": 30.597014925373,
      "agent_id": "P02",
      "price": 129,
      "quantity": 1,
      "counterparty_id": null,
      "order_id": null
    },
    {
      "event_id": "ask_P12_30.597014925373",
      "event_type": "ask",
      "timestamp": 30.597014925373,
      "agent_id": "P12",
      "price": 130,
      "quantity": 1,
      "counterparty_id": null,
      "order_id": null
    },
    {
      "event_id": "ask_P08_30.597014925373",
      "event_type": "ask",
      "timestamp": 30.597014925373,
      "agent_id": "P08",
      "price": 130,
      "quantity": 1,
      "counterparty_id": null,
      "order_id": null
    },
    {
      "event_id": "ask_P18_30.597014925373",
      "event_type": "ask",
      "timestamp": 30.597014925373,
      "agent_id": "P18",
      "price": 130,
      "quantity": 1,
      "counterparty_id": null,
      "order_id": null
    },
    {
      "event_id": "ask_S13_30.597014925373",
      "event_type": "ask",
      "timestamp": 30.597014925373,
      "agent_id": "S13",
      "price": 130,
      "quantity": 1,
      "counterparty_id": null,
      "order_id": null
    },
    {
      "event_id": "ask_S04_30.597014925373",
      "event_type": "ask",
      "timestamp": 30.597014925373,
      "agent_id": "S04",
      "price": 132,
      "quantity": 1,
      "counterparty_id": null,
      "order_id": null
    },
    {
      "event_id": "ask_S14_30.597014925373",
      "event_type": "ask",
      "timestamp": 30.597014925373,
      "agent_id": "S14",
      "price": 133,
      "quantity": 1,
      "counterparty_id": null,
      "order_id": null
    },
    {
      "event_id": "ask_S05_30.597014925373",
      "event_type": "ask",
      "timestamp": 30.597014925373,
      "agent_id": "S05",
      "price": 138,
      "quantity": 1,
      "counterparty_id": null,
      "order_id": null
    },
    {
      "event_id": "ask_S00_30.597014925373",
      "event_type": "ask",
      "timestamp": 30.597014925373,
      "agent_id": "S00",
      "price": 143,
      "quantity": 1,
      "counterparty_id": null,
      "order_id": null
    },
    {
      "event_id": "ask_S22_30.597014925373",
      "event_type": "ask",
      "timestamp": 30.597014925373,
      "agent_id": "S22",
      "price": 146,
      "quantity": 1,
      "counterparty_id": null,
      "order_id": null
    },
    {
      "event_id": "ask_S19_30.597014925373",
      "event_type": "ask",
      "timestamp": 30.597014925373,
      "agent_id": "S19",
      "price": 172,
      "quantity": 1,
      "counterparty_id": null,
      "order_id": null
    },
    {
      "event_id": "ask_S20_30.597014925373",
      "event_type": "ask",
      "timestamp": 30.597014925373,
      "agent_id": "S20",
      "price": 180,
      "quantity": 1,
      "counterparty_id": null,
      "order_id": null
    }
  ]
}
2025-10-10 18:37:08 | HM_NL_COT_P19 | ================================================================================
2025-10-10 18:37:08 | HM_NL_COT_P19 | [AGENTS-TRACKED] Currently tracking 51 agents: ['P19', 'P17', 'P02', 'P01', 'P08', 'P07', 'B11', 'B19', 'S06', 'S02', 'S07', 'P20', 'B13', 'B05', 'B02', 'B07', 'B09', 'B04', 'S03', 'S12', 'S20', 'P14', 'B06', 'B20', 'B10', 'S04', 'P12', 'P18', 'P16', 'P13', 'B15', 'B21', 'B08', 'B14', 'B18', 'S15', 'P15', 'P00', 'P06', 'P10', 'B01', 'S14', 'S00', 'S22', 'S19', 'S13', 'P04', 'B22', 'B03', 'S17', 'S05']
2025-10-10 18:45:57 | HM_NL_COT_P19 | [BELIEF-THROTTLE] P09: Running belief graph update at time 35.8
2025-10-10 18:45:57 | HM_NL_COT_P19 | [UPDATE-SUMMARY] Processed 16 market events at time 35.8
2025-10-10 18:45:57 | HM_NL_COT_P19 | === BELIEF GRAPH STATE AT TIME 35.8 ===
2025-10-10 18:45:57 | HM_NL_COT_P19 | {
  "graph_id": "35bffc35-eaaa-4a03-8264-413373ab85fc",
  "asset_id": "BSE_ASSET",
  "current_time": 35.820895522387985,
  "nodes": {
    "BSE_ASSET": {
      "asset_id": "BSE_ASSET",
      "node_type": "asset",
      "current_best_bid": null,
      "current_best_ask": null,
      "last_trade_price": null,
      "volume_traded": 0,
      "price_volatility": 0.0,
      "spread_width": null,
      "market_depth_bid": 0,
      "market_depth_ask": 0
    },
    "P19": {
      "agent_id": "P19",
      "node_type": "agent",
      "last_bid_price": 124,
      "last_ask_price": 127,
      "last_trade_price": null,
      "total_trades": 0,
      "total_volume": 0,
      "strategy_type": "Hypothetical-Minds",
      "inferred_valuation": 124.9,
      "valuation_confidence": 0.2,
      "aggressiveness_score": 0.6,
      "last_activity": 35.820895522387985
    },
    "P17": {
      "agent_id": "P17",
      "node_type": "agent",
      "last_bid_price": 130,
      "last_ask_price": null,
      "last_trade_price": null,
      "total_trades": 0,
      "total_volume": 0,
      "strategy_type": null,
      "inferred_valuation": 130,
      "valuation_confidence": 0.1,
      "aggressiveness_score": 0.0,
      "last_activity": 5.074626865671641
    },
    "P02": {
      "agent_id": "P02",
      "node_type": "agent",
      "last_bid_price": 128,
      "last_ask_price": 129,
      "last_trade_price": null,
      "total_trades": 0,
      "total_volume": 0,
      "strategy_type": null,
      "inferred_valuation": 128.83192999999997,
      "valuation_confidence": 0.6,
      "aggressiveness_score": 0.0,
      "last_activity": 35.820895522387985
    },
    "P01": {
      "agent_id": "P01",
      "node_type": "agent",
      "last_bid_price": 128,
      "last_ask_price": 127,
      "last_trade_price": null,
      "total_trades": 0,
      "total_volume": 0,
      "strategy_type": null,
      "inferred_valuation": 127.34299999999999,
      "valuation_confidence": 0.4,
      "aggressiveness_score": 0.0,
      "last_activity": 30.597014925373
    },
    "P08": {
      "agent_id": "P08",
      "node_type": "agent",
      "last_bid_price": 127,
      "last_ask_price": 130,
      "last_trade_price": null,
      "total_trades": 0,
      "total_volume": 0,
      "strategy_type": null,
      "inferred_valuation": 129.49579,
      "valuation_confidence": 0.6,
      "aggressiveness_score": 0.0,
      "last_activity": 35.820895522387985
    },
    "P07": {
      "agent_id": "P07",
      "node_type": "agent",
      "last_bid_price": 120,
      "last_ask_price": null,
      "last_trade_price": null,
      "total_trades": 0,
      "total_volume": 0,
      "strategy_type": null,
      "inferred_valuation": 120.0,
      "valuation_confidence": 0.7,
      "aggressiveness_score": 0.0,
      "last_activity": 35.820895522387985
    },
    "B11": {
      "agent_id": "B11",
      "node_type": "agent",
      "last_bid_price": 111,
      "last_ask_price": null,
      "last_trade_price": null,
      "total_trades": 0,
      "total_volume": 0,
      "strategy_type": null,
      "inferred_valuation": 110.99999999999999,
      "valuation_confidence": 0.2,
      "aggressiveness_score": 0.0,
      "last_activity": 10.298507462686555
    },
    "B19": {
      "agent_id": "B19",
      "node_type": "agent",
      "last_bid_price": 124,
      "last_ask_price": null,
      "last_trade_price": null,
      "total_trades": 0,
      "total_volume": 0,
      "strategy_type": null,
      "inferred_valuation": 114.19999999999999,
      "valuation_confidence": 0.2,
      "aggressiveness_score": 0.0,
      "last_activity": 10.298507462686555
    },
    "S06": {
      "agent_id": "S06",
      "node_type": "agent",
      "last_bid_price": null,
      "last_ask_price": 147,
      "last_trade_price": null,
      "total_trades": 0,
      "total_volume": 0,
      "strategy_type": null,
      "inferred_valuation": 136.5,
      "valuation_confidence": 0.2,
      "aggressiveness_score": 0.0,
      "last_activity": 35.820895522387985
    },
    "S02": {
      "agent_id": "S02",
      "node_type": "agent",
      "last_bid_price": null,
      "last_ask_price": 129,
      "last_trade_price": null,
      "total_trades": 0,
      "total_volume": 0,
      "strategy_type": null,
      "inferred_valuation": 131.58999999999997,
      "valuation_confidence": 0.30000000000000004,
      "aggressiveness_score": 0.0,
      "last_activity": 15.373134328358166
    },
    "S07": {
      "agent_id": "S07",
      "node_type": "agent",
      "last_bid_price": null,
      "last_ask_price": 210,
      "last_trade_price": null,
      "total_trades": 0,
      "total_volume": 0,
      "strategy_type": null,
      "inferred_valuation": 340.94199999999995,
      "valuation_confidence": 0.4,
      "aggressiveness_score": 0.0,
      "last_activity": 35.820895522387985
    },
    "P20": {
      "agent_id": "P20",
      "node_type": "agent",
      "last_bid_price": 124,
      "last_ask_price": null,
      "last_trade_price": null,
      "total_trades": 0,
      "total_volume": 0,
      "strategy_type": null,
      "inferred_valuation": 124.0,
      "valuation_confidence": 0.2,
      "aggressiveness_score": 0.0,
      "last_activity": 15.373134328358166
    },
    "B13": {
      "agent_id": "B13",
      "node_type": "agent",
      "last_bid_price": 110,
      "last_ask_price": null,
      "last_trade_price": null,
      "total_trades": 0,
      "total_volume": 0,
      "strategy_type": null,
      "inferred_valuation": 105.1,
      "valuation_confidence": 0.4,
      "aggressiveness_score": 0.0,
      "last_activity": 25.522388059701388
    },
    "B05": {
      "agent_id": "B05",
      "node_type": "agent",
      "last_bid_price": 93,
      "last_ask_price": null,
      "last_trade_price": null,
      "total_trades": 0,
      "total_volume": 0,
      "strategy_type": null,
      "inferred_valuation": 95.94,
      "valuation_confidence": 0.30000000000000004,
      "aggressiveness_score": 0.0,
      "last_activity": 20.447761194029777
    },
    "B02": {
      "agent_id": "B02",
      "node_type": "agent",
      "last_bid_price": 108,
      "last_ask_price": null,
      "last_trade_price": null,
      "total_trades": 0,
      "total_volume": 0,
      "strategy_type": null,
      "inferred_valuation": 94.329,
      "valuation_confidence": 0.4,
      "aggressiveness_score": 0.0,
      "last_activity": 25.522388059701388
    },
    "B07": {
      "agent_id": "B07",
      "node_type": "agent",
      "last_bid_price": 98,
      "last_ask_price": null,
      "last_trade_price": null,
      "total_trades": 0,
      "total_volume": 0,
      "strategy_type": null,
      "inferred_valuation": 98.0,
      "valuation_confidence": 0.2,
      "aggressiveness_score": 0.0,
      "last_activity": 15.373134328358166
    },
    "B09": {
      "agent_id": "B09",
      "node_type": "agent",
      "last_bid_price": 121,
      "last_ask_price": null,
      "last_trade_price": null,
      "total_trades": 0,
      "total_volume": 0,
      "strategy_type": null,
      "inferred_valuation": 101.88999999999999,
      "valuation_confidence": 0.30000000000000004,
      "aggressiveness_score": 0.0,
      "last_activity": 30.597014925373
    },
    "B04": {
      "agent_id": "B04",
      "node_type": "agent",
      "last_bid_price": 82,
      "last_ask_price": null,
      "last_trade_price": null,
      "total_trades": 0,
      "total_volume": 0,
      "strategy_type": null,
      "inferred_valuation": 82.0,
      "valuation_confidence": 0.2,
      "aggressiveness_score": 0.0,
      "last_activity": 15.373134328358166
    },
    "S03": {
      "agent_id": "S03",
      "node_type": "agent",
      "last_bid_price": null,
      "last_ask_price": 130,
      "last_trade_price": null,
      "total_trades": 0,
      "total_volume": 0,
      "strategy_type": null,
      "inferred_valuation": 130,
      "valuation_confidence": 0.1,
      "aggressiveness_score": 0.0,
      "last_activity": 10.298507462686555
    },
    "S12": {
      "agent_id": "S12",
      "node_type": "agent",
      "last_bid_price": null,
      "last_ask_price": 144,
      "last_trade_price": null,
      "total_trades": 0,
      "total_volume": 0,
      "strategy_type": null,
      "inferred_valuation": 144.0,
      "valuation_confidence": 0.2,
      "aggressiveness_score": 0.0,
      "last_activity": 15.373134328358166
    },
    "S20": {
      "agent_id": "S20",
      "node_type": "agent",
      "last_bid_price": null,
      "last_ask_price": 180,
      "last_trade_price": null,
      "total_trades": 0,
      "total_volume": 0,
      "strategy_type": null,
      "inferred_valuation": 155.07999999999998,
      "valuation_confidence": 0.30000000000000004,
      "aggressiveness_score": 0.0,
      "last_activity": 30.597014925373
    },
    "P14": {
      "agent_id": "P14",
      "node_type": "agent",
      "last_bid_price": 124,
      "last_ask_price": 127,
      "last_trade_price": null,
      "total_trades": 0,
      "total_volume": 0,
      "strategy_type": null,
      "inferred_valuation": 125.53,
      "valuation_confidence": 0.30000000000000004,
      "aggressiveness_score": 0.0,
      "last_activity": 30.597014925373
    },
    "B06": {
      "agent_id": "B06",
      "node_type": "agent",
      "last_bid_price": 112,
      "last_ask_price": null,
      "last_trade_price": null,
      "total_trades": 0,
      "total_volume": 0,
      "strategy_type": null,
      "inferred_valuation": 112.0,
      "valuation_confidence": 0.2,
      "aggressiveness_score": 0.0,
      "last_activity": 20.447761194029777
    },
    "B20": {
      "agent_id": "B20",
      "node_type": "agent",
      "last_bid_price": 100,
      "last_ask_price": null,
      "last_trade_price": null,
      "total_trades": 0,
      "total_volume": 0,
      "strategy_type": null,
      "inferred_valuation": 100,
      "valuation_confidence": 0.1,
      "aggressiveness_score": 0.0,
      "last_activity": 15.373134328358166
    },
    "B10": {
      "agent_id": "B10",
      "node_type": "agent",
      "last_bid_price": 117,
      "last_ask_price": null,
      "last_trade_price": null,
      "total_trades": 0,
      "total_volume": 0,
      "strategy_type": null,
      "inferred_valuation": 107.69,
      "valuation_confidence": 0.30000000000000004,
      "aggressiveness_score": 0.0,
      "last_activity": 25.522388059701388
    },
    "S04": {
      "agent_id": "S04",
      "node_type": "agent",
      "last_bid_price": null,
      "last_ask_price": 153,
      "last_trade_price": null,
      "total_trades": 0,
      "total_volume": 0,
      "strategy_type": null,
      "inferred_valuation": 137.271,
      "valuation_confidence": 0.4,
      "aggressiveness_score": 0.0,
      "last_activity": 35.820895522387985
    },
    "P12": {
      "agent_id": "P12",
      "node_type": "agent",
      "last_bid_price": null,
      "last_ask_price": 130,
      "last_trade_price": null,
      "total_trades": 0,
      "total_volume": 0,
      "strategy_type": null,
      "inferred_valuation": 130.0,
      "valuation_confidence": 0.4,
      "aggressiveness_score": 0.0,
      "last_activity": 30.597014925373
    },
    "P18": {
      "agent_id": "P18",
      "node_type": "agent",
      "last_bid_price": null,
      "last_ask_price": 130,
      "last_trade_price": null,
      "total_trades": 0,
      "total_volume": 0,
      "strategy_type": null,
      "inferred_valuation": 130.0,
      "valuation_confidence": 0.5,
      "aggressiveness_score": 0.0,
      "last_activity": 35.820895522387985
    },
    "P16": {
      "agent_id": "P16",
      "node_type": "agent",
      "last_bid_price": 124,
      "last_ask_price": null,
      "last_trade_price": null,
      "total_trades": 0,
      "total_volume": 0,
      "strategy_type": null,
      "inferred_valuation": 124,
      "valuation_confidence": 0.1,
      "aggressiveness_score": 0.0,
      "last_activity": 20.447761194029777
    },
    "P13": {
      "agent_id": "P13",
      "node_type": "agent",
      "last_bid_price": 120,
      "last_ask_price": null,
      "last_trade_price": null,
      "total_trades": 0,
      "total_volume": 0,
      "strategy_type": null,
      "inferred_valuation": 122.8,
      "valuation_confidence": 0.2,
      "aggressiveness_score": 0.0,
      "last_activity": 35.820895522387985
    },
    "B15": {
      "agent_id": "B15",
      "node_type": "agent",
      "last_bid_price": 120,
      "last_ask_price": null,
      "last_trade_price": null,
      "total_trades": 0,
      "total_volume": 0,
      "strategy_type": null,
      "inferred_valuation": 120,
      "valuation_confidence": 0.1,
      "aggressiveness_score": 0.0,
      "last_activity": 20.447761194029777
    },
    "B21": {
      "agent_id": "B21",
      "node_type": "agent",
      "last_bid_price": 120,
      "last_ask_price": null,
      "last_trade_price": null,
      "total_trades": 0,
      "total_volume": 0,
      "strategy_type": null,
      "inferred_valuation": 116.5,
      "valuation_confidence": 0.2,
      "aggressiveness_score": 0.0,
      "last_activity": 30.597014925373
    },
    "B08": {
      "agent_id": "B08",
      "node_type": "agent",
      "last_bid_price": 113,
      "last_ask_price": null,
      "last_trade_price": null,
      "total_trades": 0,
      "total_volume": 0,
      "strategy_type": null,
      "inferred_valuation": 113.0,
      "valuation_confidence": 0.2,
      "aggressiveness_score": 0.0,
      "last_activity": 25.522388059701388
    },
    "B14": {
      "agent_id": "B14",
      "node_type": "agent",
      "last_bid_price": 120,
      "last_ask_price": null,
      "last_trade_price": null,
      "total_trades": 0,
      "total_volume": 0,
      "strategy_type": null,
      "inferred_valuation": 113.63,
      "valuation_confidence": 0.30000000000000004,
      "aggressiveness_score": 0.0,
      "last_activity": 30.597014925373
    },
    "B18": {
      "agent_id": "B18",
      "node_type": "agent",
      "last_bid_price": 104,
      "last_ask_price": null,
      "last_trade_price": null,
      "total_trades": 0,
      "total_volume": 0,
      "strategy_type": null,
      "inferred_valuation": 101.2,
      "valuation_confidence": 0.2,
      "aggressiveness_score": 0.0,
      "last_activity": 35.820895522387985
    },
    "S15": {
      "agent_id": "S15",
      "node_type": "agent",
      "last_bid_price": null,
      "last_ask_price": 127,
      "last_trade_price": null,
      "total_trades": 0,
      "total_volume": 0,
      "strategy_type": null,
      "inferred_valuation": 127,
      "valuation_confidence": 0.1,
      "aggressiveness_score": 0.0,
      "last_activity": 20.447761194029777
    },
    "P15": {
      "agent_id": "P15",
      "node_type": "agent",
      "last_bid_price": null,
      "last_ask_price": 127,
      "last_trade_price": null,
      "total_trades": 0,
      "total_volume": 0,
      "strategy_type": null,
      "inferred_valuation": 127.48999999999998,
      "valuation_confidence": 0.30000000000000004,
      "aggressiveness_score": 0.0,
      "last_activity": 30.597014925373
    },
    "P00": {
      "agent_id": "P00",
      "node_type": "agent",
      "last_bid_price": null,
      "last_ask_price": 129,
      "last_trade_price": null,
      "total_trades": 0,
      "total_volume": 0,
      "strategy_type": null,
      "inferred_valuation": 129,
      "valuation_confidence": 0.1,
      "aggressiveness_score": 0.0,
      "last_activity": 20.447761194029777
    },
    "P06": {
      "agent_id": "P06",
      "node_type": "agent",
      "last_bid_price": 124,
      "last_ask_price": 127,
      "last_trade_price": null,
      "total_trades": 0,
      "total_volume": 0,
      "strategy_type": null,
      "inferred_valuation": 124.9,
      "valuation_confidence": 0.2,
      "aggressiveness_score": 0.0,
      "last_activity": 35.820895522387985
    },
    "P10": {
      "agent_id": "P10",
      "node_type": "agent",
      "last_bid_price": 124,
      "last_ask_price": null,
      "last_trade_price": null,
      "total_trades": 0,
      "total_volume": 0,
      "strategy_type": null,
      "inferred_valuation": 124,
      "valuation_confidence": 0.1,
      "aggressiveness_score": 0.0,
      "last_activity": 25.522388059701388
    },
    "B01": {
      "agent_id": "B01",
      "node_type": "agent",
      "last_bid_price": 91,
      "last_ask_price": null,
      "last_trade_price": null,
      "total_trades": 0,
      "total_volume": 0,
      "strategy_type": null,
      "inferred_valuation": 91,
      "valuation_confidence": 0.1,
      "aggressiveness_score": 0.0,
      "last_activity": 25.522388059701388
    },
    "S14": {
      "agent_id": "S14",
      "node_type": "agent",
      "last_bid_price": null,
      "last_ask_price": 133,
      "last_trade_price": null,
      "total_trades": 0,
      "total_volume": 0,
      "strategy_type": null,
      "inferred_valuation": 133.0,
      "valuation_confidence": 0.30000000000000004,
      "aggressiveness_score": 0.0,
      "last_activity": 35.820895522387985
    },
    "S00": {
      "agent_id": "S00",
      "node_type": "agent",
      "last_bid_price": null,
      "last_ask_price": 129,
      "last_trade_price": null,
      "total_trades": 0,
      "total_volume": 0,
      "strategy_type": null,
      "inferred_valuation": 138.79999999999998,
      "valuation_confidence": 0.30000000000000004,
      "aggressiveness_score": 0.0,
      "last_activity": 35.820895522387985
    },
    "S22": {
      "agent_id": "S22",
      "node_type": "agent",
      "last_bid_price": null,
      "last_ask_price": 146,
      "last_trade_price": null,
      "total_trades": 0,
      "total_volume": 0,
      "strategy_type": null,
      "inferred_valuation": 150.2,
      "valuation_confidence": 0.2,
      "aggressiveness_score": 0.0,
      "last_activity": 30.597014925373
    },
    "S19": {
      "agent_id": "S19",
      "node_type": "agent",
      "last_bid_price": null,
      "last_ask_price": 172,
      "last_trade_price": null,
      "total_trades": 0,
      "total_volume": 0,
      "strategy_type": null,
      "inferred_valuation": 172.0,
      "valuation_confidence": 0.2,
      "aggressiveness_score": 0.0,
      "last_activity": 30.597014925373
    },
    "S13": {
      "agent_id": "S13",
      "node_type": "agent",
      "last_bid_price": null,
      "last_ask_price": 130,
      "last_trade_price": null,
      "total_trades": 0,
      "total_volume": 0,
      "strategy_type": null,
      "inferred_valuation": 152.05,
      "valuation_confidence": 0.30000000000000004,
      "aggressiveness_score": 0.0,
      "last_activity": 35.820895522387985
    },
    "P04": {
      "agent_id": "P04",
      "node_type": "agent",
      "last_bid_price": 124,
      "last_ask_price": null,
      "last_trade_price": null,
      "total_trades": 0,
      "total_volume": 0,
      "strategy_type": null,
      "inferred_valuation": 124,
      "valuation_confidence": 0.1,
      "aggressiveness_score": 0.0,
      "last_activity": 30.597014925373
    },
    "B22": {
      "agent_id": "B22",
      "node_type": "agent",
      "last_bid_price": 112,
      "last_ask_price": null,
      "last_trade_price": null,
      "total_trades": 0,
      "total_volume": 0,
      "strategy_type": null,
      "inferred_valuation": 112,
      "valuation_confidence": 0.1,
      "aggressiveness_score": 0.0,
      "last_activity": 30.597014925373
    },
    "B03": {
      "agent_id": "B03",
      "node_type": "agent",
      "last_bid_price": 103,
      "last_ask_price": null,
      "last_trade_price": null,
      "total_trades": 0,
      "total_volume": 0,
      "strategy_type": null,
      "inferred_valuation": 103.0,
      "valuation_confidence": 0.2,
      "aggressiveness_score": 0.0,
      "last_activity": 35.820895522387985
    },
    "S17": {
      "agent_id": "S17",
      "node_type": "agent",
      "last_bid_price": null,
      "last_ask_price": 127,
      "last_trade_price": null,
      "total_trades": 0,
      "total_volume": 0,
      "strategy_type": null,
      "inferred_valuation": 127,
      "valuation_confidence": 0.1,
      "aggressiveness_score": 0.0,
      "last_activity": 30.597014925373
    },
    "S05": {
      "agent_id": "S05",
      "node_type": "agent",
      "last_bid_price": null,
      "last_ask_price": 134,
      "last_trade_price": null,
      "total_trades": 0,
      "total_volume": 0,
      "strategy_type": null,
      "inferred_valuation": 136.79999999999998,
      "valuation_confidence": 0.2,
      "aggressiveness_score": 0.0,
      "last_activity": 35.820895522387985
    }
  },
  "edges": {
    "a4891fe6-a7f3-4c4e-9438-8a506194cb6c": {
      "edge_id": "a4891fe6-a7f3-4c4e-9438-8a506194cb6c",
      "source_node": "BSE_ASSET",
      "target_node": "P19",
      "belief_type": "strategy",
      "confidence": 0.1,
      "value": "unknown",
      "timestamp": 0.0,
      "evidence_count": 0
    },
    "1900e2b0-08f7-4b6c-be34-e09ab4658056": {
      "edge_id": "1900e2b0-08f7-4b6c-be34-e09ab4658056",
      "source_node": "BSE_ASSET",
      "target_node": "P19",
      "belief_type": "valuation",
      "confidence": 0.2,
      "value": 124.9,
      "timestamp": 35.820895522387985,
      "evidence_count": 2
    },
    "7bc471fc-f9d0-4268-99ef-ab775dc4964a": {
      "edge_id": "7bc471fc-f9d0-4268-99ef-ab775dc4964a",
      "source_node": "BSE_ASSET",
      "target_node": "P17",
      "belief_type": "strategy",
      "confidence": 0.1,
      "value": "unknown",
      "timestamp": 0.0,
      "evidence_count": 0
    },
    "1ef62a27-0d0d-43c2-853b-abfddb306adc": {
      "edge_id": "1ef62a27-0d0d-43c2-853b-abfddb306adc",
      "source_node": "BSE_ASSET",
      "target_node": "P17",
      "belief_type": "valuation",
      "confidence": 0.1,
      "value": 130,
      "timestamp": 5.074626865671641,
      "evidence_count": 1
    },
    "61a15a24-c6de-4aee-8a43-f02f34f038d3": {
      "edge_id": "61a15a24-c6de-4aee-8a43-f02f34f038d3",
      "source_node": "BSE_ASSET",
      "target_node": "P02",
      "belief_type": "strategy",
      "confidence": 0.1,
      "value": "unknown",
      "timestamp": 5.074626865671641,
      "evidence_count": 0
    },
    "625688e5-b006-4cb9-ac29-d145d5c2eba2": {
      "edge_id": "625688e5-b006-4cb9-ac29-d145d5c2eba2",
      "source_node": "BSE_ASSET",
      "target_node": "P02",
      "belief_type": "valuation",
      "confidence": 0.6,
      "value": 128.83192999999997,
      "timestamp": 35.820895522387985,
      "evidence_count": 6
    },
    "e35535ec-8bd1-4570-9c90-664db4dcf430": {
      "edge_id": "e35535ec-8bd1-4570-9c90-664db4dcf430",
      "source_node": "BSE_ASSET",
      "target_node": "P01",
      "belief_type": "strategy",
      "confidence": 0.1,
      "value": "unknown",
      "timestamp": 5.074626865671641,
      "evidence_count": 0
    },
    "c63027ec-e9d5-466f-8639-fa20c604f7ee": {
      "edge_id": "c63027ec-e9d5-466f-8639-fa20c604f7ee",
      "source_node": "BSE_ASSET",
      "target_node": "P01",
      "belief_type": "valuation",
      "confidence": 0.4,
      "value": 127.34299999999999,
      "timestamp": 30.597014925373,
      "evidence_count": 4
    },
    "19206ae8-2585-44e2-88b2-db0c4a9c25d7": {
      "edge_id": "19206ae8-2585-44e2-88b2-db0c4a9c25d7",
      "source_node": "BSE_ASSET",
      "target_node": "P08",
      "belief_type": "strategy",
      "confidence": 0.1,
      "value": "unknown",
      "timestamp": 5.074626865671641,
      "evidence_count": 0
    },
    "7f1eac47-3f53-4759-ba58-64901d41d44a": {
      "edge_id": "7f1eac47-3f53-4759-ba58-64901d41d44a",
      "source_node": "BSE_ASSET",
      "target_node": "P08",
      "belief_type": "valuation",
      "confidence": 0.6,
      "value": 129.49579,
      "timestamp": 35.820895522387985,
      "evidence_count": 6
    },
    "e82e323a-ed66-4243-90cd-ff817ec220b4": {
      "edge_id": "e82e323a-ed66-4243-90cd-ff817ec220b4",
      "source_node": "BSE_ASSET",
      "target_node": "P07",
      "belief_type": "strategy",
      "confidence": 0.1,
      "value": "unknown",
      "timestamp": 5.074626865671641,
      "evidence_count": 0
    },
    "73e99ecc-f906-4d93-843c-980f53c609a4": {
      "edge_id": "73e99ecc-f906-4d93-843c-980f53c609a4",
      "source_node": "BSE_ASSET",
      "target_node": "P07",
      "belief_type": "valuation",
      "confidence": 0.7,
      "value": 120.0,
      "timestamp": 35.820895522387985,
      "evidence_count": 7
    },
    "6e36f9cf-c910-41a9-af43-0513a339d0ad": {
      "edge_id": "6e36f9cf-c910-41a9-af43-0513a339d0ad",
      "source_node": "BSE_ASSET",
      "target_node": "B11",
      "belief_type": "strategy",
      "confidence": 0.1,
      "value": "unknown",
      "timestamp": 5.074626865671641,
      "evidence_count": 0
    },
    "ef7efa98-d07e-4ec5-8b2e-a6d4876f4f5f": {
      "edge_id": "ef7efa98-d07e-4ec5-8b2e-a6d4876f4f5f",
      "source_node": "BSE_ASSET",
      "target_node": "B11",
      "belief_type": "valuation",
      "confidence": 0.2,
      "value": 110.99999999999999,
      "timestamp": 10.298507462686555,
      "evidence_count": 2
    },
    "a55cd835-ffa2-4862-a5e3-f6fad49a4d9c": {
      "edge_id": "a55cd835-ffa2-4862-a5e3-f6fad49a4d9c",
      "source_node": "BSE_ASSET",
      "target_node": "B19",
      "belief_type": "strategy",
      "confidence": 0.1,
      "value": "unknown",
      "timestamp": 5.074626865671641,
      "evidence_count": 0
    },
    "bdfcca2f-0877-4b2d-a30f-1ce0c16b6dde": {
      "edge_id": "bdfcca2f-0877-4b2d-a30f-1ce0c16b6dde",
      "source_node": "BSE_ASSET",
      "target_node": "B19",
      "belief_type": "valuation",
      "confidence": 0.2,
      "value": 114.19999999999999,
      "timestamp": 10.298507462686555,
      "evidence_count": 2
    },
    "67b8ecdd-4a90-49b6-a149-f236ab49c36c": {
      "edge_id": "67b8ecdd-4a90-49b6-a149-f236ab49c36c",
      "source_node": "BSE_ASSET",
      "target_node": "S06",
      "belief_type": "strategy",
      "confidence": 0.1,
      "value": "unknown",
      "timestamp": 5.074626865671641,
      "evidence_count": 0
    },
    "dab5e7c6-5f7d-478a-93ed-6b7cd83178a8": {
      "edge_id": "dab5e7c6-5f7d-478a-93ed-6b7cd83178a8",
      "source_node": "BSE_ASSET",
      "target_node": "S06",
      "belief_type": "valuation",
      "confidence": 0.2,
      "value": 136.5,
      "timestamp": 35.820895522387985,
      "evidence_count": 2
    },
    "b0eae87e-afc3-4873-becf-7bda4677a914": {
      "edge_id": "b0eae87e-afc3-4873-becf-7bda4677a914",
      "source_node": "BSE_ASSET",
      "target_node": "S02",
      "belief_type": "strategy",
      "confidence": 0.1,
      "value": "unknown",
      "timestamp": 5.074626865671641,
      "evidence_count": 0
    },
    "3570541c-011a-40f1-9f14-295e04b7f881": {
      "edge_id": "3570541c-011a-40f1-9f14-295e04b7f881",
      "source_node": "BSE_ASSET",
      "target_node": "S02",
      "belief_type": "valuation",
      "confidence": 0.30000000000000004,
      "value": 131.58999999999997,
      "timestamp": 15.373134328358166,
      "evidence_count": 3
    },
    "0b381505-1c05-47da-abb7-0f965b96f3bb": {
      "edge_id": "0b381505-1c05-47da-abb7-0f965b96f3bb",
      "source_node": "BSE_ASSET",
      "target_node": "S07",
      "belief_type": "strategy",
      "confidence": 0.1,
      "value": "unknown",
      "timestamp": 5.074626865671641,
      "evidence_count": 0
    },
    "6a0c4757-d135-42e4-ae15-6e3be1edc4ef": {
      "edge_id": "6a0c4757-d135-42e4-ae15-6e3be1edc4ef",
      "source_node": "BSE_ASSET",
      "target_node": "S07",
      "belief_type": "valuation",
      "confidence": 0.4,
      "value": 340.94199999999995,
      "timestamp": 35.820895522387985,
      "evidence_count": 4
    },
    "29bdb8d8-12c1-4d18-a382-8d04a177177e": {
      "edge_id": "29bdb8d8-12c1-4d18-a382-8d04a177177e",
      "source_node": "BSE_ASSET",
      "target_node": "P20",
      "belief_type": "strategy",
      "confidence": 0.1,
      "value": "unknown",
      "timestamp": 10.298507462686555,
      "evidence_count": 0
    },
    "c7932dd6-bbcb-447a-8f3b-eed61ee3d3d5": {
      "edge_id": "c7932dd6-bbcb-447a-8f3b-eed61ee3d3d5",
      "source_node": "BSE_ASSET",
      "target_node": "P20",
      "belief_type": "valuation",
      "confidence": 0.2,
      "value": 124.0,
      "timestamp": 15.373134328358166,
      "evidence_count": 2
    },
    "495f6365-0600-4459-8c91-d1f6bfcb6d71": {
      "edge_id": "495f6365-0600-4459-8c91-d1f6bfcb6d71",
      "source_node": "BSE_ASSET",
      "target_node": "B13",
      "belief_type": "strategy",
      "confidence": 0.1,
      "value": "unknown",
      "timestamp": 10.298507462686555,
      "evidence_count": 0
    },
    "9f412d55-42f4-43bd-80d6-7379a2b69a91": {
      "edge_id": "9f412d55-42f4-43bd-80d6-7379a2b69a91",
      "source_node": "BSE_ASSET",
      "target_node": "B13",
      "belief_type": "valuation",
      "confidence": 0.4,
      "value": 105.1,
      "timestamp": 25.522388059701388,
      "evidence_count": 4
    },
    "96cce728-ad51-4f79-a803-fdd611e69cb4": {
      "edge_id": "96cce728-ad51-4f79-a803-fdd611e69cb4",
      "source_node": "BSE_ASSET",
      "target_node": "B05",
      "belief_type": "strategy",
      "confidence": 0.1,
      "value": "unknown",
      "timestamp": 10.298507462686555,
      "evidence_count": 0
    },
    "56550ca5-8b45-4a87-a04a-bf07b6b515d7": {
      "edge_id": "56550ca5-8b45-4a87-a04a-bf07b6b515d7",
      "source_node": "BSE_ASSET",
      "target_node": "B05",
      "belief_type": "valuation",
      "confidence": 0.30000000000000004,
      "value": 95.94,
      "timestamp": 20.447761194029777,
      "evidence_count": 3
    },
    "35010ee2-a1c3-47eb-ad39-442300791734": {
      "edge_id": "35010ee2-a1c3-47eb-ad39-442300791734",
      "source_node": "BSE_ASSET",
      "target_node": "B02",
      "belief_type": "strategy",
      "confidence": 0.1,
      "value": "unknown",
      "timestamp": 10.298507462686555,
      "evidence_count": 0
    },
    "9b5b08a2-e721-450d-a789-905706ac00c1": {
      "edge_id": "9b5b08a2-e721-450d-a789-905706ac00c1",
      "source_node": "BSE_ASSET",
      "target_node": "B02",
      "belief_type": "valuation",
      "confidence": 0.4,
      "value": 94.329,
      "timestamp": 25.522388059701388,
      "evidence_count": 4
    },
    "dbfe892f-aebb-43cd-85b7-cab48db578a6": {
      "edge_id": "dbfe892f-aebb-43cd-85b7-cab48db578a6",
      "source_node": "BSE_ASSET",
      "target_node": "B07",
      "belief_type": "strategy",
      "confidence": 0.1,
      "value": "unknown",
      "timestamp": 10.298507462686555,
      "evidence_count": 0
    },
    "f0f5c095-c5c2-4ae6-a68c-5664d1e6b3ba": {
      "edge_id": "f0f5c095-c5c2-4ae6-a68c-5664d1e6b3ba",
      "source_node": "BSE_ASSET",
      "target_node": "B07",
      "belief_type": "valuation",
      "confidence": 0.2,
      "value": 98.0,
      "timestamp": 15.373134328358166,
      "evidence_count": 2
    },
    "0ad855e7-00d9-4300-98e6-c72422c02155": {
      "edge_id": "0ad855e7-00d9-4300-98e6-c72422c02155",
      "source_node": "BSE_ASSET",
      "target_node": "B09",
      "belief_type": "strategy",
      "confidence": 0.1,
      "value": "unknown",
      "timestamp": 10.298507462686555,
      "evidence_count": 0
    },
    "38ba2758-6bb2-4eec-9027-0545bfd5f658": {
      "edge_id": "38ba2758-6bb2-4eec-9027-0545bfd5f658",
      "source_node": "BSE_ASSET",
      "target_node": "B09",
      "belief_type": "valuation",
      "confidence": 0.30000000000000004,
      "value": 101.88999999999999,
      "timestamp": 30.597014925373,
      "evidence_count": 3
    },
    "1331d084-3670-4db1-81e3-18163bfe5b30": {
      "edge_id": "1331d084-3670-4db1-81e3-18163bfe5b30",
      "source_node": "BSE_ASSET",
      "target_node": "B04",
      "belief_type": "strategy",
      "confidence": 0.1,
      "value": "unknown",
      "timestamp": 10.298507462686555,
      "evidence_count": 0
    },
    "0a97e1ef-b4c5-49d3-a3cf-d74ab91ed111": {
      "edge_id": "0a97e1ef-b4c5-49d3-a3cf-d74ab91ed111",
      "source_node": "BSE_ASSET",
      "target_node": "B04",
      "belief_type": "valuation",
      "confidence": 0.2,
      "value": 82.0,
      "timestamp": 15.373134328358166,
      "evidence_count": 2
    },
    "66c64fc3-06c5-4192-bb65-f32f39860b3c": {
      "edge_id": "66c64fc3-06c5-4192-bb65-f32f39860b3c",
      "source_node": "BSE_ASSET",
      "target_node": "S03",
      "belief_type": "strategy",
      "confidence": 0.1,
      "value": "unknown",
      "timestamp": 10.298507462686555,
      "evidence_count": 0
    },
    "b3f07005-ffa2-4d6c-9b4a-0b503f03ec03": {
      "edge_id": "b3f07005-ffa2-4d6c-9b4a-0b503f03ec03",
      "source_node": "BSE_ASSET",
      "target_node": "S03",
      "belief_type": "valuation",
      "confidence": 0.1,
      "value": 130,
      "timestamp": 10.298507462686555,
      "evidence_count": 1
    },
    "27634d1c-2185-4005-bd58-a9ffad461cec": {
      "edge_id": "27634d1c-2185-4005-bd58-a9ffad461cec",
      "source_node": "BSE_ASSET",
      "target_node": "S12",
      "belief_type": "strategy",
      "confidence": 0.1,
      "value": "unknown",
      "timestamp": 10.298507462686555,
      "evidence_count": 0
    },
    "828b4003-6c88-41fe-b271-4437825dd449": {
      "edge_id": "828b4003-6c88-41fe-b271-4437825dd449",
      "source_node": "BSE_ASSET",
      "target_node": "S12",
      "belief_type": "valuation",
      "confidence": 0.2,
      "value": 144.0,
      "timestamp": 15.373134328358166,
      "evidence_count": 2
    },
    "b965e9ed-158b-40f3-b678-5ba9e6f14005": {
      "edge_id": "b965e9ed-158b-40f3-b678-5ba9e6f14005",
      "source_node": "BSE_ASSET",
      "target_node": "S20",
      "belief_type": "strategy",
      "confidence": 0.1,
      "value": "unknown",
      "timestamp": 10.298507462686555,
      "evidence_count": 0
    },
    "5c2ba6ba-fcf3-4884-9c29-691acc6b4cfc": {
      "edge_id": "5c2ba6ba-fcf3-4884-9c29-691acc6b4cfc",
      "source_node": "BSE_ASSET",
      "target_node": "S20",
      "belief_type": "valuation",
      "confidence": 0.30000000000000004,
      "value": 155.07999999999998,
      "timestamp": 30.597014925373,
      "evidence_count": 3
    },
    "cd33f684-6626-418f-85ed-7e6702a627fe": {
      "edge_id": "cd33f684-6626-418f-85ed-7e6702a627fe",
      "source_node": "BSE_ASSET",
      "target_node": "P14",
      "belief_type": "strategy",
      "confidence": 0.1,
      "value": "unknown",
      "timestamp": 15.373134328358166,
      "evidence_count": 0
    },
    "72e6b9d0-1209-4464-a47c-853415dfd003": {
      "edge_id": "72e6b9d0-1209-4464-a47c-853415dfd003",
      "source_node": "BSE_ASSET",
      "target_node": "P14",
      "belief_type": "valuation",
      "confidence": 0.30000000000000004,
      "value": 125.53,
      "timestamp": 30.597014925373,
      "evidence_count": 3
    },
    "85b75425-460b-4bda-aaab-dcc2a073dd69": {
      "edge_id": "85b75425-460b-4bda-aaab-dcc2a073dd69",
      "source_node": "BSE_ASSET",
      "target_node": "B06",
      "belief_type": "strategy",
      "confidence": 0.1,
      "value": "unknown",
      "timestamp": 15.373134328358166,
      "evidence_count": 0
    },
    "0722de4b-a8e0-4c47-8682-70532b14448f": {
      "edge_id": "0722de4b-a8e0-4c47-8682-70532b14448f",
      "source_node": "BSE_ASSET",
      "target_node": "B06",
      "belief_type": "valuation",
      "confidence": 0.2,
      "value": 112.0,
      "timestamp": 20.447761194029777,
      "evidence_count": 2
    },
    "f0ab9f32-9b69-4dba-aa45-47a3cd32f27c": {
      "edge_id": "f0ab9f32-9b69-4dba-aa45-47a3cd32f27c",
      "source_node": "BSE_ASSET",
      "target_node": "B20",
      "belief_type": "strategy",
      "confidence": 0.1,
      "value": "unknown",
      "timestamp": 15.373134328358166,
      "evidence_count": 0
    },
    "254eed46-b450-417c-9cd8-ee81c7e2eaed": {
      "edge_id": "254eed46-b450-417c-9cd8-ee81c7e2eaed",
      "source_node": "BSE_ASSET",
      "target_node": "B20",
      "belief_type": "valuation",
      "confidence": 0.1,
      "value": 100,
      "timestamp": 15.373134328358166,
      "evidence_count": 1
    },
    "046fefe7-2561-4adb-8600-0d860ec8bc2a": {
      "edge_id": "046fefe7-2561-4adb-8600-0d860ec8bc2a",
      "source_node": "BSE_ASSET",
      "target_node": "B10",
      "belief_type": "strategy",
      "confidence": 0.1,
      "value": "unknown",
      "timestamp": 15.373134328358166,
      "evidence_count": 0
    },
    "81b060b7-472e-4485-b462-8712d60117c6": {
      "edge_id": "81b060b7-472e-4485-b462-8712d60117c6",
      "source_node": "BSE_ASSET",
      "target_node": "B10",
      "belief_type": "valuation",
      "confidence": 0.30000000000000004,
      "value": 107.69,
      "timestamp": 25.522388059701388,
      "evidence_count": 3
    },
    "5e903006-501b-43b9-97f4-e2cd1105a604": {
      "edge_id": "5e903006-501b-43b9-97f4-e2cd1105a604",
      "source_node": "BSE_ASSET",
      "target_node": "S04",
      "belief_type": "strategy",
      "confidence": 0.1,
      "value": "unknown",
      "timestamp": 15.373134328358166,
      "evidence_count": 0
    },
    "847b44ec-80eb-410f-8f91-f66040d4c062": {
      "edge_id": "847b44ec-80eb-410f-8f91-f66040d4c062",
      "source_node": "BSE_ASSET",
      "target_node": "S04",
      "belief_type": "valuation",
      "confidence": 0.4,
      "value": 137.271,
      "timestamp": 35.820895522387985,
      "evidence_count": 4
    },
    "5c8c0bc9-de11-4ad9-9027-835a9f24382c": {
      "edge_id": "5c8c0bc9-de11-4ad9-9027-835a9f24382c",
      "source_node": "BSE_ASSET",
      "target_node": "P12",
      "belief_type": "strategy",
      "confidence": 0.1,
      "value": "unknown",
      "timestamp": 15.373134328358166,
      "evidence_count": 0
    },
    "e6f9a97b-c558-462c-b03f-b29fe96a0434": {
      "edge_id": "e6f9a97b-c558-462c-b03f-b29fe96a0434",
      "source_node": "BSE_ASSET",
      "target_node": "P12",
      "belief_type": "valuation",
      "confidence": 0.4,
      "value": 130.0,
      "timestamp": 30.597014925373,
      "evidence_count": 4
    },
    "ffc56d8e-69d1-4874-a912-b8d30c1d3d11": {
      "edge_id": "ffc56d8e-69d1-4874-a912-b8d30c1d3d11",
      "source_node": "BSE_ASSET",
      "target_node": "P18",
      "belief_type": "strategy",
      "confidence": 0.1,
      "value": "unknown",
      "timestamp": 15.373134328358166,
      "evidence_count": 0
    },
    "5e2062de-b187-4994-b017-7b8fff2293dc": {
      "edge_id": "5e2062de-b187-4994-b017-7b8fff2293dc",
      "source_node": "BSE_ASSET",
      "target_node": "P18",
      "belief_type": "valuation",
      "confidence": 0.5,
      "value": 130.0,
      "timestamp": 35.820895522387985,
      "evidence_count": 5
    },
    "1208952a-2d98-4d72-aeb9-2a11883c7b66": {
      "edge_id": "1208952a-2d98-4d72-aeb9-2a11883c7b66",
      "source_node": "BSE_ASSET",
      "target_node": "P16",
      "belief_type": "strategy",
      "confidence": 0.1,
      "value": "unknown",
      "timestamp": 15.373134328358166,
      "evidence_count": 0
    },
    "23ba3974-3296-4b91-8159-5c7d33114731": {
      "edge_id": "23ba3974-3296-4b91-8159-5c7d33114731",
      "source_node": "BSE_ASSET",
      "target_node": "P16",
      "belief_type": "valuation",
      "confidence": 0.1,
      "value": 124,
      "timestamp": 20.447761194029777,
      "evidence_count": 1
    },
    "bc75e0c4-00c0-40c5-ae92-5febd88d8f00": {
      "edge_id": "bc75e0c4-00c0-40c5-ae92-5febd88d8f00",
      "source_node": "BSE_ASSET",
      "target_node": "P13",
      "belief_type": "strategy",
      "confidence": 0.1,
      "value": "unknown",
      "timestamp": 20.447761194029777,
      "evidence_count": 0
    },
    "502d4b5e-5e50-4546-ab12-4bfe1e771c89": {
      "edge_id": "502d4b5e-5e50-4546-ab12-4bfe1e771c89",
      "source_node": "BSE_ASSET",
      "target_node": "P13",
      "belief_type": "valuation",
      "confidence": 0.2,
      "value": 122.8,
      "timestamp": 35.820895522387985,
      "evidence_count": 2
    },
    "e71c4e93-f609-416b-bbad-c9edc2ddc95f": {
      "edge_id": "e71c4e93-f609-416b-bbad-c9edc2ddc95f",
      "source_node": "BSE_ASSET",
      "target_node": "B15",
      "belief_type": "strategy",
      "confidence": 0.1,
      "value": "unknown",
      "timestamp": 20.447761194029777,
      "evidence_count": 0
    },
    "6fd9a986-3c9d-4df5-bb61-d12054c26a3a": {
      "edge_id": "6fd9a986-3c9d-4df5-bb61-d12054c26a3a",
      "source_node": "BSE_ASSET",
      "target_node": "B15",
      "belief_type": "valuation",
      "confidence": 0.1,
      "value": 120,
      "timestamp": 20.447761194029777,
      "evidence_count": 1
    },
    "d72daf26-918c-4066-87a2-b4694d35d9e4": {
      "edge_id": "d72daf26-918c-4066-87a2-b4694d35d9e4",
      "source_node": "BSE_ASSET",
      "target_node": "B21",
      "belief_type": "strategy",
      "confidence": 0.1,
      "value": "unknown",
      "timestamp": 20.447761194029777,
      "evidence_count": 0
    },
    "d8a55a3a-bc1f-4226-8ef4-5aa5cbd9a2e1": {
      "edge_id": "d8a55a3a-bc1f-4226-8ef4-5aa5cbd9a2e1",
      "source_node": "BSE_ASSET",
      "target_node": "B21",
      "belief_type": "valuation",
      "confidence": 0.2,
      "value": 116.5,
      "timestamp": 30.597014925373,
      "evidence_count": 2
    },
    "85db282d-57c4-47c2-b1b4-4327c11b4e56": {
      "edge_id": "85db282d-57c4-47c2-b1b4-4327c11b4e56",
      "source_node": "BSE_ASSET",
      "target_node": "B08",
      "belief_type": "strategy",
      "confidence": 0.1,
      "value": "unknown",
      "timestamp": 20.447761194029777,
      "evidence_count": 0
    },
    "9d5fdbac-e136-4833-8d9e-884503ec69d3": {
      "edge_id": "9d5fdbac-e136-4833-8d9e-884503ec69d3",
      "source_node": "BSE_ASSET",
      "target_node": "B08",
      "belief_type": "valuation",
      "confidence": 0.2,
      "value": 113.0,
      "timestamp": 25.522388059701388,
      "evidence_count": 2
    },
    "4902dbc0-c2fc-4e87-84d2-aac42b831c9e": {
      "edge_id": "4902dbc0-c2fc-4e87-84d2-aac42b831c9e",
      "source_node": "BSE_ASSET",
      "target_node": "B14",
      "belief_type": "strategy",
      "confidence": 0.1,
      "value": "unknown",
      "timestamp": 20.447761194029777,
      "evidence_count": 0
    },
    "fd7d0312-bbf9-41aa-8c4a-4c13b06fcd90": {
      "edge_id": "fd7d0312-bbf9-41aa-8c4a-4c13b06fcd90",
      "source_node": "BSE_ASSET",
      "target_node": "B14",
      "belief_type": "valuation",
      "confidence": 0.30000000000000004,
      "value": 113.63,
      "timestamp": 30.597014925373,
      "evidence_count": 3
    },
    "c8b27268-c786-4077-bc41-5b09483c4cfa": {
      "edge_id": "c8b27268-c786-4077-bc41-5b09483c4cfa",
      "source_node": "BSE_ASSET",
      "target_node": "B18",
      "belief_type": "strategy",
      "confidence": 0.1,
      "value": "unknown",
      "timestamp": 20.447761194029777,
      "evidence_count": 0
    },
    "7a1d67b1-d3c2-4ca4-81ae-3ba070c426d8": {
      "edge_id": "7a1d67b1-d3c2-4ca4-81ae-3ba070c426d8",
      "source_node": "BSE_ASSET",
      "target_node": "B18",
      "belief_type": "valuation",
      "confidence": 0.2,
      "value": 101.2,
      "timestamp": 35.820895522387985,
      "evidence_count": 2
    },
    "04103fe8-1dae-476e-82a9-ebdac9c66513": {
      "edge_id": "04103fe8-1dae-476e-82a9-ebdac9c66513",
      "source_node": "BSE_ASSET",
      "target_node": "S15",
      "belief_type": "strategy",
      "confidence": 0.1,
      "value": "unknown",
      "timestamp": 20.447761194029777,
      "evidence_count": 0
    },
    "a47ddd17-76fc-42ef-bb46-f67cbed1563c": {
      "edge_id": "a47ddd17-76fc-42ef-bb46-f67cbed1563c",
      "source_node": "BSE_ASSET",
      "target_node": "S15",
      "belief_type": "valuation",
      "confidence": 0.1,
      "value": 127,
      "timestamp": 20.447761194029777,
      "evidence_count": 1
    },
    "ab623d03-d8b7-4101-8479-c162555c7e94": {
      "edge_id": "ab623d03-d8b7-4101-8479-c162555c7e94",
      "source_node": "BSE_ASSET",
      "target_node": "P15",
      "belief_type": "strategy",
      "confidence": 0.1,
      "value": "unknown",
      "timestamp": 20.447761194029777,
      "evidence_count": 0
    },
    "a250cf75-fc87-4903-94e1-f3f6b0e45ea5": {
      "edge_id": "a250cf75-fc87-4903-94e1-f3f6b0e45ea5",
      "source_node": "BSE_ASSET",
      "target_node": "P15",
      "belief_type": "valuation",
      "confidence": 0.30000000000000004,
      "value": 127.48999999999998,
      "timestamp": 30.597014925373,
      "evidence_count": 3
    },
    "f44acae2-6a86-4e60-83db-977669d3f8c2": {
      "edge_id": "f44acae2-6a86-4e60-83db-977669d3f8c2",
      "source_node": "BSE_ASSET",
      "target_node": "P00",
      "belief_type": "strategy",
      "confidence": 0.1,
      "value": "unknown",
      "timestamp": 20.447761194029777,
      "evidence_count": 0
    },
    "b7431e77-6869-40d9-8548-a7b140de17f6": {
      "edge_id": "b7431e77-6869-40d9-8548-a7b140de17f6",
      "source_node": "BSE_ASSET",
      "target_node": "P00",
      "belief_type": "valuation",
      "confidence": 0.1,
      "value": 129,
      "timestamp": 20.447761194029777,
      "evidence_count": 1
    },
    "b2e2eb57-2b5e-426c-9873-4d7abaae948c": {
      "edge_id": "b2e2eb57-2b5e-426c-9873-4d7abaae948c",
      "source_node": "BSE_ASSET",
      "target_node": "P06",
      "belief_type": "strategy",
      "confidence": 0.1,
      "value": "unknown",
      "timestamp": 20.447761194029777,
      "evidence_count": 0
    },
    "2681240d-a586-4c31-84ee-84aeeeaa5df4": {
      "edge_id": "2681240d-a586-4c31-84ee-84aeeeaa5df4",
      "source_node": "BSE_ASSET",
      "target_node": "P06",
      "belief_type": "valuation",
      "confidence": 0.2,
      "value": 124.9,
      "timestamp": 35.820895522387985,
      "evidence_count": 2
    },
    "196c163c-95aa-4875-b187-25900e34f756": {
      "edge_id": "196c163c-95aa-4875-b187-25900e34f756",
      "source_node": "BSE_ASSET",
      "target_node": "P10",
      "belief_type": "strategy",
      "confidence": 0.1,
      "value": "unknown",
      "timestamp": 25.522388059701388,
      "evidence_count": 0
    },
    "bf2e7398-c8df-405b-9730-134efe1cc427": {
      "edge_id": "bf2e7398-c8df-405b-9730-134efe1cc427",
      "source_node": "BSE_ASSET",
      "target_node": "P10",
      "belief_type": "valuation",
      "confidence": 0.1,
      "value": 124,
      "timestamp": 25.522388059701388,
      "evidence_count": 1
    },
    "1a1bf625-9ccc-4183-b30d-b7de2ae8fe68": {
      "edge_id": "1a1bf625-9ccc-4183-b30d-b7de2ae8fe68",
      "source_node": "BSE_ASSET",
      "target_node": "B01",
      "belief_type": "strategy",
      "confidence": 0.1,
      "value": "unknown",
      "timestamp": 25.522388059701388,
      "evidence_count": 0
    },
    "8d75bcf0-d40a-4f7f-a5f0-b0e51f862193": {
      "edge_id": "8d75bcf0-d40a-4f7f-a5f0-b0e51f862193",
      "source_node": "BSE_ASSET",
      "target_node": "B01",
      "belief_type": "valuation",
      "confidence": 0.1,
      "value": 91,
      "timestamp": 25.522388059701388,
      "evidence_count": 1
    },
    "409b14b7-6469-4915-b708-fab8ae0b797e": {
      "edge_id": "409b14b7-6469-4915-b708-fab8ae0b797e",
      "source_node": "BSE_ASSET",
      "target_node": "S14",
      "belief_type": "strategy",
      "confidence": 0.1,
      "value": "unknown",
      "timestamp": 25.522388059701388,
      "evidence_count": 0
    },
    "b1323831-49ac-4dc0-99e9-f6b71dfb031b": {
      "edge_id": "b1323831-49ac-4dc0-99e9-f6b71dfb031b",
      "source_node": "BSE_ASSET",
      "target_node": "S14",
      "belief_type": "valuation",
      "confidence": 0.30000000000000004,
      "value": 133.0,
      "timestamp": 35.820895522387985,
      "evidence_count": 3
    },
    "f16b3394-4c3d-415a-8620-1141d9065c0f": {
      "edge_id": "f16b3394-4c3d-415a-8620-1141d9065c0f",
      "source_node": "BSE_ASSET",
      "target_node": "S00",
      "belief_type": "strategy",
      "confidence": 0.1,
      "value": "unknown",
      "timestamp": 25.522388059701388,
      "evidence_count": 0
    },
    "97401a61-7775-4492-99c9-a96a0977c4a2": {
      "edge_id": "97401a61-7775-4492-99c9-a96a0977c4a2",
      "source_node": "BSE_ASSET",
      "target_node": "S00",
      "belief_type": "valuation",
      "confidence": 0.30000000000000004,
      "value": 138.79999999999998,
      "timestamp": 35.820895522387985,
      "evidence_count": 3
    },
    "811e5142-0866-4165-8bec-c7814cbd7603": {
      "edge_id": "811e5142-0866-4165-8bec-c7814cbd7603",
      "source_node": "BSE_ASSET",
      "target_node": "S22",
      "belief_type": "strategy",
      "confidence": 0.1,
      "value": "unknown",
      "timestamp": 25.522388059701388,
      "evidence_count": 0
    },
    "6e7ce603-4891-43f9-ad5a-899b5f7c7706": {
      "edge_id": "6e7ce603-4891-43f9-ad5a-899b5f7c7706",
      "source_node": "BSE_ASSET",
      "target_node": "S22",
      "belief_type": "valuation",
      "confidence": 0.2,
      "value": 150.2,
      "timestamp": 30.597014925373,
      "evidence_count": 2
    },
    "f5766cad-2661-48db-b61e-8443909188ac": {
      "edge_id": "f5766cad-2661-48db-b61e-8443909188ac",
      "source_node": "BSE_ASSET",
      "target_node": "S19",
      "belief_type": "strategy",
      "confidence": 0.1,
      "value": "unknown",
      "timestamp": 25.522388059701388,
      "evidence_count": 0
    },
    "1fce0217-79bd-493a-bf95-f47803dc0673": {
      "edge_id": "1fce0217-79bd-493a-bf95-f47803dc0673",
      "source_node": "BSE_ASSET",
      "target_node": "S19",
      "belief_type": "valuation",
      "confidence": 0.2,
      "value": 172.0,
      "timestamp": 30.597014925373,
      "evidence_count": 2
    },
    "823ebb03-c175-4792-b44c-6c6d76bb58f3": {
      "edge_id": "823ebb03-c175-4792-b44c-6c6d76bb58f3",
      "source_node": "BSE_ASSET",
      "target_node": "S13",
      "belief_type": "strategy",
      "confidence": 0.1,
      "value": "unknown",
      "timestamp": 25.522388059701388,
      "evidence_count": 0
    },
    "427911f3-06d3-43e5-8f9a-6d7a36f58a13": {
      "edge_id": "427911f3-06d3-43e5-8f9a-6d7a36f58a13",
      "source_node": "BSE_ASSET",
      "target_node": "S13",
      "belief_type": "valuation",
      "confidence": 0.30000000000000004,
      "value": 152.05,
      "timestamp": 35.820895522387985,
      "evidence_count": 3
    },
    "870a4450-7afe-44fd-a0fc-6ee095d572b5": {
      "edge_id": "870a4450-7afe-44fd-a0fc-6ee095d572b5",
      "source_node": "BSE_ASSET",
      "target_node": "P04",
      "belief_type": "strategy",
      "confidence": 0.1,
      "value": "unknown",
      "timestamp": 25.522388059701388,
      "evidence_count": 0
    },
    "5e8a67ae-9216-4b80-8f53-1870ffcb0b11": {
      "edge_id": "5e8a67ae-9216-4b80-8f53-1870ffcb0b11",
      "source_node": "BSE_ASSET",
      "target_node": "P04",
      "belief_type": "valuation",
      "confidence": 0.1,
      "value": 124,
      "timestamp": 30.597014925373,
      "evidence_count": 1
    },
    "b1f227d0-3240-4855-90b0-59530262fa7b": {
      "edge_id": "b1f227d0-3240-4855-90b0-59530262fa7b",
      "source_node": "BSE_ASSET",
      "target_node": "B22",
      "belief_type": "strategy",
      "confidence": 0.1,
      "value": "unknown",
      "timestamp": 30.597014925373,
      "evidence_count": 0
    },
    "02b59f1a-6483-4cfc-8e54-a9facfd0330b": {
      "edge_id": "02b59f1a-6483-4cfc-8e54-a9facfd0330b",
      "source_node": "BSE_ASSET",
      "target_node": "B22",
      "belief_type": "valuation",
      "confidence": 0.1,
      "value": 112,
      "timestamp": 30.597014925373,
      "evidence_count": 1
    },
    "9da24ca2-aaa8-438f-a326-1f2715d42c80": {
      "edge_id": "9da24ca2-aaa8-438f-a326-1f2715d42c80",
      "source_node": "BSE_ASSET",
      "target_node": "B03",
      "belief_type": "strategy",
      "confidence": 0.1,
      "value": "unknown",
      "timestamp": 30.597014925373,
      "evidence_count": 0
    },
    "7da49994-9ee2-414d-8157-a65cba322b87": {
      "edge_id": "7da49994-9ee2-414d-8157-a65cba322b87",
      "source_node": "BSE_ASSET",
      "target_node": "B03",
      "belief_type": "valuation",
      "confidence": 0.2,
      "value": 103.0,
      "timestamp": 35.820895522387985,
      "evidence_count": 2
    },
    "36d6b431-78cf-4575-a786-441a62a4a532": {
      "edge_id": "36d6b431-78cf-4575-a786-441a62a4a532",
      "source_node": "BSE_ASSET",
      "target_node": "S17",
      "belief_type": "strategy",
      "confidence": 0.1,
      "value": "unknown",
      "timestamp": 30.597014925373,
      "evidence_count": 0
    },
    "30c934a0-5489-44b1-bc42-0b4dadc749d9": {
      "edge_id": "30c934a0-5489-44b1-bc42-0b4dadc749d9",
      "source_node": "BSE_ASSET",
      "target_node": "S17",
      "belief_type": "valuation",
      "confidence": 0.1,
      "value": 127,
      "timestamp": 30.597014925373,
      "evidence_count": 1
    },
    "93b2c31b-80ad-4615-87ee-f3daafee9617": {
      "edge_id": "93b2c31b-80ad-4615-87ee-f3daafee9617",
      "source_node": "BSE_ASSET",
      "target_node": "S05",
      "belief_type": "strategy",
      "confidence": 0.1,
      "value": "unknown",
      "timestamp": 30.597014925373,
      "evidence_count": 0
    },
    "3035e5da-817c-4377-9f9f-1de187c62290": {
      "edge_id": "3035e5da-817c-4377-9f9f-1de187c62290",
      "source_node": "BSE_ASSET",
      "target_node": "S05",
      "belief_type": "valuation",
      "confidence": 0.2,
      "value": 136.79999999999998,
      "timestamp": 35.820895522387985,
      "evidence_count": 2
    }
  },
  "event_history": [
    {
      "event_id": "ask_P14_25.522388059701388",
      "event_type": "ask",
      "timestamp": 25.522388059701388,
      "agent_id": "P14",
      "price": 127,
      "quantity": 1,
      "counterparty_id": null,
      "order_id": null
    },
    {
      "event_id": "ask_P02_25.522388059701388",
      "event_type": "ask",
      "timestamp": 25.522388059701388,
      "agent_id": "P02",
      "price": 129,
      "quantity": 1,
      "counterparty_id": null,
      "order_id": null
    },
    {
      "event_id": "ask_P12_25.522388059701388",
      "event_type": "ask",
      "timestamp": 25.522388059701388,
      "agent_id": "P12",
      "price": 130,
      "quantity": 1,
      "counterparty_id": null,
      "order_id": null
    },
    {
      "event_id": "ask_P08_25.522388059701388",
      "event_type": "ask",
      "timestamp": 25.522388059701388,
      "agent_id": "P08",
      "price": 130,
      "quantity": 1,
      "counterparty_id": null,
      "order_id": null
    },
    {
      "event_id": "ask_P18_25.522388059701388",
      "event_type": "ask",
      "timestamp": 25.522388059701388,
      "agent_id": "P18",
      "price": 130,
      "quantity": 1,
      "counterparty_id": null,
      "order_id": null
    },
    {
      "event_id": "ask_S04_25.522388059701388",
      "event_type": "ask",
      "timestamp": 25.522388059701388,
      "agent_id": "S04",
      "price": 132,
      "quantity": 1,
      "counterparty_id": null,
      "order_id": null
    },
    {
      "event_id": "ask_S14_25.522388059701388",
      "event_type": "ask",
      "timestamp": 25.522388059701388,
      "agent_id": "S14",
      "price": 133,
      "quantity": 1,
      "counterparty_id": null,
      "order_id": null
    },
    {
      "event_id": "ask_S00_25.522388059701388",
      "event_type": "ask",
      "timestamp": 25.522388059701388,
      "agent_id": "S00",
      "price": 143,
      "quantity": 1,
      "counterparty_id": null,
      "order_id": null
    },
    {
      "event_id": "ask_S22_25.522388059701388",
      "event_type": "ask",
      "timestamp": 25.522388059701388,
      "agent_id": "S22",
      "price": 152,
      "quantity": 1,
      "counterparty_id": null,
      "order_id": null
    },
    {
      "event_id": "ask_S19_25.522388059701388",
      "event_type": "ask",
      "timestamp": 25.522388059701388,
      "agent_id": "S19",
      "price": 172,
      "quantity": 1,
      "counterparty_id": null,
      "order_id": null
    },
    {
      "event_id": "ask_S13_25.522388059701388",
      "event_type": "ask",
      "timestamp": 25.522388059701388,
      "agent_id": "S13",
      "price": 175,
      "quantity": 1,
      "counterparty_id": null,
      "order_id": null
    },
    {
      "event_id": "bid_P04_30.597014925373",
      "event_type": "bid",
      "timestamp": 30.597014925373,
      "agent_id": "P04",
      "price": 124,
      "quantity": 1,
      "counterparty_id": null,
      "order_id": null
    },
    {
      "event_id": "bid_B09_30.597014925373",
      "event_type": "bid",
      "timestamp": 30.597014925373,
      "agent_id": "B09",
      "price": 121,
      "quantity": 1,
      "counterparty_id": null,
      "order_id": null
    },
    {
      "event_id": "bid_P07_30.597014925373",
      "event_type": "bid",
      "timestamp": 30.597014925373,
      "agent_id": "P07",
      "price": 120,
      "quantity": 1,
      "counterparty_id": null,
      "order_id": null
    },
    {
      "event_id": "bid_B14_30.597014925373",
      "event_type": "bid",
      "timestamp": 30.597014925373,
      "agent_id": "B14",
      "price": 120,
      "quantity": 1,
      "counterparty_id": null,
      "order_id": null
    },
    {
      "event_id": "bid_B21_30.597014925373",
      "event_type": "bid",
      "timestamp": 30.597014925373,
      "agent_id": "B21",
      "price": 120,
      "quantity": 1,
      "counterparty_id": null,
      "order_id": null
    },
    {
      "event_id": "bid_B22_30.597014925373",
      "event_type": "bid",
      "timestamp": 30.597014925373,
      "agent_id": "B22",
      "price": 112,
      "quantity": 1,
      "counterparty_id": null,
      "order_id": null
    },
    {
      "event_id": "bid_B03_30.597014925373",
      "event_type": "bid",
      "timestamp": 30.597014925373,
      "agent_id": "B03",
      "price": 103,
      "quantity": 1,
      "counterparty_id": null,
      "order_id": null
    },
    {
      "event_id": "ask_P15_30.597014925373",
      "event_type": "ask",
      "timestamp": 30.597014925373,
      "agent_id": "P15",
      "price": 127,
      "quantity": 1,
      "counterparty_id": null,
      "order_id": null
    },
    {
      "event_id": "ask_P01_30.597014925373",
      "event_type": "ask",
      "timestamp": 30.597014925373,
      "agent_id": "P01",
      "price": 127,
      "quantity": 1,
      "counterparty_id": null,
      "order_id": null
    },
    {
      "event_id": "ask_P14_30.597014925373",
      "event_type": "ask",
      "timestamp": 30.597014925373,
      "agent_id": "P14",
      "price": 127,
      "quantity": 1,
      "counterparty_id": null,
      "order_id": null
    },
    {
      "event_id": "ask_S17_30.597014925373",
      "event_type": "ask",
      "timestamp": 30.597014925373,
      "agent_id": "S17",
      "price": 127,
      "quantity": 1,
      "counterparty_id": null,
      "order_id": null
    },
    {
      "event_id": "ask_P02_30.597014925373",
      "event_type": "ask",
      "timestamp": 30.597014925373,
      "agent_id": "P02",
      "price": 129,
      "quantity": 1,
      "counterparty_id": null,
      "order_id": null
    },
    {
      "event_id": "ask_P12_30.597014925373",
      "event_type": "ask",
      "timestamp": 30.597014925373,
      "agent_id": "P12",
      "price": 130,
      "quantity": 1,
      "counterparty_id": null,
      "order_id": null
    },
    {
      "event_id": "ask_P08_30.597014925373",
      "event_type": "ask",
      "timestamp": 30.597014925373,
      "agent_id": "P08",
      "price": 130,
      "quantity": 1,
      "counterparty_id": null,
      "order_id": null
    },
    {
      "event_id": "ask_P18_30.597014925373",
      "event_type": "ask",
      "timestamp": 30.597014925373,
      "agent_id": "P18",
      "price": 130,
      "quantity": 1,
      "counterparty_id": null,
      "order_id": null
    },
    {
      "event_id": "ask_S13_30.597014925373",
      "event_type": "ask",
      "timestamp": 30.597014925373,
      "agent_id": "S13",
      "price": 130,
      "quantity": 1,
      "counterparty_id": null,
      "order_id": null
    },
    {
      "event_id": "ask_S04_30.597014925373",
      "event_type": "ask",
      "timestamp": 30.597014925373,
      "agent_id": "S04",
      "price": 132,
      "quantity": 1,
      "counterparty_id": null,
      "order_id": null
    },
    {
      "event_id": "ask_S14_30.597014925373",
      "event_type": "ask",
      "timestamp": 30.597014925373,
      "agent_id": "S14",
      "price": 133,
      "quantity": 1,
      "counterparty_id": null,
      "order_id": null
    },
    {
      "event_id": "ask_S05_30.597014925373",
      "event_type": "ask",
      "timestamp": 30.597014925373,
      "agent_id": "S05",
      "price": 138,
      "quantity": 1,
      "counterparty_id": null,
      "order_id": null
    },
    {
      "event_id": "ask_S00_30.597014925373",
      "event_type": "ask",
      "timestamp": 30.597014925373,
      "agent_id": "S00",
      "price": 143,
      "quantity": 1,
      "counterparty_id": null,
      "order_id": null
    },
    {
      "event_id": "ask_S22_30.597014925373",
      "event_type": "ask",
      "timestamp": 30.597014925373,
      "agent_id": "S22",
      "price": 146,
      "quantity": 1,
      "counterparty_id": null,
      "order_id": null
    },
    {
      "event_id": "ask_S19_30.597014925373",
      "event_type": "ask",
      "timestamp": 30.597014925373,
      "agent_id": "S19",
      "price": 172,
      "quantity": 1,
      "counterparty_id": null,
      "order_id": null
    },
    {
      "event_id": "ask_S20_30.597014925373",
      "event_type": "ask",
      "timestamp": 30.597014925373,
      "agent_id": "S20",
      "price": 180,
      "quantity": 1,
      "counterparty_id": null,
      "order_id": null
    },
    {
      "event_id": "bid_P07_35.820895522387985",
      "event_type": "bid",
      "timestamp": 35.820895522387985,
      "agent_id": "P07",
      "price": 120,
      "quantity": 1,
      "counterparty_id": null,
      "order_id": null
    },
    {
      "event_id": "bid_P13_35.820895522387985",
      "event_type": "bid",
      "timestamp": 35.820895522387985,
      "agent_id": "P13",
      "price": 120,
      "quantity": 1,
      "counterparty_id": null,
      "order_id": null
    },
    {
      "event_id": "bid_B18_35.820895522387985",
      "event_type": "bid",
      "timestamp": 35.820895522387985,
      "agent_id": "B18",
      "price": 104,
      "quantity": 1,
      "counterparty_id": null,
      "order_id": null
    },
    {
      "event_id": "bid_B03_35.820895522387985",
      "event_type": "bid",
      "timestamp": 35.820895522387985,
      "agent_id": "B03",
      "price": 103,
      "quantity": 1,
      "counterparty_id": null,
      "order_id": null
    },
    {
      "event_id": "ask_P19_35.820895522387985",
      "event_type": "ask",
      "timestamp": 35.820895522387985,
      "agent_id": "P19",
      "price": 127,
      "quantity": 1,
      "counterparty_id": null,
      "order_id": null
    },
    {
      "event_id": "ask_P06_35.820895522387985",
      "event_type": "ask",
      "timestamp": 35.820895522387985,
      "agent_id": "P06",
      "price": 127,
      "quantity": 1,
      "counterparty_id": null,
      "order_id": null
    },
    {
      "event_id": "ask_P02_35.820895522387985",
      "event_type": "ask",
      "timestamp": 35.820895522387985,
      "agent_id": "P02",
      "price": 129,
      "quantity": 1,
      "counterparty_id": null,
      "order_id": null
    },
    {
      "event_id": "ask_S00_35.820895522387985",
      "event_type": "ask",
      "timestamp": 35.820895522387985,
      "agent_id": "S00",
      "price": 129,
      "quantity": 1,
      "counterparty_id": null,
      "order_id": null
    },
    {
      "event_id": "ask_P08_35.820895522387985",
      "event_type": "ask",
      "timestamp": 35.820895522387985,
      "agent_id": "P08",
      "price": 130,
      "quantity": 1,
      "counterparty_id": null,
      "order_id": null
    },
    {
      "event_id": "ask_P18_35.820895522387985",
      "event_type": "ask",
      "timestamp": 35.820895522387985,
      "agent_id": "P18",
      "price": 130,
      "quantity": 1,
      "counterparty_id": null,
      "order_id": null
    },
    {
      "event_id": "ask_S13_35.820895522387985",
      "event_type": "ask",
      "timestamp": 35.820895522387985,
      "agent_id": "S13",
      "price": 130,
      "quantity": 1,
      "counterparty_id": null,
      "order_id": null
    },
    {
      "event_id": "ask_S14_35.820895522387985",
      "event_type": "ask",
      "timestamp": 35.820895522387985,
      "agent_id": "S14",
      "price": 133,
      "quantity": 1,
      "counterparty_id": null,
      "order_id": null
    },
    {
      "event_id": "ask_S05_35.820895522387985",
      "event_type": "ask",
      "timestamp": 35.820895522387985,
      "agent_id": "S05",
      "price": 134,
      "quantity": 1,
      "counterparty_id": null,
      "order_id": null
    },
    {
      "event_id": "ask_S06_35.820895522387985",
      "event_type": "ask",
      "timestamp": 35.820895522387985,
      "agent_id": "S06",
      "price": 147,
      "quantity": 1,
      "counterparty_id": null,
      "order_id": null
    },
    {
      "event_id": "ask_S04_35.820895522387985",
      "event_type": "ask",
      "timestamp": 35.820895522387985,
      "agent_id": "S04",
      "price": 153,
      "quantity": 1,
      "counterparty_id": null,
      "order_id": null
    },
    {
      "event_id": "ask_S07_35.820895522387985",
      "event_type": "ask",
      "timestamp": 35.820895522387985,
      "agent_id": "S07",
      "price": 210,
      "quantity": 1,
      "counterparty_id": null,
      "order_id": null
    }
  ]
}
2025-10-10 18:45:57 | HM_NL_COT_P19 | ================================================================================
2025-10-10 18:45:57 | HM_NL_COT_P19 | [AGENTS-TRACKED] Currently tracking 51 agents: ['P19', 'P17', 'P02', 'P01', 'P08', 'P07', 'B11', 'B19', 'S06', 'S02', 'S07', 'P20', 'B13', 'B05', 'B02', 'B07', 'B09', 'B04', 'S03', 'S12', 'S20', 'P14', 'B06', 'B20', 'B10', 'S04', 'P12', 'P18', 'P16', 'P13', 'B15', 'B21', 'B08', 'B14', 'B18', 'S15', 'P15', 'P00', 'P06', 'P10', 'B01', 'S14', 'S00', 'S22', 'S19', 'S13', 'P04', 'B22', 'B03', 'S17', 'S05']
2025-10-10 18:53:07 | HM_NL_COT_P19 | [BELIEF-THROTTLE] P09: Running belief graph update at time 40.9
2025-10-10 18:53:07 | HM_NL_COT_P19 | [UPDATE-SUMMARY] Processed 20 market events at time 40.9
2025-10-10 18:53:07 | HM_NL_COT_P19 | === BELIEF GRAPH STATE AT TIME 40.9 ===
2025-10-10 18:53:07 | HM_NL_COT_P19 | {
  "graph_id": "35bffc35-eaaa-4a03-8264-413373ab85fc",
  "asset_id": "BSE_ASSET",
  "current_time": 40.89552238805972,
  "nodes": {
    "BSE_ASSET": {
      "asset_id": "BSE_ASSET",
      "node_type": "asset",
      "current_best_bid": null,
      "current_best_ask": null,
      "last_trade_price": null,
      "volume_traded": 0,
      "price_volatility": 0.0,
      "spread_width": null,
      "market_depth_bid": 0,
      "market_depth_ask": 0
    },
    "P19": {
      "agent_id": "P19",
      "node_type": "agent",
      "last_bid_price": 124,
      "last_ask_price": 127,
      "last_trade_price": null,
      "total_trades": 0,
      "total_volume": 0,
      "strategy_type": "Hypothetical-Minds",
      "inferred_valuation": 124.9,
      "valuation_confidence": 0.2,
      "aggressiveness_score": 0.6,
      "last_activity": 35.820895522387985
    },
    "P17": {
      "agent_id": "P17",
      "node_type": "agent",
      "last_bid_price": 130,
      "last_ask_price": 127,
      "last_trade_price": null,
      "total_trades": 0,
      "total_volume": 0,
      "strategy_type": null,
      "inferred_valuation": 129.1,
      "valuation_confidence": 0.2,
      "aggressiveness_score": 0.0,
      "last_activity": 40.89552238805972
    },
    "P02": {
      "agent_id": "P02",
      "node_type": "agent",
      "last_bid_price": 128,
      "last_ask_price": 129,
      "last_trade_price": null,
      "total_trades": 0,
      "total_volume": 0,
      "strategy_type": null,
      "inferred_valuation": 128.88235099999997,
      "valuation_confidence": 0.7,
      "aggressiveness_score": 0.0,
      "last_activity": 40.89552238805972
    },
    "P01": {
      "agent_id": "P01",
      "node_type": "agent",
      "last_bid_price": 128,
      "last_ask_price": 127,
      "last_trade_price": null,
      "total_trades": 0,
      "total_volume": 0,
      "strategy_type": null,
      "inferred_valuation": 127.34299999999999,
      "valuation_confidence": 0.4,
      "aggressiveness_score": 0.0,
      "last_activity": 30.597014925373
    },
    "P08": {
      "agent_id": "P08",
      "node_type": "agent",
      "last_bid_price": 127,
      "last_ask_price": 130,
      "last_trade_price": null,
      "total_trades": 0,
      "total_volume": 0,
      "strategy_type": null,
      "inferred_valuation": 129.647053,
      "valuation_confidence": 0.7,
      "aggressiveness_score": 0.0,
      "last_activity": 40.89552238805972
    },
    "P07": {
      "agent_id": "P07",
      "node_type": "agent",
      "last_bid_price": 120,
      "last_ask_price": null,
      "last_trade_price": null,
      "total_trades": 0,
      "total_volume": 0,
      "strategy_type": null,
      "inferred_valuation": 120.0,
      "valuation_confidence": 0.7999999999999999,
      "aggressiveness_score": 0.0,
      "last_activity": 40.89552238805972
    },
    "B11": {
      "agent_id": "B11",
      "node_type": "agent",
      "last_bid_price": 123,
      "last_ask_price": null,
      "last_trade_price": null,
      "total_trades": 0,
      "total_volume": 0,
      "strategy_type": null,
      "inferred_valuation": 114.6,
      "valuation_confidence": 0.30000000000000004,
      "aggressiveness_score": 0.0,
      "last_activity": 40.89552238805972
    },
    "B19": {
      "agent_id": "B19",
      "node_type": "agent",
      "last_bid_price": 124,
      "last_ask_price": null,
      "last_trade_price": null,
      "total_trades": 0,
      "total_volume": 0,
      "strategy_type": null,
      "inferred_valuation": 114.19999999999999,
      "valuation_confidence": 0.2,
      "aggressiveness_score": 0.0,
      "last_activity": 10.298507462686555
    },
    "S06": {
      "agent_id": "S06",
      "node_type": "agent",
      "last_bid_price": null,
      "last_ask_price": 147,
      "last_trade_price": null,
      "total_trades": 0,
      "total_volume": 0,
      "strategy_type": null,
      "inferred_valuation": 139.65,
      "valuation_confidence": 0.30000000000000004,
      "aggressiveness_score": 0.0,
      "last_activity": 40.89552238805972
    },
    "S02": {
      "agent_id": "S02",
      "node_type": "agent",
      "last_bid_price": null,
      "last_ask_price": 129,
      "last_trade_price": null,
      "total_trades": 0,
      "total_volume": 0,
      "strategy_type": null,
      "inferred_valuation": 131.58999999999997,
      "valuation_confidence": 0.30000000000000004,
      "aggressiveness_score": 0.0,
      "last_activity": 15.373134328358166
    },
    "S07": {
      "agent_id": "S07",
      "node_type": "agent",
      "last_bid_price": null,
      "last_ask_price": 210,
      "last_trade_price": null,
      "total_trades": 0,
      "total_volume": 0,
      "strategy_type": null,
      "inferred_valuation": 301.65939999999995,
      "valuation_confidence": 0.5,
      "aggressiveness_score": 0.0,
      "last_activity": 40.89552238805972
    },
    "P20": {
      "agent_id": "P20",
      "node_type": "agent",
      "last_bid_price": 124,
      "last_ask_price": null,
      "last_trade_price": null,
      "total_trades": 0,
      "total_volume": 0,
      "strategy_type": null,
      "inferred_valuation": 124.0,
      "valuation_confidence": 0.2,
      "aggressiveness_score": 0.0,
      "last_activity": 15.373134328358166
    },
    "B13": {
      "agent_id": "B13",
      "node_type": "agent",
      "last_bid_price": 110,
      "last_ask_price": null,
      "last_trade_price": null,
      "total_trades": 0,
      "total_volume": 0,
      "strategy_type": null,
      "inferred_valuation": 105.1,
      "valuation_confidence": 0.4,
      "aggressiveness_score": 0.0,
      "last_activity": 25.522388059701388
    },
    "B05": {
      "agent_id": "B05",
      "node_type": "agent",
      "last_bid_price": 93,
      "last_ask_price": null,
      "last_trade_price": null,
      "total_trades": 0,
      "total_volume": 0,
      "strategy_type": null,
      "inferred_valuation": 95.94,
      "valuation_confidence": 0.30000000000000004,
      "aggressiveness_score": 0.0,
      "last_activity": 20.447761194029777
    },
    "B02": {
      "agent_id": "B02",
      "node_type": "agent",
      "last_bid_price": 28,
      "last_ask_price": null,
      "last_trade_price": null,
      "total_trades": 0,
      "total_volume": 0,
      "strategy_type": null,
      "inferred_valuation": 74.4303,
      "valuation_confidence": 0.5,
      "aggressiveness_score": 0.0,
      "last_activity": 40.89552238805972
    },
    "B07": {
      "agent_id": "B07",
      "node_type": "agent",
      "last_bid_price": 98,
      "last_ask_price": null,
      "last_trade_price": null,
      "total_trades": 0,
      "total_volume": 0,
      "strategy_type": null,
      "inferred_valuation": 98.0,
      "valuation_confidence": 0.2,
      "aggressiveness_score": 0.0,
      "last_activity": 15.373134328358166
    },
    "B09": {
      "agent_id": "B09",
      "node_type": "agent",
      "last_bid_price": 121,
      "last_ask_price": null,
      "last_trade_price": null,
      "total_trades": 0,
      "total_volume": 0,
      "strategy_type": null,
      "inferred_valuation": 101.88999999999999,
      "valuation_confidence": 0.30000000000000004,
      "aggressiveness_score": 0.0,
      "last_activity": 30.597014925373
    },
    "B04": {
      "agent_id": "B04",
      "node_type": "agent",
      "last_bid_price": 82,
      "last_ask_price": null,
      "last_trade_price": null,
      "total_trades": 0,
      "total_volume": 0,
      "strategy_type": null,
      "inferred_valuation": 82.0,
      "valuation_confidence": 0.2,
      "aggressiveness_score": 0.0,
      "last_activity": 15.373134328358166
    },
    "S03": {
      "agent_id": "S03",
      "node_type": "agent",
      "last_bid_price": null,
      "last_ask_price": 130,
      "last_trade_price": null,
      "total_trades": 0,
      "total_volume": 0,
      "strategy_type": null,
      "inferred_valuation": 130,
      "valuation_confidence": 0.1,
      "aggressiveness_score": 0.0,
      "last_activity": 10.298507462686555
    },
    "S12": {
      "agent_id": "S12",
      "node_type": "agent",
      "last_bid_price": null,
      "last_ask_price": 156,
      "last_trade_price": null,
      "total_trades": 0,
      "total_volume": 0,
      "strategy_type": null,
      "inferred_valuation": 147.6,
      "valuation_confidence": 0.30000000000000004,
      "aggressiveness_score": 0.0,
      "last_activity": 40.89552238805972
    },
    "S20": {
      "agent_id": "S20",
      "node_type": "agent",
      "last_bid_price": null,
      "last_ask_price": 340,
      "last_trade_price": null,
      "total_trades": 0,
      "total_volume": 0,
      "strategy_type": null,
      "inferred_valuation": 210.55599999999998,
      "valuation_confidence": 0.4,
      "aggressiveness_score": 0.0,
      "last_activity": 40.89552238805972
    },
    "P14": {
      "agent_id": "P14",
      "node_type": "agent",
      "last_bid_price": 124,
      "last_ask_price": 127,
      "last_trade_price": null,
      "total_trades": 0,
      "total_volume": 0,
      "strategy_type": null,
      "inferred_valuation": 125.53,
      "valuation_confidence": 0.30000000000000004,
      "aggressiveness_score": 0.0,
      "last_activity": 30.597014925373
    },
    "B06": {
      "agent_id": "B06",
      "node_type": "agent",
      "last_bid_price": 112,
      "last_ask_price": null,
      "last_trade_price": null,
      "total_trades": 0,
      "total_volume": 0,
      "strategy_type": null,
      "inferred_valuation": 112.0,
      "valuation_confidence": 0.2,
      "aggressiveness_score": 0.0,
      "last_activity": 20.447761194029777
    },
    "B20": {
      "agent_id": "B20",
      "node_type": "agent",
      "last_bid_price": 100,
      "last_ask_price": null,
      "last_trade_price": null,
      "total_trades": 0,
      "total_volume": 0,
      "strategy_type": null,
      "inferred_valuation": 100,
      "valuation_confidence": 0.1,
      "aggressiveness_score": 0.0,
      "last_activity": 15.373134328358166
    },
    "B10": {
      "agent_id": "B10",
      "node_type": "agent",
      "last_bid_price": 117,
      "last_ask_price": null,
      "last_trade_price": null,
      "total_trades": 0,
      "total_volume": 0,
      "strategy_type": null,
      "inferred_valuation": 107.69,
      "valuation_confidence": 0.30000000000000004,
      "aggressiveness_score": 0.0,
      "last_activity": 25.522388059701388
    },
    "S04": {
      "agent_id": "S04",
      "node_type": "agent",
      "last_bid_price": null,
      "last_ask_price": 153,
      "last_trade_price": null,
      "total_trades": 0,
      "total_volume": 0,
      "strategy_type": null,
      "inferred_valuation": 141.98969999999997,
      "valuation_confidence": 0.5,
      "aggressiveness_score": 0.0,
      "last_activity": 40.89552238805972
    },
    "P12": {
      "agent_id": "P12",
      "node_type": "agent",
      "last_bid_price": null,
      "last_ask_price": 130,
      "last_trade_price": null,
      "total_trades": 0,
      "total_volume": 0,
      "strategy_type": null,
      "inferred_valuation": 130.0,
      "valuation_confidence": 0.4,
      "aggressiveness_score": 0.0,
      "last_activity": 30.597014925373
    },
    "P18": {
      "agent_id": "P18",
      "node_type": "agent",
      "last_bid_price": null,
      "last_ask_price": 130,
      "last_trade_price": null,
      "total_trades": 0,
      "total_volume": 0,
      "strategy_type": null,
      "inferred_valuation": 130.0,
      "valuation_confidence": 0.5,
      "aggressiveness_score": 0.0,
      "last_activity": 35.820895522387985
    },
    "P16": {
      "agent_id": "P16",
      "node_type": "agent",
      "last_bid_price": 124,
      "last_ask_price": null,
      "last_trade_price": null,
      "total_trades": 0,
      "total_volume": 0,
      "strategy_type": null,
      "inferred_valuation": 124,
      "valuation_confidence": 0.1,
      "aggressiveness_score": 0.0,
      "last_activity": 20.447761194029777
    },
    "P13": {
      "agent_id": "P13",
      "node_type": "agent",
      "last_bid_price": 120,
      "last_ask_price": null,
      "last_trade_price": null,
      "total_trades": 0,
      "total_volume": 0,
      "strategy_type": null,
      "inferred_valuation": 121.96,
      "valuation_confidence": 0.30000000000000004,
      "aggressiveness_score": 0.0,
      "last_activity": 40.89552238805972
    },
    "B15": {
      "agent_id": "B15",
      "node_type": "agent",
      "last_bid_price": 120,
      "last_ask_price": null,
      "last_trade_price": null,
      "total_trades": 0,
      "total_volume": 0,
      "strategy_type": null,
      "inferred_valuation": 120,
      "valuation_confidence": 0.1,
      "aggressiveness_score": 0.0,
      "last_activity": 20.447761194029777
    },
    "B21": {
      "agent_id": "B21",
      "node_type": "agent",
      "last_bid_price": 120,
      "last_ask_price": null,
      "last_trade_price": null,
      "total_trades": 0,
      "total_volume": 0,
      "strategy_type": null,
      "inferred_valuation": 116.5,
      "valuation_confidence": 0.2,
      "aggressiveness_score": 0.0,
      "last_activity": 30.597014925373
    },
    "B08": {
      "agent_id": "B08",
      "node_type": "agent",
      "last_bid_price": 113,
      "last_ask_price": null,
      "last_trade_price": null,
      "total_trades": 0,
      "total_volume": 0,
      "strategy_type": null,
      "inferred_valuation": 113.0,
      "valuation_confidence": 0.2,
      "aggressiveness_score": 0.0,
      "last_activity": 25.522388059701388
    },
    "B14": {
      "agent_id": "B14",
      "node_type": "agent",
      "last_bid_price": 120,
      "last_ask_price": null,
      "last_trade_price": null,
      "total_trades": 0,
      "total_volume": 0,
      "strategy_type": null,
      "inferred_valuation": 113.63,
      "valuation_confidence": 0.30000000000000004,
      "aggressiveness_score": 0.0,
      "last_activity": 30.597014925373
    },
    "B18": {
      "agent_id": "B18",
      "node_type": "agent",
      "last_bid_price": 104,
      "last_ask_price": null,
      "last_trade_price": null,
      "total_trades": 0,
      "total_volume": 0,
      "strategy_type": null,
      "inferred_valuation": 101.2,
      "valuation_confidence": 0.2,
      "aggressiveness_score": 0.0,
      "last_activity": 35.820895522387985
    },
    "S15": {
      "agent_id": "S15",
      "node_type": "agent",
      "last_bid_price": null,
      "last_ask_price": 127,
      "last_trade_price": null,
      "total_trades": 0,
      "total_volume": 0,
      "strategy_type": null,
      "inferred_valuation": 127,
      "valuation_confidence": 0.1,
      "aggressiveness_score": 0.0,
      "last_activity": 20.447761194029777
    },
    "P15": {
      "agent_id": "P15",
      "node_type": "agent",
      "last_bid_price": 126,
      "last_ask_price": 127,
      "last_trade_price": null,
      "total_trades": 0,
      "total_volume": 0,
      "strategy_type": null,
      "inferred_valuation": 127.04299999999998,
      "valuation_confidence": 0.4,
      "aggressiveness_score": 0.0,
      "last_activity": 40.89552238805972
    },
    "P00": {
      "agent_id": "P00",
      "node_type": "agent",
      "last_bid_price": 122,
      "last_ask_price": 129,
      "last_trade_price": null,
      "total_trades": 0,
      "total_volume": 0,
      "strategy_type": null,
      "inferred_valuation": 126.9,
      "valuation_confidence": 0.2,
      "aggressiveness_score": 0.0,
      "last_activity": 40.89552238805972
    },
    "P06": {
      "agent_id": "P06",
      "node_type": "agent",
      "last_bid_price": 124,
      "last_ask_price": 127,
      "last_trade_price": null,
      "total_trades": 0,
      "total_volume": 0,
      "strategy_type": null,
      "inferred_valuation": 124.9,
      "valuation_confidence": 0.2,
      "aggressiveness_score": 0.0,
      "last_activity": 35.820895522387985
    },
    "P10": {
      "agent_id": "P10",
      "node_type": "agent",
      "last_bid_price": 124,
      "last_ask_price": null,
      "last_trade_price": null,
      "total_trades": 0,
      "total_volume": 0,
      "strategy_type": null,
      "inferred_valuation": 124,
      "valuation_confidence": 0.1,
      "aggressiveness_score": 0.0,
      "last_activity": 25.522388059701388
    },
    "B01": {
      "agent_id": "B01",
      "node_type": "agent",
      "last_bid_price": 91,
      "last_ask_price": null,
      "last_trade_price": null,
      "total_trades": 0,
      "total_volume": 0,
      "strategy_type": null,
      "inferred_valuation": 91,
      "valuation_confidence": 0.1,
      "aggressiveness_score": 0.0,
      "last_activity": 25.522388059701388
    },
    "S14": {
      "agent_id": "S14",
      "node_type": "agent",
      "last_bid_price": null,
      "last_ask_price": 133,
      "last_trade_price": null,
      "total_trades": 0,
      "total_volume": 0,
      "strategy_type": null,
      "inferred_valuation": 133.0,
      "valuation_confidence": 0.30000000000000004,
      "aggressiveness_score": 0.0,
      "last_activity": 35.820895522387985
    },
    "S00": {
      "agent_id": "S00",
      "node_type": "agent",
      "last_bid_price": null,
      "last_ask_price": 129,
      "last_trade_price": null,
      "total_trades": 0,
      "total_volume": 0,
      "strategy_type": null,
      "inferred_valuation": 135.85999999999999,
      "valuation_confidence": 0.4,
      "aggressiveness_score": 0.0,
      "last_activity": 40.89552238805972
    },
    "S22": {
      "agent_id": "S22",
      "node_type": "agent",
      "last_bid_price": null,
      "last_ask_price": 140,
      "last_trade_price": null,
      "total_trades": 0,
      "total_volume": 0,
      "strategy_type": null,
      "inferred_valuation": 147.14,
      "valuation_confidence": 0.30000000000000004,
      "aggressiveness_score": 0.0,
      "last_activity": 40.89552238805972
    },
    "S19": {
      "agent_id": "S19",
      "node_type": "agent",
      "last_bid_price": null,
      "last_ask_price": 172,
      "last_trade_price": null,
      "total_trades": 0,
      "total_volume": 0,
      "strategy_type": null,
      "inferred_valuation": 172.0,
      "valuation_confidence": 0.2,
      "aggressiveness_score": 0.0,
      "last_activity": 30.597014925373
    },
    "S13": {
      "agent_id": "S13",
      "node_type": "agent",
      "last_bid_price": null,
      "last_ask_price": 154,
      "last_trade_price": null,
      "total_trades": 0,
      "total_volume": 0,
      "strategy_type": null,
      "inferred_valuation": 152.635,
      "valuation_confidence": 0.4,
      "aggressiveness_score": 0.0,
      "last_activity": 40.89552238805972
    },
    "P04": {
      "agent_id": "P04",
      "node_type": "agent",
      "last_bid_price": 124,
      "last_ask_price": null,
      "last_trade_price": null,
      "total_trades": 0,
      "total_volume": 0,
      "strategy_type": null,
      "inferred_valuation": 124,
      "valuation_confidence": 0.1,
      "aggressiveness_score": 0.0,
      "last_activity": 30.597014925373
    },
    "B22": {
      "agent_id": "B22",
      "node_type": "agent",
      "last_bid_price": 112,
      "last_ask_price": null,
      "last_trade_price": null,
      "total_trades": 0,
      "total_volume": 0,
      "strategy_type": null,
      "inferred_valuation": 112,
      "valuation_confidence": 0.1,
      "aggressiveness_score": 0.0,
      "last_activity": 30.597014925373
    },
    "B03": {
      "agent_id": "B03",
      "node_type": "agent",
      "last_bid_price": 103,
      "last_ask_price": null,
      "last_trade_price": null,
      "total_trades": 0,
      "total_volume": 0,
      "strategy_type": null,
      "inferred_valuation": 103.0,
      "valuation_confidence": 0.2,
      "aggressiveness_score": 0.0,
      "last_activity": 35.820895522387985
    },
    "S17": {
      "agent_id": "S17",
      "node_type": "agent",
      "last_bid_price": null,
      "last_ask_price": 154,
      "last_trade_price": null,
      "total_trades": 0,
      "total_volume": 0,
      "strategy_type": null,
      "inferred_valuation": 135.1,
      "valuation_confidence": 0.2,
      "aggressiveness_score": 0.0,
      "last_activity": 40.89552238805972
    },
    "S05": {
      "agent_id": "S05",
      "node_type": "agent",
      "last_bid_price": null,
      "last_ask_price": 134,
      "last_trade_price": null,
      "total_trades": 0,
      "total_volume": 0,
      "strategy_type": null,
      "inferred_valuation": 136.79999999999998,
      "valuation_confidence": 0.2,
      "aggressiveness_score": 0.0,
      "last_activity": 35.820895522387985
    },
    "S09": {
      "agent_id": "S09",
      "node_type": "agent",
      "last_bid_price": null,
      "last_ask_price": 139,
      "last_trade_price": null,
      "total_trades": 0,
      "total_volume": 0,
      "strategy_type": null,
      "inferred_valuation": 139,
      "valuation_confidence": 0.1,
      "aggressiveness_score": 0.0,
      "last_activity": 40.89552238805972
    },
    "S21": {
      "agent_id": "S21",
      "node_type": "agent",
      "last_bid_price": null,
      "last_ask_price": 154,
      "last_trade_price": null,
      "total_trades": 0,
      "total_volume": 0,
      "strategy_type": null,
      "inferred_valuation": 154,
      "valuation_confidence": 0.1,
      "aggressiveness_score": 0.0,
      "last_activity": 40.89552238805972
    }
  },
  "edges": {
    "a4891fe6-a7f3-4c4e-9438-8a506194cb6c": {
      "edge_id": "a4891fe6-a7f3-4c4e-9438-8a506194cb6c",
      "source_node": "BSE_ASSET",
      "target_node": "P19",
      "belief_type": "strategy",
      "confidence": 0.1,
      "value": "unknown",
      "timestamp": 0.0,
      "evidence_count": 0
    },
    "1900e2b0-08f7-4b6c-be34-e09ab4658056": {
      "edge_id": "1900e2b0-08f7-4b6c-be34-e09ab4658056",
      "source_node": "BSE_ASSET",
      "target_node": "P19",
      "belief_type": "valuation",
      "confidence": 0.2,
      "value": 124.9,
      "timestamp": 35.820895522387985,
      "evidence_count": 2
    },
    "7bc471fc-f9d0-4268-99ef-ab775dc4964a": {
      "edge_id": "7bc471fc-f9d0-4268-99ef-ab775dc4964a",
      "source_node": "BSE_ASSET",
      "target_node": "P17",
      "belief_type": "strategy",
      "confidence": 0.1,
      "value": "unknown",
      "timestamp": 0.0,
      "evidence_count": 0
    },
    "1ef62a27-0d0d-43c2-853b-abfddb306adc": {
      "edge_id": "1ef62a27-0d0d-43c2-853b-abfddb306adc",
      "source_node": "BSE_ASSET",
      "target_node": "P17",
      "belief_type": "valuation",
      "confidence": 0.2,
      "value": 129.1,
      "timestamp": 40.89552238805972,
      "evidence_count": 2
    },
    "61a15a24-c6de-4aee-8a43-f02f34f038d3": {
      "edge_id": "61a15a24-c6de-4aee-8a43-f02f34f038d3",
      "source_node": "BSE_ASSET",
      "target_node": "P02",
      "belief_type": "strategy",
      "confidence": 0.1,
      "value": "unknown",
      "timestamp": 5.074626865671641,
      "evidence_count": 0
    },
    "625688e5-b006-4cb9-ac29-d145d5c2eba2": {
      "edge_id": "625688e5-b006-4cb9-ac29-d145d5c2eba2",
      "source_node": "BSE_ASSET",
      "target_node": "P02",
      "belief_type": "valuation",
      "confidence": 0.7,
      "value": 128.88235099999997,
      "timestamp": 40.89552238805972,
      "evidence_count": 7
    },
    "e35535ec-8bd1-4570-9c90-664db4dcf430": {
      "edge_id": "e35535ec-8bd1-4570-9c90-664db4dcf430",
      "source_node": "BSE_ASSET",
      "target_node": "P01",
      "belief_type": "strategy",
      "confidence": 0.1,
      "value": "unknown",
      "timestamp": 5.074626865671641,
      "evidence_count": 0
    },
    "c63027ec-e9d5-466f-8639-fa20c604f7ee": {
      "edge_id": "c63027ec-e9d5-466f-8639-fa20c604f7ee",
      "source_node": "BSE_ASSET",
      "target_node": "P01",
      "belief_type": "valuation",
      "confidence": 0.4,
      "value": 127.34299999999999,
      "timestamp": 30.597014925373,
      "evidence_count": 4
    },
    "19206ae8-2585-44e2-88b2-db0c4a9c25d7": {
      "edge_id": "19206ae8-2585-44e2-88b2-db0c4a9c25d7",
      "source_node": "BSE_ASSET",
      "target_node": "P08",
      "belief_type": "strategy",
      "confidence": 0.1,
      "value": "unknown",
      "timestamp": 5.074626865671641,
      "evidence_count": 0
    },
    "7f1eac47-3f53-4759-ba58-64901d41d44a": {
      "edge_id": "7f1eac47-3f53-4759-ba58-64901d41d44a",
      "source_node": "BSE_ASSET",
      "target_node": "P08",
      "belief_type": "valuation",
      "confidence": 0.7,
      "value": 129.647053,
      "timestamp": 40.89552238805972,
      "evidence_count": 7
    },
    "e82e323a-ed66-4243-90cd-ff817ec220b4": {
      "edge_id": "e82e323a-ed66-4243-90cd-ff817ec220b4",
      "source_node": "BSE_ASSET",
      "target_node": "P07",
      "belief_type": "strategy",
      "confidence": 0.1,
      "value": "unknown",
      "timestamp": 5.074626865671641,
      "evidence_count": 0
    },
    "73e99ecc-f906-4d93-843c-980f53c609a4": {
      "edge_id": "73e99ecc-f906-4d93-843c-980f53c609a4",
      "source_node": "BSE_ASSET",
      "target_node": "P07",
      "belief_type": "valuation",
      "confidence": 0.7999999999999999,
      "value": 120.0,
      "timestamp": 40.89552238805972,
      "evidence_count": 8
    },
    "6e36f9cf-c910-41a9-af43-0513a339d0ad": {
      "edge_id": "6e36f9cf-c910-41a9-af43-0513a339d0ad",
      "source_node": "BSE_ASSET",
      "target_node": "B11",
      "belief_type": "strategy",
      "confidence": 0.1,
      "value": "unknown",
      "timestamp": 5.074626865671641,
      "evidence_count": 0
    },
    "ef7efa98-d07e-4ec5-8b2e-a6d4876f4f5f": {
      "edge_id": "ef7efa98-d07e-4ec5-8b2e-a6d4876f4f5f",
      "source_node": "BSE_ASSET",
      "target_node": "B11",
      "belief_type": "valuation",
      "confidence": 0.30000000000000004,
      "value": 114.6,
      "timestamp": 40.89552238805972,
      "evidence_count": 3
    },
    "a55cd835-ffa2-4862-a5e3-f6fad49a4d9c": {
      "edge_id": "a55cd835-ffa2-4862-a5e3-f6fad49a4d9c",
      "source_node": "BSE_ASSET",
      "target_node": "B19",
      "belief_type": "strategy",
      "confidence": 0.1,
      "value": "unknown",
      "timestamp": 5.074626865671641,
      "evidence_count": 0
    },
    "bdfcca2f-0877-4b2d-a30f-1ce0c16b6dde": {
      "edge_id": "bdfcca2f-0877-4b2d-a30f-1ce0c16b6dde",
      "source_node": "BSE_ASSET",
      "target_node": "B19",
      "belief_type": "valuation",
      "confidence": 0.2,
      "value": 114.19999999999999,
      "timestamp": 10.298507462686555,
      "evidence_count": 2
    },
    "67b8ecdd-4a90-49b6-a149-f236ab49c36c": {
      "edge_id": "67b8ecdd-4a90-49b6-a149-f236ab49c36c",
      "source_node": "BSE_ASSET",
      "target_node": "S06",
      "belief_type": "strategy",
      "confidence": 0.1,
      "value": "unknown",
      "timestamp": 5.074626865671641,
      "evidence_count": 0
    },
    "dab5e7c6-5f7d-478a-93ed-6b7cd83178a8": {
      "edge_id": "dab5e7c6-5f7d-478a-93ed-6b7cd83178a8",
      "source_node": "BSE_ASSET",
      "target_node": "S06",
      "belief_type": "valuation",
      "confidence": 0.30000000000000004,
      "value": 139.65,
      "timestamp": 40.89552238805972,
      "evidence_count": 3
    },
    "b0eae87e-afc3-4873-becf-7bda4677a914": {
      "edge_id": "b0eae87e-afc3-4873-becf-7bda4677a914",
      "source_node": "BSE_ASSET",
      "target_node": "S02",
      "belief_type": "strategy",
      "confidence": 0.1,
      "value": "unknown",
      "timestamp": 5.074626865671641,
      "evidence_count": 0
    },
    "3570541c-011a-40f1-9f14-295e04b7f881": {
      "edge_id": "3570541c-011a-40f1-9f14-295e04b7f881",
      "source_node": "BSE_ASSET",
      "target_node": "S02",
      "belief_type": "valuation",
      "confidence": 0.30000000000000004,
      "value": 131.58999999999997,
      "timestamp": 15.373134328358166,
      "evidence_count": 3
    },
    "0b381505-1c05-47da-abb7-0f965b96f3bb": {
      "edge_id": "0b381505-1c05-47da-abb7-0f965b96f3bb",
      "source_node": "BSE_ASSET",
      "target_node": "S07",
      "belief_type": "strategy",
      "confidence": 0.1,
      "value": "unknown",
      "timestamp": 5.074626865671641,
      "evidence_count": 0
    },
    "6a0c4757-d135-42e4-ae15-6e3be1edc4ef": {
      "edge_id": "6a0c4757-d135-42e4-ae15-6e3be1edc4ef",
      "source_node": "BSE_ASSET",
      "target_node": "S07",
      "belief_type": "valuation",
      "confidence": 0.5,
      "value": 301.65939999999995,
      "timestamp": 40.89552238805972,
      "evidence_count": 5
    },
    "29bdb8d8-12c1-4d18-a382-8d04a177177e": {
      "edge_id": "29bdb8d8-12c1-4d18-a382-8d04a177177e",
      "source_node": "BSE_ASSET",
      "target_node": "P20",
      "belief_type": "strategy",
      "confidence": 0.1,
      "value": "unknown",
      "timestamp": 10.298507462686555,
      "evidence_count": 0
    },
    "c7932dd6-bbcb-447a-8f3b-eed61ee3d3d5": {
      "edge_id": "c7932dd6-bbcb-447a-8f3b-eed61ee3d3d5",
      "source_node": "BSE_ASSET",
      "target_node": "P20",
      "belief_type": "valuation",
      "confidence": 0.2,
      "value": 124.0,
      "timestamp": 15.373134328358166,
      "evidence_count": 2
    },
    "495f6365-0600-4459-8c91-d1f6bfcb6d71": {
      "edge_id": "495f6365-0600-4459-8c91-d1f6bfcb6d71",
      "source_node": "BSE_ASSET",
      "target_node": "B13",
      "belief_type": "strategy",
      "confidence": 0.1,
      "value": "unknown",
      "timestamp": 10.298507462686555,
      "evidence_count": 0
    },
    "9f412d55-42f4-43bd-80d6-7379a2b69a91": {
      "edge_id": "9f412d55-42f4-43bd-80d6-7379a2b69a91",
      "source_node": "BSE_ASSET",
      "target_node": "B13",
      "belief_type": "valuation",
      "confidence": 0.4,
      "value": 105.1,
      "timestamp": 25.522388059701388,
      "evidence_count": 4
    },
    "96cce728-ad51-4f79-a803-fdd611e69cb4": {
      "edge_id": "96cce728-ad51-4f79-a803-fdd611e69cb4",
      "source_node": "BSE_ASSET",
      "target_node": "B05",
      "belief_type": "strategy",
      "confidence": 0.1,
      "value": "unknown",
      "timestamp": 10.298507462686555,
      "evidence_count": 0
    },
    "56550ca5-8b45-4a87-a04a-bf07b6b515d7": {
      "edge_id": "56550ca5-8b45-4a87-a04a-bf07b6b515d7",
      "source_node": "BSE_ASSET",
      "target_node": "B05",
      "belief_type": "valuation",
      "confidence": 0.30000000000000004,
      "value": 95.94,
      "timestamp": 20.447761194029777,
      "evidence_count": 3
    },
    "35010ee2-a1c3-47eb-ad39-442300791734": {
      "edge_id": "35010ee2-a1c3-47eb-ad39-442300791734",
      "source_node": "BSE_ASSET",
      "target_node": "B02",
      "belief_type": "strategy",
      "confidence": 0.1,
      "value": "unknown",
      "timestamp": 10.298507462686555,
      "evidence_count": 0
    },
    "9b5b08a2-e721-450d-a789-905706ac00c1": {
      "edge_id": "9b5b08a2-e721-450d-a789-905706ac00c1",
      "source_node": "BSE_ASSET",
      "target_node": "B02",
      "belief_type": "valuation",
      "confidence": 0.5,
      "value": 74.4303,
      "timestamp": 40.89552238805972,
      "evidence_count": 5
    },
    "dbfe892f-aebb-43cd-85b7-cab48db578a6": {
      "edge_id": "dbfe892f-aebb-43cd-85b7-cab48db578a6",
      "source_node": "BSE_ASSET",
      "target_node": "B07",
      "belief_type": "strategy",
      "confidence": 0.1,
      "value": "unknown",
      "timestamp": 10.298507462686555,
      "evidence_count": 0
    },
    "f0f5c095-c5c2-4ae6-a68c-5664d1e6b3ba": {
      "edge_id": "f0f5c095-c5c2-4ae6-a68c-5664d1e6b3ba",
      "source_node": "BSE_ASSET",
      "target_node": "B07",
      "belief_type": "valuation",
      "confidence": 0.2,
      "value": 98.0,
      "timestamp": 15.373134328358166,
      "evidence_count": 2
    },
    "0ad855e7-00d9-4300-98e6-c72422c02155": {
      "edge_id": "0ad855e7-00d9-4300-98e6-c72422c02155",
      "source_node": "BSE_ASSET",
      "target_node": "B09",
      "belief_type": "strategy",
      "confidence": 0.1,
      "value": "unknown",
      "timestamp": 10.298507462686555,
      "evidence_count": 0
    },
    "38ba2758-6bb2-4eec-9027-0545bfd5f658": {
      "edge_id": "38ba2758-6bb2-4eec-9027-0545bfd5f658",
      "source_node": "BSE_ASSET",
      "target_node": "B09",
      "belief_type": "valuation",
      "confidence": 0.30000000000000004,
      "value": 101.88999999999999,
      "timestamp": 30.597014925373,
      "evidence_count": 3
    },
    "1331d084-3670-4db1-81e3-18163bfe5b30": {
      "edge_id": "1331d084-3670-4db1-81e3-18163bfe5b30",
      "source_node": "BSE_ASSET",
      "target_node": "B04",
      "belief_type": "strategy",
      "confidence": 0.1,
      "value": "unknown",
      "timestamp": 10.298507462686555,
      "evidence_count": 0
    },
    "0a97e1ef-b4c5-49d3-a3cf-d74ab91ed111": {
      "edge_id": "0a97e1ef-b4c5-49d3-a3cf-d74ab91ed111",
      "source_node": "BSE_ASSET",
      "target_node": "B04",
      "belief_type": "valuation",
      "confidence": 0.2,
      "value": 82.0,
      "timestamp": 15.373134328358166,
      "evidence_count": 2
    },
    "66c64fc3-06c5-4192-bb65-f32f39860b3c": {
      "edge_id": "66c64fc3-06c5-4192-bb65-f32f39860b3c",
      "source_node": "BSE_ASSET",
      "target_node": "S03",
      "belief_type": "strategy",
      "confidence": 0.1,
      "value": "unknown",
      "timestamp": 10.298507462686555,
      "evidence_count": 0
    },
    "b3f07005-ffa2-4d6c-9b4a-0b503f03ec03": {
      "edge_id": "b3f07005-ffa2-4d6c-9b4a-0b503f03ec03",
      "source_node": "BSE_ASSET",
      "target_node": "S03",
      "belief_type": "valuation",
      "confidence": 0.1,
      "value": 130,
      "timestamp": 10.298507462686555,
      "evidence_count": 1
    },
    "27634d1c-2185-4005-bd58-a9ffad461cec": {
      "edge_id": "27634d1c-2185-4005-bd58-a9ffad461cec",
      "source_node": "BSE_ASSET",
      "target_node": "S12",
      "belief_type": "strategy",
      "confidence": 0.1,
      "value": "unknown",
      "timestamp": 10.298507462686555,
      "evidence_count": 0
    },
    "828b4003-6c88-41fe-b271-4437825dd449": {
      "edge_id": "828b4003-6c88-41fe-b271-4437825dd449",
      "source_node": "BSE_ASSET",
      "target_node": "S12",
      "belief_type": "valuation",
      "confidence": 0.30000000000000004,
      "value": 147.6,
      "timestamp": 40.89552238805972,
      "evidence_count": 3
    },
    "b965e9ed-158b-40f3-b678-5ba9e6f14005": {
      "edge_id": "b965e9ed-158b-40f3-b678-5ba9e6f14005",
      "source_node": "BSE_ASSET",
      "target_node": "S20",
      "belief_type": "strategy",
      "confidence": 0.1,
      "value": "unknown",
      "timestamp": 10.298507462686555,
      "evidence_count": 0
    },
    "5c2ba6ba-fcf3-4884-9c29-691acc6b4cfc": {
      "edge_id": "5c2ba6ba-fcf3-4884-9c29-691acc6b4cfc",
      "source_node": "BSE_ASSET",
      "target_node": "S20",
      "belief_type": "valuation",
      "confidence": 0.4,
      "value": 210.55599999999998,
      "timestamp": 40.89552238805972,
      "evidence_count": 4
    },
    "cd33f684-6626-418f-85ed-7e6702a627fe": {
      "edge_id": "cd33f684-6626-418f-85ed-7e6702a627fe",
      "source_node": "BSE_ASSET",
      "target_node": "P14",
      "belief_type": "strategy",
      "confidence": 0.1,
      "value": "unknown",
      "timestamp": 15.373134328358166,
      "evidence_count": 0
    },
    "72e6b9d0-1209-4464-a47c-853415dfd003": {
      "edge_id": "72e6b9d0-1209-4464-a47c-853415dfd003",
      "source_node": "BSE_ASSET",
      "target_node": "P14",
      "belief_type": "valuation",
      "confidence": 0.30000000000000004,
      "value": 125.53,
      "timestamp": 30.597014925373,
      "evidence_count": 3
    },
    "85b75425-460b-4bda-aaab-dcc2a073dd69": {
      "edge_id": "85b75425-460b-4bda-aaab-dcc2a073dd69",
      "source_node": "BSE_ASSET",
      "target_node": "B06",
      "belief_type": "strategy",
      "confidence": 0.1,
      "value": "unknown",
      "timestamp": 15.373134328358166,
      "evidence_count": 0
    },
    "0722de4b-a8e0-4c47-8682-70532b14448f": {
      "edge_id": "0722de4b-a8e0-4c47-8682-70532b14448f",
      "source_node": "BSE_ASSET",
      "target_node": "B06",
      "belief_type": "valuation",
      "confidence": 0.2,
      "value": 112.0,
      "timestamp": 20.447761194029777,
      "evidence_count": 2
    },
    "f0ab9f32-9b69-4dba-aa45-47a3cd32f27c": {
      "edge_id": "f0ab9f32-9b69-4dba-aa45-47a3cd32f27c",
      "source_node": "BSE_ASSET",
      "target_node": "B20",
      "belief_type": "strategy",
      "confidence": 0.1,
      "value": "unknown",
      "timestamp": 15.373134328358166,
      "evidence_count": 0
    },
    "254eed46-b450-417c-9cd8-ee81c7e2eaed": {
      "edge_id": "254eed46-b450-417c-9cd8-ee81c7e2eaed",
      "source_node": "BSE_ASSET",
      "target_node": "B20",
      "belief_type": "valuation",
      "confidence": 0.1,
      "value": 100,
      "timestamp": 15.373134328358166,
      "evidence_count": 1
    },
    "046fefe7-2561-4adb-8600-0d860ec8bc2a": {
      "edge_id": "046fefe7-2561-4adb-8600-0d860ec8bc2a",
      "source_node": "BSE_ASSET",
      "target_node": "B10",
      "belief_type": "strategy",
      "confidence": 0.1,
      "value": "unknown",
      "timestamp": 15.373134328358166,
      "evidence_count": 0
    },
    "81b060b7-472e-4485-b462-8712d60117c6": {
      "edge_id": "81b060b7-472e-4485-b462-8712d60117c6",
      "source_node": "BSE_ASSET",
      "target_node": "B10",
      "belief_type": "valuation",
      "confidence": 0.30000000000000004,
      "value": 107.69,
      "timestamp": 25.522388059701388,
      "evidence_count": 3
    },
    "5e903006-501b-43b9-97f4-e2cd1105a604": {
      "edge_id": "5e903006-501b-43b9-97f4-e2cd1105a604",
      "source_node": "BSE_ASSET",
      "target_node": "S04",
      "belief_type": "strategy",
      "confidence": 0.1,
      "value": "unknown",
      "timestamp": 15.373134328358166,
      "evidence_count": 0
    },
    "847b44ec-80eb-410f-8f91-f66040d4c062": {
      "edge_id": "847b44ec-80eb-410f-8f91-f66040d4c062",
      "source_node": "BSE_ASSET",
      "target_node": "S04",
      "belief_type": "valuation",
      "confidence": 0.5,
      "value": 141.98969999999997,
      "timestamp": 40.89552238805972,
      "evidence_count": 5
    },
    "5c8c0bc9-de11-4ad9-9027-835a9f24382c": {
      "edge_id": "5c8c0bc9-de11-4ad9-9027-835a9f24382c",
      "source_node": "BSE_ASSET",
      "target_node": "P12",
      "belief_type": "strategy",
      "confidence": 0.1,
      "value": "unknown",
      "timestamp": 15.373134328358166,
      "evidence_count": 0
    },
    "e6f9a97b-c558-462c-b03f-b29fe96a0434": {
      "edge_id": "e6f9a97b-c558-462c-b03f-b29fe96a0434",
      "source_node": "BSE_ASSET",
      "target_node": "P12",
      "belief_type": "valuation",
      "confidence": 0.4,
      "value": 130.0,
      "timestamp": 30.597014925373,
      "evidence_count": 4
    },
    "ffc56d8e-69d1-4874-a912-b8d30c1d3d11": {
      "edge_id": "ffc56d8e-69d1-4874-a912-b8d30c1d3d11",
      "source_node": "BSE_ASSET",
      "target_node": "P18",
      "belief_type": "strategy",
      "confidence": 0.1,
      "value": "unknown",
      "timestamp": 15.373134328358166,
      "evidence_count": 0
    },
    "5e2062de-b187-4994-b017-7b8fff2293dc": {
      "edge_id": "5e2062de-b187-4994-b017-7b8fff2293dc",
      "source_node": "BSE_ASSET",
      "target_node": "P18",
      "belief_type": "valuation",
      "confidence": 0.5,
      "value": 130.0,
      "timestamp": 35.820895522387985,
      "evidence_count": 5
    },
    "1208952a-2d98-4d72-aeb9-2a11883c7b66": {
      "edge_id": "1208952a-2d98-4d72-aeb9-2a11883c7b66",
      "source_node": "BSE_ASSET",
      "target_node": "P16",
      "belief_type": "strategy",
      "confidence": 0.1,
      "value": "unknown",
      "timestamp": 15.373134328358166,
      "evidence_count": 0
    },
    "23ba3974-3296-4b91-8159-5c7d33114731": {
      "edge_id": "23ba3974-3296-4b91-8159-5c7d33114731",
      "source_node": "BSE_ASSET",
      "target_node": "P16",
      "belief_type": "valuation",
      "confidence": 0.1,
      "value": 124,
      "timestamp": 20.447761194029777,
      "evidence_count": 1
    },
    "bc75e0c4-00c0-40c5-ae92-5febd88d8f00": {
      "edge_id": "bc75e0c4-00c0-40c5-ae92-5febd88d8f00",
      "source_node": "BSE_ASSET",
      "target_node": "P13",
      "belief_type": "strategy",
      "confidence": 0.1,
      "value": "unknown",
      "timestamp": 20.447761194029777,
      "evidence_count": 0
    },
    "502d4b5e-5e50-4546-ab12-4bfe1e771c89": {
      "edge_id": "502d4b5e-5e50-4546-ab12-4bfe1e771c89",
      "source_node": "BSE_ASSET",
      "target_node": "P13",
      "belief_type": "valuation",
      "confidence": 0.30000000000000004,
      "value": 121.96,
      "timestamp": 40.89552238805972,
      "evidence_count": 3
    },
    "e71c4e93-f609-416b-bbad-c9edc2ddc95f": {
      "edge_id": "e71c4e93-f609-416b-bbad-c9edc2ddc95f",
      "source_node": "BSE_ASSET",
      "target_node": "B15",
      "belief_type": "strategy",
      "confidence": 0.1,
      "value": "unknown",
      "timestamp": 20.447761194029777,
      "evidence_count": 0
    },
    "6fd9a986-3c9d-4df5-bb61-d12054c26a3a": {
      "edge_id": "6fd9a986-3c9d-4df5-bb61-d12054c26a3a",
      "source_node": "BSE_ASSET",
      "target_node": "B15",
      "belief_type": "valuation",
      "confidence": 0.1,
      "value": 120,
      "timestamp": 20.447761194029777,
      "evidence_count": 1
    },
    "d72daf26-918c-4066-87a2-b4694d35d9e4": {
      "edge_id": "d72daf26-918c-4066-87a2-b4694d35d9e4",
      "source_node": "BSE_ASSET",
      "target_node": "B21",
      "belief_type": "strategy",
      "confidence": 0.1,
      "value": "unknown",
      "timestamp": 20.447761194029777,
      "evidence_count": 0
    },
    "d8a55a3a-bc1f-4226-8ef4-5aa5cbd9a2e1": {
      "edge_id": "d8a55a3a-bc1f-4226-8ef4-5aa5cbd9a2e1",
      "source_node": "BSE_ASSET",
      "target_node": "B21",
      "belief_type": "valuation",
      "confidence": 0.2,
      "value": 116.5,
      "timestamp": 30.597014925373,
      "evidence_count": 2
    },
    "85db282d-57c4-47c2-b1b4-4327c11b4e56": {
      "edge_id": "85db282d-57c4-47c2-b1b4-4327c11b4e56",
      "source_node": "BSE_ASSET",
      "target_node": "B08",
      "belief_type": "strategy",
      "confidence": 0.1,
      "value": "unknown",
      "timestamp": 20.447761194029777,
      "evidence_count": 0
    },
    "9d5fdbac-e136-4833-8d9e-884503ec69d3": {
      "edge_id": "9d5fdbac-e136-4833-8d9e-884503ec69d3",
      "source_node": "BSE_ASSET",
      "target_node": "B08",
      "belief_type": "valuation",
      "confidence": 0.2,
      "value": 113.0,
      "timestamp": 25.522388059701388,
      "evidence_count": 2
    },
    "4902dbc0-c2fc-4e87-84d2-aac42b831c9e": {
      "edge_id": "4902dbc0-c2fc-4e87-84d2-aac42b831c9e",
      "source_node": "BSE_ASSET",
      "target_node": "B14",
      "belief_type": "strategy",
      "confidence": 0.1,
      "value": "unknown",
      "timestamp": 20.447761194029777,
      "evidence_count": 0
    },
    "fd7d0312-bbf9-41aa-8c4a-4c13b06fcd90": {
      "edge_id": "fd7d0312-bbf9-41aa-8c4a-4c13b06fcd90",
      "source_node": "BSE_ASSET",
      "target_node": "B14",
      "belief_type": "valuation",
      "confidence": 0.30000000000000004,
      "value": 113.63,
      "timestamp": 30.597014925373,
      "evidence_count": 3
    },
    "c8b27268-c786-4077-bc41-5b09483c4cfa": {
      "edge_id": "c8b27268-c786-4077-bc41-5b09483c4cfa",
      "source_node": "BSE_ASSET",
      "target_node": "B18",
      "belief_type": "strategy",
      "confidence": 0.1,
      "value": "unknown",
      "timestamp": 20.447761194029777,
      "evidence_count": 0
    },
    "7a1d67b1-d3c2-4ca4-81ae-3ba070c426d8": {
      "edge_id": "7a1d67b1-d3c2-4ca4-81ae-3ba070c426d8",
      "source_node": "BSE_ASSET",
      "target_node": "B18",
      "belief_type": "valuation",
      "confidence": 0.2,
      "value": 101.2,
      "timestamp": 35.820895522387985,
      "evidence_count": 2
    },
    "04103fe8-1dae-476e-82a9-ebdac9c66513": {
      "edge_id": "04103fe8-1dae-476e-82a9-ebdac9c66513",
      "source_node": "BSE_ASSET",
      "target_node": "S15",
      "belief_type": "strategy",
      "confidence": 0.1,
      "value": "unknown",
      "timestamp": 20.447761194029777,
      "evidence_count": 0
    },
    "a47ddd17-76fc-42ef-bb46-f67cbed1563c": {
      "edge_id": "a47ddd17-76fc-42ef-bb46-f67cbed1563c",
      "source_node": "BSE_ASSET",
      "target_node": "S15",
      "belief_type": "valuation",
      "confidence": 0.1,
      "value": 127,
      "timestamp": 20.447761194029777,
      "evidence_count": 1
    },
    "ab623d03-d8b7-4101-8479-c162555c7e94": {
      "edge_id": "ab623d03-d8b7-4101-8479-c162555c7e94",
      "source_node": "BSE_ASSET",
      "target_node": "P15",
      "belief_type": "strategy",
      "confidence": 0.1,
      "value": "unknown",
      "timestamp": 20.447761194029777,
      "evidence_count": 0
    },
    "a250cf75-fc87-4903-94e1-f3f6b0e45ea5": {
      "edge_id": "a250cf75-fc87-4903-94e1-f3f6b0e45ea5",
      "source_node": "BSE_ASSET",
      "target_node": "P15",
      "belief_type": "valuation",
      "confidence": 0.4,
      "value": 127.04299999999998,
      "timestamp": 40.89552238805972,
      "evidence_count": 4
    },
    "f44acae2-6a86-4e60-83db-977669d3f8c2": {
      "edge_id": "f44acae2-6a86-4e60-83db-977669d3f8c2",
      "source_node": "BSE_ASSET",
      "target_node": "P00",
      "belief_type": "strategy",
      "confidence": 0.1,
      "value": "unknown",
      "timestamp": 20.447761194029777,
      "evidence_count": 0
    },
    "b7431e77-6869-40d9-8548-a7b140de17f6": {
      "edge_id": "b7431e77-6869-40d9-8548-a7b140de17f6",
      "source_node": "BSE_ASSET",
      "target_node": "P00",
      "belief_type": "valuation",
      "confidence": 0.2,
      "value": 126.9,
      "timestamp": 40.89552238805972,
      "evidence_count": 2
    },
    "b2e2eb57-2b5e-426c-9873-4d7abaae948c": {
      "edge_id": "b2e2eb57-2b5e-426c-9873-4d7abaae948c",
      "source_node": "BSE_ASSET",
      "target_node": "P06",
      "belief_type": "strategy",
      "confidence": 0.1,
      "value": "unknown",
      "timestamp": 20.447761194029777,
      "evidence_count": 0
    },
    "2681240d-a586-4c31-84ee-84aeeeaa5df4": {
      "edge_id": "2681240d-a586-4c31-84ee-84aeeeaa5df4",
      "source_node": "BSE_ASSET",
      "target_node": "P06",
      "belief_type": "valuation",
      "confidence": 0.2,
      "value": 124.9,
      "timestamp": 35.820895522387985,
      "evidence_count": 2
    },
    "196c163c-95aa-4875-b187-25900e34f756": {
      "edge_id": "196c163c-95aa-4875-b187-25900e34f756",
      "source_node": "BSE_ASSET",
      "target_node": "P10",
      "belief_type": "strategy",
      "confidence": 0.1,
      "value": "unknown",
      "timestamp": 25.522388059701388,
      "evidence_count": 0
    },
    "bf2e7398-c8df-405b-9730-134efe1cc427": {
      "edge_id": "bf2e7398-c8df-405b-9730-134efe1cc427",
      "source_node": "BSE_ASSET",
      "target_node": "P10",
      "belief_type": "valuation",
      "confidence": 0.1,
      "value": 124,
      "timestamp": 25.522388059701388,
      "evidence_count": 1
    },
    "1a1bf625-9ccc-4183-b30d-b7de2ae8fe68": {
      "edge_id": "1a1bf625-9ccc-4183-b30d-b7de2ae8fe68",
      "source_node": "BSE_ASSET",
      "target_node": "B01",
      "belief_type": "strategy",
      "confidence": 0.1,
      "value": "unknown",
      "timestamp": 25.522388059701388,
      "evidence_count": 0
    },
    "8d75bcf0-d40a-4f7f-a5f0-b0e51f862193": {
      "edge_id": "8d75bcf0-d40a-4f7f-a5f0-b0e51f862193",
      "source_node": "BSE_ASSET",
      "target_node": "B01",
      "belief_type": "valuation",
      "confidence": 0.1,
      "value": 91,
      "timestamp": 25.522388059701388,
      "evidence_count": 1
    },
    "409b14b7-6469-4915-b708-fab8ae0b797e": {
      "edge_id": "409b14b7-6469-4915-b708-fab8ae0b797e",
      "source_node": "BSE_ASSET",
      "target_node": "S14",
      "belief_type": "strategy",
      "confidence": 0.1,
      "value": "unknown",
      "timestamp": 25.522388059701388,
      "evidence_count": 0
    },
    "b1323831-49ac-4dc0-99e9-f6b71dfb031b": {
      "edge_id": "b1323831-49ac-4dc0-99e9-f6b71dfb031b",
      "source_node": "BSE_ASSET",
      "target_node": "S14",
      "belief_type": "valuation",
      "confidence": 0.30000000000000004,
      "value": 133.0,
      "timestamp": 35.820895522387985,
      "evidence_count": 3
    },
    "f16b3394-4c3d-415a-8620-1141d9065c0f": {
      "edge_id": "f16b3394-4c3d-415a-8620-1141d9065c0f",
      "source_node": "BSE_ASSET",
      "target_node": "S00",
      "belief_type": "strategy",
      "confidence": 0.1,
      "value": "unknown",
      "timestamp": 25.522388059701388,
      "evidence_count": 0
    },
    "97401a61-7775-4492-99c9-a96a0977c4a2": {
      "edge_id": "97401a61-7775-4492-99c9-a96a0977c4a2",
      "source_node": "BSE_ASSET",
      "target_node": "S00",
      "belief_type": "valuation",
      "confidence": 0.4,
      "value": 135.85999999999999,
      "timestamp": 40.89552238805972,
      "evidence_count": 4
    },
    "811e5142-0866-4165-8bec-c7814cbd7603": {
      "edge_id": "811e5142-0866-4165-8bec-c7814cbd7603",
      "source_node": "BSE_ASSET",
      "target_node": "S22",
      "belief_type": "strategy",
      "confidence": 0.1,
      "value": "unknown",
      "timestamp": 25.522388059701388,
      "evidence_count": 0
    },
    "6e7ce603-4891-43f9-ad5a-899b5f7c7706": {
      "edge_id": "6e7ce603-4891-43f9-ad5a-899b5f7c7706",
      "source_node": "BSE_ASSET",
      "target_node": "S22",
      "belief_type": "valuation",
      "confidence": 0.30000000000000004,
      "value": 147.14,
      "timestamp": 40.89552238805972,
      "evidence_count": 3
    },
    "f5766cad-2661-48db-b61e-8443909188ac": {
      "edge_id": "f5766cad-2661-48db-b61e-8443909188ac",
      "source_node": "BSE_ASSET",
      "target_node": "S19",
      "belief_type": "strategy",
      "confidence": 0.1,
      "value": "unknown",
      "timestamp": 25.522388059701388,
      "evidence_count": 0
    },
    "1fce0217-79bd-493a-bf95-f47803dc0673": {
      "edge_id": "1fce0217-79bd-493a-bf95-f47803dc0673",
      "source_node": "BSE_ASSET",
      "target_node": "S19",
      "belief_type": "valuation",
      "confidence": 0.2,
      "value": 172.0,
      "timestamp": 30.597014925373,
      "evidence_count": 2
    },
    "823ebb03-c175-4792-b44c-6c6d76bb58f3": {
      "edge_id": "823ebb03-c175-4792-b44c-6c6d76bb58f3",
      "source_node": "BSE_ASSET",
      "target_node": "S13",
      "belief_type": "strategy",
      "confidence": 0.1,
      "value": "unknown",
      "timestamp": 25.522388059701388,
      "evidence_count": 0
    },
    "427911f3-06d3-43e5-8f9a-6d7a36f58a13": {
      "edge_id": "427911f3-06d3-43e5-8f9a-6d7a36f58a13",
      "source_node": "BSE_ASSET",
      "target_node": "S13",
      "belief_type": "valuation",
      "confidence": 0.4,
      "value": 152.635,
      "timestamp": 40.89552238805972,
      "evidence_count": 4
    },
    "870a4450-7afe-44fd-a0fc-6ee095d572b5": {
      "edge_id": "870a4450-7afe-44fd-a0fc-6ee095d572b5",
      "source_node": "BSE_ASSET",
      "target_node": "P04",
      "belief_type": "strategy",
      "confidence": 0.1,
      "value": "unknown",
      "timestamp": 25.522388059701388,
      "evidence_count": 0
    },
    "5e8a67ae-9216-4b80-8f53-1870ffcb0b11": {
      "edge_id": "5e8a67ae-9216-4b80-8f53-1870ffcb0b11",
      "source_node": "BSE_ASSET",
      "target_node": "P04",
      "belief_type": "valuation",
      "confidence": 0.1,
      "value": 124,
      "timestamp": 30.597014925373,
      "evidence_count": 1
    },
    "b1f227d0-3240-4855-90b0-59530262fa7b": {
      "edge_id": "b1f227d0-3240-4855-90b0-59530262fa7b",
      "source_node": "BSE_ASSET",
      "target_node": "B22",
      "belief_type": "strategy",
      "confidence": 0.1,
      "value": "unknown",
      "timestamp": 30.597014925373,
      "evidence_count": 0
    },
    "02b59f1a-6483-4cfc-8e54-a9facfd0330b": {
      "edge_id": "02b59f1a-6483-4cfc-8e54-a9facfd0330b",
      "source_node": "BSE_ASSET",
      "target_node": "B22",
      "belief_type": "valuation",
      "confidence": 0.1,
      "value": 112,
      "timestamp": 30.597014925373,
      "evidence_count": 1
    },
    "9da24ca2-aaa8-438f-a326-1f2715d42c80": {
      "edge_id": "9da24ca2-aaa8-438f-a326-1f2715d42c80",
      "source_node": "BSE_ASSET",
      "target_node": "B03",
      "belief_type": "strategy",
      "confidence": 0.1,
      "value": "unknown",
      "timestamp": 30.597014925373,
      "evidence_count": 0
    },
    "7da49994-9ee2-414d-8157-a65cba322b87": {
      "edge_id": "7da49994-9ee2-414d-8157-a65cba322b87",
      "source_node": "BSE_ASSET",
      "target_node": "B03",
      "belief_type": "valuation",
      "confidence": 0.2,
      "value": 103.0,
      "timestamp": 35.820895522387985,
      "evidence_count": 2
    },
    "36d6b431-78cf-4575-a786-441a62a4a532": {
      "edge_id": "36d6b431-78cf-4575-a786-441a62a4a532",
      "source_node": "BSE_ASSET",
      "target_node": "S17",
      "belief_type": "strategy",
      "confidence": 0.1,
      "value": "unknown",
      "timestamp": 30.597014925373,
      "evidence_count": 0
    },
    "30c934a0-5489-44b1-bc42-0b4dadc749d9": {
      "edge_id": "30c934a0-5489-44b1-bc42-0b4dadc749d9",
      "source_node": "BSE_ASSET",
      "target_node": "S17",
      "belief_type": "valuation",
      "confidence": 0.2,
      "value": 135.1,
      "timestamp": 40.89552238805972,
      "evidence_count": 2
    },
    "93b2c31b-80ad-4615-87ee-f3daafee9617": {
      "edge_id": "93b2c31b-80ad-4615-87ee-f3daafee9617",
      "source_node": "BSE_ASSET",
      "target_node": "S05",
      "belief_type": "strategy",
      "confidence": 0.1,
      "value": "unknown",
      "timestamp": 30.597014925373,
      "evidence_count": 0
    },
    "3035e5da-817c-4377-9f9f-1de187c62290": {
      "edge_id": "3035e5da-817c-4377-9f9f-1de187c62290",
      "source_node": "BSE_ASSET",
      "target_node": "S05",
      "belief_type": "valuation",
      "confidence": 0.2,
      "value": 136.79999999999998,
      "timestamp": 35.820895522387985,
      "evidence_count": 2
    },
    "6941c22d-b228-4a5c-96a0-2fb53c8095f3": {
      "edge_id": "6941c22d-b228-4a5c-96a0-2fb53c8095f3",
      "source_node": "BSE_ASSET",
      "target_node": "S09",
      "belief_type": "strategy",
      "confidence": 0.1,
      "value": "unknown",
      "timestamp": 40.89552238805972,
      "evidence_count": 0
    },
    "e41a6b4e-8fa4-4f09-bdc5-92a26021209e": {
      "edge_id": "e41a6b4e-8fa4-4f09-bdc5-92a26021209e",
      "source_node": "BSE_ASSET",
      "target_node": "S09",
      "belief_type": "valuation",
      "confidence": 0.1,
      "value": 139,
      "timestamp": 40.89552238805972,
      "evidence_count": 1
    },
    "bf47c788-549b-4c76-961c-42bcc91294bb": {
      "edge_id": "bf47c788-549b-4c76-961c-42bcc91294bb",
      "source_node": "BSE_ASSET",
      "target_node": "S21",
      "belief_type": "strategy",
      "confidence": 0.1,
      "value": "unknown",
      "timestamp": 40.89552238805972,
      "evidence_count": 0
    },
    "cc90d1a8-33d1-4316-9c9a-b9fd41163c52": {
      "edge_id": "cc90d1a8-33d1-4316-9c9a-b9fd41163c52",
      "source_node": "BSE_ASSET",
      "target_node": "S21",
      "belief_type": "valuation",
      "confidence": 0.1,
      "value": 154,
      "timestamp": 40.89552238805972,
      "evidence_count": 1
    }
  },
  "event_history": [
    {
      "event_id": "ask_P14_30.597014925373",
      "event_type": "ask",
      "timestamp": 30.597014925373,
      "agent_id": "P14",
      "price": 127,
      "quantity": 1,
      "counterparty_id": null,
      "order_id": null
    },
    {
      "event_id": "ask_S17_30.597014925373",
      "event_type": "ask",
      "timestamp": 30.597014925373,
      "agent_id": "S17",
      "price": 127,
      "quantity": 1,
      "counterparty_id": null,
      "order_id": null
    },
    {
      "event_id": "ask_P02_30.597014925373",
      "event_type": "ask",
      "timestamp": 30.597014925373,
      "agent_id": "P02",
      "price": 129,
      "quantity": 1,
      "counterparty_id": null,
      "order_id": null
    },
    {
      "event_id": "ask_P12_30.597014925373",
      "event_type": "ask",
      "timestamp": 30.597014925373,
      "agent_id": "P12",
      "price": 130,
      "quantity": 1,
      "counterparty_id": null,
      "order_id": null
    },
    {
      "event_id": "ask_P08_30.597014925373",
      "event_type": "ask",
      "timestamp": 30.597014925373,
      "agent_id": "P08",
      "price": 130,
      "quantity": 1,
      "counterparty_id": null,
      "order_id": null
    },
    {
      "event_id": "ask_P18_30.597014925373",
      "event_type": "ask",
      "timestamp": 30.597014925373,
      "agent_id": "P18",
      "price": 130,
      "quantity": 1,
      "counterparty_id": null,
      "order_id": null
    },
    {
      "event_id": "ask_S13_30.597014925373",
      "event_type": "ask",
      "timestamp": 30.597014925373,
      "agent_id": "S13",
      "price": 130,
      "quantity": 1,
      "counterparty_id": null,
      "order_id": null
    },
    {
      "event_id": "ask_S04_30.597014925373",
      "event_type": "ask",
      "timestamp": 30.597014925373,
      "agent_id": "S04",
      "price": 132,
      "quantity": 1,
      "counterparty_id": null,
      "order_id": null
    },
    {
      "event_id": "ask_S14_30.597014925373",
      "event_type": "ask",
      "timestamp": 30.597014925373,
      "agent_id": "S14",
      "price": 133,
      "quantity": 1,
      "counterparty_id": null,
      "order_id": null
    },
    {
      "event_id": "ask_S05_30.597014925373",
      "event_type": "ask",
      "timestamp": 30.597014925373,
      "agent_id": "S05",
      "price": 138,
      "quantity": 1,
      "counterparty_id": null,
      "order_id": null
    },
    {
      "event_id": "ask_S00_30.597014925373",
      "event_type": "ask",
      "timestamp": 30.597014925373,
      "agent_id": "S00",
      "price": 143,
      "quantity": 1,
      "counterparty_id": null,
      "order_id": null
    },
    {
      "event_id": "ask_S22_30.597014925373",
      "event_type": "ask",
      "timestamp": 30.597014925373,
      "agent_id": "S22",
      "price": 146,
      "quantity": 1,
      "counterparty_id": null,
      "order_id": null
    },
    {
      "event_id": "ask_S19_30.597014925373",
      "event_type": "ask",
      "timestamp": 30.597014925373,
      "agent_id": "S19",
      "price": 172,
      "quantity": 1,
      "counterparty_id": null,
      "order_id": null
    },
    {
      "event_id": "ask_S20_30.597014925373",
      "event_type": "ask",
      "timestamp": 30.597014925373,
      "agent_id": "S20",
      "price": 180,
      "quantity": 1,
      "counterparty_id": null,
      "order_id": null
    },
    {
      "event_id": "bid_P07_35.820895522387985",
      "event_type": "bid",
      "timestamp": 35.820895522387985,
      "agent_id": "P07",
      "price": 120,
      "quantity": 1,
      "counterparty_id": null,
      "order_id": null
    },
    {
      "event_id": "bid_P13_35.820895522387985",
      "event_type": "bid",
      "timestamp": 35.820895522387985,
      "agent_id": "P13",
      "price": 120,
      "quantity": 1,
      "counterparty_id": null,
      "order_id": null
    },
    {
      "event_id": "bid_B18_35.820895522387985",
      "event_type": "bid",
      "timestamp": 35.820895522387985,
      "agent_id": "B18",
      "price": 104,
      "quantity": 1,
      "counterparty_id": null,
      "order_id": null
    },
    {
      "event_id": "bid_B03_35.820895522387985",
      "event_type": "bid",
      "timestamp": 35.820895522387985,
      "agent_id": "B03",
      "price": 103,
      "quantity": 1,
      "counterparty_id": null,
      "order_id": null
    },
    {
      "event_id": "ask_P19_35.820895522387985",
      "event_type": "ask",
      "timestamp": 35.820895522387985,
      "agent_id": "P19",
      "price": 127,
      "quantity": 1,
      "counterparty_id": null,
      "order_id": null
    },
    {
      "event_id": "ask_P06_35.820895522387985",
      "event_type": "ask",
      "timestamp": 35.820895522387985,
      "agent_id": "P06",
      "price": 127,
      "quantity": 1,
      "counterparty_id": null,
      "order_id": null
    },
    {
      "event_id": "ask_P02_35.820895522387985",
      "event_type": "ask",
      "timestamp": 35.820895522387985,
      "agent_id": "P02",
      "price": 129,
      "quantity": 1,
      "counterparty_id": null,
      "order_id": null
    },
    {
      "event_id": "ask_S00_35.820895522387985",
      "event_type": "ask",
      "timestamp": 35.820895522387985,
      "agent_id": "S00",
      "price": 129,
      "quantity": 1,
      "counterparty_id": null,
      "order_id": null
    },
    {
      "event_id": "ask_P08_35.820895522387985",
      "event_type": "ask",
      "timestamp": 35.820895522387985,
      "agent_id": "P08",
      "price": 130,
      "quantity": 1,
      "counterparty_id": null,
      "order_id": null
    },
    {
      "event_id": "ask_P18_35.820895522387985",
      "event_type": "ask",
      "timestamp": 35.820895522387985,
      "agent_id": "P18",
      "price": 130,
      "quantity": 1,
      "counterparty_id": null,
      "order_id": null
    },
    {
      "event_id": "ask_S13_35.820895522387985",
      "event_type": "ask",
      "timestamp": 35.820895522387985,
      "agent_id": "S13",
      "price": 130,
      "quantity": 1,
      "counterparty_id": null,
      "order_id": null
    },
    {
      "event_id": "ask_S14_35.820895522387985",
      "event_type": "ask",
      "timestamp": 35.820895522387985,
      "agent_id": "S14",
      "price": 133,
      "quantity": 1,
      "counterparty_id": null,
      "order_id": null
    },
    {
      "event_id": "ask_S05_35.820895522387985",
      "event_type": "ask",
      "timestamp": 35.820895522387985,
      "agent_id": "S05",
      "price": 134,
      "quantity": 1,
      "counterparty_id": null,
      "order_id": null
    },
    {
      "event_id": "ask_S06_35.820895522387985",
      "event_type": "ask",
      "timestamp": 35.820895522387985,
      "agent_id": "S06",
      "price": 147,
      "quantity": 1,
      "counterparty_id": null,
      "order_id": null
    },
    {
      "event_id": "ask_S04_35.820895522387985",
      "event_type": "ask",
      "timestamp": 35.820895522387985,
      "agent_id": "S04",
      "price": 153,
      "quantity": 1,
      "counterparty_id": null,
      "order_id": null
    },
    {
      "event_id": "ask_S07_35.820895522387985",
      "event_type": "ask",
      "timestamp": 35.820895522387985,
      "agent_id": "S07",
      "price": 210,
      "quantity": 1,
      "counterparty_id": null,
      "order_id": null
    },
    {
      "event_id": "bid_P15_40.89552238805972",
      "event_type": "bid",
      "timestamp": 40.89552238805972,
      "agent_id": "P15",
      "price": 126,
      "quantity": 1,
      "counterparty_id": null,
      "order_id": null
    },
    {
      "event_id": "bid_B11_40.89552238805972",
      "event_type": "bid",
      "timestamp": 40.89552238805972,
      "agent_id": "B11",
      "price": 123,
      "quantity": 1,
      "counterparty_id": null,
      "order_id": null
    },
    {
      "event_id": "bid_P00_40.89552238805972",
      "event_type": "bid",
      "timestamp": 40.89552238805972,
      "agent_id": "P00",
      "price": 122,
      "quantity": 1,
      "counterparty_id": null,
      "order_id": null
    },
    {
      "event_id": "bid_P07_40.89552238805972",
      "event_type": "bid",
      "timestamp": 40.89552238805972,
      "agent_id": "P07",
      "price": 120,
      "quantity": 1,
      "counterparty_id": null,
      "order_id": null
    },
    {
      "event_id": "bid_P13_40.89552238805972",
      "event_type": "bid",
      "timestamp": 40.89552238805972,
      "agent_id": "P13",
      "price": 120,
      "quantity": 1,
      "counterparty_id": null,
      "order_id": null
    },
    {
      "event_id": "bid_B02_40.89552238805972",
      "event_type": "bid",
      "timestamp": 40.89552238805972,
      "agent_id": "B02",
      "price": 28,
      "quantity": 1,
      "counterparty_id": null,
      "order_id": null
    },
    {
      "event_id": "ask_P17_40.89552238805972",
      "event_type": "ask",
      "timestamp": 40.89552238805972,
      "agent_id": "P17",
      "price": 127,
      "quantity": 1,
      "counterparty_id": null,
      "order_id": null
    },
    {
      "event_id": "ask_P02_40.89552238805972",
      "event_type": "ask",
      "timestamp": 40.89552238805972,
      "agent_id": "P02",
      "price": 129,
      "quantity": 1,
      "counterparty_id": null,
      "order_id": null
    },
    {
      "event_id": "ask_S00_40.89552238805972",
      "event_type": "ask",
      "timestamp": 40.89552238805972,
      "agent_id": "S00",
      "price": 129,
      "quantity": 1,
      "counterparty_id": null,
      "order_id": null
    },
    {
      "event_id": "ask_P08_40.89552238805972",
      "event_type": "ask",
      "timestamp": 40.89552238805972,
      "agent_id": "P08",
      "price": 130,
      "quantity": 1,
      "counterparty_id": null,
      "order_id": null
    },
    {
      "event_id": "ask_S09_40.89552238805972",
      "event_type": "ask",
      "timestamp": 40.89552238805972,
      "agent_id": "S09",
      "price": 139,
      "quantity": 1,
      "counterparty_id": null,
      "order_id": null
    },
    {
      "event_id": "ask_S22_40.89552238805972",
      "event_type": "ask",
      "timestamp": 40.89552238805972,
      "agent_id": "S22",
      "price": 140,
      "quantity": 1,
      "counterparty_id": null,
      "order_id": null
    },
    {
      "event_id": "ask_S06_40.89552238805972",
      "event_type": "ask",
      "timestamp": 40.89552238805972,
      "agent_id": "S06",
      "price": 147,
      "quantity": 1,
      "counterparty_id": null,
      "order_id": null
    },
    {
      "event_id": "ask_S04_40.89552238805972",
      "event_type": "ask",
      "timestamp": 40.89552238805972,
      "agent_id": "S04",
      "price": 153,
      "quantity": 1,
      "counterparty_id": null,
      "order_id": null
    },
    {
      "event_id": "ask_S17_40.89552238805972",
      "event_type": "ask",
      "timestamp": 40.89552238805972,
      "agent_id": "S17",
      "price": 154,
      "quantity": 1,
      "counterparty_id": null,
      "order_id": null
    },
    {
      "event_id": "ask_S21_40.89552238805972",
      "event_type": "ask",
      "timestamp": 40.89552238805972,
      "agent_id": "S21",
      "price": 154,
      "quantity": 1,
      "counterparty_id": null,
      "order_id": null
    },
    {
      "event_id": "ask_S13_40.89552238805972",
      "event_type": "ask",
      "timestamp": 40.89552238805972,
      "agent_id": "S13",
      "price": 154,
      "quantity": 1,
      "counterparty_id": null,
      "order_id": null
    },
    {
      "event_id": "ask_S12_40.89552238805972",
      "event_type": "ask",
      "timestamp": 40.89552238805972,
      "agent_id": "S12",
      "price": 156,
      "quantity": 1,
      "counterparty_id": null,
      "order_id": null
    },
    {
      "event_id": "ask_S07_40.89552238805972",
      "event_type": "ask",
      "timestamp": 40.89552238805972,
      "agent_id": "S07",
      "price": 210,
      "quantity": 1,
      "counterparty_id": null,
      "order_id": null
    },
    {
      "event_id": "ask_S20_40.89552238805972",
      "event_type": "ask",
      "timestamp": 40.89552238805972,
      "agent_id": "S20",
      "price": 340,
      "quantity": 1,
      "counterparty_id": null,
      "order_id": null
    }
  ]
}
2025-10-10 18:53:07 | HM_NL_COT_P19 | ================================================================================
2025-10-10 18:53:07 | HM_NL_COT_P19 | [AGENTS-TRACKED] Currently tracking 53 agents: ['P19', 'P17', 'P02', 'P01', 'P08', 'P07', 'B11', 'B19', 'S06', 'S02', 'S07', 'P20', 'B13', 'B05', 'B02', 'B07', 'B09', 'B04', 'S03', 'S12', 'S20', 'P14', 'B06', 'B20', 'B10', 'S04', 'P12', 'P18', 'P16', 'P13', 'B15', 'B21', 'B08', 'B14', 'B18', 'S15', 'P15', 'P00', 'P06', 'P10', 'B01', 'S14', 'S00', 'S22', 'S19', 'S13', 'P04', 'B22', 'B03', 'S17', 'S05', 'S09', 'S21']
2025-10-10 18:58:43 | HM_NL_COT_P19 | [GETORDER] Called at time 45.7, job=Sell, balance=$500
2025-10-10 18:58:43 | HM_NL_COT_P19 | === LLM PROMPT AT TIME 45.67164179104488 ===
2025-10-10 18:58:43 | HM_NL_COT_P19 | ================================================================================
2025-10-10 18:58:43 | HM_NL_COT_P19 | 
You are a proprietary trader looking to SELL a unit.

MARKET DATA:
Time: 45.7
Best Bid: 127
Best Ask: 154
Spread: 27
Recent prices: [127, 154, 154, 143, 130]
Average recent price: $141.6

MY CURRENT STATE:
Balance: $500
Current job: Sell
Inventory: 1 units
Last purchase price: $124
Number of completed trades: 1



MARKET EDUCATION:
- Price ranges typically between $1-$500 in this market
- The market operates as a continuous double auction with a limit order book
- Orders are matched when bid prices meet or exceed ask prices
- You can place BID orders (to buy) or ASK orders (to sell)

HOW ORDER BOOKS WORK:
- To BUY: Place a BID order at your desired price
  - If sellers exist at/below your bid price → immediate execution
  - If no sellers at your price → your bid waits on the order book
  - Higher bids are more likely to execute quickly

- To SELL: Place an ASK order at your desired price
  - If buyers exist at/above your ask price → immediate execution
  - If no buyers at your price → your ask waits on the order book
  - Lower asks are more likely to execute quickly

TRADING PRINCIPLES:
- "Buy low, sell high" means buying below recent average prices when possible
- Risk management: avoid spending your entire balance on one trade
- Learn from history: if recent trades lost money, consider what went wrong
- Liquidity: sometimes waiting for better prices is smarter than forcing trades
- Analyze other traders' activity patterns and draw your own conclusions



BELIEF GRAPH INSIGHTS (Natural Language):
The belief graph represents your understanding of market dynamics and other agents' strategies.

Current market beliefs:
My trading attributes: {'aggressiveness': 0.6, 'learning_rate': 0.6, 'hypothesis_threshold': 0.3, 'exploration_rate': 0.5, 'adaptability': 0.7, 'strategic_depth': 0.8}

Tracking 53 agents
  - Agent P19
  - Agent P17
  - Agent P02
  - Agent P01
  - Agent P08
  - Agent P07
  - Agent B11
  - Agent B19
  - Agent S06
  - Agent S02
  - Agent S07
  - Agent P20
  - Agent B13
  - Agent B05
  - Agent B02
  - Agent B07
  - Agent B09
  - Agent B04
  - Agent S03
  - Agent S12
  - Agent S20
  - Agent P14
  - Agent B06
  - Agent B20
  - Agent B10
  - Agent S04
  - Agent P12
  - Agent P18
  - Agent P16
  - Agent P13
  - Agent B15
  - Agent B21
  - Agent B08
  - Agent B14
  - Agent B18
  - Agent S15
  - Agent P15
  - Agent P00
  - Agent P06
  - Agent P10
  - Agent B01
  - Agent S14
  - Agent S00
  - Agent S22
  - Agent S19
  - Agent S13
  - Agent P04
  - Agent B22
  - Agent B03
  - Agent S17
  - Agent S05
  - Agent S09
  - Agent S21

This narrative describes:
- How aggressive or passive other traders are behaving
- What strategies you believe they are following
- Overall market sentiment and direction
- Your assessment of current market risks
- How confident you are in your understanding of each agent

Use these insights to inform your trading decisions.


GRAPH QUALITY: BASIC
You have limited information about market participants.
Belief graph data is based on observations and may contain uncertainties.


CURRENT SITUATION: You are holding 1 unit that you bought for $124. You need to SELL it.

PROFIT/LOSS ANALYSIS:
- You bought at: $124
- Break-even price: $124
- To profit: sell above $124

YOUR GOAL: Make a profitable trade. Sell for more than you paid.


REASONING PROCESS:
Before making your decision, think through:
1. What is the current market situation?
2. What are other traders doing and why?
3. What does my belief graph tell me?
4. What are the risks and opportunities?
5. What action aligns with my strategy?

Provide your reasoning step-by-step, then state your decision.


Respond with ONLY:
"SELL [exact_price]" - to place an ask at that price
"WAIT" - to wait for better conditions



2025-10-10 18:58:43 | HM_NL_COT_P19 | ================================================================================
2025-10-10 18:58:46 | HM_NL_COT_P19 | === RAW LLM RESPONSE ===
2025-10-10 18:58:46 | HM_NL_COT_P19 | Okay, let's analyze the situation:

1.  **Market Situation:** The best bid is 127, and the best ask is 154. The spread is 27, indicating some volatility. Recent prices show fluctuations. The average recent price is $141.6.

2.  **Other Traders:** I have limited information about specific traders, but the belief graph indicates I'm tracking 53 agents. The graph's quality is basic, so I have uncertainties.

3.  **Belief Graph:** My trading attributes are listed, but I don't have specific insights on other traders' behaviors.

4.  **Risks and Opportunities:** The risk is selling too low and taking a small profit or even a loss. The opportunity is to sell at a higher price. The market is volatile, so I could potentially get a better price than the current best bid.

5.  **Action:** I want to sell above my purchase price of $124. Given the current best bid of 127, I could sell immediately at 127, but I'd prefer to sell higher. The average recent price is $141.6, so aiming for something closer to that would be ideal. However, the spread is wide. I will try to sell at a price that is higher than the best bid, but still likely to be filled.

SELL 130
2025-10-10 18:58:46 | HM_NL_COT_P19 | ================================================================================
2025-10-10 18:58:46 | HM_NL_COT_P19 | === PARSED DECISION ===
2025-10-10 18:58:46 | HM_NL_COT_P19 | Action: SELL
2025-10-10 18:58:46 | HM_NL_COT_P19 | Price: 130
2025-10-10 18:58:46 | HM_NL_COT_P19 | Reasoning: Okay, let's analyze the situation:

1.  **Market Situation:** The best bid is 127, and the best ask is 154. The spread is 27, indicating some volatility. Recent prices show fluctuations. The average recent price is $141.6.

2.  **Other Traders:** I have limited information about specific traders, but the belief graph indicates I'm tracking 53 agents. The graph's quality is basic, so I have uncertainties.

3.  **Belief Graph:** My trading attributes are listed, but I don't have specific insights 
2025-10-10 18:58:46 | HM_NL_COT_P19 | Current Job: Sell
2025-10-10 18:58:46 | HM_NL_COT_P19 | Balance: $500.00
2025-10-10 18:58:46 | HM_NL_COT_P19 | Inventory: 1
2025-10-10 19:00:33 | HM_NL_COT_P19 | [BELIEF-THROTTLE] P09: Running belief graph update at time 46.0
2025-10-10 19:00:33 | HM_NL_COT_P19 | [UPDATE-SUMMARY] Processed 13 market events at time 46.0
2025-10-10 19:00:33 | HM_NL_COT_P19 | === BELIEF GRAPH STATE AT TIME 46.0 ===
2025-10-10 19:00:33 | HM_NL_COT_P19 | {
  "graph_id": "35bffc35-eaaa-4a03-8264-413373ab85fc",
  "asset_id": "BSE_ASSET",
  "current_time": 45.97014925373145,
  "nodes": {
    "BSE_ASSET": {
      "asset_id": "BSE_ASSET",
      "node_type": "asset",
      "current_best_bid": null,
      "current_best_ask": null,
      "last_trade_price": null,
      "volume_traded": 0,
      "price_volatility": 0.0,
      "spread_width": null,
      "market_depth_bid": 0,
      "market_depth_ask": 0
    },
    "P19": {
      "agent_id": "P19",
      "node_type": "agent",
      "last_bid_price": 124,
      "last_ask_price": 127,
      "last_trade_price": null,
      "total_trades": 0,
      "total_volume": 0,
      "strategy_type": "Hypothetical-Minds",
      "inferred_valuation": 124.9,
      "valuation_confidence": 0.2,
      "aggressiveness_score": 0.6,
      "last_activity": 35.820895522387985
    },
    "P17": {
      "agent_id": "P17",
      "node_type": "agent",
      "last_bid_price": 130,
      "last_ask_price": 127,
      "last_trade_price": null,
      "total_trades": 0,
      "total_volume": 0,
      "strategy_type": null,
      "inferred_valuation": 129.1,
      "valuation_confidence": 0.2,
      "aggressiveness_score": 0.0,
      "last_activity": 40.89552238805972
    },
    "P02": {
      "agent_id": "P02",
      "node_type": "agent",
      "last_bid_price": 128,
      "last_ask_price": 129,
      "last_trade_price": null,
      "total_trades": 0,
      "total_volume": 0,
      "strategy_type": null,
      "inferred_valuation": 128.88235099999997,
      "valuation_confidence": 0.7,
      "aggressiveness_score": 0.0,
      "last_activity": 40.89552238805972
    },
    "P01": {
      "agent_id": "P01",
      "node_type": "agent",
      "last_bid_price": 127,
      "last_ask_price": 127,
      "last_trade_price": null,
      "total_trades": 0,
      "total_volume": 0,
      "strategy_type": null,
      "inferred_valuation": 127.24009999999998,
      "valuation_confidence": 0.5,
      "aggressiveness_score": 0.0,
      "last_activity": 45.97014925373145
    },
    "P08": {
      "agent_id": "P08",
      "node_type": "agent",
      "last_bid_price": 127,
      "last_ask_price": 130,
      "last_trade_price": null,
      "total_trades": 0,
      "total_volume": 0,
      "strategy_type": null,
      "inferred_valuation": 129.647053,
      "valuation_confidence": 0.7,
      "aggressiveness_score": 0.0,
      "last_activity": 40.89552238805972
    },
    "P07": {
      "agent_id": "P07",
      "node_type": "agent",
      "last_bid_price": 120,
      "last_ask_price": null,
      "last_trade_price": null,
      "total_trades": 0,
      "total_volume": 0,
      "strategy_type": null,
      "inferred_valuation": 120.0,
      "valuation_confidence": 0.8999999999999999,
      "aggressiveness_score": 0.0,
      "last_activity": 45.97014925373145
    },
    "B11": {
      "agent_id": "B11",
      "node_type": "agent",
      "last_bid_price": 123,
      "last_ask_price": null,
      "last_trade_price": null,
      "total_trades": 0,
      "total_volume": 0,
      "strategy_type": null,
      "inferred_valuation": 114.6,
      "valuation_confidence": 0.30000000000000004,
      "aggressiveness_score": 0.0,
      "last_activity": 40.89552238805972
    },
    "B19": {
      "agent_id": "B19",
      "node_type": "agent",
      "last_bid_price": 124,
      "last_ask_price": null,
      "last_trade_price": null,
      "total_trades": 0,
      "total_volume": 0,
      "strategy_type": null,
      "inferred_valuation": 114.19999999999999,
      "valuation_confidence": 0.2,
      "aggressiveness_score": 0.0,
      "last_activity": 10.298507462686555
    },
    "S06": {
      "agent_id": "S06",
      "node_type": "agent",
      "last_bid_price": null,
      "last_ask_price": 147,
      "last_trade_price": null,
      "total_trades": 0,
      "total_volume": 0,
      "strategy_type": null,
      "inferred_valuation": 139.65,
      "valuation_confidence": 0.30000000000000004,
      "aggressiveness_score": 0.0,
      "last_activity": 40.89552238805972
    },
    "S02": {
      "agent_id": "S02",
      "node_type": "agent",
      "last_bid_price": null,
      "last_ask_price": 129,
      "last_trade_price": null,
      "total_trades": 0,
      "total_volume": 0,
      "strategy_type": null,
      "inferred_valuation": 131.58999999999997,
      "valuation_confidence": 0.30000000000000004,
      "aggressiveness_score": 0.0,
      "last_activity": 15.373134328358166
    },
    "S07": {
      "agent_id": "S07",
      "node_type": "agent",
      "last_bid_price": null,
      "last_ask_price": 349,
      "last_trade_price": null,
      "total_trades": 0,
      "total_volume": 0,
      "strategy_type": null,
      "inferred_valuation": 315.86157999999995,
      "valuation_confidence": 0.6,
      "aggressiveness_score": 0.0,
      "last_activity": 45.97014925373145
    },
    "P20": {
      "agent_id": "P20",
      "node_type": "agent",
      "last_bid_price": 124,
      "last_ask_price": null,
      "last_trade_price": null,
      "total_trades": 0,
      "total_volume": 0,
      "strategy_type": null,
      "inferred_valuation": 124.0,
      "valuation_confidence": 0.2,
      "aggressiveness_score": 0.0,
      "last_activity": 15.373134328358166
    },
    "B13": {
      "agent_id": "B13",
      "node_type": "agent",
      "last_bid_price": 110,
      "last_ask_price": null,
      "last_trade_price": null,
      "total_trades": 0,
      "total_volume": 0,
      "strategy_type": null,
      "inferred_valuation": 105.1,
      "valuation_confidence": 0.4,
      "aggressiveness_score": 0.0,
      "last_activity": 25.522388059701388
    },
    "B05": {
      "agent_id": "B05",
      "node_type": "agent",
      "last_bid_price": 93,
      "last_ask_price": null,
      "last_trade_price": null,
      "total_trades": 0,
      "total_volume": 0,
      "strategy_type": null,
      "inferred_valuation": 95.94,
      "valuation_confidence": 0.30000000000000004,
      "aggressiveness_score": 0.0,
      "last_activity": 20.447761194029777
    },
    "B02": {
      "agent_id": "B02",
      "node_type": "agent",
      "last_bid_price": 28,
      "last_ask_price": null,
      "last_trade_price": null,
      "total_trades": 0,
      "total_volume": 0,
      "strategy_type": null,
      "inferred_valuation": 74.4303,
      "valuation_confidence": 0.5,
      "aggressiveness_score": 0.0,
      "last_activity": 40.89552238805972
    },
    "B07": {
      "agent_id": "B07",
      "node_type": "agent",
      "last_bid_price": 98,
      "last_ask_price": null,
      "last_trade_price": null,
      "total_trades": 0,
      "total_volume": 0,
      "strategy_type": null,
      "inferred_valuation": 98.0,
      "valuation_confidence": 0.2,
      "aggressiveness_score": 0.0,
      "last_activity": 15.373134328358166
    },
    "B09": {
      "agent_id": "B09",
      "node_type": "agent",
      "last_bid_price": 121,
      "last_ask_price": null,
      "last_trade_price": null,
      "total_trades": 0,
      "total_volume": 0,
      "strategy_type": null,
      "inferred_valuation": 101.88999999999999,
      "valuation_confidence": 0.30000000000000004,
      "aggressiveness_score": 0.0,
      "last_activity": 30.597014925373
    },
    "B04": {
      "agent_id": "B04",
      "node_type": "agent",
      "last_bid_price": 82,
      "last_ask_price": null,
      "last_trade_price": null,
      "total_trades": 0,
      "total_volume": 0,
      "strategy_type": null,
      "inferred_valuation": 82.0,
      "valuation_confidence": 0.2,
      "aggressiveness_score": 0.0,
      "last_activity": 15.373134328358166
    },
    "S03": {
      "agent_id": "S03",
      "node_type": "agent",
      "last_bid_price": null,
      "last_ask_price": 130,
      "last_trade_price": null,
      "total_trades": 0,
      "total_volume": 0,
      "strategy_type": null,
      "inferred_valuation": 130,
      "valuation_confidence": 0.1,
      "aggressiveness_score": 0.0,
      "last_activity": 10.298507462686555
    },
    "S12": {
      "agent_id": "S12",
      "node_type": "agent",
      "last_bid_price": null,
      "last_ask_price": 181,
      "last_trade_price": null,
      "total_trades": 0,
      "total_volume": 0,
      "strategy_type": null,
      "inferred_valuation": 157.62,
      "valuation_confidence": 0.4,
      "aggressiveness_score": 0.0,
      "last_activity": 45.97014925373145
    },
    "S20": {
      "agent_id": "S20",
      "node_type": "agent",
      "last_bid_price": null,
      "last_ask_price": 340,
      "last_trade_price": null,
      "total_trades": 0,
      "total_volume": 0,
      "strategy_type": null,
      "inferred_valuation": 210.55599999999998,
      "valuation_confidence": 0.4,
      "aggressiveness_score": 0.0,
      "last_activity": 40.89552238805972
    },
    "P14": {
      "agent_id": "P14",
      "node_type": "agent",
      "last_bid_price": 124,
      "last_ask_price": 127,
      "last_trade_price": null,
      "total_trades": 0,
      "total_volume": 0,
      "strategy_type": null,
      "inferred_valuation": 125.53,
      "valuation_confidence": 0.30000000000000004,
      "aggressiveness_score": 0.0,
      "last_activity": 30.597014925373
    },
    "B06": {
      "agent_id": "B06",
      "node_type": "agent",
      "last_bid_price": 112,
      "last_ask_price": null,
      "last_trade_price": null,
      "total_trades": 0,
      "total_volume": 0,
      "strategy_type": null,
      "inferred_valuation": 112.0,
      "valuation_confidence": 0.2,
      "aggressiveness_score": 0.0,
      "last_activity": 20.447761194029777
    },
    "B20": {
      "agent_id": "B20",
      "node_type": "agent",
      "last_bid_price": 100,
      "last_ask_price": null,
      "last_trade_price": null,
      "total_trades": 0,
      "total_volume": 0,
      "strategy_type": null,
      "inferred_valuation": 100,
      "valuation_confidence": 0.1,
      "aggressiveness_score": 0.0,
      "last_activity": 15.373134328358166
    },
    "B10": {
      "agent_id": "B10",
      "node_type": "agent",
      "last_bid_price": 117,
      "last_ask_price": null,
      "last_trade_price": null,
      "total_trades": 0,
      "total_volume": 0,
      "strategy_type": null,
      "inferred_valuation": 107.69,
      "valuation_confidence": 0.30000000000000004,
      "aggressiveness_score": 0.0,
      "last_activity": 25.522388059701388
    },
    "S04": {
      "agent_id": "S04",
      "node_type": "agent",
      "last_bid_price": null,
      "last_ask_price": 153,
      "last_trade_price": null,
      "total_trades": 0,
      "total_volume": 0,
      "strategy_type": null,
      "inferred_valuation": 141.98969999999997,
      "valuation_confidence": 0.5,
      "aggressiveness_score": 0.0,
      "last_activity": 40.89552238805972
    },
    "P12": {
      "agent_id": "P12",
      "node_type": "agent",
      "last_bid_price": null,
      "last_ask_price": 130,
      "last_trade_price": null,
      "total_trades": 0,
      "total_volume": 0,
      "strategy_type": null,
      "inferred_valuation": 130.0,
      "valuation_confidence": 0.4,
      "aggressiveness_score": 0.0,
      "last_activity": 30.597014925373
    },
    "P18": {
      "agent_id": "P18",
      "node_type": "agent",
      "last_bid_price": null,
      "last_ask_price": 130,
      "last_trade_price": null,
      "total_trades": 0,
      "total_volume": 0,
      "strategy_type": null,
      "inferred_valuation": 130.0,
      "valuation_confidence": 0.5,
      "aggressiveness_score": 0.0,
      "last_activity": 35.820895522387985
    },
    "P16": {
      "agent_id": "P16",
      "node_type": "agent",
      "last_bid_price": 126,
      "last_ask_price": null,
      "last_trade_price": null,
      "total_trades": 0,
      "total_volume": 0,
      "strategy_type": null,
      "inferred_valuation": 124.6,
      "valuation_confidence": 0.2,
      "aggressiveness_score": 0.0,
      "last_activity": 45.97014925373145
    },
    "P13": {
      "agent_id": "P13",
      "node_type": "agent",
      "last_bid_price": 127,
      "last_ask_price": null,
      "last_trade_price": null,
      "total_trades": 0,
      "total_volume": 0,
      "strategy_type": null,
      "inferred_valuation": 123.47199999999998,
      "valuation_confidence": 0.4,
      "aggressiveness_score": 0.0,
      "last_activity": 45.97014925373145
    },
    "B15": {
      "agent_id": "B15",
      "node_type": "agent",
      "last_bid_price": 120,
      "last_ask_price": null,
      "last_trade_price": null,
      "total_trades": 0,
      "total_volume": 0,
      "strategy_type": null,
      "inferred_valuation": 120,
      "valuation_confidence": 0.1,
      "aggressiveness_score": 0.0,
      "last_activity": 20.447761194029777
    },
    "B21": {
      "agent_id": "B21",
      "node_type": "agent",
      "last_bid_price": 120,
      "last_ask_price": null,
      "last_trade_price": null,
      "total_trades": 0,
      "total_volume": 0,
      "strategy_type": null,
      "inferred_valuation": 116.5,
      "valuation_confidence": 0.2,
      "aggressiveness_score": 0.0,
      "last_activity": 30.597014925373
    },
    "B08": {
      "agent_id": "B08",
      "node_type": "agent",
      "last_bid_price": 113,
      "last_ask_price": null,
      "last_trade_price": null,
      "total_trades": 0,
      "total_volume": 0,
      "strategy_type": null,
      "inferred_valuation": 113.0,
      "valuation_confidence": 0.2,
      "aggressiveness_score": 0.0,
      "last_activity": 25.522388059701388
    },
    "B14": {
      "agent_id": "B14",
      "node_type": "agent",
      "last_bid_price": 120,
      "last_ask_price": null,
      "last_trade_price": null,
      "total_trades": 0,
      "total_volume": 0,
      "strategy_type": null,
      "inferred_valuation": 113.63,
      "valuation_confidence": 0.30000000000000004,
      "aggressiveness_score": 0.0,
      "last_activity": 30.597014925373
    },
    "B18": {
      "agent_id": "B18",
      "node_type": "agent",
      "last_bid_price": 104,
      "last_ask_price": null,
      "last_trade_price": null,
      "total_trades": 0,
      "total_volume": 0,
      "strategy_type": null,
      "inferred_valuation": 101.2,
      "valuation_confidence": 0.2,
      "aggressiveness_score": 0.0,
      "last_activity": 35.820895522387985
    },
    "S15": {
      "agent_id": "S15",
      "node_type": "agent",
      "last_bid_price": null,
      "last_ask_price": 127,
      "last_trade_price": null,
      "total_trades": 0,
      "total_volume": 0,
      "strategy_type": null,
      "inferred_valuation": 127,
      "valuation_confidence": 0.1,
      "aggressiveness_score": 0.0,
      "last_activity": 20.447761194029777
    },
    "P15": {
      "agent_id": "P15",
      "node_type": "agent",
      "last_bid_price": 126,
      "last_ask_price": 127,
      "last_trade_price": null,
      "total_trades": 0,
      "total_volume": 0,
      "strategy_type": null,
      "inferred_valuation": 126.73009999999998,
      "valuation_confidence": 0.5,
      "aggressiveness_score": 0.0,
      "last_activity": 45.97014925373145
    },
    "P00": {
      "agent_id": "P00",
      "node_type": "agent",
      "last_bid_price": 122,
      "last_ask_price": 129,
      "last_trade_price": null,
      "total_trades": 0,
      "total_volume": 0,
      "strategy_type": null,
      "inferred_valuation": 125.43,
      "valuation_confidence": 0.30000000000000004,
      "aggressiveness_score": 0.0,
      "last_activity": 45.97014925373145
    },
    "P06": {
      "agent_id": "P06",
      "node_type": "agent",
      "last_bid_price": 124,
      "last_ask_price": 127,
      "last_trade_price": null,
      "total_trades": 0,
      "total_volume": 0,
      "strategy_type": null,
      "inferred_valuation": 124.9,
      "valuation_confidence": 0.2,
      "aggressiveness_score": 0.0,
      "last_activity": 35.820895522387985
    },
    "P10": {
      "agent_id": "P10",
      "node_type": "agent",
      "last_bid_price": 124,
      "last_ask_price": null,
      "last_trade_price": null,
      "total_trades": 0,
      "total_volume": 0,
      "strategy_type": null,
      "inferred_valuation": 124,
      "valuation_confidence": 0.1,
      "aggressiveness_score": 0.0,
      "last_activity": 25.522388059701388
    },
    "B01": {
      "agent_id": "B01",
      "node_type": "agent",
      "last_bid_price": 91,
      "last_ask_price": null,
      "last_trade_price": null,
      "total_trades": 0,
      "total_volume": 0,
      "strategy_type": null,
      "inferred_valuation": 91,
      "valuation_confidence": 0.1,
      "aggressiveness_score": 0.0,
      "last_activity": 25.522388059701388
    },
    "S14": {
      "agent_id": "S14",
      "node_type": "agent",
      "last_bid_price": null,
      "last_ask_price": 133,
      "last_trade_price": null,
      "total_trades": 0,
      "total_volume": 0,
      "strategy_type": null,
      "inferred_valuation": 133.0,
      "valuation_confidence": 0.30000000000000004,
      "aggressiveness_score": 0.0,
      "last_activity": 35.820895522387985
    },
    "S00": {
      "agent_id": "S00",
      "node_type": "agent",
      "last_bid_price": null,
      "last_ask_price": 129,
      "last_trade_price": null,
      "total_trades": 0,
      "total_volume": 0,
      "strategy_type": null,
      "inferred_valuation": 135.85999999999999,
      "valuation_confidence": 0.4,
      "aggressiveness_score": 0.0,
      "last_activity": 40.89552238805972
    },
    "S22": {
      "agent_id": "S22",
      "node_type": "agent",
      "last_bid_price": null,
      "last_ask_price": 140,
      "last_trade_price": null,
      "total_trades": 0,
      "total_volume": 0,
      "strategy_type": null,
      "inferred_valuation": 147.14,
      "valuation_confidence": 0.30000000000000004,
      "aggressiveness_score": 0.0,
      "last_activity": 40.89552238805972
    },
    "S19": {
      "agent_id": "S19",
      "node_type": "agent",
      "last_bid_price": null,
      "last_ask_price": 172,
      "last_trade_price": null,
      "total_trades": 0,
      "total_volume": 0,
      "strategy_type": null,
      "inferred_valuation": 172.0,
      "valuation_confidence": 0.2,
      "aggressiveness_score": 0.0,
      "last_activity": 30.597014925373
    },
    "S13": {
      "agent_id": "S13",
      "node_type": "agent",
      "last_bid_price": null,
      "last_ask_price": 154,
      "last_trade_price": null,
      "total_trades": 0,
      "total_volume": 0,
      "strategy_type": null,
      "inferred_valuation": 153.04449999999997,
      "valuation_confidence": 0.5,
      "aggressiveness_score": 0.0,
      "last_activity": 45.97014925373145
    },
    "P04": {
      "agent_id": "P04",
      "node_type": "agent",
      "last_bid_price": 124,
      "last_ask_price": 130,
      "last_trade_price": null,
      "total_trades": 0,
      "total_volume": 0,
      "strategy_type": null,
      "inferred_valuation": 125.8,
      "valuation_confidence": 0.2,
      "aggressiveness_score": 0.0,
      "last_activity": 45.97014925373145
    },
    "B22": {
      "agent_id": "B22",
      "node_type": "agent",
      "last_bid_price": 112,
      "last_ask_price": null,
      "last_trade_price": null,
      "total_trades": 0,
      "total_volume": 0,
      "strategy_type": null,
      "inferred_valuation": 112,
      "valuation_confidence": 0.1,
      "aggressiveness_score": 0.0,
      "last_activity": 30.597014925373
    },
    "B03": {
      "agent_id": "B03",
      "node_type": "agent",
      "last_bid_price": 103,
      "last_ask_price": null,
      "last_trade_price": null,
      "total_trades": 0,
      "total_volume": 0,
      "strategy_type": null,
      "inferred_valuation": 103.0,
      "valuation_confidence": 0.2,
      "aggressiveness_score": 0.0,
      "last_activity": 35.820895522387985
    },
    "S17": {
      "agent_id": "S17",
      "node_type": "agent",
      "last_bid_price": null,
      "last_ask_price": 154,
      "last_trade_price": null,
      "total_trades": 0,
      "total_volume": 0,
      "strategy_type": null,
      "inferred_valuation": 135.1,
      "valuation_confidence": 0.2,
      "aggressiveness_score": 0.0,
      "last_activity": 40.89552238805972
    },
    "S05": {
      "agent_id": "S05",
      "node_type": "agent",
      "last_bid_price": null,
      "last_ask_price": 196,
      "last_trade_price": null,
      "total_trades": 0,
      "total_volume": 0,
      "strategy_type": null,
      "inferred_valuation": 154.55999999999997,
      "valuation_confidence": 0.30000000000000004,
      "aggressiveness_score": 0.0,
      "last_activity": 45.97014925373145
    },
    "S09": {
      "agent_id": "S09",
      "node_type": "agent",
      "last_bid_price": null,
      "last_ask_price": 139,
      "last_trade_price": null,
      "total_trades": 0,
      "total_volume": 0,
      "strategy_type": null,
      "inferred_valuation": 139,
      "valuation_confidence": 0.1,
      "aggressiveness_score": 0.0,
      "last_activity": 40.89552238805972
    },
    "S21": {
      "agent_id": "S21",
      "node_type": "agent",
      "last_bid_price": null,
      "last_ask_price": 154,
      "last_trade_price": null,
      "total_trades": 0,
      "total_volume": 0,
      "strategy_type": null,
      "inferred_valuation": 154,
      "valuation_confidence": 0.1,
      "aggressiveness_score": 0.0,
      "last_activity": 40.89552238805972
    },
    "P05": {
      "agent_id": "P05",
      "node_type": "agent",
      "last_bid_price": 126,
      "last_ask_price": null,
      "last_trade_price": null,
      "total_trades": 0,
      "total_volume": 0,
      "strategy_type": null,
      "inferred_valuation": 126,
      "valuation_confidence": 0.1,
      "aggressiveness_score": 0.0,
      "last_activity": 45.97014925373145
    },
    "S08": {
      "agent_id": "S08",
      "node_type": "agent",
      "last_bid_price": null,
      "last_ask_price": 156,
      "last_trade_price": null,
      "total_trades": 0,
      "total_volume": 0,
      "strategy_type": null,
      "inferred_valuation": 156,
      "valuation_confidence": 0.1,
      "aggressiveness_score": 0.0,
      "last_activity": 45.97014925373145
    }
  },
  "edges": {
    "a4891fe6-a7f3-4c4e-9438-8a506194cb6c": {
      "edge_id": "a4891fe6-a7f3-4c4e-9438-8a506194cb6c",
      "source_node": "BSE_ASSET",
      "target_node": "P19",
      "belief_type": "strategy",
      "confidence": 0.1,
      "value": "unknown",
      "timestamp": 0.0,
      "evidence_count": 0
    },
    "1900e2b0-08f7-4b6c-be34-e09ab4658056": {
      "edge_id": "1900e2b0-08f7-4b6c-be34-e09ab4658056",
      "source_node": "BSE_ASSET",
      "target_node": "P19",
      "belief_type": "valuation",
      "confidence": 0.2,
      "value": 124.9,
      "timestamp": 35.820895522387985,
      "evidence_count": 2
    },
    "7bc471fc-f9d0-4268-99ef-ab775dc4964a": {
      "edge_id": "7bc471fc-f9d0-4268-99ef-ab775dc4964a",
      "source_node": "BSE_ASSET",
      "target_node": "P17",
      "belief_type": "strategy",
      "confidence": 0.1,
      "value": "unknown",
      "timestamp": 0.0,
      "evidence_count": 0
    },
    "1ef62a27-0d0d-43c2-853b-abfddb306adc": {
      "edge_id": "1ef62a27-0d0d-43c2-853b-abfddb306adc",
      "source_node": "BSE_ASSET",
      "target_node": "P17",
      "belief_type": "valuation",
      "confidence": 0.2,
      "value": 129.1,
      "timestamp": 40.89552238805972,
      "evidence_count": 2
    },
    "61a15a24-c6de-4aee-8a43-f02f34f038d3": {
      "edge_id": "61a15a24-c6de-4aee-8a43-f02f34f038d3",
      "source_node": "BSE_ASSET",
      "target_node": "P02",
      "belief_type": "strategy",
      "confidence": 0.1,
      "value": "unknown",
      "timestamp": 5.074626865671641,
      "evidence_count": 0
    },
    "625688e5-b006-4cb9-ac29-d145d5c2eba2": {
      "edge_id": "625688e5-b006-4cb9-ac29-d145d5c2eba2",
      "source_node": "BSE_ASSET",
      "target_node": "P02",
      "belief_type": "valuation",
      "confidence": 0.7,
      "value": 128.88235099999997,
      "timestamp": 40.89552238805972,
      "evidence_count": 7
    },
    "e35535ec-8bd1-4570-9c90-664db4dcf430": {
      "edge_id": "e35535ec-8bd1-4570-9c90-664db4dcf430",
      "source_node": "BSE_ASSET",
      "target_node": "P01",
      "belief_type": "strategy",
      "confidence": 0.1,
      "value": "unknown",
      "timestamp": 5.074626865671641,
      "evidence_count": 0
    },
    "c63027ec-e9d5-466f-8639-fa20c604f7ee": {
      "edge_id": "c63027ec-e9d5-466f-8639-fa20c604f7ee",
      "source_node": "BSE_ASSET",
      "target_node": "P01",
      "belief_type": "valuation",
      "confidence": 0.5,
      "value": 127.24009999999998,
      "timestamp": 45.97014925373145,
      "evidence_count": 5
    },
    "19206ae8-2585-44e2-88b2-db0c4a9c25d7": {
      "edge_id": "19206ae8-2585-44e2-88b2-db0c4a9c25d7",
      "source_node": "BSE_ASSET",
      "target_node": "P08",
      "belief_type": "strategy",
      "confidence": 0.1,
      "value": "unknown",
      "timestamp": 5.074626865671641,
      "evidence_count": 0
    },
    "7f1eac47-3f53-4759-ba58-64901d41d44a": {
      "edge_id": "7f1eac47-3f53-4759-ba58-64901d41d44a",
      "source_node": "BSE_ASSET",
      "target_node": "P08",
      "belief_type": "valuation",
      "confidence": 0.7,
      "value": 129.647053,
      "timestamp": 40.89552238805972,
      "evidence_count": 7
    },
    "e82e323a-ed66-4243-90cd-ff817ec220b4": {
      "edge_id": "e82e323a-ed66-4243-90cd-ff817ec220b4",
      "source_node": "BSE_ASSET",
      "target_node": "P07",
      "belief_type": "strategy",
      "confidence": 0.1,
      "value": "unknown",
      "timestamp": 5.074626865671641,
      "evidence_count": 0
    },
    "73e99ecc-f906-4d93-843c-980f53c609a4": {
      "edge_id": "73e99ecc-f906-4d93-843c-980f53c609a4",
      "source_node": "BSE_ASSET",
      "target_node": "P07",
      "belief_type": "valuation",
      "confidence": 0.8999999999999999,
      "value": 120.0,
      "timestamp": 45.97014925373145,
      "evidence_count": 9
    },
    "6e36f9cf-c910-41a9-af43-0513a339d0ad": {
      "edge_id": "6e36f9cf-c910-41a9-af43-0513a339d0ad",
      "source_node": "BSE_ASSET",
      "target_node": "B11",
      "belief_type": "strategy",
      "confidence": 0.1,
      "value": "unknown",
      "timestamp": 5.074626865671641,
      "evidence_count": 0
    },
    "ef7efa98-d07e-4ec5-8b2e-a6d4876f4f5f": {
      "edge_id": "ef7efa98-d07e-4ec5-8b2e-a6d4876f4f5f",
      "source_node": "BSE_ASSET",
      "target_node": "B11",
      "belief_type": "valuation",
      "confidence": 0.30000000000000004,
      "value": 114.6,
      "timestamp": 40.89552238805972,
      "evidence_count": 3
    },
    "a55cd835-ffa2-4862-a5e3-f6fad49a4d9c": {
      "edge_id": "a55cd835-ffa2-4862-a5e3-f6fad49a4d9c",
      "source_node": "BSE_ASSET",
      "target_node": "B19",
      "belief_type": "strategy",
      "confidence": 0.1,
      "value": "unknown",
      "timestamp": 5.074626865671641,
      "evidence_count": 0
    },
    "bdfcca2f-0877-4b2d-a30f-1ce0c16b6dde": {
      "edge_id": "bdfcca2f-0877-4b2d-a30f-1ce0c16b6dde",
      "source_node": "BSE_ASSET",
      "target_node": "B19",
      "belief_type": "valuation",
      "confidence": 0.2,
      "value": 114.19999999999999,
      "timestamp": 10.298507462686555,
      "evidence_count": 2
    },
    "67b8ecdd-4a90-49b6-a149-f236ab49c36c": {
      "edge_id": "67b8ecdd-4a90-49b6-a149-f236ab49c36c",
      "source_node": "BSE_ASSET",
      "target_node": "S06",
      "belief_type": "strategy",
      "confidence": 0.1,
      "value": "unknown",
      "timestamp": 5.074626865671641,
      "evidence_count": 0
    },
    "dab5e7c6-5f7d-478a-93ed-6b7cd83178a8": {
      "edge_id": "dab5e7c6-5f7d-478a-93ed-6b7cd83178a8",
      "source_node": "BSE_ASSET",
      "target_node": "S06",
      "belief_type": "valuation",
      "confidence": 0.30000000000000004,
      "value": 139.65,
      "timestamp": 40.89552238805972,
      "evidence_count": 3
    },
    "b0eae87e-afc3-4873-becf-7bda4677a914": {
      "edge_id": "b0eae87e-afc3-4873-becf-7bda4677a914",
      "source_node": "BSE_ASSET",
      "target_node": "S02",
      "belief_type": "strategy",
      "confidence": 0.1,
      "value": "unknown",
      "timestamp": 5.074626865671641,
      "evidence_count": 0
    },
    "3570541c-011a-40f1-9f14-295e04b7f881": {
      "edge_id": "3570541c-011a-40f1-9f14-295e04b7f881",
      "source_node": "BSE_ASSET",
      "target_node": "S02",
      "belief_type": "valuation",
      "confidence": 0.30000000000000004,
      "value": 131.58999999999997,
      "timestamp": 15.373134328358166,
      "evidence_count": 3
    },
    "0b381505-1c05-47da-abb7-0f965b96f3bb": {
      "edge_id": "0b381505-1c05-47da-abb7-0f965b96f3bb",
      "source_node": "BSE_ASSET",
      "target_node": "S07",
      "belief_type": "strategy",
      "confidence": 0.1,
      "value": "unknown",
      "timestamp": 5.074626865671641,
      "evidence_count": 0
    },
    "6a0c4757-d135-42e4-ae15-6e3be1edc4ef": {
      "edge_id": "6a0c4757-d135-42e4-ae15-6e3be1edc4ef",
      "source_node": "BSE_ASSET",
      "target_node": "S07",
      "belief_type": "valuation",
      "confidence": 0.6,
      "value": 315.86157999999995,
      "timestamp": 45.97014925373145,
      "evidence_count": 6
    },
    "29bdb8d8-12c1-4d18-a382-8d04a177177e": {
      "edge_id": "29bdb8d8-12c1-4d18-a382-8d04a177177e",
      "source_node": "BSE_ASSET",
      "target_node": "P20",
      "belief_type": "strategy",
      "confidence": 0.1,
      "value": "unknown",
      "timestamp": 10.298507462686555,
      "evidence_count": 0
    },
    "c7932dd6-bbcb-447a-8f3b-eed61ee3d3d5": {
      "edge_id": "c7932dd6-bbcb-447a-8f3b-eed61ee3d3d5",
      "source_node": "BSE_ASSET",
      "target_node": "P20",
      "belief_type": "valuation",
      "confidence": 0.2,
      "value": 124.0,
      "timestamp": 15.373134328358166,
      "evidence_count": 2
    },
    "495f6365-0600-4459-8c91-d1f6bfcb6d71": {
      "edge_id": "495f6365-0600-4459-8c91-d1f6bfcb6d71",
      "source_node": "BSE_ASSET",
      "target_node": "B13",
      "belief_type": "strategy",
      "confidence": 0.1,
      "value": "unknown",
      "timestamp": 10.298507462686555,
      "evidence_count": 0
    },
    "9f412d55-42f4-43bd-80d6-7379a2b69a91": {
      "edge_id": "9f412d55-42f4-43bd-80d6-7379a2b69a91",
      "source_node": "BSE_ASSET",
      "target_node": "B13",
      "belief_type": "valuation",
      "confidence": 0.4,
      "value": 105.1,
      "timestamp": 25.522388059701388,
      "evidence_count": 4
    },
    "96cce728-ad51-4f79-a803-fdd611e69cb4": {
      "edge_id": "96cce728-ad51-4f79-a803-fdd611e69cb4",
      "source_node": "BSE_ASSET",
      "target_node": "B05",
      "belief_type": "strategy",
      "confidence": 0.1,
      "value": "unknown",
      "timestamp": 10.298507462686555,
      "evidence_count": 0
    },
    "56550ca5-8b45-4a87-a04a-bf07b6b515d7": {
      "edge_id": "56550ca5-8b45-4a87-a04a-bf07b6b515d7",
      "source_node": "BSE_ASSET",
      "target_node": "B05",
      "belief_type": "valuation",
      "confidence": 0.30000000000000004,
      "value": 95.94,
      "timestamp": 20.447761194029777,
      "evidence_count": 3
    },
    "35010ee2-a1c3-47eb-ad39-442300791734": {
      "edge_id": "35010ee2-a1c3-47eb-ad39-442300791734",
      "source_node": "BSE_ASSET",
      "target_node": "B02",
      "belief_type": "strategy",
      "confidence": 0.1,
      "value": "unknown",
      "timestamp": 10.298507462686555,
      "evidence_count": 0
    },
    "9b5b08a2-e721-450d-a789-905706ac00c1": {
      "edge_id": "9b5b08a2-e721-450d-a789-905706ac00c1",
      "source_node": "BSE_ASSET",
      "target_node": "B02",
      "belief_type": "valuation",
      "confidence": 0.5,
      "value": 74.4303,
      "timestamp": 40.89552238805972,
      "evidence_count": 5
    },
    "dbfe892f-aebb-43cd-85b7-cab48db578a6": {
      "edge_id": "dbfe892f-aebb-43cd-85b7-cab48db578a6",
      "source_node": "BSE_ASSET",
      "target_node": "B07",
      "belief_type": "strategy",
      "confidence": 0.1,
      "value": "unknown",
      "timestamp": 10.298507462686555,
      "evidence_count": 0
    },
    "f0f5c095-c5c2-4ae6-a68c-5664d1e6b3ba": {
      "edge_id": "f0f5c095-c5c2-4ae6-a68c-5664d1e6b3ba",
      "source_node": "BSE_ASSET",
      "target_node": "B07",
      "belief_type": "valuation",
      "confidence": 0.2,
      "value": 98.0,
      "timestamp": 15.373134328358166,
      "evidence_count": 2
    },
    "0ad855e7-00d9-4300-98e6-c72422c02155": {
      "edge_id": "0ad855e7-00d9-4300-98e6-c72422c02155",
      "source_node": "BSE_ASSET",
      "target_node": "B09",
      "belief_type": "strategy",
      "confidence": 0.1,
      "value": "unknown",
      "timestamp": 10.298507462686555,
      "evidence_count": 0
    },
    "38ba2758-6bb2-4eec-9027-0545bfd5f658": {
      "edge_id": "38ba2758-6bb2-4eec-9027-0545bfd5f658",
      "source_node": "BSE_ASSET",
      "target_node": "B09",
      "belief_type": "valuation",
      "confidence": 0.30000000000000004,
      "value": 101.88999999999999,
      "timestamp": 30.597014925373,
      "evidence_count": 3
    },
    "1331d084-3670-4db1-81e3-18163bfe5b30": {
      "edge_id": "1331d084-3670-4db1-81e3-18163bfe5b30",
      "source_node": "BSE_ASSET",
      "target_node": "B04",
      "belief_type": "strategy",
      "confidence": 0.1,
      "value": "unknown",
      "timestamp": 10.298507462686555,
      "evidence_count": 0
    },
    "0a97e1ef-b4c5-49d3-a3cf-d74ab91ed111": {
      "edge_id": "0a97e1ef-b4c5-49d3-a3cf-d74ab91ed111",
      "source_node": "BSE_ASSET",
      "target_node": "B04",
      "belief_type": "valuation",
      "confidence": 0.2,
      "value": 82.0,
      "timestamp": 15.373134328358166,
      "evidence_count": 2
    },
    "66c64fc3-06c5-4192-bb65-f32f39860b3c": {
      "edge_id": "66c64fc3-06c5-4192-bb65-f32f39860b3c",
      "source_node": "BSE_ASSET",
      "target_node": "S03",
      "belief_type": "strategy",
      "confidence": 0.1,
      "value": "unknown",
      "timestamp": 10.298507462686555,
      "evidence_count": 0
    },
    "b3f07005-ffa2-4d6c-9b4a-0b503f03ec03": {
      "edge_id": "b3f07005-ffa2-4d6c-9b4a-0b503f03ec03",
      "source_node": "BSE_ASSET",
      "target_node": "S03",
      "belief_type": "valuation",
      "confidence": 0.1,
      "value": 130,
      "timestamp": 10.298507462686555,
      "evidence_count": 1
    },
    "27634d1c-2185-4005-bd58-a9ffad461cec": {
      "edge_id": "27634d1c-2185-4005-bd58-a9ffad461cec",
      "source_node": "BSE_ASSET",
      "target_node": "S12",
      "belief_type": "strategy",
      "confidence": 0.1,
      "value": "unknown",
      "timestamp": 10.298507462686555,
      "evidence_count": 0
    },
    "828b4003-6c88-41fe-b271-4437825dd449": {
      "edge_id": "828b4003-6c88-41fe-b271-4437825dd449",
      "source_node": "BSE_ASSET",
      "target_node": "S12",
      "belief_type": "valuation",
      "confidence": 0.4,
      "value": 157.62,
      "timestamp": 45.97014925373145,
      "evidence_count": 4
    },
    "b965e9ed-158b-40f3-b678-5ba9e6f14005": {
      "edge_id": "b965e9ed-158b-40f3-b678-5ba9e6f14005",
      "source_node": "BSE_ASSET",
      "target_node": "S20",
      "belief_type": "strategy",
      "confidence": 0.1,
      "value": "unknown",
      "timestamp": 10.298507462686555,
      "evidence_count": 0
    },
    "5c2ba6ba-fcf3-4884-9c29-691acc6b4cfc": {
      "edge_id": "5c2ba6ba-fcf3-4884-9c29-691acc6b4cfc",
      "source_node": "BSE_ASSET",
      "target_node": "S20",
      "belief_type": "valuation",
      "confidence": 0.4,
      "value": 210.55599999999998,
      "timestamp": 40.89552238805972,
      "evidence_count": 4
    },
    "cd33f684-6626-418f-85ed-7e6702a627fe": {
      "edge_id": "cd33f684-6626-418f-85ed-7e6702a627fe",
      "source_node": "BSE_ASSET",
      "target_node": "P14",
      "belief_type": "strategy",
      "confidence": 0.1,
      "value": "unknown",
      "timestamp": 15.373134328358166,
      "evidence_count": 0
    },
    "72e6b9d0-1209-4464-a47c-853415dfd003": {
      "edge_id": "72e6b9d0-1209-4464-a47c-853415dfd003",
      "source_node": "BSE_ASSET",
      "target_node": "P14",
      "belief_type": "valuation",
      "confidence": 0.30000000000000004,
      "value": 125.53,
      "timestamp": 30.597014925373,
      "evidence_count": 3
    },
    "85b75425-460b-4bda-aaab-dcc2a073dd69": {
      "edge_id": "85b75425-460b-4bda-aaab-dcc2a073dd69",
      "source_node": "BSE_ASSET",
      "target_node": "B06",
      "belief_type": "strategy",
      "confidence": 0.1,
      "value": "unknown",
      "timestamp": 15.373134328358166,
      "evidence_count": 0
    },
    "0722de4b-a8e0-4c47-8682-70532b14448f": {
      "edge_id": "0722de4b-a8e0-4c47-8682-70532b14448f",
      "source_node": "BSE_ASSET",
      "target_node": "B06",
      "belief_type": "valuation",
      "confidence": 0.2,
      "value": 112.0,
      "timestamp": 20.447761194029777,
      "evidence_count": 2
    },
    "f0ab9f32-9b69-4dba-aa45-47a3cd32f27c": {
      "edge_id": "f0ab9f32-9b69-4dba-aa45-47a3cd32f27c",
      "source_node": "BSE_ASSET",
      "target_node": "B20",
      "belief_type": "strategy",
      "confidence": 0.1,
      "value": "unknown",
      "timestamp": 15.373134328358166,
      "evidence_count": 0
    },
    "254eed46-b450-417c-9cd8-ee81c7e2eaed": {
      "edge_id": "254eed46-b450-417c-9cd8-ee81c7e2eaed",
      "source_node": "BSE_ASSET",
      "target_node": "B20",
      "belief_type": "valuation",
      "confidence": 0.1,
      "value": 100,
      "timestamp": 15.373134328358166,
      "evidence_count": 1
    },
    "046fefe7-2561-4adb-8600-0d860ec8bc2a": {
      "edge_id": "046fefe7-2561-4adb-8600-0d860ec8bc2a",
      "source_node": "BSE_ASSET",
      "target_node": "B10",
      "belief_type": "strategy",
      "confidence": 0.1,
      "value": "unknown",
      "timestamp": 15.373134328358166,
      "evidence_count": 0
    },
    "81b060b7-472e-4485-b462-8712d60117c6": {
      "edge_id": "81b060b7-472e-4485-b462-8712d60117c6",
      "source_node": "BSE_ASSET",
      "target_node": "B10",
      "belief_type": "valuation",
      "confidence": 0.30000000000000004,
      "value": 107.69,
      "timestamp": 25.522388059701388,
      "evidence_count": 3
    },
    "5e903006-501b-43b9-97f4-e2cd1105a604": {
      "edge_id": "5e903006-501b-43b9-97f4-e2cd1105a604",
      "source_node": "BSE_ASSET",
      "target_node": "S04",
      "belief_type": "strategy",
      "confidence": 0.1,
      "value": "unknown",
      "timestamp": 15.373134328358166,
      "evidence_count": 0
    },
    "847b44ec-80eb-410f-8f91-f66040d4c062": {
      "edge_id": "847b44ec-80eb-410f-8f91-f66040d4c062",
      "source_node": "BSE_ASSET",
      "target_node": "S04",
      "belief_type": "valuation",
      "confidence": 0.5,
      "value": 141.98969999999997,
      "timestamp": 40.89552238805972,
      "evidence_count": 5
    },
    "5c8c0bc9-de11-4ad9-9027-835a9f24382c": {
      "edge_id": "5c8c0bc9-de11-4ad9-9027-835a9f24382c",
      "source_node": "BSE_ASSET",
      "target_node": "P12",
      "belief_type": "strategy",
      "confidence": 0.1,
      "value": "unknown",
      "timestamp": 15.373134328358166,
      "evidence_count": 0
    },
    "e6f9a97b-c558-462c-b03f-b29fe96a0434": {
      "edge_id": "e6f9a97b-c558-462c-b03f-b29fe96a0434",
      "source_node": "BSE_ASSET",
      "target_node": "P12",
      "belief_type": "valuation",
      "confidence": 0.4,
      "value": 130.0,
      "timestamp": 30.597014925373,
      "evidence_count": 4
    },
    "ffc56d8e-69d1-4874-a912-b8d30c1d3d11": {
      "edge_id": "ffc56d8e-69d1-4874-a912-b8d30c1d3d11",
      "source_node": "BSE_ASSET",
      "target_node": "P18",
      "belief_type": "strategy",
      "confidence": 0.1,
      "value": "unknown",
      "timestamp": 15.373134328358166,
      "evidence_count": 0
    },
    "5e2062de-b187-4994-b017-7b8fff2293dc": {
      "edge_id": "5e2062de-b187-4994-b017-7b8fff2293dc",
      "source_node": "BSE_ASSET",
      "target_node": "P18",
      "belief_type": "valuation",
      "confidence": 0.5,
      "value": 130.0,
      "timestamp": 35.820895522387985,
      "evidence_count": 5
    },
    "1208952a-2d98-4d72-aeb9-2a11883c7b66": {
      "edge_id": "1208952a-2d98-4d72-aeb9-2a11883c7b66",
      "source_node": "BSE_ASSET",
      "target_node": "P16",
      "belief_type": "strategy",
      "confidence": 0.1,
      "value": "unknown",
      "timestamp": 15.373134328358166,
      "evidence_count": 0
    },
    "23ba3974-3296-4b91-8159-5c7d33114731": {
      "edge_id": "23ba3974-3296-4b91-8159-5c7d33114731",
      "source_node": "BSE_ASSET",
      "target_node": "P16",
      "belief_type": "valuation",
      "confidence": 0.2,
      "value": 124.6,
      "timestamp": 45.97014925373145,
      "evidence_count": 2
    },
    "bc75e0c4-00c0-40c5-ae92-5febd88d8f00": {
      "edge_id": "bc75e0c4-00c0-40c5-ae92-5febd88d8f00",
      "source_node": "BSE_ASSET",
      "target_node": "P13",
      "belief_type": "strategy",
      "confidence": 0.1,
      "value": "unknown",
      "timestamp": 20.447761194029777,
      "evidence_count": 0
    },
    "502d4b5e-5e50-4546-ab12-4bfe1e771c89": {
      "edge_id": "502d4b5e-5e50-4546-ab12-4bfe1e771c89",
      "source_node": "BSE_ASSET",
      "target_node": "P13",
      "belief_type": "valuation",
      "confidence": 0.4,
      "value": 123.47199999999998,
      "timestamp": 45.97014925373145,
      "evidence_count": 4
    },
    "e71c4e93-f609-416b-bbad-c9edc2ddc95f": {
      "edge_id": "e71c4e93-f609-416b-bbad-c9edc2ddc95f",
      "source_node": "BSE_ASSET",
      "target_node": "B15",
      "belief_type": "strategy",
      "confidence": 0.1,
      "value": "unknown",
      "timestamp": 20.447761194029777,
      "evidence_count": 0
    },
    "6fd9a986-3c9d-4df5-bb61-d12054c26a3a": {
      "edge_id": "6fd9a986-3c9d-4df5-bb61-d12054c26a3a",
      "source_node": "BSE_ASSET",
      "target_node": "B15",
      "belief_type": "valuation",
      "confidence": 0.1,
      "value": 120,
      "timestamp": 20.447761194029777,
      "evidence_count": 1
    },
    "d72daf26-918c-4066-87a2-b4694d35d9e4": {
      "edge_id": "d72daf26-918c-4066-87a2-b4694d35d9e4",
      "source_node": "BSE_ASSET",
      "target_node": "B21",
      "belief_type": "strategy",
      "confidence": 0.1,
      "value": "unknown",
      "timestamp": 20.447761194029777,
      "evidence_count": 0
    },
    "d8a55a3a-bc1f-4226-8ef4-5aa5cbd9a2e1": {
      "edge_id": "d8a55a3a-bc1f-4226-8ef4-5aa5cbd9a2e1",
      "source_node": "BSE_ASSET",
      "target_node": "B21",
      "belief_type": "valuation",
      "confidence": 0.2,
      "value": 116.5,
      "timestamp": 30.597014925373,
      "evidence_count": 2
    },
    "85db282d-57c4-47c2-b1b4-4327c11b4e56": {
      "edge_id": "85db282d-57c4-47c2-b1b4-4327c11b4e56",
      "source_node": "BSE_ASSET",
      "target_node": "B08",
      "belief_type": "strategy",
      "confidence": 0.1,
      "value": "unknown",
      "timestamp": 20.447761194029777,
      "evidence_count": 0
    },
    "9d5fdbac-e136-4833-8d9e-884503ec69d3": {
      "edge_id": "9d5fdbac-e136-4833-8d9e-884503ec69d3",
      "source_node": "BSE_ASSET",
      "target_node": "B08",
      "belief_type": "valuation",
      "confidence": 0.2,
      "value": 113.0,
      "timestamp": 25.522388059701388,
      "evidence_count": 2
    },
    "4902dbc0-c2fc-4e87-84d2-aac42b831c9e": {
      "edge_id": "4902dbc0-c2fc-4e87-84d2-aac42b831c9e",
      "source_node": "BSE_ASSET",
      "target_node": "B14",
      "belief_type": "strategy",
      "confidence": 0.1,
      "value": "unknown",
      "timestamp": 20.447761194029777,
      "evidence_count": 0
    },
    "fd7d0312-bbf9-41aa-8c4a-4c13b06fcd90": {
      "edge_id": "fd7d0312-bbf9-41aa-8c4a-4c13b06fcd90",
      "source_node": "BSE_ASSET",
      "target_node": "B14",
      "belief_type": "valuation",
      "confidence": 0.30000000000000004,
      "value": 113.63,
      "timestamp": 30.597014925373,
      "evidence_count": 3
    },
    "c8b27268-c786-4077-bc41-5b09483c4cfa": {
      "edge_id": "c8b27268-c786-4077-bc41-5b09483c4cfa",
      "source_node": "BSE_ASSET",
      "target_node": "B18",
      "belief_type": "strategy",
      "confidence": 0.1,
      "value": "unknown",
      "timestamp": 20.447761194029777,
      "evidence_count": 0
    },
    "7a1d67b1-d3c2-4ca4-81ae-3ba070c426d8": {
      "edge_id": "7a1d67b1-d3c2-4ca4-81ae-3ba070c426d8",
      "source_node": "BSE_ASSET",
      "target_node": "B18",
      "belief_type": "valuation",
      "confidence": 0.2,
      "value": 101.2,
      "timestamp": 35.820895522387985,
      "evidence_count": 2
    },
    "04103fe8-1dae-476e-82a9-ebdac9c66513": {
      "edge_id": "04103fe8-1dae-476e-82a9-ebdac9c66513",
      "source_node": "BSE_ASSET",
      "target_node": "S15",
      "belief_type": "strategy",
      "confidence": 0.1,
      "value": "unknown",
      "timestamp": 20.447761194029777,
      "evidence_count": 0
    },
    "a47ddd17-76fc-42ef-bb46-f67cbed1563c": {
      "edge_id": "a47ddd17-76fc-42ef-bb46-f67cbed1563c",
      "source_node": "BSE_ASSET",
      "target_node": "S15",
      "belief_type": "valuation",
      "confidence": 0.1,
      "value": 127,
      "timestamp": 20.447761194029777,
      "evidence_count": 1
    },
    "ab623d03-d8b7-4101-8479-c162555c7e94": {
      "edge_id": "ab623d03-d8b7-4101-8479-c162555c7e94",
      "source_node": "BSE_ASSET",
      "target_node": "P15",
      "belief_type": "strategy",
      "confidence": 0.1,
      "value": "unknown",
      "timestamp": 20.447761194029777,
      "evidence_count": 0
    },
    "a250cf75-fc87-4903-94e1-f3f6b0e45ea5": {
      "edge_id": "a250cf75-fc87-4903-94e1-f3f6b0e45ea5",
      "source_node": "BSE_ASSET",
      "target_node": "P15",
      "belief_type": "valuation",
      "confidence": 0.5,
      "value": 126.73009999999998,
      "timestamp": 45.97014925373145,
      "evidence_count": 5
    },
    "f44acae2-6a86-4e60-83db-977669d3f8c2": {
      "edge_id": "f44acae2-6a86-4e60-83db-977669d3f8c2",
      "source_node": "BSE_ASSET",
      "target_node": "P00",
      "belief_type": "strategy",
      "confidence": 0.1,
      "value": "unknown",
      "timestamp": 20.447761194029777,
      "evidence_count": 0
    },
    "b7431e77-6869-40d9-8548-a7b140de17f6": {
      "edge_id": "b7431e77-6869-40d9-8548-a7b140de17f6",
      "source_node": "BSE_ASSET",
      "target_node": "P00",
      "belief_type": "valuation",
      "confidence": 0.30000000000000004,
      "value": 125.43,
      "timestamp": 45.97014925373145,
      "evidence_count": 3
    },
    "b2e2eb57-2b5e-426c-9873-4d7abaae948c": {
      "edge_id": "b2e2eb57-2b5e-426c-9873-4d7abaae948c",
      "source_node": "BSE_ASSET",
      "target_node": "P06",
      "belief_type": "strategy",
      "confidence": 0.1,
      "value": "unknown",
      "timestamp": 20.447761194029777,
      "evidence_count": 0
    },
    "2681240d-a586-4c31-84ee-84aeeeaa5df4": {
      "edge_id": "2681240d-a586-4c31-84ee-84aeeeaa5df4",
      "source_node": "BSE_ASSET",
      "target_node": "P06",
      "belief_type": "valuation",
      "confidence": 0.2,
      "value": 124.9,
      "timestamp": 35.820895522387985,
      "evidence_count": 2
    },
    "196c163c-95aa-4875-b187-25900e34f756": {
      "edge_id": "196c163c-95aa-4875-b187-25900e34f756",
      "source_node": "BSE_ASSET",
      "target_node": "P10",
      "belief_type": "strategy",
      "confidence": 0.1,
      "value": "unknown",
      "timestamp": 25.522388059701388,
      "evidence_count": 0
    },
    "bf2e7398-c8df-405b-9730-134efe1cc427": {
      "edge_id": "bf2e7398-c8df-405b-9730-134efe1cc427",
      "source_node": "BSE_ASSET",
      "target_node": "P10",
      "belief_type": "valuation",
      "confidence": 0.1,
      "value": 124,
      "timestamp": 25.522388059701388,
      "evidence_count": 1
    },
    "1a1bf625-9ccc-4183-b30d-b7de2ae8fe68": {
      "edge_id": "1a1bf625-9ccc-4183-b30d-b7de2ae8fe68",
      "source_node": "BSE_ASSET",
      "target_node": "B01",
      "belief_type": "strategy",
      "confidence": 0.1,
      "value": "unknown",
      "timestamp": 25.522388059701388,
      "evidence_count": 0
    },
    "8d75bcf0-d40a-4f7f-a5f0-b0e51f862193": {
      "edge_id": "8d75bcf0-d40a-4f7f-a5f0-b0e51f862193",
      "source_node": "BSE_ASSET",
      "target_node": "B01",
      "belief_type": "valuation",
      "confidence": 0.1,
      "value": 91,
      "timestamp": 25.522388059701388,
      "evidence_count": 1
    },
    "409b14b7-6469-4915-b708-fab8ae0b797e": {
      "edge_id": "409b14b7-6469-4915-b708-fab8ae0b797e",
      "source_node": "BSE_ASSET",
      "target_node": "S14",
      "belief_type": "strategy",
      "confidence": 0.1,
      "value": "unknown",
      "timestamp": 25.522388059701388,
      "evidence_count": 0
    },
    "b1323831-49ac-4dc0-99e9-f6b71dfb031b": {
      "edge_id": "b1323831-49ac-4dc0-99e9-f6b71dfb031b",
      "source_node": "BSE_ASSET",
      "target_node": "S14",
      "belief_type": "valuation",
      "confidence": 0.30000000000000004,
      "value": 133.0,
      "timestamp": 35.820895522387985,
      "evidence_count": 3
    },
    "f16b3394-4c3d-415a-8620-1141d9065c0f": {
      "edge_id": "f16b3394-4c3d-415a-8620-1141d9065c0f",
      "source_node": "BSE_ASSET",
      "target_node": "S00",
      "belief_type": "strategy",
      "confidence": 0.1,
      "value": "unknown",
      "timestamp": 25.522388059701388,
      "evidence_count": 0
    },
    "97401a61-7775-4492-99c9-a96a0977c4a2": {
      "edge_id": "97401a61-7775-4492-99c9-a96a0977c4a2",
      "source_node": "BSE_ASSET",
      "target_node": "S00",
      "belief_type": "valuation",
      "confidence": 0.4,
      "value": 135.85999999999999,
      "timestamp": 40.89552238805972,
      "evidence_count": 4
    },
    "811e5142-0866-4165-8bec-c7814cbd7603": {
      "edge_id": "811e5142-0866-4165-8bec-c7814cbd7603",
      "source_node": "BSE_ASSET",
      "target_node": "S22",
      "belief_type": "strategy",
      "confidence": 0.1,
      "value": "unknown",
      "timestamp": 25.522388059701388,
      "evidence_count": 0
    },
    "6e7ce603-4891-43f9-ad5a-899b5f7c7706": {
      "edge_id": "6e7ce603-4891-43f9-ad5a-899b5f7c7706",
      "source_node": "BSE_ASSET",
      "target_node": "S22",
      "belief_type": "valuation",
      "confidence": 0.30000000000000004,
      "value": 147.14,
      "timestamp": 40.89552238805972,
      "evidence_count": 3
    },
    "f5766cad-2661-48db-b61e-8443909188ac": {
      "edge_id": "f5766cad-2661-48db-b61e-8443909188ac",
      "source_node": "BSE_ASSET",
      "target_node": "S19",
      "belief_type": "strategy",
      "confidence": 0.1,
      "value": "unknown",
      "timestamp": 25.522388059701388,
      "evidence_count": 0
    },
    "1fce0217-79bd-493a-bf95-f47803dc0673": {
      "edge_id": "1fce0217-79bd-493a-bf95-f47803dc0673",
      "source_node": "BSE_ASSET",
      "target_node": "S19",
      "belief_type": "valuation",
      "confidence": 0.2,
      "value": 172.0,
      "timestamp": 30.597014925373,
      "evidence_count": 2
    },
    "823ebb03-c175-4792-b44c-6c6d76bb58f3": {
      "edge_id": "823ebb03-c175-4792-b44c-6c6d76bb58f3",
      "source_node": "BSE_ASSET",
      "target_node": "S13",
      "belief_type": "strategy",
      "confidence": 0.1,
      "value": "unknown",
      "timestamp": 25.522388059701388,
      "evidence_count": 0
    },
    "427911f3-06d3-43e5-8f9a-6d7a36f58a13": {
      "edge_id": "427911f3-06d3-43e5-8f9a-6d7a36f58a13",
      "source_node": "BSE_ASSET",
      "target_node": "S13",
      "belief_type": "valuation",
      "confidence": 0.5,
      "value": 153.04449999999997,
      "timestamp": 45.97014925373145,
      "evidence_count": 5
    },
    "870a4450-7afe-44fd-a0fc-6ee095d572b5": {
      "edge_id": "870a4450-7afe-44fd-a0fc-6ee095d572b5",
      "source_node": "BSE_ASSET",
      "target_node": "P04",
      "belief_type": "strategy",
      "confidence": 0.1,
      "value": "unknown",
      "timestamp": 25.522388059701388,
      "evidence_count": 0
    },
    "5e8a67ae-9216-4b80-8f53-1870ffcb0b11": {
      "edge_id": "5e8a67ae-9216-4b80-8f53-1870ffcb0b11",
      "source_node": "BSE_ASSET",
      "target_node": "P04",
      "belief_type": "valuation",
      "confidence": 0.2,
      "value": 125.8,
      "timestamp": 45.97014925373145,
      "evidence_count": 2
    },
    "b1f227d0-3240-4855-90b0-59530262fa7b": {
      "edge_id": "b1f227d0-3240-4855-90b0-59530262fa7b",
      "source_node": "BSE_ASSET",
      "target_node": "B22",
      "belief_type": "strategy",
      "confidence": 0.1,
      "value": "unknown",
      "timestamp": 30.597014925373,
      "evidence_count": 0
    },
    "02b59f1a-6483-4cfc-8e54-a9facfd0330b": {
      "edge_id": "02b59f1a-6483-4cfc-8e54-a9facfd0330b",
      "source_node": "BSE_ASSET",
      "target_node": "B22",
      "belief_type": "valuation",
      "confidence": 0.1,
      "value": 112,
      "timestamp": 30.597014925373,
      "evidence_count": 1
    },
    "9da24ca2-aaa8-438f-a326-1f2715d42c80": {
      "edge_id": "9da24ca2-aaa8-438f-a326-1f2715d42c80",
      "source_node": "BSE_ASSET",
      "target_node": "B03",
      "belief_type": "strategy",
      "confidence": 0.1,
      "value": "unknown",
      "timestamp": 30.597014925373,
      "evidence_count": 0
    },
    "7da49994-9ee2-414d-8157-a65cba322b87": {
      "edge_id": "7da49994-9ee2-414d-8157-a65cba322b87",
      "source_node": "BSE_ASSET",
      "target_node": "B03",
      "belief_type": "valuation",
      "confidence": 0.2,
      "value": 103.0,
      "timestamp": 35.820895522387985,
      "evidence_count": 2
    },
    "36d6b431-78cf-4575-a786-441a62a4a532": {
      "edge_id": "36d6b431-78cf-4575-a786-441a62a4a532",
      "source_node": "BSE_ASSET",
      "target_node": "S17",
      "belief_type": "strategy",
      "confidence": 0.1,
      "value": "unknown",
      "timestamp": 30.597014925373,
      "evidence_count": 0
    },
    "30c934a0-5489-44b1-bc42-0b4dadc749d9": {
      "edge_id": "30c934a0-5489-44b1-bc42-0b4dadc749d9",
      "source_node": "BSE_ASSET",
      "target_node": "S17",
      "belief_type": "valuation",
      "confidence": 0.2,
      "value": 135.1,
      "timestamp": 40.89552238805972,
      "evidence_count": 2
    },
    "93b2c31b-80ad-4615-87ee-f3daafee9617": {
      "edge_id": "93b2c31b-80ad-4615-87ee-f3daafee9617",
      "source_node": "BSE_ASSET",
      "target_node": "S05",
      "belief_type": "strategy",
      "confidence": 0.1,
      "value": "unknown",
      "timestamp": 30.597014925373,
      "evidence_count": 0
    },
    "3035e5da-817c-4377-9f9f-1de187c62290": {
      "edge_id": "3035e5da-817c-4377-9f9f-1de187c62290",
      "source_node": "BSE_ASSET",
      "target_node": "S05",
      "belief_type": "valuation",
      "confidence": 0.30000000000000004,
      "value": 154.55999999999997,
      "timestamp": 45.97014925373145,
      "evidence_count": 3
    },
    "6941c22d-b228-4a5c-96a0-2fb53c8095f3": {
      "edge_id": "6941c22d-b228-4a5c-96a0-2fb53c8095f3",
      "source_node": "BSE_ASSET",
      "target_node": "S09",
      "belief_type": "strategy",
      "confidence": 0.1,
      "value": "unknown",
      "timestamp": 40.89552238805972,
      "evidence_count": 0
    },
    "e41a6b4e-8fa4-4f09-bdc5-92a26021209e": {
      "edge_id": "e41a6b4e-8fa4-4f09-bdc5-92a26021209e",
      "source_node": "BSE_ASSET",
      "target_node": "S09",
      "belief_type": "valuation",
      "confidence": 0.1,
      "value": 139,
      "timestamp": 40.89552238805972,
      "evidence_count": 1
    },
    "bf47c788-549b-4c76-961c-42bcc91294bb": {
      "edge_id": "bf47c788-549b-4c76-961c-42bcc91294bb",
      "source_node": "BSE_ASSET",
      "target_node": "S21",
      "belief_type": "strategy",
      "confidence": 0.1,
      "value": "unknown",
      "timestamp": 40.89552238805972,
      "evidence_count": 0
    },
    "cc90d1a8-33d1-4316-9c9a-b9fd41163c52": {
      "edge_id": "cc90d1a8-33d1-4316-9c9a-b9fd41163c52",
      "source_node": "BSE_ASSET",
      "target_node": "S21",
      "belief_type": "valuation",
      "confidence": 0.1,
      "value": 154,
      "timestamp": 40.89552238805972,
      "evidence_count": 1
    },
    "ee347ca0-8051-456e-8317-26f4c3c51994": {
      "edge_id": "ee347ca0-8051-456e-8317-26f4c3c51994",
      "source_node": "BSE_ASSET",
      "target_node": "P05",
      "belief_type": "strategy",
      "confidence": 0.1,
      "value": "unknown",
      "timestamp": 45.97014925373145,
      "evidence_count": 0
    },
    "e97ec1ea-62ae-4b66-bee1-9327a2545923": {
      "edge_id": "e97ec1ea-62ae-4b66-bee1-9327a2545923",
      "source_node": "BSE_ASSET",
      "target_node": "P05",
      "belief_type": "valuation",
      "confidence": 0.1,
      "value": 126,
      "timestamp": 45.97014925373145,
      "evidence_count": 1
    },
    "cd309333-f1ec-445e-8295-3a1a78d85bc0": {
      "edge_id": "cd309333-f1ec-445e-8295-3a1a78d85bc0",
      "source_node": "BSE_ASSET",
      "target_node": "S08",
      "belief_type": "strategy",
      "confidence": 0.1,
      "value": "unknown",
      "timestamp": 45.97014925373145,
      "evidence_count": 0
    },
    "e45c90b8-6c3a-4b8c-bbc7-d708d27a4be9": {
      "edge_id": "e45c90b8-6c3a-4b8c-bbc7-d708d27a4be9",
      "source_node": "BSE_ASSET",
      "target_node": "S08",
      "belief_type": "valuation",
      "confidence": 0.1,
      "value": 156,
      "timestamp": 45.97014925373145,
      "evidence_count": 1
    }
  },
  "event_history": [
    {
      "event_id": "ask_S20_30.597014925373",
      "event_type": "ask",
      "timestamp": 30.597014925373,
      "agent_id": "S20",
      "price": 180,
      "quantity": 1,
      "counterparty_id": null,
      "order_id": null
    },
    {
      "event_id": "bid_P07_35.820895522387985",
      "event_type": "bid",
      "timestamp": 35.820895522387985,
      "agent_id": "P07",
      "price": 120,
      "quantity": 1,
      "counterparty_id": null,
      "order_id": null
    },
    {
      "event_id": "bid_P13_35.820895522387985",
      "event_type": "bid",
      "timestamp": 35.820895522387985,
      "agent_id": "P13",
      "price": 120,
      "quantity": 1,
      "counterparty_id": null,
      "order_id": null
    },
    {
      "event_id": "bid_B18_35.820895522387985",
      "event_type": "bid",
      "timestamp": 35.820895522387985,
      "agent_id": "B18",
      "price": 104,
      "quantity": 1,
      "counterparty_id": null,
      "order_id": null
    },
    {
      "event_id": "bid_B03_35.820895522387985",
      "event_type": "bid",
      "timestamp": 35.820895522387985,
      "agent_id": "B03",
      "price": 103,
      "quantity": 1,
      "counterparty_id": null,
      "order_id": null
    },
    {
      "event_id": "ask_P19_35.820895522387985",
      "event_type": "ask",
      "timestamp": 35.820895522387985,
      "agent_id": "P19",
      "price": 127,
      "quantity": 1,
      "counterparty_id": null,
      "order_id": null
    },
    {
      "event_id": "ask_P06_35.820895522387985",
      "event_type": "ask",
      "timestamp": 35.820895522387985,
      "agent_id": "P06",
      "price": 127,
      "quantity": 1,
      "counterparty_id": null,
      "order_id": null
    },
    {
      "event_id": "ask_P02_35.820895522387985",
      "event_type": "ask",
      "timestamp": 35.820895522387985,
      "agent_id": "P02",
      "price": 129,
      "quantity": 1,
      "counterparty_id": null,
      "order_id": null
    },
    {
      "event_id": "ask_S00_35.820895522387985",
      "event_type": "ask",
      "timestamp": 35.820895522387985,
      "agent_id": "S00",
      "price": 129,
      "quantity": 1,
      "counterparty_id": null,
      "order_id": null
    },
    {
      "event_id": "ask_P08_35.820895522387985",
      "event_type": "ask",
      "timestamp": 35.820895522387985,
      "agent_id": "P08",
      "price": 130,
      "quantity": 1,
      "counterparty_id": null,
      "order_id": null
    },
    {
      "event_id": "ask_P18_35.820895522387985",
      "event_type": "ask",
      "timestamp": 35.820895522387985,
      "agent_id": "P18",
      "price": 130,
      "quantity": 1,
      "counterparty_id": null,
      "order_id": null
    },
    {
      "event_id": "ask_S13_35.820895522387985",
      "event_type": "ask",
      "timestamp": 35.820895522387985,
      "agent_id": "S13",
      "price": 130,
      "quantity": 1,
      "counterparty_id": null,
      "order_id": null
    },
    {
      "event_id": "ask_S14_35.820895522387985",
      "event_type": "ask",
      "timestamp": 35.820895522387985,
      "agent_id": "S14",
      "price": 133,
      "quantity": 1,
      "counterparty_id": null,
      "order_id": null
    },
    {
      "event_id": "ask_S05_35.820895522387985",
      "event_type": "ask",
      "timestamp": 35.820895522387985,
      "agent_id": "S05",
      "price": 134,
      "quantity": 1,
      "counterparty_id": null,
      "order_id": null
    },
    {
      "event_id": "ask_S06_35.820895522387985",
      "event_type": "ask",
      "timestamp": 35.820895522387985,
      "agent_id": "S06",
      "price": 147,
      "quantity": 1,
      "counterparty_id": null,
      "order_id": null
    },
    {
      "event_id": "ask_S04_35.820895522387985",
      "event_type": "ask",
      "timestamp": 35.820895522387985,
      "agent_id": "S04",
      "price": 153,
      "quantity": 1,
      "counterparty_id": null,
      "order_id": null
    },
    {
      "event_id": "ask_S07_35.820895522387985",
      "event_type": "ask",
      "timestamp": 35.820895522387985,
      "agent_id": "S07",
      "price": 210,
      "quantity": 1,
      "counterparty_id": null,
      "order_id": null
    },
    {
      "event_id": "bid_P15_40.89552238805972",
      "event_type": "bid",
      "timestamp": 40.89552238805972,
      "agent_id": "P15",
      "price": 126,
      "quantity": 1,
      "counterparty_id": null,
      "order_id": null
    },
    {
      "event_id": "bid_B11_40.89552238805972",
      "event_type": "bid",
      "timestamp": 40.89552238805972,
      "agent_id": "B11",
      "price": 123,
      "quantity": 1,
      "counterparty_id": null,
      "order_id": null
    },
    {
      "event_id": "bid_P00_40.89552238805972",
      "event_type": "bid",
      "timestamp": 40.89552238805972,
      "agent_id": "P00",
      "price": 122,
      "quantity": 1,
      "counterparty_id": null,
      "order_id": null
    },
    {
      "event_id": "bid_P07_40.89552238805972",
      "event_type": "bid",
      "timestamp": 40.89552238805972,
      "agent_id": "P07",
      "price": 120,
      "quantity": 1,
      "counterparty_id": null,
      "order_id": null
    },
    {
      "event_id": "bid_P13_40.89552238805972",
      "event_type": "bid",
      "timestamp": 40.89552238805972,
      "agent_id": "P13",
      "price": 120,
      "quantity": 1,
      "counterparty_id": null,
      "order_id": null
    },
    {
      "event_id": "bid_B02_40.89552238805972",
      "event_type": "bid",
      "timestamp": 40.89552238805972,
      "agent_id": "B02",
      "price": 28,
      "quantity": 1,
      "counterparty_id": null,
      "order_id": null
    },
    {
      "event_id": "ask_P17_40.89552238805972",
      "event_type": "ask",
      "timestamp": 40.89552238805972,
      "agent_id": "P17",
      "price": 127,
      "quantity": 1,
      "counterparty_id": null,
      "order_id": null
    },
    {
      "event_id": "ask_P02_40.89552238805972",
      "event_type": "ask",
      "timestamp": 40.89552238805972,
      "agent_id": "P02",
      "price": 129,
      "quantity": 1,
      "counterparty_id": null,
      "order_id": null
    },
    {
      "event_id": "ask_S00_40.89552238805972",
      "event_type": "ask",
      "timestamp": 40.89552238805972,
      "agent_id": "S00",
      "price": 129,
      "quantity": 1,
      "counterparty_id": null,
      "order_id": null
    },
    {
      "event_id": "ask_P08_40.89552238805972",
      "event_type": "ask",
      "timestamp": 40.89552238805972,
      "agent_id": "P08",
      "price": 130,
      "quantity": 1,
      "counterparty_id": null,
      "order_id": null
    },
    {
      "event_id": "ask_S09_40.89552238805972",
      "event_type": "ask",
      "timestamp": 40.89552238805972,
      "agent_id": "S09",
      "price": 139,
      "quantity": 1,
      "counterparty_id": null,
      "order_id": null
    },
    {
      "event_id": "ask_S22_40.89552238805972",
      "event_type": "ask",
      "timestamp": 40.89552238805972,
      "agent_id": "S22",
      "price": 140,
      "quantity": 1,
      "counterparty_id": null,
      "order_id": null
    },
    {
      "event_id": "ask_S06_40.89552238805972",
      "event_type": "ask",
      "timestamp": 40.89552238805972,
      "agent_id": "S06",
      "price": 147,
      "quantity": 1,
      "counterparty_id": null,
      "order_id": null
    },
    {
      "event_id": "ask_S04_40.89552238805972",
      "event_type": "ask",
      "timestamp": 40.89552238805972,
      "agent_id": "S04",
      "price": 153,
      "quantity": 1,
      "counterparty_id": null,
      "order_id": null
    },
    {
      "event_id": "ask_S17_40.89552238805972",
      "event_type": "ask",
      "timestamp": 40.89552238805972,
      "agent_id": "S17",
      "price": 154,
      "quantity": 1,
      "counterparty_id": null,
      "order_id": null
    },
    {
      "event_id": "ask_S21_40.89552238805972",
      "event_type": "ask",
      "timestamp": 40.89552238805972,
      "agent_id": "S21",
      "price": 154,
      "quantity": 1,
      "counterparty_id": null,
      "order_id": null
    },
    {
      "event_id": "ask_S13_40.89552238805972",
      "event_type": "ask",
      "timestamp": 40.89552238805972,
      "agent_id": "S13",
      "price": 154,
      "quantity": 1,
      "counterparty_id": null,
      "order_id": null
    },
    {
      "event_id": "ask_S12_40.89552238805972",
      "event_type": "ask",
      "timestamp": 40.89552238805972,
      "agent_id": "S12",
      "price": 156,
      "quantity": 1,
      "counterparty_id": null,
      "order_id": null
    },
    {
      "event_id": "ask_S07_40.89552238805972",
      "event_type": "ask",
      "timestamp": 40.89552238805972,
      "agent_id": "S07",
      "price": 210,
      "quantity": 1,
      "counterparty_id": null,
      "order_id": null
    },
    {
      "event_id": "ask_S20_40.89552238805972",
      "event_type": "ask",
      "timestamp": 40.89552238805972,
      "agent_id": "S20",
      "price": 340,
      "quantity": 1,
      "counterparty_id": null,
      "order_id": null
    },
    {
      "event_id": "bid_P13_45.97014925373145",
      "event_type": "bid",
      "timestamp": 45.97014925373145,
      "agent_id": "P13",
      "price": 127,
      "quantity": 1,
      "counterparty_id": null,
      "order_id": null
    },
    {
      "event_id": "bid_P01_45.97014925373145",
      "event_type": "bid",
      "timestamp": 45.97014925373145,
      "agent_id": "P01",
      "price": 127,
      "quantity": 1,
      "counterparty_id": null,
      "order_id": null
    },
    {
      "event_id": "bid_P15_45.97014925373145",
      "event_type": "bid",
      "timestamp": 45.97014925373145,
      "agent_id": "P15",
      "price": 126,
      "quantity": 1,
      "counterparty_id": null,
      "order_id": null
    },
    {
      "event_id": "bid_P05_45.97014925373145",
      "event_type": "bid",
      "timestamp": 45.97014925373145,
      "agent_id": "P05",
      "price": 126,
      "quantity": 1,
      "counterparty_id": null,
      "order_id": null
    },
    {
      "event_id": "bid_P16_45.97014925373145",
      "event_type": "bid",
      "timestamp": 45.97014925373145,
      "agent_id": "P16",
      "price": 126,
      "quantity": 1,
      "counterparty_id": null,
      "order_id": null
    },
    {
      "event_id": "bid_P00_45.97014925373145",
      "event_type": "bid",
      "timestamp": 45.97014925373145,
      "agent_id": "P00",
      "price": 122,
      "quantity": 1,
      "counterparty_id": null,
      "order_id": null
    },
    {
      "event_id": "bid_P07_45.97014925373145",
      "event_type": "bid",
      "timestamp": 45.97014925373145,
      "agent_id": "P07",
      "price": 120,
      "quantity": 1,
      "counterparty_id": null,
      "order_id": null
    },
    {
      "event_id": "ask_P04_45.97014925373145",
      "event_type": "ask",
      "timestamp": 45.97014925373145,
      "agent_id": "P04",
      "price": 130,
      "quantity": 1,
      "counterparty_id": null,
      "order_id": null
    },
    {
      "event_id": "ask_S13_45.97014925373145",
      "event_type": "ask",
      "timestamp": 45.97014925373145,
      "agent_id": "S13",
      "price": 154,
      "quantity": 1,
      "counterparty_id": null,
      "order_id": null
    },
    {
      "event_id": "ask_S08_45.97014925373145",
      "event_type": "ask",
      "timestamp": 45.97014925373145,
      "agent_id": "S08",
      "price": 156,
      "quantity": 1,
      "counterparty_id": null,
      "order_id": null
    },
    {
      "event_id": "ask_S12_45.97014925373145",
      "event_type": "ask",
      "timestamp": 45.97014925373145,
      "agent_id": "S12",
      "price": 181,
      "quantity": 1,
      "counterparty_id": null,
      "order_id": null
    },
    {
      "event_id": "ask_S05_45.97014925373145",
      "event_type": "ask",
      "timestamp": 45.97014925373145,
      "agent_id": "S05",
      "price": 196,
      "quantity": 1,
      "counterparty_id": null,
      "order_id": null
    },
    {
      "event_id": "ask_S07_45.97014925373145",
      "event_type": "ask",
      "timestamp": 45.97014925373145,
      "agent_id": "S07",
      "price": 349,
      "quantity": 1,
      "counterparty_id": null,
      "order_id": null
    }
  ]
}
2025-10-10 19:00:33 | HM_NL_COT_P19 | ================================================================================
2025-10-10 19:00:33 | HM_NL_COT_P19 | [AGENTS-TRACKED] Currently tracking 55 agents: ['P19', 'P17', 'P02', 'P01', 'P08', 'P07', 'B11', 'B19', 'S06', 'S02', 'S07', 'P20', 'B13', 'B05', 'B02', 'B07', 'B09', 'B04', 'S03', 'S12', 'S20', 'P14', 'B06', 'B20', 'B10', 'S04', 'P12', 'P18', 'P16', 'P13', 'B15', 'B21', 'B08', 'B14', 'B18', 'S15', 'P15', 'P00', 'P06', 'P10', 'B01', 'S14', 'S00', 'S22', 'S19', 'S13', 'P04', 'B22', 'B03', 'S17', 'S05', 'S09', 'S21', 'P05', 'S08']
2025-10-10 19:04:17 | HM_NL_COT_P19 | TRADE: SOLD at $130.00 | Profit: $6.00 | Total Profit: $6.00 | Balance: $506.00
2025-10-10 19:04:37 | HM_NL_COT_P19 | [GETORDER] Called at time 50.7, job=Buy, balance=$506
2025-10-10 19:04:37 | HM_NL_COT_P19 | === LLM PROMPT AT TIME 50.74626865671661 ===
2025-10-10 19:04:37 | HM_NL_COT_P19 | ================================================================================
2025-10-10 19:04:37 | HM_NL_COT_P19 | 
You are a proprietary trader looking to BUY a unit.

MARKET DATA:
Time: 50.7
Best Bid: 131
Best Ask: 139
Spread: 8
Recent prices: [138, 154, 130, 130, 127]
Average recent price: $135.8

MY CURRENT STATE:
Balance: $506
Current job: Buy
Inventory: 0 units
Last purchase price: $124
Number of completed trades: 2



MARKET EDUCATION:
- Price ranges typically between $1-$500 in this market
- The market operates as a continuous double auction with a limit order book
- Orders are matched when bid prices meet or exceed ask prices
- You can place BID orders (to buy) or ASK orders (to sell)

HOW ORDER BOOKS WORK:
- To BUY: Place a BID order at your desired price
  - If sellers exist at/below your bid price → immediate execution
  - If no sellers at your price → your bid waits on the order book
  - Higher bids are more likely to execute quickly

- To SELL: Place an ASK order at your desired price
  - If buyers exist at/above your ask price → immediate execution
  - If no buyers at your price → your ask waits on the order book
  - Lower asks are more likely to execute quickly

TRADING PRINCIPLES:
- "Buy low, sell high" means buying below recent average prices when possible
- Risk management: avoid spending your entire balance on one trade
- Learn from history: if recent trades lost money, consider what went wrong
- Liquidity: sometimes waiting for better prices is smarter than forcing trades
- Analyze other traders' activity patterns and draw your own conclusions



BELIEF GRAPH INSIGHTS (Natural Language):
The belief graph represents your understanding of market dynamics and other agents' strategies.

Current market beliefs:
My trading attributes: {'aggressiveness': 0.6, 'learning_rate': 0.6, 'hypothesis_threshold': 0.3, 'exploration_rate': 0.5, 'adaptability': 0.7, 'strategic_depth': 0.8}

Tracking 55 agents
  - Agent P19
  - Agent P17
  - Agent P02
  - Agent P01
  - Agent P08
  - Agent P07
  - Agent B11
  - Agent B19
  - Agent S06
  - Agent S02
  - Agent S07
  - Agent P20
  - Agent B13
  - Agent B05
  - Agent B02
  - Agent B07
  - Agent B09
  - Agent B04
  - Agent S03
  - Agent S12
  - Agent S20
  - Agent P14
  - Agent B06
  - Agent B20
  - Agent B10
  - Agent S04
  - Agent P12
  - Agent P18
  - Agent P16
  - Agent P13
  - Agent B15
  - Agent B21
  - Agent B08
  - Agent B14
  - Agent B18
  - Agent S15
  - Agent P15
  - Agent P00
  - Agent P06
  - Agent P10
  - Agent B01
  - Agent S14
  - Agent S00
  - Agent S22
  - Agent S19
  - Agent S13
  - Agent P04
  - Agent B22
  - Agent B03
  - Agent S17
  - Agent S05
  - Agent S09
  - Agent S21
  - Agent P05
  - Agent S08

This narrative describes:
- How aggressive or passive other traders are behaving
- What strategies you believe they are following
- Overall market sentiment and direction
- Your assessment of current market risks
- How confident you are in your understanding of each agent

Use these insights to inform your trading decisions.


GRAPH QUALITY: BASIC
You have limited information about market participants.
Belief graph data is based on observations and may contain uncertainties.


CURRENT SITUATION: You currently have NO INVENTORY and are looking to BUY a unit.

YOUR GOAL: Make a profitable trade. End with MORE money than you started with.


REASONING PROCESS:
Before making your decision, think through:
1. What is the current market situation?
2. What are other traders doing and why?
3. What does my belief graph tell me?
4. What are the risks and opportunities?
5. What action aligns with my strategy?

Provide your reasoning step-by-step, then state your decision.


Respond with ONLY:
"BUY [exact_price]" - to place a bid at that price
"WAIT" - to wait for better conditions



2025-10-10 19:04:37 | HM_NL_COT_P19 | ================================================================================
2025-10-10 19:04:39 | HM_NL_COT_P19 | === RAW LLM RESPONSE ===
2025-10-10 19:04:39 | HM_NL_COT_P19 | Okay, let's analyze the situation:

1.  **Market Situation:** The best bid is 131, and the best ask is 139, creating a spread of 8. The average recent price is $135.8. The recent prices show some volatility.
2.  **Other Traders:** I have limited information about other traders, but the belief graph indicates I'm tracking 55 agents. I need to observe their behavior more closely to understand their strategies.
3.  **Belief Graph:** The belief graph's insights are limited due to the "BASIC" graph quality. I need to rely on the market data and my trading principles.
4.  **Risks and Opportunities:** The risk is buying at a price that's too high and losing money. The opportunity is to buy low and sell high. Given the spread, I want to buy as close to the best bid as possible.
5.  **Action:** I want to buy below the average recent price of $135.8. I'll aim to buy at the best bid, but I'll also consider the recent price history. Given the spread, I'll try to buy at 131.

BUY 131
2025-10-10 19:04:39 | HM_NL_COT_P19 | ================================================================================
2025-10-10 19:04:39 | HM_NL_COT_P19 | === PARSED DECISION ===
2025-10-10 19:04:39 | HM_NL_COT_P19 | Action: BUY
2025-10-10 19:04:39 | HM_NL_COT_P19 | Price: 131
2025-10-10 19:04:39 | HM_NL_COT_P19 | Reasoning: Okay, let's analyze the situation:

1.  **Market Situation:** The best bid is 131, and the best ask is 139, creating a spread of 8. The average recent price is $135.8. The recent prices show some volatility.
2.  **Other Traders:** I have limited information about other traders, but the belief graph indicates I'm tracking 55 agents. I need to observe their behavior more closely to understand their strategies.
3.  **Belief Graph:** The belief graph's insights are limited due to the "BASIC" graph q
2025-10-10 19:04:39 | HM_NL_COT_P19 | Current Job: Buy
2025-10-10 19:04:39 | HM_NL_COT_P19 | Balance: $506.00
2025-10-10 19:04:39 | HM_NL_COT_P19 | Inventory: 0
2025-10-10 19:07:45 | HM_NL_COT_P19 | [BELIEF-THROTTLE] P09: Running belief graph update at time 51.0
2025-10-10 19:07:45 | HM_NL_COT_P19 | [UPDATE-SUMMARY] Processed 23 market events at time 51.0
2025-10-10 19:07:45 | HM_NL_COT_P19 | === BELIEF GRAPH STATE AT TIME 51.0 ===
2025-10-10 19:07:45 | HM_NL_COT_P19 | {
  "graph_id": "35bffc35-eaaa-4a03-8264-413373ab85fc",
  "asset_id": "BSE_ASSET",
  "current_time": 51.04477611940318,
  "nodes": {
    "BSE_ASSET": {
      "asset_id": "BSE_ASSET",
      "node_type": "asset",
      "current_best_bid": null,
      "current_best_ask": null,
      "last_trade_price": null,
      "volume_traded": 0,
      "price_volatility": 0.0,
      "spread_width": null,
      "market_depth_bid": 0,
      "market_depth_ask": 0
    },
    "P19": {
      "agent_id": "P19",
      "node_type": "agent",
      "last_bid_price": 124,
      "last_ask_price": 139,
      "last_trade_price": null,
      "total_trades": 0,
      "total_volume": 0,
      "strategy_type": "Hypothetical-Minds",
      "inferred_valuation": 129.13,
      "valuation_confidence": 0.30000000000000004,
      "aggressiveness_score": 0.6,
      "last_activity": 51.04477611940318
    },
    "P17": {
      "agent_id": "P17",
      "node_type": "agent",
      "last_bid_price": 130,
      "last_ask_price": 127,
      "last_trade_price": null,
      "total_trades": 0,
      "total_volume": 0,
      "strategy_type": null,
      "inferred_valuation": 129.1,
      "valuation_confidence": 0.2,
      "aggressiveness_score": 0.0,
      "last_activity": 40.89552238805972
    },
    "P02": {
      "agent_id": "P02",
      "node_type": "agent",
      "last_bid_price": 128,
      "last_ask_price": 129,
      "last_trade_price": null,
      "total_trades": 0,
      "total_volume": 0,
      "strategy_type": null,
      "inferred_valuation": 128.88235099999997,
      "valuation_confidence": 0.7,
      "aggressiveness_score": 0.0,
      "last_activity": 40.89552238805972
    },
    "P01": {
      "agent_id": "P01",
      "node_type": "agent",
      "last_bid_price": 127,
      "last_ask_price": 127,
      "last_trade_price": null,
      "total_trades": 0,
      "total_volume": 0,
      "strategy_type": null,
      "inferred_valuation": 127.16806999999997,
      "valuation_confidence": 0.6,
      "aggressiveness_score": 0.0,
      "last_activity": 51.04477611940318
    },
    "P08": {
      "agent_id": "P08",
      "node_type": "agent",
      "last_bid_price": 127,
      "last_ask_price": 130,
      "last_trade_price": null,
      "total_trades": 0,
      "total_volume": 0,
      "strategy_type": null,
      "inferred_valuation": 129.647053,
      "valuation_confidence": 0.7,
      "aggressiveness_score": 0.0,
      "last_activity": 40.89552238805972
    },
    "P07": {
      "agent_id": "P07",
      "node_type": "agent",
      "last_bid_price": 120,
      "last_ask_price": null,
      "last_trade_price": null,
      "total_trades": 0,
      "total_volume": 0,
      "strategy_type": null,
      "inferred_valuation": 120.0,
      "valuation_confidence": 0.95,
      "aggressiveness_score": 0.0,
      "last_activity": 51.04477611940318
    },
    "B11": {
      "agent_id": "B11",
      "node_type": "agent",
      "last_bid_price": 129,
      "last_ask_price": null,
      "last_trade_price": null,
      "total_trades": 0,
      "total_volume": 0,
      "strategy_type": null,
      "inferred_valuation": 118.91999999999999,
      "valuation_confidence": 0.4,
      "aggressiveness_score": 0.0,
      "last_activity": 51.04477611940318
    },
    "B19": {
      "agent_id": "B19",
      "node_type": "agent",
      "last_bid_price": 124,
      "last_ask_price": null,
      "last_trade_price": null,
      "total_trades": 0,
      "total_volume": 0,
      "strategy_type": null,
      "inferred_valuation": 114.19999999999999,
      "valuation_confidence": 0.2,
      "aggressiveness_score": 0.0,
      "last_activity": 10.298507462686555
    },
    "S06": {
      "agent_id": "S06",
      "node_type": "agent",
      "last_bid_price": null,
      "last_ask_price": 147,
      "last_trade_price": null,
      "total_trades": 0,
      "total_volume": 0,
      "strategy_type": null,
      "inferred_valuation": 139.65,
      "valuation_confidence": 0.30000000000000004,
      "aggressiveness_score": 0.0,
      "last_activity": 40.89552238805972
    },
    "S02": {
      "agent_id": "S02",
      "node_type": "agent",
      "last_bid_price": null,
      "last_ask_price": 129,
      "last_trade_price": null,
      "total_trades": 0,
      "total_volume": 0,
      "strategy_type": null,
      "inferred_valuation": 131.58999999999997,
      "valuation_confidence": 0.30000000000000004,
      "aggressiveness_score": 0.0,
      "last_activity": 15.373134328358166
    },
    "S07": {
      "agent_id": "S07",
      "node_type": "agent",
      "last_bid_price": null,
      "last_ask_price": 349,
      "last_trade_price": null,
      "total_trades": 0,
      "total_volume": 0,
      "strategy_type": null,
      "inferred_valuation": 315.86157999999995,
      "valuation_confidence": 0.6,
      "aggressiveness_score": 0.0,
      "last_activity": 45.97014925373145
    },
    "P20": {
      "agent_id": "P20",
      "node_type": "agent",
      "last_bid_price": 124,
      "last_ask_price": null,
      "last_trade_price": null,
      "total_trades": 0,
      "total_volume": 0,
      "strategy_type": null,
      "inferred_valuation": 124.0,
      "valuation_confidence": 0.2,
      "aggressiveness_score": 0.0,
      "last_activity": 15.373134328358166
    },
    "B13": {
      "agent_id": "B13",
      "node_type": "agent",
      "last_bid_price": 110,
      "last_ask_price": null,
      "last_trade_price": null,
      "total_trades": 0,
      "total_volume": 0,
      "strategy_type": null,
      "inferred_valuation": 105.1,
      "valuation_confidence": 0.4,
      "aggressiveness_score": 0.0,
      "last_activity": 25.522388059701388
    },
    "B05": {
      "agent_id": "B05",
      "node_type": "agent",
      "last_bid_price": 93,
      "last_ask_price": null,
      "last_trade_price": null,
      "total_trades": 0,
      "total_volume": 0,
      "strategy_type": null,
      "inferred_valuation": 95.94,
      "valuation_confidence": 0.30000000000000004,
      "aggressiveness_score": 0.0,
      "last_activity": 20.447761194029777
    },
    "B02": {
      "agent_id": "B02",
      "node_type": "agent",
      "last_bid_price": 28,
      "last_ask_price": null,
      "last_trade_price": null,
      "total_trades": 0,
      "total_volume": 0,
      "strategy_type": null,
      "inferred_valuation": 74.4303,
      "valuation_confidence": 0.5,
      "aggressiveness_score": 0.0,
      "last_activity": 40.89552238805972
    },
    "B07": {
      "agent_id": "B07",
      "node_type": "agent",
      "last_bid_price": 98,
      "last_ask_price": null,
      "last_trade_price": null,
      "total_trades": 0,
      "total_volume": 0,
      "strategy_type": null,
      "inferred_valuation": 98.0,
      "valuation_confidence": 0.2,
      "aggressiveness_score": 0.0,
      "last_activity": 15.373134328358166
    },
    "B09": {
      "agent_id": "B09",
      "node_type": "agent",
      "last_bid_price": 121,
      "last_ask_price": null,
      "last_trade_price": null,
      "total_trades": 0,
      "total_volume": 0,
      "strategy_type": null,
      "inferred_valuation": 101.88999999999999,
      "valuation_confidence": 0.30000000000000004,
      "aggressiveness_score": 0.0,
      "last_activity": 30.597014925373
    },
    "B04": {
      "agent_id": "B04",
      "node_type": "agent",
      "last_bid_price": 82,
      "last_ask_price": null,
      "last_trade_price": null,
      "total_trades": 0,
      "total_volume": 0,
      "strategy_type": null,
      "inferred_valuation": 82.0,
      "valuation_confidence": 0.2,
      "aggressiveness_score": 0.0,
      "last_activity": 15.373134328358166
    },
    "S03": {
      "agent_id": "S03",
      "node_type": "agent",
      "last_bid_price": null,
      "last_ask_price": 157,
      "last_trade_price": null,
      "total_trades": 0,
      "total_volume": 0,
      "strategy_type": null,
      "inferred_valuation": 138.1,
      "valuation_confidence": 0.2,
      "aggressiveness_score": 0.0,
      "last_activity": 51.04477611940318
    },
    "S12": {
      "agent_id": "S12",
      "node_type": "agent",
      "last_bid_price": null,
      "last_ask_price": 181,
      "last_trade_price": null,
      "total_trades": 0,
      "total_volume": 0,
      "strategy_type": null,
      "inferred_valuation": 164.63400000000001,
      "valuation_confidence": 0.5,
      "aggressiveness_score": 0.0,
      "last_activity": 51.04477611940318
    },
    "S20": {
      "agent_id": "S20",
      "node_type": "agent",
      "last_bid_price": null,
      "last_ask_price": 340,
      "last_trade_price": null,
      "total_trades": 0,
      "total_volume": 0,
      "strategy_type": null,
      "inferred_valuation": 210.55599999999998,
      "valuation_confidence": 0.4,
      "aggressiveness_score": 0.0,
      "last_activity": 40.89552238805972
    },
    "P14": {
      "agent_id": "P14",
      "node_type": "agent",
      "last_bid_price": 124,
      "last_ask_price": 127,
      "last_trade_price": null,
      "total_trades": 0,
      "total_volume": 0,
      "strategy_type": null,
      "inferred_valuation": 125.53,
      "valuation_confidence": 0.30000000000000004,
      "aggressiveness_score": 0.0,
      "last_activity": 30.597014925373
    },
    "B06": {
      "agent_id": "B06",
      "node_type": "agent",
      "last_bid_price": 112,
      "last_ask_price": null,
      "last_trade_price": null,
      "total_trades": 0,
      "total_volume": 0,
      "strategy_type": null,
      "inferred_valuation": 112.0,
      "valuation_confidence": 0.2,
      "aggressiveness_score": 0.0,
      "last_activity": 20.447761194029777
    },
    "B20": {
      "agent_id": "B20",
      "node_type": "agent",
      "last_bid_price": 100,
      "last_ask_price": null,
      "last_trade_price": null,
      "total_trades": 0,
      "total_volume": 0,
      "strategy_type": null,
      "inferred_valuation": 100,
      "valuation_confidence": 0.1,
      "aggressiveness_score": 0.0,
      "last_activity": 15.373134328358166
    },
    "B10": {
      "agent_id": "B10",
      "node_type": "agent",
      "last_bid_price": 117,
      "last_ask_price": null,
      "last_trade_price": null,
      "total_trades": 0,
      "total_volume": 0,
      "strategy_type": null,
      "inferred_valuation": 107.69,
      "valuation_confidence": 0.30000000000000004,
      "aggressiveness_score": 0.0,
      "last_activity": 25.522388059701388
    },
    "S04": {
      "agent_id": "S04",
      "node_type": "agent",
      "last_bid_price": null,
      "last_ask_price": 153,
      "last_trade_price": null,
      "total_trades": 0,
      "total_volume": 0,
      "strategy_type": null,
      "inferred_valuation": 141.98969999999997,
      "valuation_confidence": 0.5,
      "aggressiveness_score": 0.0,
      "last_activity": 40.89552238805972
    },
    "P12": {
      "agent_id": "P12",
      "node_type": "agent",
      "last_bid_price": null,
      "last_ask_price": 139,
      "last_trade_price": null,
      "total_trades": 0,
      "total_volume": 0,
      "strategy_type": null,
      "inferred_valuation": 132.7,
      "valuation_confidence": 0.5,
      "aggressiveness_score": 0.0,
      "last_activity": 51.04477611940318
    },
    "P18": {
      "agent_id": "P18",
      "node_type": "agent",
      "last_bid_price": null,
      "last_ask_price": 130,
      "last_trade_price": null,
      "total_trades": 0,
      "total_volume": 0,
      "strategy_type": null,
      "inferred_valuation": 130.0,
      "valuation_confidence": 0.5,
      "aggressiveness_score": 0.0,
      "last_activity": 35.820895522387985
    },
    "P16": {
      "agent_id": "P16",
      "node_type": "agent",
      "last_bid_price": 129,
      "last_ask_price": null,
      "last_trade_price": null,
      "total_trades": 0,
      "total_volume": 0,
      "strategy_type": null,
      "inferred_valuation": 125.91999999999999,
      "valuation_confidence": 0.30000000000000004,
      "aggressiveness_score": 0.0,
      "last_activity": 51.04477611940318
    },
    "P13": {
      "agent_id": "P13",
      "node_type": "agent",
      "last_bid_price": 127,
      "last_ask_price": null,
      "last_trade_price": null,
      "total_trades": 0,
      "total_volume": 0,
      "strategy_type": null,
      "inferred_valuation": 124.53039999999999,
      "valuation_confidence": 0.5,
      "aggressiveness_score": 0.0,
      "last_activity": 51.04477611940318
    },
    "B15": {
      "agent_id": "B15",
      "node_type": "agent",
      "last_bid_price": 120,
      "last_ask_price": null,
      "last_trade_price": null,
      "total_trades": 0,
      "total_volume": 0,
      "strategy_type": null,
      "inferred_valuation": 120,
      "valuation_confidence": 0.1,
      "aggressiveness_score": 0.0,
      "last_activity": 20.447761194029777
    },
    "B21": {
      "agent_id": "B21",
      "node_type": "agent",
      "last_bid_price": 120,
      "last_ask_price": null,
      "last_trade_price": null,
      "total_trades": 0,
      "total_volume": 0,
      "strategy_type": null,
      "inferred_valuation": 116.5,
      "valuation_confidence": 0.2,
      "aggressiveness_score": 0.0,
      "last_activity": 30.597014925373
    },
    "B08": {
      "agent_id": "B08",
      "node_type": "agent",
      "last_bid_price": 130,
      "last_ask_price": null,
      "last_trade_price": null,
      "total_trades": 0,
      "total_volume": 0,
      "strategy_type": null,
      "inferred_valuation": 118.1,
      "valuation_confidence": 0.30000000000000004,
      "aggressiveness_score": 0.0,
      "last_activity": 51.04477611940318
    },
    "B14": {
      "agent_id": "B14",
      "node_type": "agent",
      "last_bid_price": 120,
      "last_ask_price": null,
      "last_trade_price": null,
      "total_trades": 0,
      "total_volume": 0,
      "strategy_type": null,
      "inferred_valuation": 113.63,
      "valuation_confidence": 0.30000000000000004,
      "aggressiveness_score": 0.0,
      "last_activity": 30.597014925373
    },
    "B18": {
      "agent_id": "B18",
      "node_type": "agent",
      "last_bid_price": 104,
      "last_ask_price": null,
      "last_trade_price": null,
      "total_trades": 0,
      "total_volume": 0,
      "strategy_type": null,
      "inferred_valuation": 101.2,
      "valuation_confidence": 0.2,
      "aggressiveness_score": 0.0,
      "last_activity": 35.820895522387985
    },
    "S15": {
      "agent_id": "S15",
      "node_type": "agent",
      "last_bid_price": null,
      "last_ask_price": 127,
      "last_trade_price": null,
      "total_trades": 0,
      "total_volume": 0,
      "strategy_type": null,
      "inferred_valuation": 127,
      "valuation_confidence": 0.1,
      "aggressiveness_score": 0.0,
      "last_activity": 20.447761194029777
    },
    "P15": {
      "agent_id": "P15",
      "node_type": "agent",
      "last_bid_price": 126,
      "last_ask_price": 127,
      "last_trade_price": null,
      "total_trades": 0,
      "total_volume": 0,
      "strategy_type": null,
      "inferred_valuation": 126.51106999999998,
      "valuation_confidence": 0.6,
      "aggressiveness_score": 0.0,
      "last_activity": 51.04477611940318
    },
    "P00": {
      "agent_id": "P00",
      "node_type": "agent",
      "last_bid_price": 122,
      "last_ask_price": 129,
      "last_trade_price": null,
      "total_trades": 0,
      "total_volume": 0,
      "strategy_type": null,
      "inferred_valuation": 124.40100000000001,
      "valuation_confidence": 0.4,
      "aggressiveness_score": 0.0,
      "last_activity": 51.04477611940318
    },
    "P06": {
      "agent_id": "P06",
      "node_type": "agent",
      "last_bid_price": 128,
      "last_ask_price": 127,
      "last_trade_price": null,
      "total_trades": 0,
      "total_volume": 0,
      "strategy_type": null,
      "inferred_valuation": 125.82999999999998,
      "valuation_confidence": 0.30000000000000004,
      "aggressiveness_score": 0.0,
      "last_activity": 51.04477611940318
    },
    "P10": {
      "agent_id": "P10",
      "node_type": "agent",
      "last_bid_price": 124,
      "last_ask_price": 139,
      "last_trade_price": null,
      "total_trades": 0,
      "total_volume": 0,
      "strategy_type": null,
      "inferred_valuation": 128.5,
      "valuation_confidence": 0.2,
      "aggressiveness_score": 0.0,
      "last_activity": 51.04477611940318
    },
    "B01": {
      "agent_id": "B01",
      "node_type": "agent",
      "last_bid_price": 91,
      "last_ask_price": null,
      "last_trade_price": null,
      "total_trades": 0,
      "total_volume": 0,
      "strategy_type": null,
      "inferred_valuation": 91,
      "valuation_confidence": 0.1,
      "aggressiveness_score": 0.0,
      "last_activity": 25.522388059701388
    },
    "S14": {
      "agent_id": "S14",
      "node_type": "agent",
      "last_bid_price": null,
      "last_ask_price": 144,
      "last_trade_price": null,
      "total_trades": 0,
      "total_volume": 0,
      "strategy_type": null,
      "inferred_valuation": 136.29999999999998,
      "valuation_confidence": 0.4,
      "aggressiveness_score": 0.0,
      "last_activity": 51.04477611940318
    },
    "S00": {
      "agent_id": "S00",
      "node_type": "agent",
      "last_bid_price": null,
      "last_ask_price": 129,
      "last_trade_price": null,
      "total_trades": 0,
      "total_volume": 0,
      "strategy_type": null,
      "inferred_valuation": 135.85999999999999,
      "valuation_confidence": 0.4,
      "aggressiveness_score": 0.0,
      "last_activity": 40.89552238805972
    },
    "S22": {
      "agent_id": "S22",
      "node_type": "agent",
      "last_bid_price": null,
      "last_ask_price": 161,
      "last_trade_price": null,
      "total_trades": 0,
      "total_volume": 0,
      "strategy_type": null,
      "inferred_valuation": 151.298,
      "valuation_confidence": 0.4,
      "aggressiveness_score": 0.0,
      "last_activity": 51.04477611940318
    },
    "S19": {
      "agent_id": "S19",
      "node_type": "agent",
      "last_bid_price": null,
      "last_ask_price": 172,
      "last_trade_price": null,
      "total_trades": 0,
      "total_volume": 0,
      "strategy_type": null,
      "inferred_valuation": 172.0,
      "valuation_confidence": 0.2,
      "aggressiveness_score": 0.0,
      "last_activity": 30.597014925373
    },
    "S13": {
      "agent_id": "S13",
      "node_type": "agent",
      "last_bid_price": null,
      "last_ask_price": 154,
      "last_trade_price": null,
      "total_trades": 0,
      "total_volume": 0,
      "strategy_type": null,
      "inferred_valuation": 153.04449999999997,
      "valuation_confidence": 0.5,
      "aggressiveness_score": 0.0,
      "last_activity": 45.97014925373145
    },
    "P04": {
      "agent_id": "P04",
      "node_type": "agent",
      "last_bid_price": 124,
      "last_ask_price": 130,
      "last_trade_price": null,
      "total_trades": 0,
      "total_volume": 0,
      "strategy_type": null,
      "inferred_valuation": 125.8,
      "valuation_confidence": 0.2,
      "aggressiveness_score": 0.0,
      "last_activity": 45.97014925373145
    },
    "B22": {
      "agent_id": "B22",
      "node_type": "agent",
      "last_bid_price": 112,
      "last_ask_price": null,
      "last_trade_price": null,
      "total_trades": 0,
      "total_volume": 0,
      "strategy_type": null,
      "inferred_valuation": 112,
      "valuation_confidence": 0.1,
      "aggressiveness_score": 0.0,
      "last_activity": 30.597014925373
    },
    "B03": {
      "agent_id": "B03",
      "node_type": "agent",
      "last_bid_price": 103,
      "last_ask_price": null,
      "last_trade_price": null,
      "total_trades": 0,
      "total_volume": 0,
      "strategy_type": null,
      "inferred_valuation": 103.0,
      "valuation_confidence": 0.2,
      "aggressiveness_score": 0.0,
      "last_activity": 35.820895522387985
    },
    "S17": {
      "agent_id": "S17",
      "node_type": "agent",
      "last_bid_price": null,
      "last_ask_price": 154,
      "last_trade_price": null,
      "total_trades": 0,
      "total_volume": 0,
      "strategy_type": null,
      "inferred_valuation": 135.1,
      "valuation_confidence": 0.2,
      "aggressiveness_score": 0.0,
      "last_activity": 40.89552238805972
    },
    "S05": {
      "agent_id": "S05",
      "node_type": "agent",
      "last_bid_price": null,
      "last_ask_price": 196,
      "last_trade_price": null,
      "total_trades": 0,
      "total_volume": 0,
      "strategy_type": null,
      "inferred_valuation": 154.55999999999997,
      "valuation_confidence": 0.30000000000000004,
      "aggressiveness_score": 0.0,
      "last_activity": 45.97014925373145
    },
    "S09": {
      "agent_id": "S09",
      "node_type": "agent",
      "last_bid_price": null,
      "last_ask_price": 140,
      "last_trade_price": null,
      "total_trades": 0,
      "total_volume": 0,
      "strategy_type": null,
      "inferred_valuation": 139.3,
      "valuation_confidence": 0.2,
      "aggressiveness_score": 0.0,
      "last_activity": 51.04477611940318
    },
    "S21": {
      "agent_id": "S21",
      "node_type": "agent",
      "last_bid_price": null,
      "last_ask_price": 154,
      "last_trade_price": null,
      "total_trades": 0,
      "total_volume": 0,
      "strategy_type": null,
      "inferred_valuation": 154,
      "valuation_confidence": 0.1,
      "aggressiveness_score": 0.0,
      "last_activity": 40.89552238805972
    },
    "P05": {
      "agent_id": "P05",
      "node_type": "agent",
      "last_bid_price": 126,
      "last_ask_price": null,
      "last_trade_price": null,
      "total_trades": 0,
      "total_volume": 0,
      "strategy_type": null,
      "inferred_valuation": 125.99999999999999,
      "valuation_confidence": 0.2,
      "aggressiveness_score": 0.0,
      "last_activity": 51.04477611940318
    },
    "S08": {
      "agent_id": "S08",
      "node_type": "agent",
      "last_bid_price": null,
      "last_ask_price": 156,
      "last_trade_price": null,
      "total_trades": 0,
      "total_volume": 0,
      "strategy_type": null,
      "inferred_valuation": 156,
      "valuation_confidence": 0.1,
      "aggressiveness_score": 0.0,
      "last_activity": 45.97014925373145
    },
    "B16": {
      "agent_id": "B16",
      "node_type": "agent",
      "last_bid_price": 131,
      "last_ask_price": null,
      "last_trade_price": null,
      "total_trades": 0,
      "total_volume": 0,
      "strategy_type": null,
      "inferred_valuation": 131,
      "valuation_confidence": 0.1,
      "aggressiveness_score": 0.0,
      "last_activity": 51.04477611940318
    },
    "B17": {
      "agent_id": "B17",
      "node_type": "agent",
      "last_bid_price": 128,
      "last_ask_price": null,
      "last_trade_price": null,
      "total_trades": 0,
      "total_volume": 0,
      "strategy_type": null,
      "inferred_valuation": 128,
      "valuation_confidence": 0.1,
      "aggressiveness_score": 0.0,
      "last_activity": 51.04477611940318
    },
    "P03": {
      "agent_id": "P03",
      "node_type": "agent",
      "last_bid_price": null,
      "last_ask_price": 139,
      "last_trade_price": null,
      "total_trades": 0,
      "total_volume": 0,
      "strategy_type": null,
      "inferred_valuation": 139,
      "valuation_confidence": 0.1,
      "aggressiveness_score": 0.0,
      "last_activity": 51.04477611940318
    },
    "S01": {
      "agent_id": "S01",
      "node_type": "agent",
      "last_bid_price": null,
      "last_ask_price": 175,
      "last_trade_price": null,
      "total_trades": 0,
      "total_volume": 0,
      "strategy_type": null,
      "inferred_valuation": 175,
      "valuation_confidence": 0.1,
      "aggressiveness_score": 0.0,
      "last_activity": 51.04477611940318
    },
    "S18": {
      "agent_id": "S18",
      "node_type": "agent",
      "last_bid_price": null,
      "last_ask_price": 187,
      "last_trade_price": null,
      "total_trades": 0,
      "total_volume": 0,
      "strategy_type": null,
      "inferred_valuation": 187,
      "valuation_confidence": 0.1,
      "aggressiveness_score": 0.0,
      "last_activity": 51.04477611940318
    }
  },
  "edges": {
    "a4891fe6-a7f3-4c4e-9438-8a506194cb6c": {
      "edge_id": "a4891fe6-a7f3-4c4e-9438-8a506194cb6c",
      "source_node": "BSE_ASSET",
      "target_node": "P19",
      "belief_type": "strategy",
      "confidence": 0.1,
      "value": "unknown",
      "timestamp": 0.0,
      "evidence_count": 0
    },
    "1900e2b0-08f7-4b6c-be34-e09ab4658056": {
      "edge_id": "1900e2b0-08f7-4b6c-be34-e09ab4658056",
      "source_node": "BSE_ASSET",
      "target_node": "P19",
      "belief_type": "valuation",
      "confidence": 0.30000000000000004,
      "value": 129.13,
      "timestamp": 51.04477611940318,
      "evidence_count": 3
    },
    "7bc471fc-f9d0-4268-99ef-ab775dc4964a": {
      "edge_id": "7bc471fc-f9d0-4268-99ef-ab775dc4964a",
      "source_node": "BSE_ASSET",
      "target_node": "P17",
      "belief_type": "strategy",
      "confidence": 0.1,
      "value": "unknown",
      "timestamp": 0.0,
      "evidence_count": 0
    },
    "1ef62a27-0d0d-43c2-853b-abfddb306adc": {
      "edge_id": "1ef62a27-0d0d-43c2-853b-abfddb306adc",
      "source_node": "BSE_ASSET",
      "target_node": "P17",
      "belief_type": "valuation",
      "confidence": 0.2,
      "value": 129.1,
      "timestamp": 40.89552238805972,
      "evidence_count": 2
    },
    "61a15a24-c6de-4aee-8a43-f02f34f038d3": {
      "edge_id": "61a15a24-c6de-4aee-8a43-f02f34f038d3",
      "source_node": "BSE_ASSET",
      "target_node": "P02",
      "belief_type": "strategy",
      "confidence": 0.1,
      "value": "unknown",
      "timestamp": 5.074626865671641,
      "evidence_count": 0
    },
    "625688e5-b006-4cb9-ac29-d145d5c2eba2": {
      "edge_id": "625688e5-b006-4cb9-ac29-d145d5c2eba2",
      "source_node": "BSE_ASSET",
      "target_node": "P02",
      "belief_type": "valuation",
      "confidence": 0.7,
      "value": 128.88235099999997,
      "timestamp": 40.89552238805972,
      "evidence_count": 7
    },
    "e35535ec-8bd1-4570-9c90-664db4dcf430": {
      "edge_id": "e35535ec-8bd1-4570-9c90-664db4dcf430",
      "source_node": "BSE_ASSET",
      "target_node": "P01",
      "belief_type": "strategy",
      "confidence": 0.1,
      "value": "unknown",
      "timestamp": 5.074626865671641,
      "evidence_count": 0
    },
    "c63027ec-e9d5-466f-8639-fa20c604f7ee": {
      "edge_id": "c63027ec-e9d5-466f-8639-fa20c604f7ee",
      "source_node": "BSE_ASSET",
      "target_node": "P01",
      "belief_type": "valuation",
      "confidence": 0.6,
      "value": 127.16806999999997,
      "timestamp": 51.04477611940318,
      "evidence_count": 6
    },
    "19206ae8-2585-44e2-88b2-db0c4a9c25d7": {
      "edge_id": "19206ae8-2585-44e2-88b2-db0c4a9c25d7",
      "source_node": "BSE_ASSET",
      "target_node": "P08",
      "belief_type": "strategy",
      "confidence": 0.1,
      "value": "unknown",
      "timestamp": 5.074626865671641,
      "evidence_count": 0
    },
    "7f1eac47-3f53-4759-ba58-64901d41d44a": {
      "edge_id": "7f1eac47-3f53-4759-ba58-64901d41d44a",
      "source_node": "BSE_ASSET",
      "target_node": "P08",
      "belief_type": "valuation",
      "confidence": 0.7,
      "value": 129.647053,
      "timestamp": 40.89552238805972,
      "evidence_count": 7
    },
    "e82e323a-ed66-4243-90cd-ff817ec220b4": {
      "edge_id": "e82e323a-ed66-4243-90cd-ff817ec220b4",
      "source_node": "BSE_ASSET",
      "target_node": "P07",
      "belief_type": "strategy",
      "confidence": 0.1,
      "value": "unknown",
      "timestamp": 5.074626865671641,
      "evidence_count": 0
    },
    "73e99ecc-f906-4d93-843c-980f53c609a4": {
      "edge_id": "73e99ecc-f906-4d93-843c-980f53c609a4",
      "source_node": "BSE_ASSET",
      "target_node": "P07",
      "belief_type": "valuation",
      "confidence": 0.95,
      "value": 120.0,
      "timestamp": 51.04477611940318,
      "evidence_count": 10
    },
    "6e36f9cf-c910-41a9-af43-0513a339d0ad": {
      "edge_id": "6e36f9cf-c910-41a9-af43-0513a339d0ad",
      "source_node": "BSE_ASSET",
      "target_node": "B11",
      "belief_type": "strategy",
      "confidence": 0.1,
      "value": "unknown",
      "timestamp": 5.074626865671641,
      "evidence_count": 0
    },
    "ef7efa98-d07e-4ec5-8b2e-a6d4876f4f5f": {
      "edge_id": "ef7efa98-d07e-4ec5-8b2e-a6d4876f4f5f",
      "source_node": "BSE_ASSET",
      "target_node": "B11",
      "belief_type": "valuation",
      "confidence": 0.4,
      "value": 118.91999999999999,
      "timestamp": 51.04477611940318,
      "evidence_count": 4
    },
    "a55cd835-ffa2-4862-a5e3-f6fad49a4d9c": {
      "edge_id": "a55cd835-ffa2-4862-a5e3-f6fad49a4d9c",
      "source_node": "BSE_ASSET",
      "target_node": "B19",
      "belief_type": "strategy",
      "confidence": 0.1,
      "value": "unknown",
      "timestamp": 5.074626865671641,
      "evidence_count": 0
    },
    "bdfcca2f-0877-4b2d-a30f-1ce0c16b6dde": {
      "edge_id": "bdfcca2f-0877-4b2d-a30f-1ce0c16b6dde",
      "source_node": "BSE_ASSET",
      "target_node": "B19",
      "belief_type": "valuation",
      "confidence": 0.2,
      "value": 114.19999999999999,
      "timestamp": 10.298507462686555,
      "evidence_count": 2
    },
    "67b8ecdd-4a90-49b6-a149-f236ab49c36c": {
      "edge_id": "67b8ecdd-4a90-49b6-a149-f236ab49c36c",
      "source_node": "BSE_ASSET",
      "target_node": "S06",
      "belief_type": "strategy",
      "confidence": 0.1,
      "value": "unknown",
      "timestamp": 5.074626865671641,
      "evidence_count": 0
    },
    "dab5e7c6-5f7d-478a-93ed-6b7cd83178a8": {
      "edge_id": "dab5e7c6-5f7d-478a-93ed-6b7cd83178a8",
      "source_node": "BSE_ASSET",
      "target_node": "S06",
      "belief_type": "valuation",
      "confidence": 0.30000000000000004,
      "value": 139.65,
      "timestamp": 40.89552238805972,
      "evidence_count": 3
    },
    "b0eae87e-afc3-4873-becf-7bda4677a914": {
      "edge_id": "b0eae87e-afc3-4873-becf-7bda4677a914",
      "source_node": "BSE_ASSET",
      "target_node": "S02",
      "belief_type": "strategy",
      "confidence": 0.1,
      "value": "unknown",
      "timestamp": 5.074626865671641,
      "evidence_count": 0
    },
    "3570541c-011a-40f1-9f14-295e04b7f881": {
      "edge_id": "3570541c-011a-40f1-9f14-295e04b7f881",
      "source_node": "BSE_ASSET",
      "target_node": "S02",
      "belief_type": "valuation",
      "confidence": 0.30000000000000004,
      "value": 131.58999999999997,
      "timestamp": 15.373134328358166,
      "evidence_count": 3
    },
    "0b381505-1c05-47da-abb7-0f965b96f3bb": {
      "edge_id": "0b381505-1c05-47da-abb7-0f965b96f3bb",
      "source_node": "BSE_ASSET",
      "target_node": "S07",
      "belief_type": "strategy",
      "confidence": 0.1,
      "value": "unknown",
      "timestamp": 5.074626865671641,
      "evidence_count": 0
    },
    "6a0c4757-d135-42e4-ae15-6e3be1edc4ef": {
      "edge_id": "6a0c4757-d135-42e4-ae15-6e3be1edc4ef",
      "source_node": "BSE_ASSET",
      "target_node": "S07",
      "belief_type": "valuation",
      "confidence": 0.6,
      "value": 315.86157999999995,
      "timestamp": 45.97014925373145,
      "evidence_count": 6
    },
    "29bdb8d8-12c1-4d18-a382-8d04a177177e": {
      "edge_id": "29bdb8d8-12c1-4d18-a382-8d04a177177e",
      "source_node": "BSE_ASSET",
      "target_node": "P20",
      "belief_type": "strategy",
      "confidence": 0.1,
      "value": "unknown",
      "timestamp": 10.298507462686555,
      "evidence_count": 0
    },
    "c7932dd6-bbcb-447a-8f3b-eed61ee3d3d5": {
      "edge_id": "c7932dd6-bbcb-447a-8f3b-eed61ee3d3d5",
      "source_node": "BSE_ASSET",
      "target_node": "P20",
      "belief_type": "valuation",
      "confidence": 0.2,
      "value": 124.0,
      "timestamp": 15.373134328358166,
      "evidence_count": 2
    },
    "495f6365-0600-4459-8c91-d1f6bfcb6d71": {
      "edge_id": "495f6365-0600-4459-8c91-d1f6bfcb6d71",
      "source_node": "BSE_ASSET",
      "target_node": "B13",
      "belief_type": "strategy",
      "confidence": 0.1,
      "value": "unknown",
      "timestamp": 10.298507462686555,
      "evidence_count": 0
    },
    "9f412d55-42f4-43bd-80d6-7379a2b69a91": {
      "edge_id": "9f412d55-42f4-43bd-80d6-7379a2b69a91",
      "source_node": "BSE_ASSET",
      "target_node": "B13",
      "belief_type": "valuation",
      "confidence": 0.4,
      "value": 105.1,
      "timestamp": 25.522388059701388,
      "evidence_count": 4
    },
    "96cce728-ad51-4f79-a803-fdd611e69cb4": {
      "edge_id": "96cce728-ad51-4f79-a803-fdd611e69cb4",
      "source_node": "BSE_ASSET",
      "target_node": "B05",
      "belief_type": "strategy",
      "confidence": 0.1,
      "value": "unknown",
      "timestamp": 10.298507462686555,
      "evidence_count": 0
    },
    "56550ca5-8b45-4a87-a04a-bf07b6b515d7": {
      "edge_id": "56550ca5-8b45-4a87-a04a-bf07b6b515d7",
      "source_node": "BSE_ASSET",
      "target_node": "B05",
      "belief_type": "valuation",
      "confidence": 0.30000000000000004,
      "value": 95.94,
      "timestamp": 20.447761194029777,
      "evidence_count": 3
    },
    "35010ee2-a1c3-47eb-ad39-442300791734": {
      "edge_id": "35010ee2-a1c3-47eb-ad39-442300791734",
      "source_node": "BSE_ASSET",
      "target_node": "B02",
      "belief_type": "strategy",
      "confidence": 0.1,
      "value": "unknown",
      "timestamp": 10.298507462686555,
      "evidence_count": 0
    },
    "9b5b08a2-e721-450d-a789-905706ac00c1": {
      "edge_id": "9b5b08a2-e721-450d-a789-905706ac00c1",
      "source_node": "BSE_ASSET",
      "target_node": "B02",
      "belief_type": "valuation",
      "confidence": 0.5,
      "value": 74.4303,
      "timestamp": 40.89552238805972,
      "evidence_count": 5
    },
    "dbfe892f-aebb-43cd-85b7-cab48db578a6": {
      "edge_id": "dbfe892f-aebb-43cd-85b7-cab48db578a6",
      "source_node": "BSE_ASSET",
      "target_node": "B07",
      "belief_type": "strategy",
      "confidence": 0.1,
      "value": "unknown",
      "timestamp": 10.298507462686555,
      "evidence_count": 0
    },
    "f0f5c095-c5c2-4ae6-a68c-5664d1e6b3ba": {
      "edge_id": "f0f5c095-c5c2-4ae6-a68c-5664d1e6b3ba",
      "source_node": "BSE_ASSET",
      "target_node": "B07",
      "belief_type": "valuation",
      "confidence": 0.2,
      "value": 98.0,
      "timestamp": 15.373134328358166,
      "evidence_count": 2
    },
    "0ad855e7-00d9-4300-98e6-c72422c02155": {
      "edge_id": "0ad855e7-00d9-4300-98e6-c72422c02155",
      "source_node": "BSE_ASSET",
      "target_node": "B09",
      "belief_type": "strategy",
      "confidence": 0.1,
      "value": "unknown",
      "timestamp": 10.298507462686555,
      "evidence_count": 0
    },
    "38ba2758-6bb2-4eec-9027-0545bfd5f658": {
      "edge_id": "38ba2758-6bb2-4eec-9027-0545bfd5f658",
      "source_node": "BSE_ASSET",
      "target_node": "B09",
      "belief_type": "valuation",
      "confidence": 0.30000000000000004,
      "value": 101.88999999999999,
      "timestamp": 30.597014925373,
      "evidence_count": 3
    },
    "1331d084-3670-4db1-81e3-18163bfe5b30": {
      "edge_id": "1331d084-3670-4db1-81e3-18163bfe5b30",
      "source_node": "BSE_ASSET",
      "target_node": "B04",
      "belief_type": "strategy",
      "confidence": 0.1,
      "value": "unknown",
      "timestamp": 10.298507462686555,
      "evidence_count": 0
    },
    "0a97e1ef-b4c5-49d3-a3cf-d74ab91ed111": {
      "edge_id": "0a97e1ef-b4c5-49d3-a3cf-d74ab91ed111",
      "source_node": "BSE_ASSET",
      "target_node": "B04",
      "belief_type": "valuation",
      "confidence": 0.2,
      "value": 82.0,
      "timestamp": 15.373134328358166,
      "evidence_count": 2
    },
    "66c64fc3-06c5-4192-bb65-f32f39860b3c": {
      "edge_id": "66c64fc3-06c5-4192-bb65-f32f39860b3c",
      "source_node": "BSE_ASSET",
      "target_node": "S03",
      "belief_type": "strategy",
      "confidence": 0.1,
      "value": "unknown",
      "timestamp": 10.298507462686555,
      "evidence_count": 0
    },
    "b3f07005-ffa2-4d6c-9b4a-0b503f03ec03": {
      "edge_id": "b3f07005-ffa2-4d6c-9b4a-0b503f03ec03",
      "source_node": "BSE_ASSET",
      "target_node": "S03",
      "belief_type": "valuation",
      "confidence": 0.2,
      "value": 138.1,
      "timestamp": 51.04477611940318,
      "evidence_count": 2
    },
    "27634d1c-2185-4005-bd58-a9ffad461cec": {
      "edge_id": "27634d1c-2185-4005-bd58-a9ffad461cec",
      "source_node": "BSE_ASSET",
      "target_node": "S12",
      "belief_type": "strategy",
      "confidence": 0.1,
      "value": "unknown",
      "timestamp": 10.298507462686555,
      "evidence_count": 0
    },
    "828b4003-6c88-41fe-b271-4437825dd449": {
      "edge_id": "828b4003-6c88-41fe-b271-4437825dd449",
      "source_node": "BSE_ASSET",
      "target_node": "S12",
      "belief_type": "valuation",
      "confidence": 0.5,
      "value": 164.63400000000001,
      "timestamp": 51.04477611940318,
      "evidence_count": 5
    },
    "b965e9ed-158b-40f3-b678-5ba9e6f14005": {
      "edge_id": "b965e9ed-158b-40f3-b678-5ba9e6f14005",
      "source_node": "BSE_ASSET",
      "target_node": "S20",
      "belief_type": "strategy",
      "confidence": 0.1,
      "value": "unknown",
      "timestamp": 10.298507462686555,
      "evidence_count": 0
    },
    "5c2ba6ba-fcf3-4884-9c29-691acc6b4cfc": {
      "edge_id": "5c2ba6ba-fcf3-4884-9c29-691acc6b4cfc",
      "source_node": "BSE_ASSET",
      "target_node": "S20",
      "belief_type": "valuation",
      "confidence": 0.4,
      "value": 210.55599999999998,
      "timestamp": 40.89552238805972,
      "evidence_count": 4
    },
    "cd33f684-6626-418f-85ed-7e6702a627fe": {
      "edge_id": "cd33f684-6626-418f-85ed-7e6702a627fe",
      "source_node": "BSE_ASSET",
      "target_node": "P14",
      "belief_type": "strategy",
      "confidence": 0.1,
      "value": "unknown",
      "timestamp": 15.373134328358166,
      "evidence_count": 0
    },
    "72e6b9d0-1209-4464-a47c-853415dfd003": {
      "edge_id": "72e6b9d0-1209-4464-a47c-853415dfd003",
      "source_node": "BSE_ASSET",
      "target_node": "P14",
      "belief_type": "valuation",
      "confidence": 0.30000000000000004,
      "value": 125.53,
      "timestamp": 30.597014925373,
      "evidence_count": 3
    },
    "85b75425-460b-4bda-aaab-dcc2a073dd69": {
      "edge_id": "85b75425-460b-4bda-aaab-dcc2a073dd69",
      "source_node": "BSE_ASSET",
      "target_node": "B06",
      "belief_type": "strategy",
      "confidence": 0.1,
      "value": "unknown",
      "timestamp": 15.373134328358166,
      "evidence_count": 0
    },
    "0722de4b-a8e0-4c47-8682-70532b14448f": {
      "edge_id": "0722de4b-a8e0-4c47-8682-70532b14448f",
      "source_node": "BSE_ASSET",
      "target_node": "B06",
      "belief_type": "valuation",
      "confidence": 0.2,
      "value": 112.0,
      "timestamp": 20.447761194029777,
      "evidence_count": 2
    },
    "f0ab9f32-9b69-4dba-aa45-47a3cd32f27c": {
      "edge_id": "f0ab9f32-9b69-4dba-aa45-47a3cd32f27c",
      "source_node": "BSE_ASSET",
      "target_node": "B20",
      "belief_type": "strategy",
      "confidence": 0.1,
      "value": "unknown",
      "timestamp": 15.373134328358166,
      "evidence_count": 0
    },
    "254eed46-b450-417c-9cd8-ee81c7e2eaed": {
      "edge_id": "254eed46-b450-417c-9cd8-ee81c7e2eaed",
      "source_node": "BSE_ASSET",
      "target_node": "B20",
      "belief_type": "valuation",
      "confidence": 0.1,
      "value": 100,
      "timestamp": 15.373134328358166,
      "evidence_count": 1
    },
    "046fefe7-2561-4adb-8600-0d860ec8bc2a": {
      "edge_id": "046fefe7-2561-4adb-8600-0d860ec8bc2a",
      "source_node": "BSE_ASSET",
      "target_node": "B10",
      "belief_type": "strategy",
      "confidence": 0.1,
      "value": "unknown",
      "timestamp": 15.373134328358166,
      "evidence_count": 0
    },
    "81b060b7-472e-4485-b462-8712d60117c6": {
      "edge_id": "81b060b7-472e-4485-b462-8712d60117c6",
      "source_node": "BSE_ASSET",
      "target_node": "B10",
      "belief_type": "valuation",
      "confidence": 0.30000000000000004,
      "value": 107.69,
      "timestamp": 25.522388059701388,
      "evidence_count": 3
    },
    "5e903006-501b-43b9-97f4-e2cd1105a604": {
      "edge_id": "5e903006-501b-43b9-97f4-e2cd1105a604",
      "source_node": "BSE_ASSET",
      "target_node": "S04",
      "belief_type": "strategy",
      "confidence": 0.1,
      "value": "unknown",
      "timestamp": 15.373134328358166,
      "evidence_count": 0
    },
    "847b44ec-80eb-410f-8f91-f66040d4c062": {
      "edge_id": "847b44ec-80eb-410f-8f91-f66040d4c062",
      "source_node": "BSE_ASSET",
      "target_node": "S04",
      "belief_type": "valuation",
      "confidence": 0.5,
      "value": 141.98969999999997,
      "timestamp": 40.89552238805972,
      "evidence_count": 5
    },
    "5c8c0bc9-de11-4ad9-9027-835a9f24382c": {
      "edge_id": "5c8c0bc9-de11-4ad9-9027-835a9f24382c",
      "source_node": "BSE_ASSET",
      "target_node": "P12",
      "belief_type": "strategy",
      "confidence": 0.1,
      "value": "unknown",
      "timestamp": 15.373134328358166,
      "evidence_count": 0
    },
    "e6f9a97b-c558-462c-b03f-b29fe96a0434": {
      "edge_id": "e6f9a97b-c558-462c-b03f-b29fe96a0434",
      "source_node": "BSE_ASSET",
      "target_node": "P12",
      "belief_type": "valuation",
      "confidence": 0.5,
      "value": 132.7,
      "timestamp": 51.04477611940318,
      "evidence_count": 5
    },
    "ffc56d8e-69d1-4874-a912-b8d30c1d3d11": {
      "edge_id": "ffc56d8e-69d1-4874-a912-b8d30c1d3d11",
      "source_node": "BSE_ASSET",
      "target_node": "P18",
      "belief_type": "strategy",
      "confidence": 0.1,
      "value": "unknown",
      "timestamp": 15.373134328358166,
      "evidence_count": 0
    },
    "5e2062de-b187-4994-b017-7b8fff2293dc": {
      "edge_id": "5e2062de-b187-4994-b017-7b8fff2293dc",
      "source_node": "BSE_ASSET",
      "target_node": "P18",
      "belief_type": "valuation",
      "confidence": 0.5,
      "value": 130.0,
      "timestamp": 35.820895522387985,
      "evidence_count": 5
    },
    "1208952a-2d98-4d72-aeb9-2a11883c7b66": {
      "edge_id": "1208952a-2d98-4d72-aeb9-2a11883c7b66",
      "source_node": "BSE_ASSET",
      "target_node": "P16",
      "belief_type": "strategy",
      "confidence": 0.1,
      "value": "unknown",
      "timestamp": 15.373134328358166,
      "evidence_count": 0
    },
    "23ba3974-3296-4b91-8159-5c7d33114731": {
      "edge_id": "23ba3974-3296-4b91-8159-5c7d33114731",
      "source_node": "BSE_ASSET",
      "target_node": "P16",
      "belief_type": "valuation",
      "confidence": 0.30000000000000004,
      "value": 125.91999999999999,
      "timestamp": 51.04477611940318,
      "evidence_count": 3
    },
    "bc75e0c4-00c0-40c5-ae92-5febd88d8f00": {
      "edge_id": "bc75e0c4-00c0-40c5-ae92-5febd88d8f00",
      "source_node": "BSE_ASSET",
      "target_node": "P13",
      "belief_type": "strategy",
      "confidence": 0.1,
      "value": "unknown",
      "timestamp": 20.447761194029777,
      "evidence_count": 0
    },
    "502d4b5e-5e50-4546-ab12-4bfe1e771c89": {
      "edge_id": "502d4b5e-5e50-4546-ab12-4bfe1e771c89",
      "source_node": "BSE_ASSET",
      "target_node": "P13",
      "belief_type": "valuation",
      "confidence": 0.5,
      "value": 124.53039999999999,
      "timestamp": 51.04477611940318,
      "evidence_count": 5
    },
    "e71c4e93-f609-416b-bbad-c9edc2ddc95f": {
      "edge_id": "e71c4e93-f609-416b-bbad-c9edc2ddc95f",
      "source_node": "BSE_ASSET",
      "target_node": "B15",
      "belief_type": "strategy",
      "confidence": 0.1,
      "value": "unknown",
      "timestamp": 20.447761194029777,
      "evidence_count": 0
    },
    "6fd9a986-3c9d-4df5-bb61-d12054c26a3a": {
      "edge_id": "6fd9a986-3c9d-4df5-bb61-d12054c26a3a",
      "source_node": "BSE_ASSET",
      "target_node": "B15",
      "belief_type": "valuation",
      "confidence": 0.1,
      "value": 120,
      "timestamp": 20.447761194029777,
      "evidence_count": 1
    },
    "d72daf26-918c-4066-87a2-b4694d35d9e4": {
      "edge_id": "d72daf26-918c-4066-87a2-b4694d35d9e4",
      "source_node": "BSE_ASSET",
      "target_node": "B21",
      "belief_type": "strategy",
      "confidence": 0.1,
      "value": "unknown",
      "timestamp": 20.447761194029777,
      "evidence_count": 0
    },
    "d8a55a3a-bc1f-4226-8ef4-5aa5cbd9a2e1": {
      "edge_id": "d8a55a3a-bc1f-4226-8ef4-5aa5cbd9a2e1",
      "source_node": "BSE_ASSET",
      "target_node": "B21",
      "belief_type": "valuation",
      "confidence": 0.2,
      "value": 116.5,
      "timestamp": 30.597014925373,
      "evidence_count": 2
    },
    "85db282d-57c4-47c2-b1b4-4327c11b4e56": {
      "edge_id": "85db282d-57c4-47c2-b1b4-4327c11b4e56",
      "source_node": "BSE_ASSET",
      "target_node": "B08",
      "belief_type": "strategy",
      "confidence": 0.1,
      "value": "unknown",
      "timestamp": 20.447761194029777,
      "evidence_count": 0
    },
    "9d5fdbac-e136-4833-8d9e-884503ec69d3": {
      "edge_id": "9d5fdbac-e136-4833-8d9e-884503ec69d3",
      "source_node": "BSE_ASSET",
      "target_node": "B08",
      "belief_type": "valuation",
      "confidence": 0.30000000000000004,
      "value": 118.1,
      "timestamp": 51.04477611940318,
      "evidence_count": 3
    },
    "4902dbc0-c2fc-4e87-84d2-aac42b831c9e": {
      "edge_id": "4902dbc0-c2fc-4e87-84d2-aac42b831c9e",
      "source_node": "BSE_ASSET",
      "target_node": "B14",
      "belief_type": "strategy",
      "confidence": 0.1,
      "value": "unknown",
      "timestamp": 20.447761194029777,
      "evidence_count": 0
    },
    "fd7d0312-bbf9-41aa-8c4a-4c13b06fcd90": {
      "edge_id": "fd7d0312-bbf9-41aa-8c4a-4c13b06fcd90",
      "source_node": "BSE_ASSET",
      "target_node": "B14",
      "belief_type": "valuation",
      "confidence": 0.30000000000000004,
      "value": 113.63,
      "timestamp": 30.597014925373,
      "evidence_count": 3
    },
    "c8b27268-c786-4077-bc41-5b09483c4cfa": {
      "edge_id": "c8b27268-c786-4077-bc41-5b09483c4cfa",
      "source_node": "BSE_ASSET",
      "target_node": "B18",
      "belief_type": "strategy",
      "confidence": 0.1,
      "value": "unknown",
      "timestamp": 20.447761194029777,
      "evidence_count": 0
    },
    "7a1d67b1-d3c2-4ca4-81ae-3ba070c426d8": {
      "edge_id": "7a1d67b1-d3c2-4ca4-81ae-3ba070c426d8",
      "source_node": "BSE_ASSET",
      "target_node": "B18",
      "belief_type": "valuation",
      "confidence": 0.2,
      "value": 101.2,
      "timestamp": 35.820895522387985,
      "evidence_count": 2
    },
    "04103fe8-1dae-476e-82a9-ebdac9c66513": {
      "edge_id": "04103fe8-1dae-476e-82a9-ebdac9c66513",
      "source_node": "BSE_ASSET",
      "target_node": "S15",
      "belief_type": "strategy",
      "confidence": 0.1,
      "value": "unknown",
      "timestamp": 20.447761194029777,
      "evidence_count": 0
    },
    "a47ddd17-76fc-42ef-bb46-f67cbed1563c": {
      "edge_id": "a47ddd17-76fc-42ef-bb46-f67cbed1563c",
      "source_node": "BSE_ASSET",
      "target_node": "S15",
      "belief_type": "valuation",
      "confidence": 0.1,
      "value": 127,
      "timestamp": 20.447761194029777,
      "evidence_count": 1
    },
    "ab623d03-d8b7-4101-8479-c162555c7e94": {
      "edge_id": "ab623d03-d8b7-4101-8479-c162555c7e94",
      "source_node": "BSE_ASSET",
      "target_node": "P15",
      "belief_type": "strategy",
      "confidence": 0.1,
      "value": "unknown",
      "timestamp": 20.447761194029777,
      "evidence_count": 0
    },
    "a250cf75-fc87-4903-94e1-f3f6b0e45ea5": {
      "edge_id": "a250cf75-fc87-4903-94e1-f3f6b0e45ea5",
      "source_node": "BSE_ASSET",
      "target_node": "P15",
      "belief_type": "valuation",
      "confidence": 0.6,
      "value": 126.51106999999998,
      "timestamp": 51.04477611940318,
      "evidence_count": 6
    },
    "f44acae2-6a86-4e60-83db-977669d3f8c2": {
      "edge_id": "f44acae2-6a86-4e60-83db-977669d3f8c2",
      "source_node": "BSE_ASSET",
      "target_node": "P00",
      "belief_type": "strategy",
      "confidence": 0.1,
      "value": "unknown",
      "timestamp": 20.447761194029777,
      "evidence_count": 0
    },
    "b7431e77-6869-40d9-8548-a7b140de17f6": {
      "edge_id": "b7431e77-6869-40d9-8548-a7b140de17f6",
      "source_node": "BSE_ASSET",
      "target_node": "P00",
      "belief_type": "valuation",
      "confidence": 0.4,
      "value": 124.40100000000001,
      "timestamp": 51.04477611940318,
      "evidence_count": 4
    },
    "b2e2eb57-2b5e-426c-9873-4d7abaae948c": {
      "edge_id": "b2e2eb57-2b5e-426c-9873-4d7abaae948c",
      "source_node": "BSE_ASSET",
      "target_node": "P06",
      "belief_type": "strategy",
      "confidence": 0.1,
      "value": "unknown",
      "timestamp": 20.447761194029777,
      "evidence_count": 0
    },
    "2681240d-a586-4c31-84ee-84aeeeaa5df4": {
      "edge_id": "2681240d-a586-4c31-84ee-84aeeeaa5df4",
      "source_node": "BSE_ASSET",
      "target_node": "P06",
      "belief_type": "valuation",
      "confidence": 0.30000000000000004,
      "value": 125.82999999999998,
      "timestamp": 51.04477611940318,
      "evidence_count": 3
    },
    "196c163c-95aa-4875-b187-25900e34f756": {
      "edge_id": "196c163c-95aa-4875-b187-25900e34f756",
      "source_node": "BSE_ASSET",
      "target_node": "P10",
      "belief_type": "strategy",
      "confidence": 0.1,
      "value": "unknown",
      "timestamp": 25.522388059701388,
      "evidence_count": 0
    },
    "bf2e7398-c8df-405b-9730-134efe1cc427": {
      "edge_id": "bf2e7398-c8df-405b-9730-134efe1cc427",
      "source_node": "BSE_ASSET",
      "target_node": "P10",
      "belief_type": "valuation",
      "confidence": 0.2,
      "value": 128.5,
      "timestamp": 51.04477611940318,
      "evidence_count": 2
    },
    "1a1bf625-9ccc-4183-b30d-b7de2ae8fe68": {
      "edge_id": "1a1bf625-9ccc-4183-b30d-b7de2ae8fe68",
      "source_node": "BSE_ASSET",
      "target_node": "B01",
      "belief_type": "strategy",
      "confidence": 0.1,
      "value": "unknown",
      "timestamp": 25.522388059701388,
      "evidence_count": 0
    },
    "8d75bcf0-d40a-4f7f-a5f0-b0e51f862193": {
      "edge_id": "8d75bcf0-d40a-4f7f-a5f0-b0e51f862193",
      "source_node": "BSE_ASSET",
      "target_node": "B01",
      "belief_type": "valuation",
      "confidence": 0.1,
      "value": 91,
      "timestamp": 25.522388059701388,
      "evidence_count": 1
    },
    "409b14b7-6469-4915-b708-fab8ae0b797e": {
      "edge_id": "409b14b7-6469-4915-b708-fab8ae0b797e",
      "source_node": "BSE_ASSET",
      "target_node": "S14",
      "belief_type": "strategy",
      "confidence": 0.1,
      "value": "unknown",
      "timestamp": 25.522388059701388,
      "evidence_count": 0
    },
    "b1323831-49ac-4dc0-99e9-f6b71dfb031b": {
      "edge_id": "b1323831-49ac-4dc0-99e9-f6b71dfb031b",
      "source_node": "BSE_ASSET",
      "target_node": "S14",
      "belief_type": "valuation",
      "confidence": 0.4,
      "value": 136.29999999999998,
      "timestamp": 51.04477611940318,
      "evidence_count": 4
    },
    "f16b3394-4c3d-415a-8620-1141d9065c0f": {
      "edge_id": "f16b3394-4c3d-415a-8620-1141d9065c0f",
      "source_node": "BSE_ASSET",
      "target_node": "S00",
      "belief_type": "strategy",
      "confidence": 0.1,
      "value": "unknown",
      "timestamp": 25.522388059701388,
      "evidence_count": 0
    },
    "97401a61-7775-4492-99c9-a96a0977c4a2": {
      "edge_id": "97401a61-7775-4492-99c9-a96a0977c4a2",
      "source_node": "BSE_ASSET",
      "target_node": "S00",
      "belief_type": "valuation",
      "confidence": 0.4,
      "value": 135.85999999999999,
      "timestamp": 40.89552238805972,
      "evidence_count": 4
    },
    "811e5142-0866-4165-8bec-c7814cbd7603": {
      "edge_id": "811e5142-0866-4165-8bec-c7814cbd7603",
      "source_node": "BSE_ASSET",
      "target_node": "S22",
      "belief_type": "strategy",
      "confidence": 0.1,
      "value": "unknown",
      "timestamp": 25.522388059701388,
      "evidence_count": 0
    },
    "6e7ce603-4891-43f9-ad5a-899b5f7c7706": {
      "edge_id": "6e7ce603-4891-43f9-ad5a-899b5f7c7706",
      "source_node": "BSE_ASSET",
      "target_node": "S22",
      "belief_type": "valuation",
      "confidence": 0.4,
      "value": 151.298,
      "timestamp": 51.04477611940318,
      "evidence_count": 4
    },
    "f5766cad-2661-48db-b61e-8443909188ac": {
      "edge_id": "f5766cad-2661-48db-b61e-8443909188ac",
      "source_node": "BSE_ASSET",
      "target_node": "S19",
      "belief_type": "strategy",
      "confidence": 0.1,
      "value": "unknown",
      "timestamp": 25.522388059701388,
      "evidence_count": 0
    },
    "1fce0217-79bd-493a-bf95-f47803dc0673": {
      "edge_id": "1fce0217-79bd-493a-bf95-f47803dc0673",
      "source_node": "BSE_ASSET",
      "target_node": "S19",
      "belief_type": "valuation",
      "confidence": 0.2,
      "value": 172.0,
      "timestamp": 30.597014925373,
      "evidence_count": 2
    },
    "823ebb03-c175-4792-b44c-6c6d76bb58f3": {
      "edge_id": "823ebb03-c175-4792-b44c-6c6d76bb58f3",
      "source_node": "BSE_ASSET",
      "target_node": "S13",
      "belief_type": "strategy",
      "confidence": 0.1,
      "value": "unknown",
      "timestamp": 25.522388059701388,
      "evidence_count": 0
    },
    "427911f3-06d3-43e5-8f9a-6d7a36f58a13": {
      "edge_id": "427911f3-06d3-43e5-8f9a-6d7a36f58a13",
      "source_node": "BSE_ASSET",
      "target_node": "S13",
      "belief_type": "valuation",
      "confidence": 0.5,
      "value": 153.04449999999997,
      "timestamp": 45.97014925373145,
      "evidence_count": 5
    },
    "870a4450-7afe-44fd-a0fc-6ee095d572b5": {
      "edge_id": "870a4450-7afe-44fd-a0fc-6ee095d572b5",
      "source_node": "BSE_ASSET",
      "target_node": "P04",
      "belief_type": "strategy",
      "confidence": 0.1,
      "value": "unknown",
      "timestamp": 25.522388059701388,
      "evidence_count": 0
    },
    "5e8a67ae-9216-4b80-8f53-1870ffcb0b11": {
      "edge_id": "5e8a67ae-9216-4b80-8f53-1870ffcb0b11",
      "source_node": "BSE_ASSET",
      "target_node": "P04",
      "belief_type": "valuation",
      "confidence": 0.2,
      "value": 125.8,
      "timestamp": 45.97014925373145,
      "evidence_count": 2
    },
    "b1f227d0-3240-4855-90b0-59530262fa7b": {
      "edge_id": "b1f227d0-3240-4855-90b0-59530262fa7b",
      "source_node": "BSE_ASSET",
      "target_node": "B22",
      "belief_type": "strategy",
      "confidence": 0.1,
      "value": "unknown",
      "timestamp": 30.597014925373,
      "evidence_count": 0
    },
    "02b59f1a-6483-4cfc-8e54-a9facfd0330b": {
      "edge_id": "02b59f1a-6483-4cfc-8e54-a9facfd0330b",
      "source_node": "BSE_ASSET",
      "target_node": "B22",
      "belief_type": "valuation",
      "confidence": 0.1,
      "value": 112,
      "timestamp": 30.597014925373,
      "evidence_count": 1
    },
    "9da24ca2-aaa8-438f-a326-1f2715d42c80": {
      "edge_id": "9da24ca2-aaa8-438f-a326-1f2715d42c80",
      "source_node": "BSE_ASSET",
      "target_node": "B03",
      "belief_type": "strategy",
      "confidence": 0.1,
      "value": "unknown",
      "timestamp": 30.597014925373,
      "evidence_count": 0
    },
    "7da49994-9ee2-414d-8157-a65cba322b87": {
      "edge_id": "7da49994-9ee2-414d-8157-a65cba322b87",
      "source_node": "BSE_ASSET",
      "target_node": "B03",
      "belief_type": "valuation",
      "confidence": 0.2,
      "value": 103.0,
      "timestamp": 35.820895522387985,
      "evidence_count": 2
    },
    "36d6b431-78cf-4575-a786-441a62a4a532": {
      "edge_id": "36d6b431-78cf-4575-a786-441a62a4a532",
      "source_node": "BSE_ASSET",
      "target_node": "S17",
      "belief_type": "strategy",
      "confidence": 0.1,
      "value": "unknown",
      "timestamp": 30.597014925373,
      "evidence_count": 0
    },
    "30c934a0-5489-44b1-bc42-0b4dadc749d9": {
      "edge_id": "30c934a0-5489-44b1-bc42-0b4dadc749d9",
      "source_node": "BSE_ASSET",
      "target_node": "S17",
      "belief_type": "valuation",
      "confidence": 0.2,
      "value": 135.1,
      "timestamp": 40.89552238805972,
      "evidence_count": 2
    },
    "93b2c31b-80ad-4615-87ee-f3daafee9617": {
      "edge_id": "93b2c31b-80ad-4615-87ee-f3daafee9617",
      "source_node": "BSE_ASSET",
      "target_node": "S05",
      "belief_type": "strategy",
      "confidence": 0.1,
      "value": "unknown",
      "timestamp": 30.597014925373,
      "evidence_count": 0
    },
    "3035e5da-817c-4377-9f9f-1de187c62290": {
      "edge_id": "3035e5da-817c-4377-9f9f-1de187c62290",
      "source_node": "BSE_ASSET",
      "target_node": "S05",
      "belief_type": "valuation",
      "confidence": 0.30000000000000004,
      "value": 154.55999999999997,
      "timestamp": 45.97014925373145,
      "evidence_count": 3
    },
    "6941c22d-b228-4a5c-96a0-2fb53c8095f3": {
      "edge_id": "6941c22d-b228-4a5c-96a0-2fb53c8095f3",
      "source_node": "BSE_ASSET",
      "target_node": "S09",
      "belief_type": "strategy",
      "confidence": 0.1,
      "value": "unknown",
      "timestamp": 40.89552238805972,
      "evidence_count": 0
    },
    "e41a6b4e-8fa4-4f09-bdc5-92a26021209e": {
      "edge_id": "e41a6b4e-8fa4-4f09-bdc5-92a26021209e",
      "source_node": "BSE_ASSET",
      "target_node": "S09",
      "belief_type": "valuation",
      "confidence": 0.2,
      "value": 139.3,
      "timestamp": 51.04477611940318,
      "evidence_count": 2
    },
    "bf47c788-549b-4c76-961c-42bcc91294bb": {
      "edge_id": "bf47c788-549b-4c76-961c-42bcc91294bb",
      "source_node": "BSE_ASSET",
      "target_node": "S21",
      "belief_type": "strategy",
      "confidence": 0.1,
      "value": "unknown",
      "timestamp": 40.89552238805972,
      "evidence_count": 0
    },
    "cc90d1a8-33d1-4316-9c9a-b9fd41163c52": {
      "edge_id": "cc90d1a8-33d1-4316-9c9a-b9fd41163c52",
      "source_node": "BSE_ASSET",
      "target_node": "S21",
      "belief_type": "valuation",
      "confidence": 0.1,
      "value": 154,
      "timestamp": 40.89552238805972,
      "evidence_count": 1
    },
    "ee347ca0-8051-456e-8317-26f4c3c51994": {
      "edge_id": "ee347ca0-8051-456e-8317-26f4c3c51994",
      "source_node": "BSE_ASSET",
      "target_node": "P05",
      "belief_type": "strategy",
      "confidence": 0.1,
      "value": "unknown",
      "timestamp": 45.97014925373145,
      "evidence_count": 0
    },
    "e97ec1ea-62ae-4b66-bee1-9327a2545923": {
      "edge_id": "e97ec1ea-62ae-4b66-bee1-9327a2545923",
      "source_node": "BSE_ASSET",
      "target_node": "P05",
      "belief_type": "valuation",
      "confidence": 0.2,
      "value": 125.99999999999999,
      "timestamp": 51.04477611940318,
      "evidence_count": 2
    },
    "cd309333-f1ec-445e-8295-3a1a78d85bc0": {
      "edge_id": "cd309333-f1ec-445e-8295-3a1a78d85bc0",
      "source_node": "BSE_ASSET",
      "target_node": "S08",
      "belief_type": "strategy",
      "confidence": 0.1,
      "value": "unknown",
      "timestamp": 45.97014925373145,
      "evidence_count": 0
    },
    "e45c90b8-6c3a-4b8c-bbc7-d708d27a4be9": {
      "edge_id": "e45c90b8-6c3a-4b8c-bbc7-d708d27a4be9",
      "source_node": "BSE_ASSET",
      "target_node": "S08",
      "belief_type": "valuation",
      "confidence": 0.1,
      "value": 156,
      "timestamp": 45.97014925373145,
      "evidence_count": 1
    },
    "38b912a4-b193-4ac6-b668-34ffd4534ecc": {
      "edge_id": "38b912a4-b193-4ac6-b668-34ffd4534ecc",
      "source_node": "BSE_ASSET",
      "target_node": "B16",
      "belief_type": "strategy",
      "confidence": 0.1,
      "value": "unknown",
      "timestamp": 45.97014925373145,
      "evidence_count": 0
    },
    "e2859b4f-9e87-4015-9e15-5a46aafc9050": {
      "edge_id": "e2859b4f-9e87-4015-9e15-5a46aafc9050",
      "source_node": "BSE_ASSET",
      "target_node": "B16",
      "belief_type": "valuation",
      "confidence": 0.1,
      "value": 131,
      "timestamp": 51.04477611940318,
      "evidence_count": 1
    },
    "2fb6f983-c575-4a46-ba2f-ac7f84911261": {
      "edge_id": "2fb6f983-c575-4a46-ba2f-ac7f84911261",
      "source_node": "BSE_ASSET",
      "target_node": "B17",
      "belief_type": "strategy",
      "confidence": 0.1,
      "value": "unknown",
      "timestamp": 51.04477611940318,
      "evidence_count": 0
    },
    "7e38fb5e-dcac-4551-90b3-413c395f186d": {
      "edge_id": "7e38fb5e-dcac-4551-90b3-413c395f186d",
      "source_node": "BSE_ASSET",
      "target_node": "B17",
      "belief_type": "valuation",
      "confidence": 0.1,
      "value": 128,
      "timestamp": 51.04477611940318,
      "evidence_count": 1
    },
    "60e23f34-75e3-4f6a-83c2-ec2c1932c2b7": {
      "edge_id": "60e23f34-75e3-4f6a-83c2-ec2c1932c2b7",
      "source_node": "BSE_ASSET",
      "target_node": "P03",
      "belief_type": "strategy",
      "confidence": 0.1,
      "value": "unknown",
      "timestamp": 51.04477611940318,
      "evidence_count": 0
    },
    "25fee5a9-1bd8-40d3-9da9-53eb8de55086": {
      "edge_id": "25fee5a9-1bd8-40d3-9da9-53eb8de55086",
      "source_node": "BSE_ASSET",
      "target_node": "P03",
      "belief_type": "valuation",
      "confidence": 0.1,
      "value": 139,
      "timestamp": 51.04477611940318,
      "evidence_count": 1
    },
    "5aa83b04-b758-45a7-9648-a30f0a5bc9d9": {
      "edge_id": "5aa83b04-b758-45a7-9648-a30f0a5bc9d9",
      "source_node": "BSE_ASSET",
      "target_node": "S01",
      "belief_type": "strategy",
      "confidence": 0.1,
      "value": "unknown",
      "timestamp": 51.04477611940318,
      "evidence_count": 0
    },
    "0c335bb4-935d-4eb5-bb2f-20e9cf1cf051": {
      "edge_id": "0c335bb4-935d-4eb5-bb2f-20e9cf1cf051",
      "source_node": "BSE_ASSET",
      "target_node": "S01",
      "belief_type": "valuation",
      "confidence": 0.1,
      "value": 175,
      "timestamp": 51.04477611940318,
      "evidence_count": 1
    },
    "68cd98de-78b3-439c-8107-aba0ce0f69d7": {
      "edge_id": "68cd98de-78b3-439c-8107-aba0ce0f69d7",
      "source_node": "BSE_ASSET",
      "target_node": "S18",
      "belief_type": "strategy",
      "confidence": 0.1,
      "value": "unknown",
      "timestamp": 51.04477611940318,
      "evidence_count": 0
    },
    "2009b1c5-0395-4aab-adb7-9d8f9a31304b": {
      "edge_id": "2009b1c5-0395-4aab-adb7-9d8f9a31304b",
      "source_node": "BSE_ASSET",
      "target_node": "S18",
      "belief_type": "valuation",
      "confidence": 0.1,
      "value": 187,
      "timestamp": 51.04477611940318,
      "evidence_count": 1
    }
  },
  "event_history": [
    {
      "event_id": "ask_P17_40.89552238805972",
      "event_type": "ask",
      "timestamp": 40.89552238805972,
      "agent_id": "P17",
      "price": 127,
      "quantity": 1,
      "counterparty_id": null,
      "order_id": null
    },
    {
      "event_id": "ask_P02_40.89552238805972",
      "event_type": "ask",
      "timestamp": 40.89552238805972,
      "agent_id": "P02",
      "price": 129,
      "quantity": 1,
      "counterparty_id": null,
      "order_id": null
    },
    {
      "event_id": "ask_S00_40.89552238805972",
      "event_type": "ask",
      "timestamp": 40.89552238805972,
      "agent_id": "S00",
      "price": 129,
      "quantity": 1,
      "counterparty_id": null,
      "order_id": null
    },
    {
      "event_id": "ask_P08_40.89552238805972",
      "event_type": "ask",
      "timestamp": 40.89552238805972,
      "agent_id": "P08",
      "price": 130,
      "quantity": 1,
      "counterparty_id": null,
      "order_id": null
    },
    {
      "event_id": "ask_S09_40.89552238805972",
      "event_type": "ask",
      "timestamp": 40.89552238805972,
      "agent_id": "S09",
      "price": 139,
      "quantity": 1,
      "counterparty_id": null,
      "order_id": null
    },
    {
      "event_id": "ask_S22_40.89552238805972",
      "event_type": "ask",
      "timestamp": 40.89552238805972,
      "agent_id": "S22",
      "price": 140,
      "quantity": 1,
      "counterparty_id": null,
      "order_id": null
    },
    {
      "event_id": "ask_S06_40.89552238805972",
      "event_type": "ask",
      "timestamp": 40.89552238805972,
      "agent_id": "S06",
      "price": 147,
      "quantity": 1,
      "counterparty_id": null,
      "order_id": null
    },
    {
      "event_id": "ask_S04_40.89552238805972",
      "event_type": "ask",
      "timestamp": 40.89552238805972,
      "agent_id": "S04",
      "price": 153,
      "quantity": 1,
      "counterparty_id": null,
      "order_id": null
    },
    {
      "event_id": "ask_S17_40.89552238805972",
      "event_type": "ask",
      "timestamp": 40.89552238805972,
      "agent_id": "S17",
      "price": 154,
      "quantity": 1,
      "counterparty_id": null,
      "order_id": null
    },
    {
      "event_id": "ask_S21_40.89552238805972",
      "event_type": "ask",
      "timestamp": 40.89552238805972,
      "agent_id": "S21",
      "price": 154,
      "quantity": 1,
      "counterparty_id": null,
      "order_id": null
    },
    {
      "event_id": "ask_S13_40.89552238805972",
      "event_type": "ask",
      "timestamp": 40.89552238805972,
      "agent_id": "S13",
      "price": 154,
      "quantity": 1,
      "counterparty_id": null,
      "order_id": null
    },
    {
      "event_id": "ask_S12_40.89552238805972",
      "event_type": "ask",
      "timestamp": 40.89552238805972,
      "agent_id": "S12",
      "price": 156,
      "quantity": 1,
      "counterparty_id": null,
      "order_id": null
    },
    {
      "event_id": "ask_S07_40.89552238805972",
      "event_type": "ask",
      "timestamp": 40.89552238805972,
      "agent_id": "S07",
      "price": 210,
      "quantity": 1,
      "counterparty_id": null,
      "order_id": null
    },
    {
      "event_id": "ask_S20_40.89552238805972",
      "event_type": "ask",
      "timestamp": 40.89552238805972,
      "agent_id": "S20",
      "price": 340,
      "quantity": 1,
      "counterparty_id": null,
      "order_id": null
    },
    {
      "event_id": "bid_P13_45.97014925373145",
      "event_type": "bid",
      "timestamp": 45.97014925373145,
      "agent_id": "P13",
      "price": 127,
      "quantity": 1,
      "counterparty_id": null,
      "order_id": null
    },
    {
      "event_id": "bid_P01_45.97014925373145",
      "event_type": "bid",
      "timestamp": 45.97014925373145,
      "agent_id": "P01",
      "price": 127,
      "quantity": 1,
      "counterparty_id": null,
      "order_id": null
    },
    {
      "event_id": "bid_P15_45.97014925373145",
      "event_type": "bid",
      "timestamp": 45.97014925373145,
      "agent_id": "P15",
      "price": 126,
      "quantity": 1,
      "counterparty_id": null,
      "order_id": null
    },
    {
      "event_id": "bid_P05_45.97014925373145",
      "event_type": "bid",
      "timestamp": 45.97014925373145,
      "agent_id": "P05",
      "price": 126,
      "quantity": 1,
      "counterparty_id": null,
      "order_id": null
    },
    {
      "event_id": "bid_P16_45.97014925373145",
      "event_type": "bid",
      "timestamp": 45.97014925373145,
      "agent_id": "P16",
      "price": 126,
      "quantity": 1,
      "counterparty_id": null,
      "order_id": null
    },
    {
      "event_id": "bid_P00_45.97014925373145",
      "event_type": "bid",
      "timestamp": 45.97014925373145,
      "agent_id": "P00",
      "price": 122,
      "quantity": 1,
      "counterparty_id": null,
      "order_id": null
    },
    {
      "event_id": "bid_P07_45.97014925373145",
      "event_type": "bid",
      "timestamp": 45.97014925373145,
      "agent_id": "P07",
      "price": 120,
      "quantity": 1,
      "counterparty_id": null,
      "order_id": null
    },
    {
      "event_id": "ask_P04_45.97014925373145",
      "event_type": "ask",
      "timestamp": 45.97014925373145,
      "agent_id": "P04",
      "price": 130,
      "quantity": 1,
      "counterparty_id": null,
      "order_id": null
    },
    {
      "event_id": "ask_S13_45.97014925373145",
      "event_type": "ask",
      "timestamp": 45.97014925373145,
      "agent_id": "S13",
      "price": 154,
      "quantity": 1,
      "counterparty_id": null,
      "order_id": null
    },
    {
      "event_id": "ask_S08_45.97014925373145",
      "event_type": "ask",
      "timestamp": 45.97014925373145,
      "agent_id": "S08",
      "price": 156,
      "quantity": 1,
      "counterparty_id": null,
      "order_id": null
    },
    {
      "event_id": "ask_S12_45.97014925373145",
      "event_type": "ask",
      "timestamp": 45.97014925373145,
      "agent_id": "S12",
      "price": 181,
      "quantity": 1,
      "counterparty_id": null,
      "order_id": null
    },
    {
      "event_id": "ask_S05_45.97014925373145",
      "event_type": "ask",
      "timestamp": 45.97014925373145,
      "agent_id": "S05",
      "price": 196,
      "quantity": 1,
      "counterparty_id": null,
      "order_id": null
    },
    {
      "event_id": "ask_S07_45.97014925373145",
      "event_type": "ask",
      "timestamp": 45.97014925373145,
      "agent_id": "S07",
      "price": 349,
      "quantity": 1,
      "counterparty_id": null,
      "order_id": null
    },
    {
      "event_id": "bid_B16_51.04477611940318",
      "event_type": "bid",
      "timestamp": 51.04477611940318,
      "agent_id": "B16",
      "price": 131,
      "quantity": 1,
      "counterparty_id": null,
      "order_id": null
    },
    {
      "event_id": "bid_B08_51.04477611940318",
      "event_type": "bid",
      "timestamp": 51.04477611940318,
      "agent_id": "B08",
      "price": 130,
      "quantity": 1,
      "counterparty_id": null,
      "order_id": null
    },
    {
      "event_id": "bid_P16_51.04477611940318",
      "event_type": "bid",
      "timestamp": 51.04477611940318,
      "agent_id": "P16",
      "price": 129,
      "quantity": 1,
      "counterparty_id": null,
      "order_id": null
    },
    {
      "event_id": "bid_B11_51.04477611940318",
      "event_type": "bid",
      "timestamp": 51.04477611940318,
      "agent_id": "B11",
      "price": 129,
      "quantity": 1,
      "counterparty_id": null,
      "order_id": null
    },
    {
      "event_id": "bid_B17_51.04477611940318",
      "event_type": "bid",
      "timestamp": 51.04477611940318,
      "agent_id": "B17",
      "price": 128,
      "quantity": 1,
      "counterparty_id": null,
      "order_id": null
    },
    {
      "event_id": "bid_P06_51.04477611940318",
      "event_type": "bid",
      "timestamp": 51.04477611940318,
      "agent_id": "P06",
      "price": 128,
      "quantity": 1,
      "counterparty_id": null,
      "order_id": null
    },
    {
      "event_id": "bid_P13_51.04477611940318",
      "event_type": "bid",
      "timestamp": 51.04477611940318,
      "agent_id": "P13",
      "price": 127,
      "quantity": 1,
      "counterparty_id": null,
      "order_id": null
    },
    {
      "event_id": "bid_P01_51.04477611940318",
      "event_type": "bid",
      "timestamp": 51.04477611940318,
      "agent_id": "P01",
      "price": 127,
      "quantity": 1,
      "counterparty_id": null,
      "order_id": null
    },
    {
      "event_id": "bid_P15_51.04477611940318",
      "event_type": "bid",
      "timestamp": 51.04477611940318,
      "agent_id": "P15",
      "price": 126,
      "quantity": 1,
      "counterparty_id": null,
      "order_id": null
    },
    {
      "event_id": "bid_P05_51.04477611940318",
      "event_type": "bid",
      "timestamp": 51.04477611940318,
      "agent_id": "P05",
      "price": 126,
      "quantity": 1,
      "counterparty_id": null,
      "order_id": null
    },
    {
      "event_id": "bid_P00_51.04477611940318",
      "event_type": "bid",
      "timestamp": 51.04477611940318,
      "agent_id": "P00",
      "price": 122,
      "quantity": 1,
      "counterparty_id": null,
      "order_id": null
    },
    {
      "event_id": "bid_P07_51.04477611940318",
      "event_type": "bid",
      "timestamp": 51.04477611940318,
      "agent_id": "P07",
      "price": 120,
      "quantity": 1,
      "counterparty_id": null,
      "order_id": null
    },
    {
      "event_id": "ask_P03_51.04477611940318",
      "event_type": "ask",
      "timestamp": 51.04477611940318,
      "agent_id": "P03",
      "price": 139,
      "quantity": 1,
      "counterparty_id": null,
      "order_id": null
    },
    {
      "event_id": "ask_P19_51.04477611940318",
      "event_type": "ask",
      "timestamp": 51.04477611940318,
      "agent_id": "P19",
      "price": 139,
      "quantity": 1,
      "counterparty_id": null,
      "order_id": null
    },
    {
      "event_id": "ask_P12_51.04477611940318",
      "event_type": "ask",
      "timestamp": 51.04477611940318,
      "agent_id": "P12",
      "price": 139,
      "quantity": 1,
      "counterparty_id": null,
      "order_id": null
    },
    {
      "event_id": "ask_P10_51.04477611940318",
      "event_type": "ask",
      "timestamp": 51.04477611940318,
      "agent_id": "P10",
      "price": 139,
      "quantity": 1,
      "counterparty_id": null,
      "order_id": null
    },
    {
      "event_id": "ask_S09_51.04477611940318",
      "event_type": "ask",
      "timestamp": 51.04477611940318,
      "agent_id": "S09",
      "price": 140,
      "quantity": 1,
      "counterparty_id": null,
      "order_id": null
    },
    {
      "event_id": "ask_S14_51.04477611940318",
      "event_type": "ask",
      "timestamp": 51.04477611940318,
      "agent_id": "S14",
      "price": 144,
      "quantity": 1,
      "counterparty_id": null,
      "order_id": null
    },
    {
      "event_id": "ask_S03_51.04477611940318",
      "event_type": "ask",
      "timestamp": 51.04477611940318,
      "agent_id": "S03",
      "price": 157,
      "quantity": 1,
      "counterparty_id": null,
      "order_id": null
    },
    {
      "event_id": "ask_S22_51.04477611940318",
      "event_type": "ask",
      "timestamp": 51.04477611940318,
      "agent_id": "S22",
      "price": 161,
      "quantity": 1,
      "counterparty_id": null,
      "order_id": null
    },
    {
      "event_id": "ask_S01_51.04477611940318",
      "event_type": "ask",
      "timestamp": 51.04477611940318,
      "agent_id": "S01",
      "price": 175,
      "quantity": 1,
      "counterparty_id": null,
      "order_id": null
    },
    {
      "event_id": "ask_S12_51.04477611940318",
      "event_type": "ask",
      "timestamp": 51.04477611940318,
      "agent_id": "S12",
      "price": 181,
      "quantity": 1,
      "counterparty_id": null,
      "order_id": null
    },
    {
      "event_id": "ask_S18_51.04477611940318",
      "event_type": "ask",
      "timestamp": 51.04477611940318,
      "agent_id": "S18",
      "price": 187,
      "quantity": 1,
      "counterparty_id": null,
      "order_id": null
    }
  ]
}
2025-10-10 19:07:45 | HM_NL_COT_P19 | ================================================================================
2025-10-10 19:07:45 | HM_NL_COT_P19 | [AGENTS-TRACKED] Currently tracking 60 agents: ['P19', 'P17', 'P02', 'P01', 'P08', 'P07', 'B11', 'B19', 'S06', 'S02', 'S07', 'P20', 'B13', 'B05', 'B02', 'B07', 'B09', 'B04', 'S03', 'S12', 'S20', 'P14', 'B06', 'B20', 'B10', 'S04', 'P12', 'P18', 'P16', 'P13', 'B15', 'B21', 'B08', 'B14', 'B18', 'S15', 'P15', 'P00', 'P06', 'P10', 'B01', 'S14', 'S00', 'S22', 'S19', 'S13', 'P04', 'B22', 'B03', 'S17', 'S05', 'S09', 'S21', 'P05', 'S08', 'B16', 'B17', 'P03', 'S01', 'S18']
2025-10-10 19:13:50 | HM_NL_COT_P19 | [GETORDER] Called at time 51.3, job=Buy, balance=$506
2025-10-10 19:13:50 | HM_NL_COT_P19 | === LLM PROMPT AT TIME 51.343283582089754 ===
2025-10-10 19:13:50 | HM_NL_COT_P19 | ================================================================================
2025-10-10 19:13:50 | HM_NL_COT_P19 | 
You are a proprietary trader looking to BUY a unit.

MARKET DATA:
Time: 51.3
Best Bid: 132
Best Ask: 139
Spread: 7
Recent prices: [138, 154, 130, 130, 127]
Average recent price: $135.8

MY CURRENT STATE:
Balance: $506
Current job: Buy
Inventory: 0 units
Last purchase price: $124
Number of completed trades: 2



MARKET EDUCATION:
- Price ranges typically between $1-$500 in this market
- The market operates as a continuous double auction with a limit order book
- Orders are matched when bid prices meet or exceed ask prices
- You can place BID orders (to buy) or ASK orders (to sell)

HOW ORDER BOOKS WORK:
- To BUY: Place a BID order at your desired price
  - If sellers exist at/below your bid price → immediate execution
  - If no sellers at your price → your bid waits on the order book
  - Higher bids are more likely to execute quickly

- To SELL: Place an ASK order at your desired price
  - If buyers exist at/above your ask price → immediate execution
  - If no buyers at your price → your ask waits on the order book
  - Lower asks are more likely to execute quickly

TRADING PRINCIPLES:
- "Buy low, sell high" means buying below recent average prices when possible
- Risk management: avoid spending your entire balance on one trade
- Learn from history: if recent trades lost money, consider what went wrong
- Liquidity: sometimes waiting for better prices is smarter than forcing trades
- Analyze other traders' activity patterns and draw your own conclusions



BELIEF GRAPH INSIGHTS (Natural Language):
The belief graph represents your understanding of market dynamics and other agents' strategies.

Current market beliefs:
My trading attributes: {'aggressiveness': 0.6, 'learning_rate': 0.6, 'hypothesis_threshold': 0.3, 'exploration_rate': 0.5, 'adaptability': 0.7, 'strategic_depth': 0.8}

Tracking 60 agents
  - Agent P19
  - Agent P17
  - Agent P02
  - Agent P01
  - Agent P08
  - Agent P07
  - Agent B11
  - Agent B19
  - Agent S06
  - Agent S02
  - Agent S07
  - Agent P20
  - Agent B13
  - Agent B05
  - Agent B02
  - Agent B07
  - Agent B09
  - Agent B04
  - Agent S03
  - Agent S12
  - Agent S20
  - Agent P14
  - Agent B06
  - Agent B20
  - Agent B10
  - Agent S04
  - Agent P12
  - Agent P18
  - Agent P16
  - Agent P13
  - Agent B15
  - Agent B21
  - Agent B08
  - Agent B14
  - Agent B18
  - Agent S15
  - Agent P15
  - Agent P00
  - Agent P06
  - Agent P10
  - Agent B01
  - Agent S14
  - Agent S00
  - Agent S22
  - Agent S19
  - Agent S13
  - Agent P04
  - Agent B22
  - Agent B03
  - Agent S17
  - Agent S05
  - Agent S09
  - Agent S21
  - Agent P05
  - Agent S08
  - Agent B16
  - Agent B17
  - Agent P03
  - Agent S01
  - Agent S18

This narrative describes:
- How aggressive or passive other traders are behaving
- What strategies you believe they are following
- Overall market sentiment and direction
- Your assessment of current market risks
- How confident you are in your understanding of each agent

Use these insights to inform your trading decisions.


GRAPH QUALITY: BASIC
You have limited information about market participants.
Belief graph data is based on observations and may contain uncertainties.


CURRENT SITUATION: You currently have NO INVENTORY and are looking to BUY a unit.

YOUR GOAL: Make a profitable trade. End with MORE money than you started with.


REASONING PROCESS:
Before making your decision, think through:
1. What is the current market situation?
2. What are other traders doing and why?
3. What does my belief graph tell me?
4. What are the risks and opportunities?
5. What action aligns with my strategy?

Provide your reasoning step-by-step, then state your decision.


Respond with ONLY:
"BUY [exact_price]" - to place a bid at that price
"WAIT" - to wait for better conditions



2025-10-10 19:13:50 | HM_NL_COT_P19 | ================================================================================
2025-10-10 19:13:52 | HM_NL_COT_P19 | === RAW LLM RESPONSE ===
2025-10-10 19:13:52 | HM_NL_COT_P19 | Okay, let's analyze the situation:

1.  **Market Situation:** The best bid is 132, the best ask is 139, and the spread is 7. Recent prices have been fluctuating, with an average of 135.8. My last purchase was at 124.

2.  **Other Traders:** I have limited information about other traders, but the belief graph tracks 60 agents. I need to consider their behavior, but the graph quality is basic, so I have to be cautious.

3.  **Belief Graph:** My trading attributes are listed. I am moderately aggressive (0.6) and adaptable (0.7).

4.  **Risks and Opportunities:** The risk is buying at a price that's too high and losing money. The opportunity is to buy low and sell high. Given the spread, I want to buy as close to the best bid as possible, but I also want to buy below the average recent price of 135.8.

5.  **Action:** I will try to buy at a price slightly below the best bid, but I need to balance that with the need to get a fill.

Decision:
BUY 132
2025-10-10 19:13:52 | HM_NL_COT_P19 | ================================================================================
2025-10-10 19:13:52 | HM_NL_COT_P19 | === PARSED DECISION ===
2025-10-10 19:13:52 | HM_NL_COT_P19 | Action: BUY
2025-10-10 19:13:52 | HM_NL_COT_P19 | Price: 132
2025-10-10 19:13:52 | HM_NL_COT_P19 | Reasoning: Okay, let's analyze the situation:

1.  **Market Situation:** The best bid is 132, the best ask is 139, and the spread is 7. Recent prices have been fluctuating, with an average of 135.8. My last purchase was at 124.

2.  **Other Traders:** I have limited information about other traders, but the belief graph tracks 60 agents. I need to consider their behavior, but the graph quality is basic, so I have to be cautious.

3.  **Belief Graph:** My trading attributes are listed. I am moderately aggres
2025-10-10 19:13:52 | HM_NL_COT_P19 | Current Job: Buy
2025-10-10 19:13:52 | HM_NL_COT_P19 | Balance: $506.00
2025-10-10 19:13:52 | HM_NL_COT_P19 | Inventory: 0
2025-10-10 19:14:01 | HM_NL_COT_P19 | [GETORDER] Called at time 53.6, job=Buy, balance=$506
2025-10-10 19:14:01 | HM_NL_COT_P19 | === LLM PROMPT AT TIME 53.58208955223905 ===
2025-10-10 19:14:01 | HM_NL_COT_P19 | ================================================================================
2025-10-10 19:14:01 | HM_NL_COT_P19 | 
You are a proprietary trader looking to BUY a unit.

MARKET DATA:
Time: 53.6
Best Bid: 134
Best Ask: 139
Spread: 5
Recent prices: [139, 138, 154, 130, 130]
Average recent price: $138.2

MY CURRENT STATE:
Balance: $506
Current job: Buy
Inventory: 0 units
Last purchase price: $124
Number of completed trades: 2



MARKET EDUCATION:
- Price ranges typically between $1-$500 in this market
- The market operates as a continuous double auction with a limit order book
- Orders are matched when bid prices meet or exceed ask prices
- You can place BID orders (to buy) or ASK orders (to sell)

HOW ORDER BOOKS WORK:
- To BUY: Place a BID order at your desired price
  - If sellers exist at/below your bid price → immediate execution
  - If no sellers at your price → your bid waits on the order book
  - Higher bids are more likely to execute quickly

- To SELL: Place an ASK order at your desired price
  - If buyers exist at/above your ask price → immediate execution
  - If no buyers at your price → your ask waits on the order book
  - Lower asks are more likely to execute quickly

TRADING PRINCIPLES:
- "Buy low, sell high" means buying below recent average prices when possible
- Risk management: avoid spending your entire balance on one trade
- Learn from history: if recent trades lost money, consider what went wrong
- Liquidity: sometimes waiting for better prices is smarter than forcing trades
- Analyze other traders' activity patterns and draw your own conclusions



BELIEF GRAPH INSIGHTS (Natural Language):
The belief graph represents your understanding of market dynamics and other agents' strategies.

Current market beliefs:
My trading attributes: {'aggressiveness': 0.6, 'learning_rate': 0.6, 'hypothesis_threshold': 0.3, 'exploration_rate': 0.5, 'adaptability': 0.7, 'strategic_depth': 0.8}

Tracking 60 agents
  - Agent P19
  - Agent P17
  - Agent P02
  - Agent P01
  - Agent P08
  - Agent P07
  - Agent B11
  - Agent B19
  - Agent S06
  - Agent S02
  - Agent S07
  - Agent P20
  - Agent B13
  - Agent B05
  - Agent B02
  - Agent B07
  - Agent B09
  - Agent B04
  - Agent S03
  - Agent S12
  - Agent S20
  - Agent P14
  - Agent B06
  - Agent B20
  - Agent B10
  - Agent S04
  - Agent P12
  - Agent P18
  - Agent P16
  - Agent P13
  - Agent B15
  - Agent B21
  - Agent B08
  - Agent B14
  - Agent B18
  - Agent S15
  - Agent P15
  - Agent P00
  - Agent P06
  - Agent P10
  - Agent B01
  - Agent S14
  - Agent S00
  - Agent S22
  - Agent S19
  - Agent S13
  - Agent P04
  - Agent B22
  - Agent B03
  - Agent S17
  - Agent S05
  - Agent S09
  - Agent S21
  - Agent P05
  - Agent S08
  - Agent B16
  - Agent B17
  - Agent P03
  - Agent S01
  - Agent S18

This narrative describes:
- How aggressive or passive other traders are behaving
- What strategies you believe they are following
- Overall market sentiment and direction
- Your assessment of current market risks
- How confident you are in your understanding of each agent

Use these insights to inform your trading decisions.


GRAPH QUALITY: BASIC
You have limited information about market participants.
Belief graph data is based on observations and may contain uncertainties.


CURRENT SITUATION: You currently have NO INVENTORY and are looking to BUY a unit.

YOUR GOAL: Make a profitable trade. End with MORE money than you started with.


REASONING PROCESS:
Before making your decision, think through:
1. What is the current market situation?
2. What are other traders doing and why?
3. What does my belief graph tell me?
4. What are the risks and opportunities?
5. What action aligns with my strategy?

Provide your reasoning step-by-step, then state your decision.


Respond with ONLY:
"BUY [exact_price]" - to place a bid at that price
"WAIT" - to wait for better conditions



2025-10-10 19:14:01 | HM_NL_COT_P19 | ================================================================================
2025-10-10 19:14:03 | HM_NL_COT_P19 | === RAW LLM RESPONSE ===
2025-10-10 19:14:03 | HM_NL_COT_P19 | Okay, let's analyze the situation:

1.  **Market Situation:** The best bid is 134, and the best ask is 139, with a spread of 5. Recent prices have been fluctuating around the average of 138.2. My last purchase was at 124, which is significantly lower than the current average.

2.  **Other Traders:** I have limited information about other traders. The belief graph lists many agents, but the quality is basic, so I have limited insight into their strategies.

3.  **Belief Graph:** My trading attributes are listed. I have a moderate aggressiveness and learning rate.

4.  **Risks and Opportunities:** The risk is buying at a price that is too high and potentially losing money if the price drops further. The opportunity is to buy at a price lower than the current average and potentially profit if the price increases.

5.  **Action:** I want to buy low. The current best ask is 139, and the average recent price is 138.2. I will try to buy at a price lower than the best ask, but not too low that I miss the trade.

I will place a bid at 134, which is the best bid.

BUY 134
2025-10-10 19:14:03 | HM_NL_COT_P19 | ================================================================================
2025-10-10 19:14:03 | HM_NL_COT_P19 | === PARSED DECISION ===
2025-10-10 19:14:03 | HM_NL_COT_P19 | Action: BUY
2025-10-10 19:14:03 | HM_NL_COT_P19 | Price: 134
2025-10-10 19:14:03 | HM_NL_COT_P19 | Reasoning: Okay, let's analyze the situation:

1.  **Market Situation:** The best bid is 134, and the best ask is 139, with a spread of 5. Recent prices have been fluctuating around the average of 138.2. My last purchase was at 124, which is significantly lower than the current average.

2.  **Other Traders:** I have limited information about other traders. The belief graph lists many agents, but the quality is basic, so I have limited insight into their strategies.

3.  **Belief Graph:** My trading attrib
2025-10-10 19:14:03 | HM_NL_COT_P19 | Current Job: Buy
2025-10-10 19:14:03 | HM_NL_COT_P19 | Balance: $506.00
2025-10-10 19:14:03 | HM_NL_COT_P19 | Inventory: 0
2025-10-10 19:14:08 | HM_NL_COT_P19 | [GETORDER] Called at time 55.1, job=Buy, balance=$506
2025-10-10 19:14:08 | HM_NL_COT_P19 | === LLM PROMPT AT TIME 55.07462686567191 ===
2025-10-10 19:14:08 | HM_NL_COT_P19 | ================================================================================
2025-10-10 19:14:08 | HM_NL_COT_P19 | 
You are a proprietary trader looking to BUY a unit.

MARKET DATA:
Time: 55.1
Best Bid: 134
Best Ask: 139
Spread: 5
Recent prices: [139, 138, 154, 130, 130]
Average recent price: $138.2

MY CURRENT STATE:
Balance: $506
Current job: Buy
Inventory: 0 units
Last purchase price: $124
Number of completed trades: 2



MARKET EDUCATION:
- Price ranges typically between $1-$500 in this market
- The market operates as a continuous double auction with a limit order book
- Orders are matched when bid prices meet or exceed ask prices
- You can place BID orders (to buy) or ASK orders (to sell)

HOW ORDER BOOKS WORK:
- To BUY: Place a BID order at your desired price
  - If sellers exist at/below your bid price → immediate execution
  - If no sellers at your price → your bid waits on the order book
  - Higher bids are more likely to execute quickly

- To SELL: Place an ASK order at your desired price
  - If buyers exist at/above your ask price → immediate execution
  - If no buyers at your price → your ask waits on the order book
  - Lower asks are more likely to execute quickly

TRADING PRINCIPLES:
- "Buy low, sell high" means buying below recent average prices when possible
- Risk management: avoid spending your entire balance on one trade
- Learn from history: if recent trades lost money, consider what went wrong
- Liquidity: sometimes waiting for better prices is smarter than forcing trades
- Analyze other traders' activity patterns and draw your own conclusions



BELIEF GRAPH INSIGHTS (Natural Language):
The belief graph represents your understanding of market dynamics and other agents' strategies.

Current market beliefs:
My trading attributes: {'aggressiveness': 0.6, 'learning_rate': 0.6, 'hypothesis_threshold': 0.3, 'exploration_rate': 0.5, 'adaptability': 0.7, 'strategic_depth': 0.8}

Tracking 60 agents
  - Agent P19
  - Agent P17
  - Agent P02
  - Agent P01
  - Agent P08
  - Agent P07
  - Agent B11
  - Agent B19
  - Agent S06
  - Agent S02
  - Agent S07
  - Agent P20
  - Agent B13
  - Agent B05
  - Agent B02
  - Agent B07
  - Agent B09
  - Agent B04
  - Agent S03
  - Agent S12
  - Agent S20
  - Agent P14
  - Agent B06
  - Agent B20
  - Agent B10
  - Agent S04
  - Agent P12
  - Agent P18
  - Agent P16
  - Agent P13
  - Agent B15
  - Agent B21
  - Agent B08
  - Agent B14
  - Agent B18
  - Agent S15
  - Agent P15
  - Agent P00
  - Agent P06
  - Agent P10
  - Agent B01
  - Agent S14
  - Agent S00
  - Agent S22
  - Agent S19
  - Agent S13
  - Agent P04
  - Agent B22
  - Agent B03
  - Agent S17
  - Agent S05
  - Agent S09
  - Agent S21
  - Agent P05
  - Agent S08
  - Agent B16
  - Agent B17
  - Agent P03
  - Agent S01
  - Agent S18

This narrative describes:
- How aggressive or passive other traders are behaving
- What strategies you believe they are following
- Overall market sentiment and direction
- Your assessment of current market risks
- How confident you are in your understanding of each agent

Use these insights to inform your trading decisions.


GRAPH QUALITY: BASIC
You have limited information about market participants.
Belief graph data is based on observations and may contain uncertainties.


CURRENT SITUATION: You currently have NO INVENTORY and are looking to BUY a unit.

YOUR GOAL: Make a profitable trade. End with MORE money than you started with.


REASONING PROCESS:
Before making your decision, think through:
1. What is the current market situation?
2. What are other traders doing and why?
3. What does my belief graph tell me?
4. What are the risks and opportunities?
5. What action aligns with my strategy?

Provide your reasoning step-by-step, then state your decision.


Respond with ONLY:
"BUY [exact_price]" - to place a bid at that price
"WAIT" - to wait for better conditions



2025-10-10 19:14:08 | HM_NL_COT_P19 | ================================================================================
2025-10-10 19:14:10 | HM_NL_COT_P19 | === RAW LLM RESPONSE ===
2025-10-10 19:14:10 | HM_NL_COT_P19 | Okay, let's analyze the situation:

1.  **Market Situation:** The best bid is 134, the best ask is 139, and the spread is 5. The recent average price is $138.2. I have no inventory and a balance of $506.

2.  **Other Traders:** I have limited information about other traders (GRAPH QUALITY: BASIC). My belief graph tracks 60 agents, but I don't have specific insights into their current behavior.

3.  **Belief Graph:** My trading attributes are: {'aggressiveness': 0.6, 'learning_rate': 0.6, 'hypothesis_threshold': 0.3, 'exploration_rate': 0.5, 'adaptability': 0.7, 'strategic_depth': 0.8}. I am moderately aggressive and adaptable.

4.  **Risks and Opportunities:** The risk is buying at a price that's too high and losing money. The opportunity is to buy low and sell high. The current price is slightly below the recent average, which is a small positive.

5.  **Action:** I want to buy low. The best bid is 134, so I'll try to buy at a price below the current best ask of 139. Given my aggressiveness, I'll bid slightly below the best ask, but not too far below to increase my chances of execution.

Decision:
BUY 137
2025-10-10 19:14:10 | HM_NL_COT_P19 | ================================================================================
2025-10-10 19:14:10 | HM_NL_COT_P19 | === PARSED DECISION ===
2025-10-10 19:14:10 | HM_NL_COT_P19 | Action: BUY
2025-10-10 19:14:10 | HM_NL_COT_P19 | Price: 137
2025-10-10 19:14:10 | HM_NL_COT_P19 | Reasoning: Okay, let's analyze the situation:

1.  **Market Situation:** The best bid is 134, the best ask is 139, and the spread is 5. The recent average price is $138.2. I have no inventory and a balance of $506.

2.  **Other Traders:** I have limited information about other traders (GRAPH QUALITY: BASIC). My belief graph tracks 60 agents, but I don't have specific insights into their current behavior.

3.  **Belief Graph:** My trading attributes are: {'aggressiveness': 0.6, 'learning_rate': 0.6, 'hypoth
2025-10-10 19:14:10 | HM_NL_COT_P19 | Current Job: Buy
2025-10-10 19:14:10 | HM_NL_COT_P19 | Balance: $506.00
2025-10-10 19:14:10 | HM_NL_COT_P19 | Inventory: 0
2025-10-10 19:17:19 | HM_NL_COT_P19 | [BELIEF-THROTTLE] P09: Running belief graph update at time 56.3
2025-10-10 19:17:19 | HM_NL_COT_P19 | [UPDATE-SUMMARY] Processed 24 market events at time 56.3
2025-10-10 19:17:19 | HM_NL_COT_P19 | === BELIEF GRAPH STATE AT TIME 56.3 ===
2025-10-10 19:17:19 | HM_NL_COT_P19 | {
  "graph_id": "35bffc35-eaaa-4a03-8264-413373ab85fc",
  "asset_id": "BSE_ASSET",
  "current_time": 56.2686567164182,
  "nodes": {
    "BSE_ASSET": {
      "asset_id": "BSE_ASSET",
      "node_type": "asset",
      "current_best_bid": null,
      "current_best_ask": null,
      "last_trade_price": null,
      "volume_traded": 0,
      "price_volatility": 0.0,
      "spread_width": null,
      "market_depth_bid": 0,
      "market_depth_ask": 0
    },
    "P19": {
      "agent_id": "P19",
      "node_type": "agent",
      "last_bid_price": 124,
      "last_ask_price": 139,
      "last_trade_price": null,
      "total_trades": 0,
      "total_volume": 0,
      "strategy_type": "Hypothetical-Minds",
      "inferred_valuation": 129.13,
      "valuation_confidence": 0.30000000000000004,
      "aggressiveness_score": 0.6,
      "last_activity": 51.04477611940318
    },
    "P17": {
      "agent_id": "P17",
      "node_type": "agent",
      "last_bid_price": 130,
      "last_ask_price": 127,
      "last_trade_price": null,
      "total_trades": 0,
      "total_volume": 0,
      "strategy_type": null,
      "inferred_valuation": 129.1,
      "valuation_confidence": 0.2,
      "aggressiveness_score": 0.0,
      "last_activity": 40.89552238805972
    },
    "P02": {
      "agent_id": "P02",
      "node_type": "agent",
      "last_bid_price": 128,
      "last_ask_price": 129,
      "last_trade_price": null,
      "total_trades": 0,
      "total_volume": 0,
      "strategy_type": null,
      "inferred_valuation": 128.88235099999997,
      "valuation_confidence": 0.7,
      "aggressiveness_score": 0.0,
      "last_activity": 40.89552238805972
    },
    "P01": {
      "agent_id": "P01",
      "node_type": "agent",
      "last_bid_price": 127,
      "last_ask_price": 127,
      "last_trade_price": null,
      "total_trades": 0,
      "total_volume": 0,
      "strategy_type": null,
      "inferred_valuation": 127.11764899999997,
      "valuation_confidence": 0.7,
      "aggressiveness_score": 0.0,
      "last_activity": 56.2686567164182
    },
    "P08": {
      "agent_id": "P08",
      "node_type": "agent",
      "last_bid_price": 132,
      "last_ask_price": 130,
      "last_trade_price": null,
      "total_trades": 0,
      "total_volume": 0,
      "strategy_type": null,
      "inferred_valuation": 130.3529371,
      "valuation_confidence": 0.7999999999999999,
      "aggressiveness_score": 0.0,
      "last_activity": 56.2686567164182
    },
    "P07": {
      "agent_id": "P07",
      "node_type": "agent",
      "last_bid_price": 120,
      "last_ask_price": null,
      "last_trade_price": null,
      "total_trades": 0,
      "total_volume": 0,
      "strategy_type": null,
      "inferred_valuation": 120.0,
      "valuation_confidence": 0.95,
      "aggressiveness_score": 0.0,
      "last_activity": 56.2686567164182
    },
    "B11": {
      "agent_id": "B11",
      "node_type": "agent",
      "last_bid_price": 129,
      "last_ask_price": null,
      "last_trade_price": null,
      "total_trades": 0,
      "total_volume": 0,
      "strategy_type": null,
      "inferred_valuation": 121.94399999999999,
      "valuation_confidence": 0.5,
      "aggressiveness_score": 0.0,
      "last_activity": 56.2686567164182
    },
    "B19": {
      "agent_id": "B19",
      "node_type": "agent",
      "last_bid_price": 124,
      "last_ask_price": null,
      "last_trade_price": null,
      "total_trades": 0,
      "total_volume": 0,
      "strategy_type": null,
      "inferred_valuation": 114.19999999999999,
      "valuation_confidence": 0.2,
      "aggressiveness_score": 0.0,
      "last_activity": 10.298507462686555
    },
    "S06": {
      "agent_id": "S06",
      "node_type": "agent",
      "last_bid_price": null,
      "last_ask_price": 147,
      "last_trade_price": null,
      "total_trades": 0,
      "total_volume": 0,
      "strategy_type": null,
      "inferred_valuation": 139.65,
      "valuation_confidence": 0.30000000000000004,
      "aggressiveness_score": 0.0,
      "last_activity": 40.89552238805972
    },
    "S02": {
      "agent_id": "S02",
      "node_type": "agent",
      "last_bid_price": null,
      "last_ask_price": 160,
      "last_trade_price": null,
      "total_trades": 0,
      "total_volume": 0,
      "strategy_type": null,
      "inferred_valuation": 140.11299999999997,
      "valuation_confidence": 0.4,
      "aggressiveness_score": 0.0,
      "last_activity": 56.2686567164182
    },
    "S07": {
      "agent_id": "S07",
      "node_type": "agent",
      "last_bid_price": null,
      "last_ask_price": 349,
      "last_trade_price": null,
      "total_trades": 0,
      "total_volume": 0,
      "strategy_type": null,
      "inferred_valuation": 315.86157999999995,
      "valuation_confidence": 0.6,
      "aggressiveness_score": 0.0,
      "last_activity": 45.97014925373145
    },
    "P20": {
      "agent_id": "P20",
      "node_type": "agent",
      "last_bid_price": 124,
      "last_ask_price": null,
      "last_trade_price": null,
      "total_trades": 0,
      "total_volume": 0,
      "strategy_type": null,
      "inferred_valuation": 124.0,
      "valuation_confidence": 0.2,
      "aggressiveness_score": 0.0,
      "last_activity": 15.373134328358166
    },
    "B13": {
      "agent_id": "B13",
      "node_type": "agent",
      "last_bid_price": 110,
      "last_ask_price": null,
      "last_trade_price": null,
      "total_trades": 0,
      "total_volume": 0,
      "strategy_type": null,
      "inferred_valuation": 105.1,
      "valuation_confidence": 0.4,
      "aggressiveness_score": 0.0,
      "last_activity": 25.522388059701388
    },
    "B05": {
      "agent_id": "B05",
      "node_type": "agent",
      "last_bid_price": 93,
      "last_ask_price": null,
      "last_trade_price": null,
      "total_trades": 0,
      "total_volume": 0,
      "strategy_type": null,
      "inferred_valuation": 95.94,
      "valuation_confidence": 0.30000000000000004,
      "aggressiveness_score": 0.0,
      "last_activity": 20.447761194029777
    },
    "B02": {
      "agent_id": "B02",
      "node_type": "agent",
      "last_bid_price": 61,
      "last_ask_price": null,
      "last_trade_price": null,
      "total_trades": 0,
      "total_volume": 0,
      "strategy_type": null,
      "inferred_valuation": 70.40121,
      "valuation_confidence": 0.6,
      "aggressiveness_score": 0.0,
      "last_activity": 56.2686567164182
    },
    "B07": {
      "agent_id": "B07",
      "node_type": "agent",
      "last_bid_price": 98,
      "last_ask_price": null,
      "last_trade_price": null,
      "total_trades": 0,
      "total_volume": 0,
      "strategy_type": null,
      "inferred_valuation": 98.0,
      "valuation_confidence": 0.2,
      "aggressiveness_score": 0.0,
      "last_activity": 15.373134328358166
    },
    "B09": {
      "agent_id": "B09",
      "node_type": "agent",
      "last_bid_price": 121,
      "last_ask_price": null,
      "last_trade_price": null,
      "total_trades": 0,
      "total_volume": 0,
      "strategy_type": null,
      "inferred_valuation": 101.88999999999999,
      "valuation_confidence": 0.30000000000000004,
      "aggressiveness_score": 0.0,
      "last_activity": 30.597014925373
    },
    "B04": {
      "agent_id": "B04",
      "node_type": "agent",
      "last_bid_price": 82,
      "last_ask_price": null,
      "last_trade_price": null,
      "total_trades": 0,
      "total_volume": 0,
      "strategy_type": null,
      "inferred_valuation": 82.0,
      "valuation_confidence": 0.2,
      "aggressiveness_score": 0.0,
      "last_activity": 15.373134328358166
    },
    "S03": {
      "agent_id": "S03",
      "node_type": "agent",
      "last_bid_price": null,
      "last_ask_price": 157,
      "last_trade_price": null,
      "total_trades": 0,
      "total_volume": 0,
      "strategy_type": null,
      "inferred_valuation": 143.76999999999998,
      "valuation_confidence": 0.30000000000000004,
      "aggressiveness_score": 0.0,
      "last_activity": 56.2686567164182
    },
    "S12": {
      "agent_id": "S12",
      "node_type": "agent",
      "last_bid_price": null,
      "last_ask_price": 181,
      "last_trade_price": null,
      "total_trades": 0,
      "total_volume": 0,
      "strategy_type": null,
      "inferred_valuation": 164.63400000000001,
      "valuation_confidence": 0.5,
      "aggressiveness_score": 0.0,
      "last_activity": 51.04477611940318
    },
    "S20": {
      "agent_id": "S20",
      "node_type": "agent",
      "last_bid_price": null,
      "last_ask_price": 279,
      "last_trade_price": null,
      "total_trades": 0,
      "total_volume": 0,
      "strategy_type": null,
      "inferred_valuation": 231.0892,
      "valuation_confidence": 0.5,
      "aggressiveness_score": 0.0,
      "last_activity": 56.2686567164182
    },
    "P14": {
      "agent_id": "P14",
      "node_type": "agent",
      "last_bid_price": 124,
      "last_ask_price": 127,
      "last_trade_price": null,
      "total_trades": 0,
      "total_volume": 0,
      "strategy_type": null,
      "inferred_valuation": 125.53,
      "valuation_confidence": 0.30000000000000004,
      "aggressiveness_score": 0.0,
      "last_activity": 30.597014925373
    },
    "B06": {
      "agent_id": "B06",
      "node_type": "agent",
      "last_bid_price": 112,
      "last_ask_price": null,
      "last_trade_price": null,
      "total_trades": 0,
      "total_volume": 0,
      "strategy_type": null,
      "inferred_valuation": 112.0,
      "valuation_confidence": 0.2,
      "aggressiveness_score": 0.0,
      "last_activity": 20.447761194029777
    },
    "B20": {
      "agent_id": "B20",
      "node_type": "agent",
      "last_bid_price": 100,
      "last_ask_price": null,
      "last_trade_price": null,
      "total_trades": 0,
      "total_volume": 0,
      "strategy_type": null,
      "inferred_valuation": 100,
      "valuation_confidence": 0.1,
      "aggressiveness_score": 0.0,
      "last_activity": 15.373134328358166
    },
    "B10": {
      "agent_id": "B10",
      "node_type": "agent",
      "last_bid_price": 117,
      "last_ask_price": null,
      "last_trade_price": null,
      "total_trades": 0,
      "total_volume": 0,
      "strategy_type": null,
      "inferred_valuation": 107.69,
      "valuation_confidence": 0.30000000000000004,
      "aggressiveness_score": 0.0,
      "last_activity": 25.522388059701388
    },
    "S04": {
      "agent_id": "S04",
      "node_type": "agent",
      "last_bid_price": null,
      "last_ask_price": 153,
      "last_trade_price": null,
      "total_trades": 0,
      "total_volume": 0,
      "strategy_type": null,
      "inferred_valuation": 141.98969999999997,
      "valuation_confidence": 0.5,
      "aggressiveness_score": 0.0,
      "last_activity": 40.89552238805972
    },
    "P12": {
      "agent_id": "P12",
      "node_type": "agent",
      "last_bid_price": null,
      "last_ask_price": 139,
      "last_trade_price": null,
      "total_trades": 0,
      "total_volume": 0,
      "strategy_type": null,
      "inferred_valuation": 134.58999999999997,
      "valuation_confidence": 0.6,
      "aggressiveness_score": 0.0,
      "last_activity": 56.2686567164182
    },
    "P18": {
      "agent_id": "P18",
      "node_type": "agent",
      "last_bid_price": null,
      "last_ask_price": 130,
      "last_trade_price": null,
      "total_trades": 0,
      "total_volume": 0,
      "strategy_type": null,
      "inferred_valuation": 130.0,
      "valuation_confidence": 0.5,
      "aggressiveness_score": 0.0,
      "last_activity": 35.820895522387985
    },
    "P16": {
      "agent_id": "P16",
      "node_type": "agent",
      "last_bid_price": 134,
      "last_ask_price": null,
      "last_trade_price": null,
      "total_trades": 0,
      "total_volume": 0,
      "strategy_type": null,
      "inferred_valuation": 128.344,
      "valuation_confidence": 0.4,
      "aggressiveness_score": 0.0,
      "last_activity": 56.2686567164182
    },
    "P13": {
      "agent_id": "P13",
      "node_type": "agent",
      "last_bid_price": 134,
      "last_ask_price": null,
      "last_trade_price": null,
      "total_trades": 0,
      "total_volume": 0,
      "strategy_type": null,
      "inferred_valuation": 127.37127999999998,
      "valuation_confidence": 0.6,
      "aggressiveness_score": 0.0,
      "last_activity": 56.2686567164182
    },
    "B15": {
      "agent_id": "B15",
      "node_type": "agent",
      "last_bid_price": 120,
      "last_ask_price": null,
      "last_trade_price": null,
      "total_trades": 0,
      "total_volume": 0,
      "strategy_type": null,
      "inferred_valuation": 120,
      "valuation_confidence": 0.1,
      "aggressiveness_score": 0.0,
      "last_activity": 20.447761194029777
    },
    "B21": {
      "agent_id": "B21",
      "node_type": "agent",
      "last_bid_price": 120,
      "last_ask_price": null,
      "last_trade_price": null,
      "total_trades": 0,
      "total_volume": 0,
      "strategy_type": null,
      "inferred_valuation": 116.5,
      "valuation_confidence": 0.2,
      "aggressiveness_score": 0.0,
      "last_activity": 30.597014925373
    },
    "B08": {
      "agent_id": "B08",
      "node_type": "agent",
      "last_bid_price": 130,
      "last_ask_price": null,
      "last_trade_price": null,
      "total_trades": 0,
      "total_volume": 0,
      "strategy_type": null,
      "inferred_valuation": 121.66999999999999,
      "valuation_confidence": 0.4,
      "aggressiveness_score": 0.0,
      "last_activity": 56.2686567164182
    },
    "B14": {
      "agent_id": "B14",
      "node_type": "agent",
      "last_bid_price": 120,
      "last_ask_price": null,
      "last_trade_price": null,
      "total_trades": 0,
      "total_volume": 0,
      "strategy_type": null,
      "inferred_valuation": 113.63,
      "valuation_confidence": 0.30000000000000004,
      "aggressiveness_score": 0.0,
      "last_activity": 30.597014925373
    },
    "B18": {
      "agent_id": "B18",
      "node_type": "agent",
      "last_bid_price": 104,
      "last_ask_price": null,
      "last_trade_price": null,
      "total_trades": 0,
      "total_volume": 0,
      "strategy_type": null,
      "inferred_valuation": 101.2,
      "valuation_confidence": 0.2,
      "aggressiveness_score": 0.0,
      "last_activity": 35.820895522387985
    },
    "S15": {
      "agent_id": "S15",
      "node_type": "agent",
      "last_bid_price": null,
      "last_ask_price": 127,
      "last_trade_price": null,
      "total_trades": 0,
      "total_volume": 0,
      "strategy_type": null,
      "inferred_valuation": 127,
      "valuation_confidence": 0.1,
      "aggressiveness_score": 0.0,
      "last_activity": 20.447761194029777
    },
    "P15": {
      "agent_id": "P15",
      "node_type": "agent",
      "last_bid_price": 126,
      "last_ask_price": 127,
      "last_trade_price": null,
      "total_trades": 0,
      "total_volume": 0,
      "strategy_type": null,
      "inferred_valuation": 126.35774899999997,
      "valuation_confidence": 0.7,
      "aggressiveness_score": 0.0,
      "last_activity": 56.2686567164182
    },
    "P00": {
      "agent_id": "P00",
      "node_type": "agent",
      "last_bid_price": 134,
      "last_ask_price": 129,
      "last_trade_price": null,
      "total_trades": 0,
      "total_volume": 0,
      "strategy_type": null,
      "inferred_valuation": 127.2807,
      "valuation_confidence": 0.5,
      "aggressiveness_score": 0.0,
      "last_activity": 56.2686567164182
    },
    "P06": {
      "agent_id": "P06",
      "node_type": "agent",
      "last_bid_price": 128,
      "last_ask_price": 127,
      "last_trade_price": null,
      "total_trades": 0,
      "total_volume": 0,
      "strategy_type": null,
      "inferred_valuation": 126.481,
      "valuation_confidence": 0.4,
      "aggressiveness_score": 0.0,
      "last_activity": 56.2686567164182
    },
    "P10": {
      "agent_id": "P10",
      "node_type": "agent",
      "last_bid_price": 124,
      "last_ask_price": 139,
      "last_trade_price": null,
      "total_trades": 0,
      "total_volume": 0,
      "strategy_type": null,
      "inferred_valuation": 131.64999999999998,
      "valuation_confidence": 0.30000000000000004,
      "aggressiveness_score": 0.0,
      "last_activity": 56.2686567164182
    },
    "B01": {
      "agent_id": "B01",
      "node_type": "agent",
      "last_bid_price": 91,
      "last_ask_price": null,
      "last_trade_price": null,
      "total_trades": 0,
      "total_volume": 0,
      "strategy_type": null,
      "inferred_valuation": 91,
      "valuation_confidence": 0.1,
      "aggressiveness_score": 0.0,
      "last_activity": 25.522388059701388
    },
    "S14": {
      "agent_id": "S14",
      "node_type": "agent",
      "last_bid_price": null,
      "last_ask_price": 144,
      "last_trade_price": null,
      "total_trades": 0,
      "total_volume": 0,
      "strategy_type": null,
      "inferred_valuation": 136.29999999999998,
      "valuation_confidence": 0.4,
      "aggressiveness_score": 0.0,
      "last_activity": 51.04477611940318
    },
    "S00": {
      "agent_id": "S00",
      "node_type": "agent",
      "last_bid_price": null,
      "last_ask_price": 129,
      "last_trade_price": null,
      "total_trades": 0,
      "total_volume": 0,
      "strategy_type": null,
      "inferred_valuation": 135.85999999999999,
      "valuation_confidence": 0.4,
      "aggressiveness_score": 0.0,
      "last_activity": 40.89552238805972
    },
    "S22": {
      "agent_id": "S22",
      "node_type": "agent",
      "last_bid_price": null,
      "last_ask_price": 161,
      "last_trade_price": null,
      "total_trades": 0,
      "total_volume": 0,
      "strategy_type": null,
      "inferred_valuation": 151.298,
      "valuation_confidence": 0.4,
      "aggressiveness_score": 0.0,
      "last_activity": 51.04477611940318
    },
    "S19": {
      "agent_id": "S19",
      "node_type": "agent",
      "last_bid_price": null,
      "last_ask_price": 172,
      "last_trade_price": null,
      "total_trades": 0,
      "total_volume": 0,
      "strategy_type": null,
      "inferred_valuation": 172.0,
      "valuation_confidence": 0.2,
      "aggressiveness_score": 0.0,
      "last_activity": 30.597014925373
    },
    "S13": {
      "agent_id": "S13",
      "node_type": "agent",
      "last_bid_price": null,
      "last_ask_price": 145,
      "last_trade_price": null,
      "total_trades": 0,
      "total_volume": 0,
      "strategy_type": null,
      "inferred_valuation": 150.63115,
      "valuation_confidence": 0.6,
      "aggressiveness_score": 0.0,
      "last_activity": 56.2686567164182
    },
    "P04": {
      "agent_id": "P04",
      "node_type": "agent",
      "last_bid_price": 134,
      "last_ask_price": 130,
      "last_trade_price": null,
      "total_trades": 0,
      "total_volume": 0,
      "strategy_type": null,
      "inferred_valuation": 128.26,
      "valuation_confidence": 0.30000000000000004,
      "aggressiveness_score": 0.0,
      "last_activity": 56.2686567164182
    },
    "B22": {
      "agent_id": "B22",
      "node_type": "agent",
      "last_bid_price": 112,
      "last_ask_price": null,
      "last_trade_price": null,
      "total_trades": 0,
      "total_volume": 0,
      "strategy_type": null,
      "inferred_valuation": 112,
      "valuation_confidence": 0.1,
      "aggressiveness_score": 0.0,
      "last_activity": 30.597014925373
    },
    "B03": {
      "agent_id": "B03",
      "node_type": "agent",
      "last_bid_price": 103,
      "last_ask_price": null,
      "last_trade_price": null,
      "total_trades": 0,
      "total_volume": 0,
      "strategy_type": null,
      "inferred_valuation": 103.0,
      "valuation_confidence": 0.2,
      "aggressiveness_score": 0.0,
      "last_activity": 35.820895522387985
    },
    "S17": {
      "agent_id": "S17",
      "node_type": "agent",
      "last_bid_price": null,
      "last_ask_price": 154,
      "last_trade_price": null,
      "total_trades": 0,
      "total_volume": 0,
      "strategy_type": null,
      "inferred_valuation": 135.1,
      "valuation_confidence": 0.2,
      "aggressiveness_score": 0.0,
      "last_activity": 40.89552238805972
    },
    "S05": {
      "agent_id": "S05",
      "node_type": "agent",
      "last_bid_price": null,
      "last_ask_price": 141,
      "last_trade_price": null,
      "total_trades": 0,
      "total_volume": 0,
      "strategy_type": null,
      "inferred_valuation": 150.49199999999996,
      "valuation_confidence": 0.4,
      "aggressiveness_score": 0.0,
      "last_activity": 56.2686567164182
    },
    "S09": {
      "agent_id": "S09",
      "node_type": "agent",
      "last_bid_price": null,
      "last_ask_price": 140,
      "last_trade_price": null,
      "total_trades": 0,
      "total_volume": 0,
      "strategy_type": null,
      "inferred_valuation": 139.3,
      "valuation_confidence": 0.2,
      "aggressiveness_score": 0.0,
      "last_activity": 51.04477611940318
    },
    "S21": {
      "agent_id": "S21",
      "node_type": "agent",
      "last_bid_price": null,
      "last_ask_price": 154,
      "last_trade_price": null,
      "total_trades": 0,
      "total_volume": 0,
      "strategy_type": null,
      "inferred_valuation": 154,
      "valuation_confidence": 0.1,
      "aggressiveness_score": 0.0,
      "last_activity": 40.89552238805972
    },
    "P05": {
      "agent_id": "P05",
      "node_type": "agent",
      "last_bid_price": 126,
      "last_ask_price": null,
      "last_trade_price": null,
      "total_trades": 0,
      "total_volume": 0,
      "strategy_type": null,
      "inferred_valuation": 125.99999999999999,
      "valuation_confidence": 0.30000000000000004,
      "aggressiveness_score": 0.0,
      "last_activity": 56.2686567164182
    },
    "S08": {
      "agent_id": "S08",
      "node_type": "agent",
      "last_bid_price": null,
      "last_ask_price": 156,
      "last_trade_price": null,
      "total_trades": 0,
      "total_volume": 0,
      "strategy_type": null,
      "inferred_valuation": 156,
      "valuation_confidence": 0.1,
      "aggressiveness_score": 0.0,
      "last_activity": 45.97014925373145
    },
    "B16": {
      "agent_id": "B16",
      "node_type": "agent",
      "last_bid_price": 134,
      "last_ask_price": null,
      "last_trade_price": null,
      "total_trades": 0,
      "total_volume": 0,
      "strategy_type": null,
      "inferred_valuation": 131.89999999999998,
      "valuation_confidence": 0.2,
      "aggressiveness_score": 0.0,
      "last_activity": 56.2686567164182
    },
    "B17": {
      "agent_id": "B17",
      "node_type": "agent",
      "last_bid_price": 128,
      "last_ask_price": null,
      "last_trade_price": null,
      "total_trades": 0,
      "total_volume": 0,
      "strategy_type": null,
      "inferred_valuation": 128,
      "valuation_confidence": 0.1,
      "aggressiveness_score": 0.0,
      "last_activity": 51.04477611940318
    },
    "P03": {
      "agent_id": "P03",
      "node_type": "agent",
      "last_bid_price": 138,
      "last_ask_price": 139,
      "last_trade_price": null,
      "total_trades": 0,
      "total_volume": 0,
      "strategy_type": null,
      "inferred_valuation": 138.7,
      "valuation_confidence": 0.2,
      "aggressiveness_score": 0.0,
      "last_activity": 56.2686567164182
    },
    "S01": {
      "agent_id": "S01",
      "node_type": "agent",
      "last_bid_price": null,
      "last_ask_price": 175,
      "last_trade_price": null,
      "total_trades": 0,
      "total_volume": 0,
      "strategy_type": null,
      "inferred_valuation": 175,
      "valuation_confidence": 0.1,
      "aggressiveness_score": 0.0,
      "last_activity": 51.04477611940318
    },
    "S18": {
      "agent_id": "S18",
      "node_type": "agent",
      "last_bid_price": null,
      "last_ask_price": 187,
      "last_trade_price": null,
      "total_trades": 0,
      "total_volume": 0,
      "strategy_type": null,
      "inferred_valuation": 187,
      "valuation_confidence": 0.1,
      "aggressiveness_score": 0.0,
      "last_activity": 51.04477611940318
    },
    "P11": {
      "agent_id": "P11",
      "node_type": "agent",
      "last_bid_price": 134,
      "last_ask_price": null,
      "last_trade_price": null,
      "total_trades": 0,
      "total_volume": 0,
      "strategy_type": null,
      "inferred_valuation": 134,
      "valuation_confidence": 0.1,
      "aggressiveness_score": 0.0,
      "last_activity": 56.2686567164182
    },
    "S10": {
      "agent_id": "S10",
      "node_type": "agent",
      "last_bid_price": null,
      "last_ask_price": 166,
      "last_trade_price": null,
      "total_trades": 0,
      "total_volume": 0,
      "strategy_type": null,
      "inferred_valuation": 166,
      "valuation_confidence": 0.1,
      "aggressiveness_score": 0.0,
      "last_activity": 56.2686567164182
    }
  },
  "edges": {
    "a4891fe6-a7f3-4c4e-9438-8a506194cb6c": {
      "edge_id": "a4891fe6-a7f3-4c4e-9438-8a506194cb6c",
      "source_node": "BSE_ASSET",
      "target_node": "P19",
      "belief_type": "strategy",
      "confidence": 0.1,
      "value": "unknown",
      "timestamp": 0.0,
      "evidence_count": 0
    },
    "1900e2b0-08f7-4b6c-be34-e09ab4658056": {
      "edge_id": "1900e2b0-08f7-4b6c-be34-e09ab4658056",
      "source_node": "BSE_ASSET",
      "target_node": "P19",
      "belief_type": "valuation",
      "confidence": 0.30000000000000004,
      "value": 129.13,
      "timestamp": 51.04477611940318,
      "evidence_count": 3
    },
    "7bc471fc-f9d0-4268-99ef-ab775dc4964a": {
      "edge_id": "7bc471fc-f9d0-4268-99ef-ab775dc4964a",
      "source_node": "BSE_ASSET",
      "target_node": "P17",
      "belief_type": "strategy",
      "confidence": 0.1,
      "value": "unknown",
      "timestamp": 0.0,
      "evidence_count": 0
    },
    "1ef62a27-0d0d-43c2-853b-abfddb306adc": {
      "edge_id": "1ef62a27-0d0d-43c2-853b-abfddb306adc",
      "source_node": "BSE_ASSET",
      "target_node": "P17",
      "belief_type": "valuation",
      "confidence": 0.2,
      "value": 129.1,
      "timestamp": 40.89552238805972,
      "evidence_count": 2
    },
    "61a15a24-c6de-4aee-8a43-f02f34f038d3": {
      "edge_id": "61a15a24-c6de-4aee-8a43-f02f34f038d3",
      "source_node": "BSE_ASSET",
      "target_node": "P02",
      "belief_type": "strategy",
      "confidence": 0.1,
      "value": "unknown",
      "timestamp": 5.074626865671641,
      "evidence_count": 0
    },
    "625688e5-b006-4cb9-ac29-d145d5c2eba2": {
      "edge_id": "625688e5-b006-4cb9-ac29-d145d5c2eba2",
      "source_node": "BSE_ASSET",
      "target_node": "P02",
      "belief_type": "valuation",
      "confidence": 0.7,
      "value": 128.88235099999997,
      "timestamp": 40.89552238805972,
      "evidence_count": 7
    },
    "e35535ec-8bd1-4570-9c90-664db4dcf430": {
      "edge_id": "e35535ec-8bd1-4570-9c90-664db4dcf430",
      "source_node": "BSE_ASSET",
      "target_node": "P01",
      "belief_type": "strategy",
      "confidence": 0.1,
      "value": "unknown",
      "timestamp": 5.074626865671641,
      "evidence_count": 0
    },
    "c63027ec-e9d5-466f-8639-fa20c604f7ee": {
      "edge_id": "c63027ec-e9d5-466f-8639-fa20c604f7ee",
      "source_node": "BSE_ASSET",
      "target_node": "P01",
      "belief_type": "valuation",
      "confidence": 0.7,
      "value": 127.11764899999997,
      "timestamp": 56.2686567164182,
      "evidence_count": 7
    },
    "19206ae8-2585-44e2-88b2-db0c4a9c25d7": {
      "edge_id": "19206ae8-2585-44e2-88b2-db0c4a9c25d7",
      "source_node": "BSE_ASSET",
      "target_node": "P08",
      "belief_type": "strategy",
      "confidence": 0.1,
      "value": "unknown",
      "timestamp": 5.074626865671641,
      "evidence_count": 0
    },
    "7f1eac47-3f53-4759-ba58-64901d41d44a": {
      "edge_id": "7f1eac47-3f53-4759-ba58-64901d41d44a",
      "source_node": "BSE_ASSET",
      "target_node": "P08",
      "belief_type": "valuation",
      "confidence": 0.7999999999999999,
      "value": 130.3529371,
      "timestamp": 56.2686567164182,
      "evidence_count": 8
    },
    "e82e323a-ed66-4243-90cd-ff817ec220b4": {
      "edge_id": "e82e323a-ed66-4243-90cd-ff817ec220b4",
      "source_node": "BSE_ASSET",
      "target_node": "P07",
      "belief_type": "strategy",
      "confidence": 0.1,
      "value": "unknown",
      "timestamp": 5.074626865671641,
      "evidence_count": 0
    },
    "73e99ecc-f906-4d93-843c-980f53c609a4": {
      "edge_id": "73e99ecc-f906-4d93-843c-980f53c609a4",
      "source_node": "BSE_ASSET",
      "target_node": "P07",
      "belief_type": "valuation",
      "confidence": 0.95,
      "value": 120.0,
      "timestamp": 56.2686567164182,
      "evidence_count": 11
    },
    "6e36f9cf-c910-41a9-af43-0513a339d0ad": {
      "edge_id": "6e36f9cf-c910-41a9-af43-0513a339d0ad",
      "source_node": "BSE_ASSET",
      "target_node": "B11",
      "belief_type": "strategy",
      "confidence": 0.1,
      "value": "unknown",
      "timestamp": 5.074626865671641,
      "evidence_count": 0
    },
    "ef7efa98-d07e-4ec5-8b2e-a6d4876f4f5f": {
      "edge_id": "ef7efa98-d07e-4ec5-8b2e-a6d4876f4f5f",
      "source_node": "BSE_ASSET",
      "target_node": "B11",
      "belief_type": "valuation",
      "confidence": 0.5,
      "value": 121.94399999999999,
      "timestamp": 56.2686567164182,
      "evidence_count": 5
    },
    "a55cd835-ffa2-4862-a5e3-f6fad49a4d9c": {
      "edge_id": "a55cd835-ffa2-4862-a5e3-f6fad49a4d9c",
      "source_node": "BSE_ASSET",
      "target_node": "B19",
      "belief_type": "strategy",
      "confidence": 0.1,
      "value": "unknown",
      "timestamp": 5.074626865671641,
      "evidence_count": 0
    },
    "bdfcca2f-0877-4b2d-a30f-1ce0c16b6dde": {
      "edge_id": "bdfcca2f-0877-4b2d-a30f-1ce0c16b6dde",
      "source_node": "BSE_ASSET",
      "target_node": "B19",
      "belief_type": "valuation",
      "confidence": 0.2,
      "value": 114.19999999999999,
      "timestamp": 10.298507462686555,
      "evidence_count": 2
    },
    "67b8ecdd-4a90-49b6-a149-f236ab49c36c": {
      "edge_id": "67b8ecdd-4a90-49b6-a149-f236ab49c36c",
      "source_node": "BSE_ASSET",
      "target_node": "S06",
      "belief_type": "strategy",
      "confidence": 0.1,
      "value": "unknown",
      "timestamp": 5.074626865671641,
      "evidence_count": 0
    },
    "dab5e7c6-5f7d-478a-93ed-6b7cd83178a8": {
      "edge_id": "dab5e7c6-5f7d-478a-93ed-6b7cd83178a8",
      "source_node": "BSE_ASSET",
      "target_node": "S06",
      "belief_type": "valuation",
      "confidence": 0.30000000000000004,
      "value": 139.65,
      "timestamp": 40.89552238805972,
      "evidence_count": 3
    },
    "b0eae87e-afc3-4873-becf-7bda4677a914": {
      "edge_id": "b0eae87e-afc3-4873-becf-7bda4677a914",
      "source_node": "BSE_ASSET",
      "target_node": "S02",
      "belief_type": "strategy",
      "confidence": 0.1,
      "value": "unknown",
      "timestamp": 5.074626865671641,
      "evidence_count": 0
    },
    "3570541c-011a-40f1-9f14-295e04b7f881": {
      "edge_id": "3570541c-011a-40f1-9f14-295e04b7f881",
      "source_node": "BSE_ASSET",
      "target_node": "S02",
      "belief_type": "valuation",
      "confidence": 0.4,
      "value": 140.11299999999997,
      "timestamp": 56.2686567164182,
      "evidence_count": 4
    },
    "0b381505-1c05-47da-abb7-0f965b96f3bb": {
      "edge_id": "0b381505-1c05-47da-abb7-0f965b96f3bb",
      "source_node": "BSE_ASSET",
      "target_node": "S07",
      "belief_type": "strategy",
      "confidence": 0.1,
      "value": "unknown",
      "timestamp": 5.074626865671641,
      "evidence_count": 0
    },
    "6a0c4757-d135-42e4-ae15-6e3be1edc4ef": {
      "edge_id": "6a0c4757-d135-42e4-ae15-6e3be1edc4ef",
      "source_node": "BSE_ASSET",
      "target_node": "S07",
      "belief_type": "valuation",
      "confidence": 0.6,
      "value": 315.86157999999995,
      "timestamp": 45.97014925373145,
      "evidence_count": 6
    },
    "29bdb8d8-12c1-4d18-a382-8d04a177177e": {
      "edge_id": "29bdb8d8-12c1-4d18-a382-8d04a177177e",
      "source_node": "BSE_ASSET",
      "target_node": "P20",
      "belief_type": "strategy",
      "confidence": 0.1,
      "value": "unknown",
      "timestamp": 10.298507462686555,
      "evidence_count": 0
    },
    "c7932dd6-bbcb-447a-8f3b-eed61ee3d3d5": {
      "edge_id": "c7932dd6-bbcb-447a-8f3b-eed61ee3d3d5",
      "source_node": "BSE_ASSET",
      "target_node": "P20",
      "belief_type": "valuation",
      "confidence": 0.2,
      "value": 124.0,
      "timestamp": 15.373134328358166,
      "evidence_count": 2
    },
    "495f6365-0600-4459-8c91-d1f6bfcb6d71": {
      "edge_id": "495f6365-0600-4459-8c91-d1f6bfcb6d71",
      "source_node": "BSE_ASSET",
      "target_node": "B13",
      "belief_type": "strategy",
      "confidence": 0.1,
      "value": "unknown",
      "timestamp": 10.298507462686555,
      "evidence_count": 0
    },
    "9f412d55-42f4-43bd-80d6-7379a2b69a91": {
      "edge_id": "9f412d55-42f4-43bd-80d6-7379a2b69a91",
      "source_node": "BSE_ASSET",
      "target_node": "B13",
      "belief_type": "valuation",
      "confidence": 0.4,
      "value": 105.1,
      "timestamp": 25.522388059701388,
      "evidence_count": 4
    },
    "96cce728-ad51-4f79-a803-fdd611e69cb4": {
      "edge_id": "96cce728-ad51-4f79-a803-fdd611e69cb4",
      "source_node": "BSE_ASSET",
      "target_node": "B05",
      "belief_type": "strategy",
      "confidence": 0.1,
      "value": "unknown",
      "timestamp": 10.298507462686555,
      "evidence_count": 0
    },
    "56550ca5-8b45-4a87-a04a-bf07b6b515d7": {
      "edge_id": "56550ca5-8b45-4a87-a04a-bf07b6b515d7",
      "source_node": "BSE_ASSET",
      "target_node": "B05",
      "belief_type": "valuation",
      "confidence": 0.30000000000000004,
      "value": 95.94,
      "timestamp": 20.447761194029777,
      "evidence_count": 3
    },
    "35010ee2-a1c3-47eb-ad39-442300791734": {
      "edge_id": "35010ee2-a1c3-47eb-ad39-442300791734",
      "source_node": "BSE_ASSET",
      "target_node": "B02",
      "belief_type": "strategy",
      "confidence": 0.1,
      "value": "unknown",
      "timestamp": 10.298507462686555,
      "evidence_count": 0
    },
    "9b5b08a2-e721-450d-a789-905706ac00c1": {
      "edge_id": "9b5b08a2-e721-450d-a789-905706ac00c1",
      "source_node": "BSE_ASSET",
      "target_node": "B02",
      "belief_type": "valuation",
      "confidence": 0.6,
      "value": 70.40121,
      "timestamp": 56.2686567164182,
      "evidence_count": 6
    },
    "dbfe892f-aebb-43cd-85b7-cab48db578a6": {
      "edge_id": "dbfe892f-aebb-43cd-85b7-cab48db578a6",
      "source_node": "BSE_ASSET",
      "target_node": "B07",
      "belief_type": "strategy",
      "confidence": 0.1,
      "value": "unknown",
      "timestamp": 10.298507462686555,
      "evidence_count": 0
    },
    "f0f5c095-c5c2-4ae6-a68c-5664d1e6b3ba": {
      "edge_id": "f0f5c095-c5c2-4ae6-a68c-5664d1e6b3ba",
      "source_node": "BSE_ASSET",
      "target_node": "B07",
      "belief_type": "valuation",
      "confidence": 0.2,
      "value": 98.0,
      "timestamp": 15.373134328358166,
      "evidence_count": 2
    },
    "0ad855e7-00d9-4300-98e6-c72422c02155": {
      "edge_id": "0ad855e7-00d9-4300-98e6-c72422c02155",
      "source_node": "BSE_ASSET",
      "target_node": "B09",
      "belief_type": "strategy",
      "confidence": 0.1,
      "value": "unknown",
      "timestamp": 10.298507462686555,
      "evidence_count": 0
    },
    "38ba2758-6bb2-4eec-9027-0545bfd5f658": {
      "edge_id": "38ba2758-6bb2-4eec-9027-0545bfd5f658",
      "source_node": "BSE_ASSET",
      "target_node": "B09",
      "belief_type": "valuation",
      "confidence": 0.30000000000000004,
      "value": 101.88999999999999,
      "timestamp": 30.597014925373,
      "evidence_count": 3
    },
    "1331d084-3670-4db1-81e3-18163bfe5b30": {
      "edge_id": "1331d084-3670-4db1-81e3-18163bfe5b30",
      "source_node": "BSE_ASSET",
      "target_node": "B04",
      "belief_type": "strategy",
      "confidence": 0.1,
      "value": "unknown",
      "timestamp": 10.298507462686555,
      "evidence_count": 0
    },
    "0a97e1ef-b4c5-49d3-a3cf-d74ab91ed111": {
      "edge_id": "0a97e1ef-b4c5-49d3-a3cf-d74ab91ed111",
      "source_node": "BSE_ASSET",
      "target_node": "B04",
      "belief_type": "valuation",
      "confidence": 0.2,
      "value": 82.0,
      "timestamp": 15.373134328358166,
      "evidence_count": 2
    },
    "66c64fc3-06c5-4192-bb65-f32f39860b3c": {
      "edge_id": "66c64fc3-06c5-4192-bb65-f32f39860b3c",
      "source_node": "BSE_ASSET",
      "target_node": "S03",
      "belief_type": "strategy",
      "confidence": 0.1,
      "value": "unknown",
      "timestamp": 10.298507462686555,
      "evidence_count": 0
    },
    "b3f07005-ffa2-4d6c-9b4a-0b503f03ec03": {
      "edge_id": "b3f07005-ffa2-4d6c-9b4a-0b503f03ec03",
      "source_node": "BSE_ASSET",
      "target_node": "S03",
      "belief_type": "valuation",
      "confidence": 0.30000000000000004,
      "value": 143.76999999999998,
      "timestamp": 56.2686567164182,
      "evidence_count": 3
    },
    "27634d1c-2185-4005-bd58-a9ffad461cec": {
      "edge_id": "27634d1c-2185-4005-bd58-a9ffad461cec",
      "source_node": "BSE_ASSET",
      "target_node": "S12",
      "belief_type": "strategy",
      "confidence": 0.1,
      "value": "unknown",
      "timestamp": 10.298507462686555,
      "evidence_count": 0
    },
    "828b4003-6c88-41fe-b271-4437825dd449": {
      "edge_id": "828b4003-6c88-41fe-b271-4437825dd449",
      "source_node": "BSE_ASSET",
      "target_node": "S12",
      "belief_type": "valuation",
      "confidence": 0.5,
      "value": 164.63400000000001,
      "timestamp": 51.04477611940318,
      "evidence_count": 5
    },
    "b965e9ed-158b-40f3-b678-5ba9e6f14005": {
      "edge_id": "b965e9ed-158b-40f3-b678-5ba9e6f14005",
      "source_node": "BSE_ASSET",
      "target_node": "S20",
      "belief_type": "strategy",
      "confidence": 0.1,
      "value": "unknown",
      "timestamp": 10.298507462686555,
      "evidence_count": 0
    },
    "5c2ba6ba-fcf3-4884-9c29-691acc6b4cfc": {
      "edge_id": "5c2ba6ba-fcf3-4884-9c29-691acc6b4cfc",
      "source_node": "BSE_ASSET",
      "target_node": "S20",
      "belief_type": "valuation",
      "confidence": 0.5,
      "value": 231.0892,
      "timestamp": 56.2686567164182,
      "evidence_count": 5
    },
    "cd33f684-6626-418f-85ed-7e6702a627fe": {
      "edge_id": "cd33f684-6626-418f-85ed-7e6702a627fe",
      "source_node": "BSE_ASSET",
      "target_node": "P14",
      "belief_type": "strategy",
      "confidence": 0.1,
      "value": "unknown",
      "timestamp": 15.373134328358166,
      "evidence_count": 0
    },
    "72e6b9d0-1209-4464-a47c-853415dfd003": {
      "edge_id": "72e6b9d0-1209-4464-a47c-853415dfd003",
      "source_node": "BSE_ASSET",
      "target_node": "P14",
      "belief_type": "valuation",
      "confidence": 0.30000000000000004,
      "value": 125.53,
      "timestamp": 30.597014925373,
      "evidence_count": 3
    },
    "85b75425-460b-4bda-aaab-dcc2a073dd69": {
      "edge_id": "85b75425-460b-4bda-aaab-dcc2a073dd69",
      "source_node": "BSE_ASSET",
      "target_node": "B06",
      "belief_type": "strategy",
      "confidence": 0.1,
      "value": "unknown",
      "timestamp": 15.373134328358166,
      "evidence_count": 0
    },
    "0722de4b-a8e0-4c47-8682-70532b14448f": {
      "edge_id": "0722de4b-a8e0-4c47-8682-70532b14448f",
      "source_node": "BSE_ASSET",
      "target_node": "B06",
      "belief_type": "valuation",
      "confidence": 0.2,
      "value": 112.0,
      "timestamp": 20.447761194029777,
      "evidence_count": 2
    },
    "f0ab9f32-9b69-4dba-aa45-47a3cd32f27c": {
      "edge_id": "f0ab9f32-9b69-4dba-aa45-47a3cd32f27c",
      "source_node": "BSE_ASSET",
      "target_node": "B20",
      "belief_type": "strategy",
      "confidence": 0.1,
      "value": "unknown",
      "timestamp": 15.373134328358166,
      "evidence_count": 0
    },
    "254eed46-b450-417c-9cd8-ee81c7e2eaed": {
      "edge_id": "254eed46-b450-417c-9cd8-ee81c7e2eaed",
      "source_node": "BSE_ASSET",
      "target_node": "B20",
      "belief_type": "valuation",
      "confidence": 0.1,
      "value": 100,
      "timestamp": 15.373134328358166,
      "evidence_count": 1
    },
    "046fefe7-2561-4adb-8600-0d860ec8bc2a": {
      "edge_id": "046fefe7-2561-4adb-8600-0d860ec8bc2a",
      "source_node": "BSE_ASSET",
      "target_node": "B10",
      "belief_type": "strategy",
      "confidence": 0.1,
      "value": "unknown",
      "timestamp": 15.373134328358166,
      "evidence_count": 0
    },
    "81b060b7-472e-4485-b462-8712d60117c6": {
      "edge_id": "81b060b7-472e-4485-b462-8712d60117c6",
      "source_node": "BSE_ASSET",
      "target_node": "B10",
      "belief_type": "valuation",
      "confidence": 0.30000000000000004,
      "value": 107.69,
      "timestamp": 25.522388059701388,
      "evidence_count": 3
    },
    "5e903006-501b-43b9-97f4-e2cd1105a604": {
      "edge_id": "5e903006-501b-43b9-97f4-e2cd1105a604",
      "source_node": "BSE_ASSET",
      "target_node": "S04",
      "belief_type": "strategy",
      "confidence": 0.1,
      "value": "unknown",
      "timestamp": 15.373134328358166,
      "evidence_count": 0
    },
    "847b44ec-80eb-410f-8f91-f66040d4c062": {
      "edge_id": "847b44ec-80eb-410f-8f91-f66040d4c062",
      "source_node": "BSE_ASSET",
      "target_node": "S04",
      "belief_type": "valuation",
      "confidence": 0.5,
      "value": 141.98969999999997,
      "timestamp": 40.89552238805972,
      "evidence_count": 5
    },
    "5c8c0bc9-de11-4ad9-9027-835a9f24382c": {
      "edge_id": "5c8c0bc9-de11-4ad9-9027-835a9f24382c",
      "source_node": "BSE_ASSET",
      "target_node": "P12",
      "belief_type": "strategy",
      "confidence": 0.1,
      "value": "unknown",
      "timestamp": 15.373134328358166,
      "evidence_count": 0
    },
    "e6f9a97b-c558-462c-b03f-b29fe96a0434": {
      "edge_id": "e6f9a97b-c558-462c-b03f-b29fe96a0434",
      "source_node": "BSE_ASSET",
      "target_node": "P12",
      "belief_type": "valuation",
      "confidence": 0.6,
      "value": 134.58999999999997,
      "timestamp": 56.2686567164182,
      "evidence_count": 6
    },
    "ffc56d8e-69d1-4874-a912-b8d30c1d3d11": {
      "edge_id": "ffc56d8e-69d1-4874-a912-b8d30c1d3d11",
      "source_node": "BSE_ASSET",
      "target_node": "P18",
      "belief_type": "strategy",
      "confidence": 0.1,
      "value": "unknown",
      "timestamp": 15.373134328358166,
      "evidence_count": 0
    },
    "5e2062de-b187-4994-b017-7b8fff2293dc": {
      "edge_id": "5e2062de-b187-4994-b017-7b8fff2293dc",
      "source_node": "BSE_ASSET",
      "target_node": "P18",
      "belief_type": "valuation",
      "confidence": 0.5,
      "value": 130.0,
      "timestamp": 35.820895522387985,
      "evidence_count": 5
    },
    "1208952a-2d98-4d72-aeb9-2a11883c7b66": {
      "edge_id": "1208952a-2d98-4d72-aeb9-2a11883c7b66",
      "source_node": "BSE_ASSET",
      "target_node": "P16",
      "belief_type": "strategy",
      "confidence": 0.1,
      "value": "unknown",
      "timestamp": 15.373134328358166,
      "evidence_count": 0
    },
    "23ba3974-3296-4b91-8159-5c7d33114731": {
      "edge_id": "23ba3974-3296-4b91-8159-5c7d33114731",
      "source_node": "BSE_ASSET",
      "target_node": "P16",
      "belief_type": "valuation",
      "confidence": 0.4,
      "value": 128.344,
      "timestamp": 56.2686567164182,
      "evidence_count": 4
    },
    "bc75e0c4-00c0-40c5-ae92-5febd88d8f00": {
      "edge_id": "bc75e0c4-00c0-40c5-ae92-5febd88d8f00",
      "source_node": "BSE_ASSET",
      "target_node": "P13",
      "belief_type": "strategy",
      "confidence": 0.1,
      "value": "unknown",
      "timestamp": 20.447761194029777,
      "evidence_count": 0
    },
    "502d4b5e-5e50-4546-ab12-4bfe1e771c89": {
      "edge_id": "502d4b5e-5e50-4546-ab12-4bfe1e771c89",
      "source_node": "BSE_ASSET",
      "target_node": "P13",
      "belief_type": "valuation",
      "confidence": 0.6,
      "value": 127.37127999999998,
      "timestamp": 56.2686567164182,
      "evidence_count": 6
    },
    "e71c4e93-f609-416b-bbad-c9edc2ddc95f": {
      "edge_id": "e71c4e93-f609-416b-bbad-c9edc2ddc95f",
      "source_node": "BSE_ASSET",
      "target_node": "B15",
      "belief_type": "strategy",
      "confidence": 0.1,
      "value": "unknown",
      "timestamp": 20.447761194029777,
      "evidence_count": 0
    },
    "6fd9a986-3c9d-4df5-bb61-d12054c26a3a": {
      "edge_id": "6fd9a986-3c9d-4df5-bb61-d12054c26a3a",
      "source_node": "BSE_ASSET",
      "target_node": "B15",
      "belief_type": "valuation",
      "confidence": 0.1,
      "value": 120,
      "timestamp": 20.447761194029777,
      "evidence_count": 1
    },
    "d72daf26-918c-4066-87a2-b4694d35d9e4": {
      "edge_id": "d72daf26-918c-4066-87a2-b4694d35d9e4",
      "source_node": "BSE_ASSET",
      "target_node": "B21",
      "belief_type": "strategy",
      "confidence": 0.1,
      "value": "unknown",
      "timestamp": 20.447761194029777,
      "evidence_count": 0
    },
    "d8a55a3a-bc1f-4226-8ef4-5aa5cbd9a2e1": {
      "edge_id": "d8a55a3a-bc1f-4226-8ef4-5aa5cbd9a2e1",
      "source_node": "BSE_ASSET",
      "target_node": "B21",
      "belief_type": "valuation",
      "confidence": 0.2,
      "value": 116.5,
      "timestamp": 30.597014925373,
      "evidence_count": 2
    },
    "85db282d-57c4-47c2-b1b4-4327c11b4e56": {
      "edge_id": "85db282d-57c4-47c2-b1b4-4327c11b4e56",
      "source_node": "BSE_ASSET",
      "target_node": "B08",
      "belief_type": "strategy",
      "confidence": 0.1,
      "value": "unknown",
      "timestamp": 20.447761194029777,
      "evidence_count": 0
    },
    "9d5fdbac-e136-4833-8d9e-884503ec69d3": {
      "edge_id": "9d5fdbac-e136-4833-8d9e-884503ec69d3",
      "source_node": "BSE_ASSET",
      "target_node": "B08",
      "belief_type": "valuation",
      "confidence": 0.4,
      "value": 121.66999999999999,
      "timestamp": 56.2686567164182,
      "evidence_count": 4
    },
    "4902dbc0-c2fc-4e87-84d2-aac42b831c9e": {
      "edge_id": "4902dbc0-c2fc-4e87-84d2-aac42b831c9e",
      "source_node": "BSE_ASSET",
      "target_node": "B14",
      "belief_type": "strategy",
      "confidence": 0.1,
      "value": "unknown",
      "timestamp": 20.447761194029777,
      "evidence_count": 0
    },
    "fd7d0312-bbf9-41aa-8c4a-4c13b06fcd90": {
      "edge_id": "fd7d0312-bbf9-41aa-8c4a-4c13b06fcd90",
      "source_node": "BSE_ASSET",
      "target_node": "B14",
      "belief_type": "valuation",
      "confidence": 0.30000000000000004,
      "value": 113.63,
      "timestamp": 30.597014925373,
      "evidence_count": 3
    },
    "c8b27268-c786-4077-bc41-5b09483c4cfa": {
      "edge_id": "c8b27268-c786-4077-bc41-5b09483c4cfa",
      "source_node": "BSE_ASSET",
      "target_node": "B18",
      "belief_type": "strategy",
      "confidence": 0.1,
      "value": "unknown",
      "timestamp": 20.447761194029777,
      "evidence_count": 0
    },
    "7a1d67b1-d3c2-4ca4-81ae-3ba070c426d8": {
      "edge_id": "7a1d67b1-d3c2-4ca4-81ae-3ba070c426d8",
      "source_node": "BSE_ASSET",
      "target_node": "B18",
      "belief_type": "valuation",
      "confidence": 0.2,
      "value": 101.2,
      "timestamp": 35.820895522387985,
      "evidence_count": 2
    },
    "04103fe8-1dae-476e-82a9-ebdac9c66513": {
      "edge_id": "04103fe8-1dae-476e-82a9-ebdac9c66513",
      "source_node": "BSE_ASSET",
      "target_node": "S15",
      "belief_type": "strategy",
      "confidence": 0.1,
      "value": "unknown",
      "timestamp": 20.447761194029777,
      "evidence_count": 0
    },
    "a47ddd17-76fc-42ef-bb46-f67cbed1563c": {
      "edge_id": "a47ddd17-76fc-42ef-bb46-f67cbed1563c",
      "source_node": "BSE_ASSET",
      "target_node": "S15",
      "belief_type": "valuation",
      "confidence": 0.1,
      "value": 127,
      "timestamp": 20.447761194029777,
      "evidence_count": 1
    },
    "ab623d03-d8b7-4101-8479-c162555c7e94": {
      "edge_id": "ab623d03-d8b7-4101-8479-c162555c7e94",
      "source_node": "BSE_ASSET",
      "target_node": "P15",
      "belief_type": "strategy",
      "confidence": 0.1,
      "value": "unknown",
      "timestamp": 20.447761194029777,
      "evidence_count": 0
    },
    "a250cf75-fc87-4903-94e1-f3f6b0e45ea5": {
      "edge_id": "a250cf75-fc87-4903-94e1-f3f6b0e45ea5",
      "source_node": "BSE_ASSET",
      "target_node": "P15",
      "belief_type": "valuation",
      "confidence": 0.7,
      "value": 126.35774899999997,
      "timestamp": 56.2686567164182,
      "evidence_count": 7
    },
    "f44acae2-6a86-4e60-83db-977669d3f8c2": {
      "edge_id": "f44acae2-6a86-4e60-83db-977669d3f8c2",
      "source_node": "BSE_ASSET",
      "target_node": "P00",
      "belief_type": "strategy",
      "confidence": 0.1,
      "value": "unknown",
      "timestamp": 20.447761194029777,
      "evidence_count": 0
    },
    "b7431e77-6869-40d9-8548-a7b140de17f6": {
      "edge_id": "b7431e77-6869-40d9-8548-a7b140de17f6",
      "source_node": "BSE_ASSET",
      "target_node": "P00",
      "belief_type": "valuation",
      "confidence": 0.5,
      "value": 127.2807,
      "timestamp": 56.2686567164182,
      "evidence_count": 5
    },
    "b2e2eb57-2b5e-426c-9873-4d7abaae948c": {
      "edge_id": "b2e2eb57-2b5e-426c-9873-4d7abaae948c",
      "source_node": "BSE_ASSET",
      "target_node": "P06",
      "belief_type": "strategy",
      "confidence": 0.1,
      "value": "unknown",
      "timestamp": 20.447761194029777,
      "evidence_count": 0
    },
    "2681240d-a586-4c31-84ee-84aeeeaa5df4": {
      "edge_id": "2681240d-a586-4c31-84ee-84aeeeaa5df4",
      "source_node": "BSE_ASSET",
      "target_node": "P06",
      "belief_type": "valuation",
      "confidence": 0.4,
      "value": 126.481,
      "timestamp": 56.2686567164182,
      "evidence_count": 4
    },
    "196c163c-95aa-4875-b187-25900e34f756": {
      "edge_id": "196c163c-95aa-4875-b187-25900e34f756",
      "source_node": "BSE_ASSET",
      "target_node": "P10",
      "belief_type": "strategy",
      "confidence": 0.1,
      "value": "unknown",
      "timestamp": 25.522388059701388,
      "evidence_count": 0
    },
    "bf2e7398-c8df-405b-9730-134efe1cc427": {
      "edge_id": "bf2e7398-c8df-405b-9730-134efe1cc427",
      "source_node": "BSE_ASSET",
      "target_node": "P10",
      "belief_type": "valuation",
      "confidence": 0.30000000000000004,
      "value": 131.64999999999998,
      "timestamp": 56.2686567164182,
      "evidence_count": 3
    },
    "1a1bf625-9ccc-4183-b30d-b7de2ae8fe68": {
      "edge_id": "1a1bf625-9ccc-4183-b30d-b7de2ae8fe68",
      "source_node": "BSE_ASSET",
      "target_node": "B01",
      "belief_type": "strategy",
      "confidence": 0.1,
      "value": "unknown",
      "timestamp": 25.522388059701388,
      "evidence_count": 0
    },
    "8d75bcf0-d40a-4f7f-a5f0-b0e51f862193": {
      "edge_id": "8d75bcf0-d40a-4f7f-a5f0-b0e51f862193",
      "source_node": "BSE_ASSET",
      "target_node": "B01",
      "belief_type": "valuation",
      "confidence": 0.1,
      "value": 91,
      "timestamp": 25.522388059701388,
      "evidence_count": 1
    },
    "409b14b7-6469-4915-b708-fab8ae0b797e": {
      "edge_id": "409b14b7-6469-4915-b708-fab8ae0b797e",
      "source_node": "BSE_ASSET",
      "target_node": "S14",
      "belief_type": "strategy",
      "confidence": 0.1,
      "value": "unknown",
      "timestamp": 25.522388059701388,
      "evidence_count": 0
    },
    "b1323831-49ac-4dc0-99e9-f6b71dfb031b": {
      "edge_id": "b1323831-49ac-4dc0-99e9-f6b71dfb031b",
      "source_node": "BSE_ASSET",
      "target_node": "S14",
      "belief_type": "valuation",
      "confidence": 0.4,
      "value": 136.29999999999998,
      "timestamp": 51.04477611940318,
      "evidence_count": 4
    },
    "f16b3394-4c3d-415a-8620-1141d9065c0f": {
      "edge_id": "f16b3394-4c3d-415a-8620-1141d9065c0f",
      "source_node": "BSE_ASSET",
      "target_node": "S00",
      "belief_type": "strategy",
      "confidence": 0.1,
      "value": "unknown",
      "timestamp": 25.522388059701388,
      "evidence_count": 0
    },
    "97401a61-7775-4492-99c9-a96a0977c4a2": {
      "edge_id": "97401a61-7775-4492-99c9-a96a0977c4a2",
      "source_node": "BSE_ASSET",
      "target_node": "S00",
      "belief_type": "valuation",
      "confidence": 0.4,
      "value": 135.85999999999999,
      "timestamp": 40.89552238805972,
      "evidence_count": 4
    },
    "811e5142-0866-4165-8bec-c7814cbd7603": {
      "edge_id": "811e5142-0866-4165-8bec-c7814cbd7603",
      "source_node": "BSE_ASSET",
      "target_node": "S22",
      "belief_type": "strategy",
      "confidence": 0.1,
      "value": "unknown",
      "timestamp": 25.522388059701388,
      "evidence_count": 0
    },
    "6e7ce603-4891-43f9-ad5a-899b5f7c7706": {
      "edge_id": "6e7ce603-4891-43f9-ad5a-899b5f7c7706",
      "source_node": "BSE_ASSET",
      "target_node": "S22",
      "belief_type": "valuation",
      "confidence": 0.4,
      "value": 151.298,
      "timestamp": 51.04477611940318,
      "evidence_count": 4
    },
    "f5766cad-2661-48db-b61e-8443909188ac": {
      "edge_id": "f5766cad-2661-48db-b61e-8443909188ac",
      "source_node": "BSE_ASSET",
      "target_node": "S19",
      "belief_type": "strategy",
      "confidence": 0.1,
      "value": "unknown",
      "timestamp": 25.522388059701388,
      "evidence_count": 0
    },
    "1fce0217-79bd-493a-bf95-f47803dc0673": {
      "edge_id": "1fce0217-79bd-493a-bf95-f47803dc0673",
      "source_node": "BSE_ASSET",
      "target_node": "S19",
      "belief_type": "valuation",
      "confidence": 0.2,
      "value": 172.0,
      "timestamp": 30.597014925373,
      "evidence_count": 2
    },
    "823ebb03-c175-4792-b44c-6c6d76bb58f3": {
      "edge_id": "823ebb03-c175-4792-b44c-6c6d76bb58f3",
      "source_node": "BSE_ASSET",
      "target_node": "S13",
      "belief_type": "strategy",
      "confidence": 0.1,
      "value": "unknown",
      "timestamp": 25.522388059701388,
      "evidence_count": 0
    },
    "427911f3-06d3-43e5-8f9a-6d7a36f58a13": {
      "edge_id": "427911f3-06d3-43e5-8f9a-6d7a36f58a13",
      "source_node": "BSE_ASSET",
      "target_node": "S13",
      "belief_type": "valuation",
      "confidence": 0.6,
      "value": 150.63115,
      "timestamp": 56.2686567164182,
      "evidence_count": 6
    },
    "870a4450-7afe-44fd-a0fc-6ee095d572b5": {
      "edge_id": "870a4450-7afe-44fd-a0fc-6ee095d572b5",
      "source_node": "BSE_ASSET",
      "target_node": "P04",
      "belief_type": "strategy",
      "confidence": 0.1,
      "value": "unknown",
      "timestamp": 25.522388059701388,
      "evidence_count": 0
    },
    "5e8a67ae-9216-4b80-8f53-1870ffcb0b11": {
      "edge_id": "5e8a67ae-9216-4b80-8f53-1870ffcb0b11",
      "source_node": "BSE_ASSET",
      "target_node": "P04",
      "belief_type": "valuation",
      "confidence": 0.30000000000000004,
      "value": 128.26,
      "timestamp": 56.2686567164182,
      "evidence_count": 3
    },
    "b1f227d0-3240-4855-90b0-59530262fa7b": {
      "edge_id": "b1f227d0-3240-4855-90b0-59530262fa7b",
      "source_node": "BSE_ASSET",
      "target_node": "B22",
      "belief_type": "strategy",
      "confidence": 0.1,
      "value": "unknown",
      "timestamp": 30.597014925373,
      "evidence_count": 0
    },
    "02b59f1a-6483-4cfc-8e54-a9facfd0330b": {
      "edge_id": "02b59f1a-6483-4cfc-8e54-a9facfd0330b",
      "source_node": "BSE_ASSET",
      "target_node": "B22",
      "belief_type": "valuation",
      "confidence": 0.1,
      "value": 112,
      "timestamp": 30.597014925373,
      "evidence_count": 1
    },
    "9da24ca2-aaa8-438f-a326-1f2715d42c80": {
      "edge_id": "9da24ca2-aaa8-438f-a326-1f2715d42c80",
      "source_node": "BSE_ASSET",
      "target_node": "B03",
      "belief_type": "strategy",
      "confidence": 0.1,
      "value": "unknown",
      "timestamp": 30.597014925373,
      "evidence_count": 0
    },
    "7da49994-9ee2-414d-8157-a65cba322b87": {
      "edge_id": "7da49994-9ee2-414d-8157-a65cba322b87",
      "source_node": "BSE_ASSET",
      "target_node": "B03",
      "belief_type": "valuation",
      "confidence": 0.2,
      "value": 103.0,
      "timestamp": 35.820895522387985,
      "evidence_count": 2
    },
    "36d6b431-78cf-4575-a786-441a62a4a532": {
      "edge_id": "36d6b431-78cf-4575-a786-441a62a4a532",
      "source_node": "BSE_ASSET",
      "target_node": "S17",
      "belief_type": "strategy",
      "confidence": 0.1,
      "value": "unknown",
      "timestamp": 30.597014925373,
      "evidence_count": 0
    },
    "30c934a0-5489-44b1-bc42-0b4dadc749d9": {
      "edge_id": "30c934a0-5489-44b1-bc42-0b4dadc749d9",
      "source_node": "BSE_ASSET",
      "target_node": "S17",
      "belief_type": "valuation",
      "confidence": 0.2,
      "value": 135.1,
      "timestamp": 40.89552238805972,
      "evidence_count": 2
    },
    "93b2c31b-80ad-4615-87ee-f3daafee9617": {
      "edge_id": "93b2c31b-80ad-4615-87ee-f3daafee9617",
      "source_node": "BSE_ASSET",
      "target_node": "S05",
      "belief_type": "strategy",
      "confidence": 0.1,
      "value": "unknown",
      "timestamp": 30.597014925373,
      "evidence_count": 0
    },
    "3035e5da-817c-4377-9f9f-1de187c62290": {
      "edge_id": "3035e5da-817c-4377-9f9f-1de187c62290",
      "source_node": "BSE_ASSET",
      "target_node": "S05",
      "belief_type": "valuation",
      "confidence": 0.4,
      "value": 150.49199999999996,
      "timestamp": 56.2686567164182,
      "evidence_count": 4
    },
    "6941c22d-b228-4a5c-96a0-2fb53c8095f3": {
      "edge_id": "6941c22d-b228-4a5c-96a0-2fb53c8095f3",
      "source_node": "BSE_ASSET",
      "target_node": "S09",
      "belief_type": "strategy",
      "confidence": 0.1,
      "value": "unknown",
      "timestamp": 40.89552238805972,
      "evidence_count": 0
    },
    "e41a6b4e-8fa4-4f09-bdc5-92a26021209e": {
      "edge_id": "e41a6b4e-8fa4-4f09-bdc5-92a26021209e",
      "source_node": "BSE_ASSET",
      "target_node": "S09",
      "belief_type": "valuation",
      "confidence": 0.2,
      "value": 139.3,
      "timestamp": 51.04477611940318,
      "evidence_count": 2
    },
    "bf47c788-549b-4c76-961c-42bcc91294bb": {
      "edge_id": "bf47c788-549b-4c76-961c-42bcc91294bb",
      "source_node": "BSE_ASSET",
      "target_node": "S21",
      "belief_type": "strategy",
      "confidence": 0.1,
      "value": "unknown",
      "timestamp": 40.89552238805972,
      "evidence_count": 0
    },
    "cc90d1a8-33d1-4316-9c9a-b9fd41163c52": {
      "edge_id": "cc90d1a8-33d1-4316-9c9a-b9fd41163c52",
      "source_node": "BSE_ASSET",
      "target_node": "S21",
      "belief_type": "valuation",
      "confidence": 0.1,
      "value": 154,
      "timestamp": 40.89552238805972,
      "evidence_count": 1
    },
    "ee347ca0-8051-456e-8317-26f4c3c51994": {
      "edge_id": "ee347ca0-8051-456e-8317-26f4c3c51994",
      "source_node": "BSE_ASSET",
      "target_node": "P05",
      "belief_type": "strategy",
      "confidence": 0.1,
      "value": "unknown",
      "timestamp": 45.97014925373145,
      "evidence_count": 0
    },
    "e97ec1ea-62ae-4b66-bee1-9327a2545923": {
      "edge_id": "e97ec1ea-62ae-4b66-bee1-9327a2545923",
      "source_node": "BSE_ASSET",
      "target_node": "P05",
      "belief_type": "valuation",
      "confidence": 0.30000000000000004,
      "value": 125.99999999999999,
      "timestamp": 56.2686567164182,
      "evidence_count": 3
    },
    "cd309333-f1ec-445e-8295-3a1a78d85bc0": {
      "edge_id": "cd309333-f1ec-445e-8295-3a1a78d85bc0",
      "source_node": "BSE_ASSET",
      "target_node": "S08",
      "belief_type": "strategy",
      "confidence": 0.1,
      "value": "unknown",
      "timestamp": 45.97014925373145,
      "evidence_count": 0
    },
    "e45c90b8-6c3a-4b8c-bbc7-d708d27a4be9": {
      "edge_id": "e45c90b8-6c3a-4b8c-bbc7-d708d27a4be9",
      "source_node": "BSE_ASSET",
      "target_node": "S08",
      "belief_type": "valuation",
      "confidence": 0.1,
      "value": 156,
      "timestamp": 45.97014925373145,
      "evidence_count": 1
    },
    "38b912a4-b193-4ac6-b668-34ffd4534ecc": {
      "edge_id": "38b912a4-b193-4ac6-b668-34ffd4534ecc",
      "source_node": "BSE_ASSET",
      "target_node": "B16",
      "belief_type": "strategy",
      "confidence": 0.1,
      "value": "unknown",
      "timestamp": 45.97014925373145,
      "evidence_count": 0
    },
    "e2859b4f-9e87-4015-9e15-5a46aafc9050": {
      "edge_id": "e2859b4f-9e87-4015-9e15-5a46aafc9050",
      "source_node": "BSE_ASSET",
      "target_node": "B16",
      "belief_type": "valuation",
      "confidence": 0.2,
      "value": 131.89999999999998,
      "timestamp": 56.2686567164182,
      "evidence_count": 2
    },
    "2fb6f983-c575-4a46-ba2f-ac7f84911261": {
      "edge_id": "2fb6f983-c575-4a46-ba2f-ac7f84911261",
      "source_node": "BSE_ASSET",
      "target_node": "B17",
      "belief_type": "strategy",
      "confidence": 0.1,
      "value": "unknown",
      "timestamp": 51.04477611940318,
      "evidence_count": 0
    },
    "7e38fb5e-dcac-4551-90b3-413c395f186d": {
      "edge_id": "7e38fb5e-dcac-4551-90b3-413c395f186d",
      "source_node": "BSE_ASSET",
      "target_node": "B17",
      "belief_type": "valuation",
      "confidence": 0.1,
      "value": 128,
      "timestamp": 51.04477611940318,
      "evidence_count": 1
    },
    "60e23f34-75e3-4f6a-83c2-ec2c1932c2b7": {
      "edge_id": "60e23f34-75e3-4f6a-83c2-ec2c1932c2b7",
      "source_node": "BSE_ASSET",
      "target_node": "P03",
      "belief_type": "strategy",
      "confidence": 0.1,
      "value": "unknown",
      "timestamp": 51.04477611940318,
      "evidence_count": 0
    },
    "25fee5a9-1bd8-40d3-9da9-53eb8de55086": {
      "edge_id": "25fee5a9-1bd8-40d3-9da9-53eb8de55086",
      "source_node": "BSE_ASSET",
      "target_node": "P03",
      "belief_type": "valuation",
      "confidence": 0.2,
      "value": 138.7,
      "timestamp": 56.2686567164182,
      "evidence_count": 2
    },
    "5aa83b04-b758-45a7-9648-a30f0a5bc9d9": {
      "edge_id": "5aa83b04-b758-45a7-9648-a30f0a5bc9d9",
      "source_node": "BSE_ASSET",
      "target_node": "S01",
      "belief_type": "strategy",
      "confidence": 0.1,
      "value": "unknown",
      "timestamp": 51.04477611940318,
      "evidence_count": 0
    },
    "0c335bb4-935d-4eb5-bb2f-20e9cf1cf051": {
      "edge_id": "0c335bb4-935d-4eb5-bb2f-20e9cf1cf051",
      "source_node": "BSE_ASSET",
      "target_node": "S01",
      "belief_type": "valuation",
      "confidence": 0.1,
      "value": 175,
      "timestamp": 51.04477611940318,
      "evidence_count": 1
    },
    "68cd98de-78b3-439c-8107-aba0ce0f69d7": {
      "edge_id": "68cd98de-78b3-439c-8107-aba0ce0f69d7",
      "source_node": "BSE_ASSET",
      "target_node": "S18",
      "belief_type": "strategy",
      "confidence": 0.1,
      "value": "unknown",
      "timestamp": 51.04477611940318,
      "evidence_count": 0
    },
    "2009b1c5-0395-4aab-adb7-9d8f9a31304b": {
      "edge_id": "2009b1c5-0395-4aab-adb7-9d8f9a31304b",
      "source_node": "BSE_ASSET",
      "target_node": "S18",
      "belief_type": "valuation",
      "confidence": 0.1,
      "value": 187,
      "timestamp": 51.04477611940318,
      "evidence_count": 1
    },
    "972dc32d-5279-417d-9acc-25c5daedcb52": {
      "edge_id": "972dc32d-5279-417d-9acc-25c5daedcb52",
      "source_node": "BSE_ASSET",
      "target_node": "P11",
      "belief_type": "strategy",
      "confidence": 0.1,
      "value": "unknown",
      "timestamp": 56.2686567164182,
      "evidence_count": 0
    },
    "fe1ad9c9-f10b-4435-b3bb-cc76dd011457": {
      "edge_id": "fe1ad9c9-f10b-4435-b3bb-cc76dd011457",
      "source_node": "BSE_ASSET",
      "target_node": "P11",
      "belief_type": "valuation",
      "confidence": 0.1,
      "value": 134,
      "timestamp": 56.2686567164182,
      "evidence_count": 1
    },
    "21a30d46-c85d-4d43-9868-975ffa18c891": {
      "edge_id": "21a30d46-c85d-4d43-9868-975ffa18c891",
      "source_node": "BSE_ASSET",
      "target_node": "S10",
      "belief_type": "strategy",
      "confidence": 0.1,
      "value": "unknown",
      "timestamp": 56.2686567164182,
      "evidence_count": 0
    },
    "f8ea7318-7ead-4562-8504-230562c2a622": {
      "edge_id": "f8ea7318-7ead-4562-8504-230562c2a622",
      "source_node": "BSE_ASSET",
      "target_node": "S10",
      "belief_type": "valuation",
      "confidence": 0.1,
      "value": 166,
      "timestamp": 56.2686567164182,
      "evidence_count": 1
    }
  },
  "event_history": [
    {
      "event_id": "ask_S12_45.97014925373145",
      "event_type": "ask",
      "timestamp": 45.97014925373145,
      "agent_id": "S12",
      "price": 181,
      "quantity": 1,
      "counterparty_id": null,
      "order_id": null
    },
    {
      "event_id": "ask_S05_45.97014925373145",
      "event_type": "ask",
      "timestamp": 45.97014925373145,
      "agent_id": "S05",
      "price": 196,
      "quantity": 1,
      "counterparty_id": null,
      "order_id": null
    },
    {
      "event_id": "ask_S07_45.97014925373145",
      "event_type": "ask",
      "timestamp": 45.97014925373145,
      "agent_id": "S07",
      "price": 349,
      "quantity": 1,
      "counterparty_id": null,
      "order_id": null
    },
    {
      "event_id": "bid_B16_51.04477611940318",
      "event_type": "bid",
      "timestamp": 51.04477611940318,
      "agent_id": "B16",
      "price": 131,
      "quantity": 1,
      "counterparty_id": null,
      "order_id": null
    },
    {
      "event_id": "bid_B08_51.04477611940318",
      "event_type": "bid",
      "timestamp": 51.04477611940318,
      "agent_id": "B08",
      "price": 130,
      "quantity": 1,
      "counterparty_id": null,
      "order_id": null
    },
    {
      "event_id": "bid_P16_51.04477611940318",
      "event_type": "bid",
      "timestamp": 51.04477611940318,
      "agent_id": "P16",
      "price": 129,
      "quantity": 1,
      "counterparty_id": null,
      "order_id": null
    },
    {
      "event_id": "bid_B11_51.04477611940318",
      "event_type": "bid",
      "timestamp": 51.04477611940318,
      "agent_id": "B11",
      "price": 129,
      "quantity": 1,
      "counterparty_id": null,
      "order_id": null
    },
    {
      "event_id": "bid_B17_51.04477611940318",
      "event_type": "bid",
      "timestamp": 51.04477611940318,
      "agent_id": "B17",
      "price": 128,
      "quantity": 1,
      "counterparty_id": null,
      "order_id": null
    },
    {
      "event_id": "bid_P06_51.04477611940318",
      "event_type": "bid",
      "timestamp": 51.04477611940318,
      "agent_id": "P06",
      "price": 128,
      "quantity": 1,
      "counterparty_id": null,
      "order_id": null
    },
    {
      "event_id": "bid_P13_51.04477611940318",
      "event_type": "bid",
      "timestamp": 51.04477611940318,
      "agent_id": "P13",
      "price": 127,
      "quantity": 1,
      "counterparty_id": null,
      "order_id": null
    },
    {
      "event_id": "bid_P01_51.04477611940318",
      "event_type": "bid",
      "timestamp": 51.04477611940318,
      "agent_id": "P01",
      "price": 127,
      "quantity": 1,
      "counterparty_id": null,
      "order_id": null
    },
    {
      "event_id": "bid_P15_51.04477611940318",
      "event_type": "bid",
      "timestamp": 51.04477611940318,
      "agent_id": "P15",
      "price": 126,
      "quantity": 1,
      "counterparty_id": null,
      "order_id": null
    },
    {
      "event_id": "bid_P05_51.04477611940318",
      "event_type": "bid",
      "timestamp": 51.04477611940318,
      "agent_id": "P05",
      "price": 126,
      "quantity": 1,
      "counterparty_id": null,
      "order_id": null
    },
    {
      "event_id": "bid_P00_51.04477611940318",
      "event_type": "bid",
      "timestamp": 51.04477611940318,
      "agent_id": "P00",
      "price": 122,
      "quantity": 1,
      "counterparty_id": null,
      "order_id": null
    },
    {
      "event_id": "bid_P07_51.04477611940318",
      "event_type": "bid",
      "timestamp": 51.04477611940318,
      "agent_id": "P07",
      "price": 120,
      "quantity": 1,
      "counterparty_id": null,
      "order_id": null
    },
    {
      "event_id": "ask_P03_51.04477611940318",
      "event_type": "ask",
      "timestamp": 51.04477611940318,
      "agent_id": "P03",
      "price": 139,
      "quantity": 1,
      "counterparty_id": null,
      "order_id": null
    },
    {
      "event_id": "ask_P19_51.04477611940318",
      "event_type": "ask",
      "timestamp": 51.04477611940318,
      "agent_id": "P19",
      "price": 139,
      "quantity": 1,
      "counterparty_id": null,
      "order_id": null
    },
    {
      "event_id": "ask_P12_51.04477611940318",
      "event_type": "ask",
      "timestamp": 51.04477611940318,
      "agent_id": "P12",
      "price": 139,
      "quantity": 1,
      "counterparty_id": null,
      "order_id": null
    },
    {
      "event_id": "ask_P10_51.04477611940318",
      "event_type": "ask",
      "timestamp": 51.04477611940318,
      "agent_id": "P10",
      "price": 139,
      "quantity": 1,
      "counterparty_id": null,
      "order_id": null
    },
    {
      "event_id": "ask_S09_51.04477611940318",
      "event_type": "ask",
      "timestamp": 51.04477611940318,
      "agent_id": "S09",
      "price": 140,
      "quantity": 1,
      "counterparty_id": null,
      "order_id": null
    },
    {
      "event_id": "ask_S14_51.04477611940318",
      "event_type": "ask",
      "timestamp": 51.04477611940318,
      "agent_id": "S14",
      "price": 144,
      "quantity": 1,
      "counterparty_id": null,
      "order_id": null
    },
    {
      "event_id": "ask_S03_51.04477611940318",
      "event_type": "ask",
      "timestamp": 51.04477611940318,
      "agent_id": "S03",
      "price": 157,
      "quantity": 1,
      "counterparty_id": null,
      "order_id": null
    },
    {
      "event_id": "ask_S22_51.04477611940318",
      "event_type": "ask",
      "timestamp": 51.04477611940318,
      "agent_id": "S22",
      "price": 161,
      "quantity": 1,
      "counterparty_id": null,
      "order_id": null
    },
    {
      "event_id": "ask_S01_51.04477611940318",
      "event_type": "ask",
      "timestamp": 51.04477611940318,
      "agent_id": "S01",
      "price": 175,
      "quantity": 1,
      "counterparty_id": null,
      "order_id": null
    },
    {
      "event_id": "ask_S12_51.04477611940318",
      "event_type": "ask",
      "timestamp": 51.04477611940318,
      "agent_id": "S12",
      "price": 181,
      "quantity": 1,
      "counterparty_id": null,
      "order_id": null
    },
    {
      "event_id": "ask_S18_51.04477611940318",
      "event_type": "ask",
      "timestamp": 51.04477611940318,
      "agent_id": "S18",
      "price": 187,
      "quantity": 1,
      "counterparty_id": null,
      "order_id": null
    },
    {
      "event_id": "bid_P03_56.2686567164182",
      "event_type": "bid",
      "timestamp": 56.2686567164182,
      "agent_id": "P03",
      "price": 138,
      "quantity": 1,
      "counterparty_id": null,
      "order_id": null
    },
    {
      "event_id": "bid_P13_56.2686567164182",
      "event_type": "bid",
      "timestamp": 56.2686567164182,
      "agent_id": "P13",
      "price": 134,
      "quantity": 1,
      "counterparty_id": null,
      "order_id": null
    },
    {
      "event_id": "bid_P00_56.2686567164182",
      "event_type": "bid",
      "timestamp": 56.2686567164182,
      "agent_id": "P00",
      "price": 134,
      "quantity": 1,
      "counterparty_id": null,
      "order_id": null
    },
    {
      "event_id": "bid_P16_56.2686567164182",
      "event_type": "bid",
      "timestamp": 56.2686567164182,
      "agent_id": "P16",
      "price": 134,
      "quantity": 1,
      "counterparty_id": null,
      "order_id": null
    },
    {
      "event_id": "bid_B16_56.2686567164182",
      "event_type": "bid",
      "timestamp": 56.2686567164182,
      "agent_id": "B16",
      "price": 134,
      "quantity": 1,
      "counterparty_id": null,
      "order_id": null
    },
    {
      "event_id": "bid_P11_56.2686567164182",
      "event_type": "bid",
      "timestamp": 56.2686567164182,
      "agent_id": "P11",
      "price": 134,
      "quantity": 1,
      "counterparty_id": null,
      "order_id": null
    },
    {
      "event_id": "bid_P04_56.2686567164182",
      "event_type": "bid",
      "timestamp": 56.2686567164182,
      "agent_id": "P04",
      "price": 134,
      "quantity": 1,
      "counterparty_id": null,
      "order_id": null
    },
    {
      "event_id": "bid_P08_56.2686567164182",
      "event_type": "bid",
      "timestamp": 56.2686567164182,
      "agent_id": "P08",
      "price": 132,
      "quantity": 1,
      "counterparty_id": null,
      "order_id": null
    },
    {
      "event_id": "bid_B08_56.2686567164182",
      "event_type": "bid",
      "timestamp": 56.2686567164182,
      "agent_id": "B08",
      "price": 130,
      "quantity": 1,
      "counterparty_id": null,
      "order_id": null
    },
    {
      "event_id": "bid_B11_56.2686567164182",
      "event_type": "bid",
      "timestamp": 56.2686567164182,
      "agent_id": "B11",
      "price": 129,
      "quantity": 1,
      "counterparty_id": null,
      "order_id": null
    },
    {
      "event_id": "bid_P06_56.2686567164182",
      "event_type": "bid",
      "timestamp": 56.2686567164182,
      "agent_id": "P06",
      "price": 128,
      "quantity": 1,
      "counterparty_id": null,
      "order_id": null
    },
    {
      "event_id": "bid_P01_56.2686567164182",
      "event_type": "bid",
      "timestamp": 56.2686567164182,
      "agent_id": "P01",
      "price": 127,
      "quantity": 1,
      "counterparty_id": null,
      "order_id": null
    },
    {
      "event_id": "bid_P15_56.2686567164182",
      "event_type": "bid",
      "timestamp": 56.2686567164182,
      "agent_id": "P15",
      "price": 126,
      "quantity": 1,
      "counterparty_id": null,
      "order_id": null
    },
    {
      "event_id": "bid_P05_56.2686567164182",
      "event_type": "bid",
      "timestamp": 56.2686567164182,
      "agent_id": "P05",
      "price": 126,
      "quantity": 1,
      "counterparty_id": null,
      "order_id": null
    },
    {
      "event_id": "bid_P07_56.2686567164182",
      "event_type": "bid",
      "timestamp": 56.2686567164182,
      "agent_id": "P07",
      "price": 120,
      "quantity": 1,
      "counterparty_id": null,
      "order_id": null
    },
    {
      "event_id": "bid_B02_56.2686567164182",
      "event_type": "bid",
      "timestamp": 56.2686567164182,
      "agent_id": "B02",
      "price": 61,
      "quantity": 1,
      "counterparty_id": null,
      "order_id": null
    },
    {
      "event_id": "ask_P12_56.2686567164182",
      "event_type": "ask",
      "timestamp": 56.2686567164182,
      "agent_id": "P12",
      "price": 139,
      "quantity": 1,
      "counterparty_id": null,
      "order_id": null
    },
    {
      "event_id": "ask_P10_56.2686567164182",
      "event_type": "ask",
      "timestamp": 56.2686567164182,
      "agent_id": "P10",
      "price": 139,
      "quantity": 1,
      "counterparty_id": null,
      "order_id": null
    },
    {
      "event_id": "ask_S05_56.2686567164182",
      "event_type": "ask",
      "timestamp": 56.2686567164182,
      "agent_id": "S05",
      "price": 141,
      "quantity": 1,
      "counterparty_id": null,
      "order_id": null
    },
    {
      "event_id": "ask_S13_56.2686567164182",
      "event_type": "ask",
      "timestamp": 56.2686567164182,
      "agent_id": "S13",
      "price": 145,
      "quantity": 1,
      "counterparty_id": null,
      "order_id": null
    },
    {
      "event_id": "ask_S03_56.2686567164182",
      "event_type": "ask",
      "timestamp": 56.2686567164182,
      "agent_id": "S03",
      "price": 157,
      "quantity": 1,
      "counterparty_id": null,
      "order_id": null
    },
    {
      "event_id": "ask_S02_56.2686567164182",
      "event_type": "ask",
      "timestamp": 56.2686567164182,
      "agent_id": "S02",
      "price": 160,
      "quantity": 1,
      "counterparty_id": null,
      "order_id": null
    },
    {
      "event_id": "ask_S10_56.2686567164182",
      "event_type": "ask",
      "timestamp": 56.2686567164182,
      "agent_id": "S10",
      "price": 166,
      "quantity": 1,
      "counterparty_id": null,
      "order_id": null
    },
    {
      "event_id": "ask_S20_56.2686567164182",
      "event_type": "ask",
      "timestamp": 56.2686567164182,
      "agent_id": "S20",
      "price": 279,
      "quantity": 1,
      "counterparty_id": null,
      "order_id": null
    }
  ]
}
2025-10-10 19:17:19 | HM_NL_COT_P19 | ================================================================================
2025-10-10 19:17:19 | HM_NL_COT_P19 | [AGENTS-TRACKED] Currently tracking 62 agents: ['P19', 'P17', 'P02', 'P01', 'P08', 'P07', 'B11', 'B19', 'S06', 'S02', 'S07', 'P20', 'B13', 'B05', 'B02', 'B07', 'B09', 'B04', 'S03', 'S12', 'S20', 'P14', 'B06', 'B20', 'B10', 'S04', 'P12', 'P18', 'P16', 'P13', 'B15', 'B21', 'B08', 'B14', 'B18', 'S15', 'P15', 'P00', 'P06', 'P10', 'B01', 'S14', 'S00', 'S22', 'S19', 'S13', 'P04', 'B22', 'B03', 'S17', 'S05', 'S09', 'S21', 'P05', 'S08', 'B16', 'B17', 'P03', 'S01', 'S18', 'P11', 'S10']
2025-10-10 19:24:19 | HM_NL_COT_P19 | [GETORDER] Called at time 59.9, job=Buy, balance=$506
2025-10-10 19:24:19 | HM_NL_COT_P19 | === LLM PROMPT AT TIME 59.85074626865707 ===
2025-10-10 19:24:19 | HM_NL_COT_P19 | ================================================================================
2025-10-10 19:24:19 | HM_NL_COT_P19 | 
You are a proprietary trader looking to BUY a unit.

MARKET DATA:
Time: 59.9
Best Bid: 141
Best Ask: 165
Spread: 24
Recent prices: [145, 141, 138, 139, 139]
Average recent price: $140.4

MY CURRENT STATE:
Balance: $506
Current job: Buy
Inventory: 0 units
Last purchase price: $124
Number of completed trades: 2



MARKET EDUCATION:
- Price ranges typically between $1-$500 in this market
- The market operates as a continuous double auction with a limit order book
- Orders are matched when bid prices meet or exceed ask prices
- You can place BID orders (to buy) or ASK orders (to sell)

HOW ORDER BOOKS WORK:
- To BUY: Place a BID order at your desired price
  - If sellers exist at/below your bid price → immediate execution
  - If no sellers at your price → your bid waits on the order book
  - Higher bids are more likely to execute quickly

- To SELL: Place an ASK order at your desired price
  - If buyers exist at/above your ask price → immediate execution
  - If no buyers at your price → your ask waits on the order book
  - Lower asks are more likely to execute quickly

TRADING PRINCIPLES:
- "Buy low, sell high" means buying below recent average prices when possible
- Risk management: avoid spending your entire balance on one trade
- Learn from history: if recent trades lost money, consider what went wrong
- Liquidity: sometimes waiting for better prices is smarter than forcing trades
- Analyze other traders' activity patterns and draw your own conclusions



BELIEF GRAPH INSIGHTS (Natural Language):
The belief graph represents your understanding of market dynamics and other agents' strategies.

Current market beliefs:
My trading attributes: {'aggressiveness': 0.6, 'learning_rate': 0.6, 'hypothesis_threshold': 0.3, 'exploration_rate': 0.5, 'adaptability': 0.7, 'strategic_depth': 0.8}

Tracking 62 agents
  - Agent P19
  - Agent P17
  - Agent P02
  - Agent P01
  - Agent P08
  - Agent P07
  - Agent B11
  - Agent B19
  - Agent S06
  - Agent S02
  - Agent S07
  - Agent P20
  - Agent B13
  - Agent B05
  - Agent B02
  - Agent B07
  - Agent B09
  - Agent B04
  - Agent S03
  - Agent S12
  - Agent S20
  - Agent P14
  - Agent B06
  - Agent B20
  - Agent B10
  - Agent S04
  - Agent P12
  - Agent P18
  - Agent P16
  - Agent P13
  - Agent B15
  - Agent B21
  - Agent B08
  - Agent B14
  - Agent B18
  - Agent S15
  - Agent P15
  - Agent P00
  - Agent P06
  - Agent P10
  - Agent B01
  - Agent S14
  - Agent S00
  - Agent S22
  - Agent S19
  - Agent S13
  - Agent P04
  - Agent B22
  - Agent B03
  - Agent S17
  - Agent S05
  - Agent S09
  - Agent S21
  - Agent P05
  - Agent S08
  - Agent B16
  - Agent B17
  - Agent P03
  - Agent S01
  - Agent S18
  - Agent P11
  - Agent S10

This narrative describes:
- How aggressive or passive other traders are behaving
- What strategies you believe they are following
- Overall market sentiment and direction
- Your assessment of current market risks
- How confident you are in your understanding of each agent

Use these insights to inform your trading decisions.


GRAPH QUALITY: BASIC
You have limited information about market participants.
Belief graph data is based on observations and may contain uncertainties.


CURRENT SITUATION: You currently have NO INVENTORY and are looking to BUY a unit.

YOUR GOAL: Make a profitable trade. End with MORE money than you started with.


REASONING PROCESS:
Before making your decision, think through:
1. What is the current market situation?
2. What are other traders doing and why?
3. What does my belief graph tell me?
4. What are the risks and opportunities?
5. What action aligns with my strategy?

Provide your reasoning step-by-step, then state your decision.


Respond with ONLY:
"BUY [exact_price]" - to place a bid at that price
"WAIT" - to wait for better conditions



2025-10-10 19:24:19 | HM_NL_COT_P19 | ================================================================================
2025-10-10 19:24:22 | HM_NL_COT_P19 | === RAW LLM RESPONSE ===
2025-10-10 19:24:22 | HM_NL_COT_P19 | Okay, let's analyze the situation:

1.  **Market Situation:** The best bid is 141, and the best ask is 165, with a spread of 24. Recent prices have been fluctuating around the average of 140.4. The time is 59.9, so the market is active.

2.  **Other Traders:** I have limited information about other traders. The belief graph lists 62 agents, but the graph quality is basic, so my understanding of their strategies is limited.

3.  **Belief Graph:** My trading attributes are listed, indicating my aggressiveness, learning rate, and other characteristics. The belief graph doesn't offer specific insights into other traders' actions beyond listing them.

4.  **Risks and Opportunities:** The risk is buying at a price that's too high and potentially losing money. The opportunity is to buy low and sell high. Given the spread, there's a significant difference between the bid and ask, suggesting potential volatility.

5.  **Action:** I want to buy low. The average recent price is 140.4. The best bid is 141. I'll try to buy slightly below the current best bid to get a better price. I will also consider the risk of not getting filled and the need to avoid spending my entire balance.

Decision:
BUY 140
2025-10-10 19:24:22 | HM_NL_COT_P19 | ================================================================================
2025-10-10 19:24:22 | HM_NL_COT_P19 | === PARSED DECISION ===
2025-10-10 19:24:22 | HM_NL_COT_P19 | Action: BUY
2025-10-10 19:24:22 | HM_NL_COT_P19 | Price: 140
2025-10-10 19:24:22 | HM_NL_COT_P19 | Reasoning: Okay, let's analyze the situation:

1.  **Market Situation:** The best bid is 141, and the best ask is 165, with a spread of 24. Recent prices have been fluctuating around the average of 140.4. The time is 59.9, so the market is active.

2.  **Other Traders:** I have limited information about other traders. The belief graph lists 62 agents, but the graph quality is basic, so my understanding of their strategies is limited.

3.  **Belief Graph:** My trading attributes are listed, indicating my ag
2025-10-10 19:24:22 | HM_NL_COT_P19 | Current Job: Buy
2025-10-10 19:24:22 | HM_NL_COT_P19 | Balance: $506.00
2025-10-10 19:24:22 | HM_NL_COT_P19 | Inventory: 0
